index,name,base_name,Label Name,network,component,hemisphere,degree,strength,betweenness,global_efficiency,group,median_age,mean_age,sd_age,n_participants
1,7Networks_LH_Vis_1,7networks_lh_vis,7Networks_LH_Vis,visual,visual,L,171.0,79.86061658706042,142817.5,-1.967404248372246e-05,Q32,30.729999999999997,30.72520833333333,0.1485961195239923,48
2,7Networks_LH_Vis_2,7networks_lh_vis,7Networks_LH_Vis,visual,visual,L,244.0,111.78951367781148,1396.0,-1.967404248372246e-05,Q32,30.729999999999997,30.72520833333333,0.1485961195239923,48
3,7Networks_LH_Vis_3,7networks_lh_vis,7Networks_LH_Vis,visual,visual,L,249.0,110.39112027789838,58765.5,-1.967404248372246e-05,Q32,30.729999999999997,30.72520833333333,0.1485961195239923,48
4,7Networks_LH_Vis_4,7networks_lh_vis,7Networks_LH_Vis,visual,visual,L,318.0,148.43768996960495,0.0,-1.967404248372246e-05,Q32,30.729999999999997,30.72520833333333,0.1485961195239923,48
5,7Networks_LH_Vis_5,7networks_lh_vis,7Networks_LH_Vis,visual,visual,L,321.0,146.04211897524956,0.0,-1.967404248372246e-05,Q32,30.729999999999997,30.72520833333333,0.1485961195239923,48
6,7Networks_LH_Vis_6,7networks_lh_vis,7Networks_LH_Vis,visual,visual,L,266.0,120.3396656534954,111949.5,-1.967404248372246e-05,Q32,30.729999999999997,30.72520833333333,0.1485961195239923,48
7,7Networks_LH_Vis_7,7networks_lh_vis,7Networks_LH_Vis,visual,visual,L,274.0,126.16369952236215,152173.5,-1.967404248372246e-05,Q32,30.729999999999997,30.72520833333333,0.1485961195239923,48
8,7Networks_LH_Vis_8,7networks_lh_vis,7Networks_LH_Vis,visual,visual,L,338.0,147.7402301346071,0.0,-1.967404248372246e-05,Q32,30.729999999999997,30.72520833333333,0.1485961195239923,48
9,7Networks_LH_Vis_9,7networks_lh_vis,7Networks_LH_Vis,visual,visual,L,216.0,102.3682153712548,176681.5,-1.967404248372246e-05,Q32,30.729999999999997,30.72520833333333,0.1485961195239923,48
10,7Networks_LH_Vis_10,7networks_lh_vis,7Networks_LH_Vis,visual,visual,L,148.0,66.67129830655662,200507.5,-1.967404248372246e-05,Q32,30.729999999999997,30.72520833333333,0.1485961195239923,48
11,7Networks_LH_Vis_11,7networks_lh_vis,7Networks_LH_Vis,visual,visual,L,223.0,95.0423360833695,186547.5,-1.967404248372246e-05,Q32,30.729999999999997,30.72520833333333,0.1485961195239923,48
12,7Networks_LH_Vis_12,7networks_lh_vis,7Networks_LH_Vis,visual,visual,L,273.0,119.34346504559268,32124.0,-1.967404248372246e-05,Q32,30.729999999999997,30.72520833333333,0.1485961195239923,48
13,7Networks_LH_Vis_13,7networks_lh_vis,7Networks_LH_Vis,visual,visual,L,204.0,95.53875379939201,86159.0,-1.967404248372246e-05,Q32,30.729999999999997,30.72520833333333,0.1485961195239923,48
14,7Networks_LH_Vis_14,7networks_lh_vis,7Networks_LH_Vis,visual,visual,L,324.0,145.42108119843692,44.0,-1.967404248372246e-05,Q32,30.729999999999997,30.72520833333333,0.1485961195239923,48
15,7Networks_LH_Vis_15,7networks_lh_vis,7Networks_LH_Vis,visual,visual,L,306.0,135.99370386452458,2077.0,-1.967404248372246e-05,Q32,30.729999999999997,30.72520833333333,0.1485961195239923,48
16,7Networks_LH_Vis_16,7networks_lh_vis,7Networks_LH_Vis,visual,visual,L,290.0,130.7964611376465,7181.0,-1.967404248372246e-05,Q32,30.729999999999997,30.72520833333333,0.1485961195239923,48
17,7Networks_LH_Vis_17,7networks_lh_vis,7Networks_LH_Vis,visual,visual,L,311.0,141.52301346070337,1.0,-1.967404248372246e-05,Q32,30.729999999999997,30.72520833333333,0.1485961195239923,48
18,7Networks_LH_Vis_18,7networks_lh_vis,7Networks_LH_Vis,visual,visual,L,335.0,153.96808510638317,41190.5,-1.967404248372246e-05,Q32,30.729999999999997,30.72520833333333,0.1485961195239923,48
19,7Networks_LH_Vis_19,7networks_lh_vis,7Networks_LH_Vis,visual,visual,L,340.0,152.3168693009119,0.0,-1.967404248372246e-05,Q32,30.729999999999997,30.72520833333333,0.1485961195239923,48
20,7Networks_LH_Vis_20,7networks_lh_vis,7Networks_LH_Vis,visual,visual,L,208.0,95.17878853669124,103831.5,-1.967404248372246e-05,Q32,30.729999999999997,30.72520833333333,0.1485961195239923,48
21,7Networks_LH_Vis_21,7networks_lh_vis,7Networks_LH_Vis,visual,visual,L,303.0,136.49359531046454,39.5,-1.967404248372246e-05,Q32,30.729999999999997,30.72520833333333,0.1485961195239923,48
22,7Networks_LH_Vis_22,7networks_lh_vis,7Networks_LH_Vis,visual,visual,L,262.0,113.42846287451152,109177.5,-1.967404248372246e-05,Q32,30.729999999999997,30.72520833333333,0.1485961195239923,48
23,7Networks_LH_Vis_23,7networks_lh_vis,7Networks_LH_Vis,visual,visual,L,341.0,156.65316977854968,0.0,-1.967404248372246e-05,Q32,30.729999999999997,30.72520833333333,0.1485961195239923,48
24,7Networks_LH_Vis_24,7networks_lh_vis,7Networks_LH_Vis,visual,visual,L,329.0,144.3012375162831,0.0,-1.967404248372246e-05,Q32,30.729999999999997,30.72520833333333,0.1485961195239923,48
25,7Networks_LH_Vis_25,7networks_lh_vis,7Networks_LH_Vis,visual,visual,L,358.0,167.37364307425105,0.0,-1.967404248372246e-05,Q32,30.729999999999997,30.72520833333333,0.1485961195239923,48
26,7Networks_LH_Vis_26,7networks_lh_vis,7Networks_LH_Vis,visual,visual,L,318.0,142.7871254884933,16995.0,-1.967404248372246e-05,Q32,30.729999999999997,30.72520833333333,0.1485961195239923,48
27,7Networks_LH_Vis_27,7networks_lh_vis,7Networks_LH_Vis,visual,visual,L,332.0,148.62125488493285,4892.0,-1.967404248372246e-05,Q32,30.729999999999997,30.72520833333333,0.1485961195239923,48
28,7Networks_LH_Vis_28,7networks_lh_vis,7Networks_LH_Vis,visual,visual,L,270.0,119.05525401650019,21248.0,-1.967404248372246e-05,Q32,30.729999999999997,30.72520833333333,0.1485961195239923,48
29,7Networks_LH_Vis_29,7networks_lh_vis,7Networks_LH_Vis,visual,visual,L,231.0,107.40089014329126,112766.5,-1.967404248372246e-05,Q32,30.729999999999997,30.72520833333333,0.1485961195239923,48
30,7Networks_LH_Vis_30,7networks_lh_vis,7Networks_LH_Vis,visual,visual,L,295.0,124.18161094224911,183.0,-1.967404248372246e-05,Q32,30.729999999999997,30.72520833333333,0.1485961195239923,48
31,7Networks_LH_Vis_31,7networks_lh_vis,7Networks_LH_Vis,visual,visual,L,297.0,127.55666521927911,65721.5,-1.967404248372246e-05,Q32,30.729999999999997,30.72520833333333,0.1485961195239923,48
32,7Networks_LH_SomMot_1,7networks_lh_sommot,7Networks_LH_SomMot,somatomotor,somatomotor,L,322.0,150.73881893182818,5.0,-1.967404248372246e-05,Q32,30.729999999999997,30.72520833333333,0.1485961195239923,48
33,7Networks_LH_SomMot_2,7networks_lh_sommot,7Networks_LH_SomMot,somatomotor,somatomotor,L,332.0,143.1045375597048,0.0,-1.967404248372246e-05,Q32,30.729999999999997,30.72520833333333,0.1485961195239923,48
34,7Networks_LH_SomMot_3,7networks_lh_sommot,7Networks_LH_SomMot,somatomotor,somatomotor,L,298.0,135.33054711246183,1338.0,-1.967404248372246e-05,Q32,30.729999999999997,30.72520833333333,0.1485961195239923,48
35,7Networks_LH_SomMot_4,7networks_lh_sommot,7Networks_LH_SomMot,somatomotor,somatomotor,L,303.0,143.54884932696478,16605.5,-1.967404248372246e-05,Q32,30.729999999999997,30.72520833333333,0.1485961195239923,48
36,7Networks_LH_SomMot_5,7networks_lh_sommot,7Networks_LH_SomMot,somatomotor,somatomotor,L,250.0,109.58456361267912,119880.5,-1.967404248372246e-05,Q32,30.729999999999997,30.72520833333333,0.1485961195239923,48
37,7Networks_LH_SomMot_6,7networks_lh_sommot,7Networks_LH_SomMot,somatomotor,somatomotor,L,331.0,143.87451150673039,0.0,-1.967404248372246e-05,Q32,30.729999999999997,30.72520833333333,0.1485961195239923,48
38,7Networks_LH_SomMot_7,7networks_lh_sommot,7Networks_LH_SomMot,somatomotor,somatomotor,L,261.0,118.91641337386011,188706.5,-1.967404248372246e-05,Q32,30.729999999999997,30.72520833333333,0.1485961195239923,48
39,7Networks_LH_SomMot_8,7networks_lh_sommot,7Networks_LH_SomMot,somatomotor,somatomotor,L,315.0,144.3087277464178,7690.0,-1.967404248372246e-05,Q32,30.729999999999997,30.72520833333333,0.1485961195239923,48
40,7Networks_LH_SomMot_9,7networks_lh_sommot,7Networks_LH_SomMot,somatomotor,somatomotor,L,72.0,36.249240121580584,171570.5,-1.967404248372246e-05,Q32,30.729999999999997,30.72520833333333,0.1485961195239923,48
41,7Networks_LH_SomMot_10,7networks_lh_sommot,7Networks_LH_SomMot,somatomotor,somatomotor,L,270.0,119.19452887538002,74759.0,-1.967404248372246e-05,Q32,30.729999999999997,30.72520833333333,0.1485961195239923,48
42,7Networks_LH_SomMot_11,7networks_lh_sommot,7Networks_LH_SomMot,somatomotor,somatomotor,L,290.0,125.08336951801998,0.0,-1.967404248372246e-05,Q32,30.729999999999997,30.72520833333333,0.1485961195239923,48
43,7Networks_LH_SomMot_12,7networks_lh_sommot,7Networks_LH_SomMot,somatomotor,somatomotor,L,316.0,136.9198871037776,5341.0,-1.967404248372246e-05,Q32,30.729999999999997,30.72520833333333,0.1485961195239923,48
44,7Networks_LH_SomMot_13,7networks_lh_sommot,7Networks_LH_SomMot,somatomotor,somatomotor,L,212.0,100.65686061658708,109660.5,-1.967404248372246e-05,Q32,30.729999999999997,30.72520833333333,0.1485961195239923,48
45,7Networks_LH_SomMot_14,7networks_lh_sommot,7Networks_LH_SomMot,somatomotor,somatomotor,L,326.0,135.97970039079453,0.0,-1.967404248372246e-05,Q32,30.729999999999997,30.72520833333333,0.1485961195239923,48
46,7Networks_LH_SomMot_15,7networks_lh_sommot,7Networks_LH_SomMot,somatomotor,somatomotor,L,172.0,83.59824142422919,133018.5,-1.967404248372246e-05,Q32,30.729999999999997,30.72520833333333,0.1485961195239923,48
47,7Networks_LH_SomMot_16,7networks_lh_sommot,7Networks_LH_SomMot,somatomotor,somatomotor,L,334.0,144.29548415110727,2.0,-1.967404248372246e-05,Q32,30.729999999999997,30.72520833333333,0.1485961195239923,48
48,7Networks_LH_SomMot_17,7networks_lh_sommot,7Networks_LH_SomMot,somatomotor,somatomotor,L,314.0,139.99250976986525,0.0,-1.967404248372246e-05,Q32,30.729999999999997,30.72520833333333,0.1485961195239923,48
49,7Networks_LH_SomMot_18,7networks_lh_sommot,7Networks_LH_SomMot,somatomotor,somatomotor,L,287.0,124.04472427268773,91648.5,-1.967404248372246e-05,Q32,30.729999999999997,30.72520833333333,0.1485961195239923,48
50,7Networks_LH_SomMot_19,7networks_lh_sommot,7Networks_LH_SomMot,somatomotor,somatomotor,L,279.0,119.28430308293532,93564.5,-1.967404248372246e-05,Q32,30.729999999999997,30.72520833333333,0.1485961195239923,48
51,7Networks_LH_SomMot_20,7networks_lh_sommot,7Networks_LH_SomMot,somatomotor,somatomotor,L,257.0,112.15034737299169,168437.5,-1.967404248372246e-05,Q32,30.729999999999997,30.72520833333333,0.1485961195239923,48
52,7Networks_LH_SomMot_21,7networks_lh_sommot,7Networks_LH_SomMot,somatomotor,somatomotor,L,275.0,121.82870169344338,166.0,-1.967404248372246e-05,Q32,30.729999999999997,30.72520833333333,0.1485961195239923,48
53,7Networks_LH_SomMot_22,7networks_lh_sommot,7Networks_LH_SomMot,somatomotor,somatomotor,L,309.0,136.17553191489355,5.0,-1.967404248372246e-05,Q32,30.729999999999997,30.72520833333333,0.1485961195239923,48
54,7Networks_LH_SomMot_23,7networks_lh_sommot,7Networks_LH_SomMot,somatomotor,somatomotor,L,253.0,115.97926617455497,68437.0,-1.967404248372246e-05,Q32,30.729999999999997,30.72520833333333,0.1485961195239923,48
55,7Networks_LH_SomMot_24,7networks_lh_sommot,7Networks_LH_SomMot,somatomotor,somatomotor,L,206.0,93.15729483282671,182009.0,-1.967404248372246e-05,Q32,30.729999999999997,30.72520833333333,0.1485961195239923,48
56,7Networks_LH_SomMot_25,7networks_lh_sommot,7Networks_LH_SomMot,somatomotor,somatomotor,L,203.0,100.60019539730786,141086.5,-1.967404248372246e-05,Q32,30.729999999999997,30.72520833333333,0.1485961195239923,48
57,7Networks_LH_SomMot_26,7networks_lh_sommot,7Networks_LH_SomMot,somatomotor,somatomotor,L,323.0,144.04993486756405,11.0,-1.967404248372246e-05,Q32,30.729999999999997,30.72520833333333,0.1485961195239923,48
58,7Networks_LH_SomMot_27,7networks_lh_sommot,7Networks_LH_SomMot,somatomotor,somatomotor,L,210.0,97.77833260963963,78384.5,-1.967404248372246e-05,Q32,30.729999999999997,30.72520833333333,0.1485961195239923,48
59,7Networks_LH_SomMot_28,7networks_lh_sommot,7Networks_LH_SomMot,somatomotor,somatomotor,L,283.0,130.90143291359098,11472.0,-1.967404248372246e-05,Q32,30.729999999999997,30.72520833333333,0.1485961195239923,48
60,7Networks_LH_SomMot_29,7networks_lh_sommot,7Networks_LH_SomMot,somatomotor,somatomotor,L,272.0,121.09313938341292,1788.5,-1.967404248372246e-05,Q32,30.729999999999997,30.72520833333333,0.1485961195239923,48
61,7Networks_LH_SomMot_30,7networks_lh_sommot,7Networks_LH_SomMot,somatomotor,somatomotor,L,274.0,120.25238818931825,1401.0,-1.967404248372246e-05,Q32,30.729999999999997,30.72520833333333,0.1485961195239923,48
62,7Networks_LH_SomMot_31,7networks_lh_sommot,7Networks_LH_SomMot,somatomotor,somatomotor,L,188.0,92.21949630916204,71380.0,-1.967404248372246e-05,Q32,30.729999999999997,30.72520833333333,0.1485961195239923,48
63,7Networks_LH_SomMot_32,7networks_lh_sommot,7Networks_LH_SomMot,somatomotor,somatomotor,L,225.0,101.45386452453327,155021.5,-1.967404248372246e-05,Q32,30.729999999999997,30.72520833333333,0.1485961195239923,48
64,7Networks_LH_SomMot_33,7networks_lh_sommot,7Networks_LH_SomMot,somatomotor,somatomotor,L,230.0,103.26172383847151,82497.5,-1.967404248372246e-05,Q32,30.729999999999997,30.72520833333333,0.1485961195239923,48
65,7Networks_LH_SomMot_34,7networks_lh_sommot,7Networks_LH_SomMot,somatomotor,somatomotor,L,146.0,73.69018671298304,143831.5,-1.967404248372246e-05,Q32,30.729999999999997,30.72520833333333,0.1485961195239923,48
66,7Networks_LH_SomMot_35,7networks_lh_sommot,7Networks_LH_SomMot,somatomotor,somatomotor,L,246.0,119.45722970039084,1346.0,-1.967404248372246e-05,Q32,30.729999999999997,30.72520833333333,0.1485961195239923,48
67,7Networks_LH_SomMot_36,7networks_lh_sommot,7Networks_LH_SomMot,somatomotor,somatomotor,L,165.0,82.72883195831531,151442.5,-1.967404248372246e-05,Q32,30.729999999999997,30.72520833333333,0.1485961195239923,48
68,7Networks_LH_SomMot_37,7networks_lh_sommot,7Networks_LH_SomMot,somatomotor,somatomotor,L,137.0,73.9684107685627,132262.5,-1.967404248372246e-05,Q32,30.729999999999997,30.72520833333333,0.1485961195239923,48
69,7Networks_LH_DorsAttn_Post_1,7networks_lh_dorsattn_post,7Networks_LH_DorsAttn_Post,dorsal attention,posterior,L,306.0,130.46157186278774,117672.5,-1.967404248372246e-05,Q32,30.729999999999997,30.72520833333333,0.1485961195239923,48
70,7Networks_LH_DorsAttn_Post_2,7networks_lh_dorsattn_post,7Networks_LH_DorsAttn_Post,dorsal attention,posterior,L,298.0,138.17770299609197,0.0,-1.967404248372246e-05,Q32,30.729999999999997,30.72520833333333,0.1485961195239923,48
71,7Networks_LH_DorsAttn_Post_3,7networks_lh_dorsattn_post,7Networks_LH_DorsAttn_Post,dorsal attention,posterior,L,257.0,115.35410334346498,88464.5,-1.967404248372246e-05,Q32,30.729999999999997,30.72520833333333,0.1485961195239923,48
72,7Networks_LH_DorsAttn_Post_4,7networks_lh_dorsattn_post,7Networks_LH_DorsAttn_Post,dorsal attention,posterior,L,340.0,152.86940946591398,0.0,-1.967404248372246e-05,Q32,30.729999999999997,30.72520833333333,0.1485961195239923,48
73,7Networks_LH_DorsAttn_Post_5,7networks_lh_dorsattn_post,7Networks_LH_DorsAttn_Post,dorsal attention,posterior,L,243.0,108.91456795484153,99125.5,-1.967404248372246e-05,Q32,30.729999999999997,30.72520833333333,0.1485961195239923,48
74,7Networks_LH_DorsAttn_Post_6,7networks_lh_dorsattn_post,7Networks_LH_DorsAttn_Post,dorsal attention,posterior,L,321.0,140.55905340859752,107.0,-1.967404248372246e-05,Q32,30.729999999999997,30.72520833333333,0.1485961195239923,48
75,7Networks_LH_DorsAttn_Post_7,7networks_lh_dorsattn_post,7Networks_LH_DorsAttn_Post,dorsal attention,posterior,L,170.0,80.75043421623961,133782.5,-1.967404248372246e-05,Q32,30.729999999999997,30.72520833333333,0.1485961195239923,48
76,7Networks_LH_DorsAttn_Post_8,7networks_lh_dorsattn_post,7Networks_LH_DorsAttn_Post,dorsal attention,posterior,L,249.0,109.48795049934873,139322.5,-1.967404248372246e-05,Q32,30.729999999999997,30.72520833333333,0.1485961195239923,48
77,7Networks_LH_DorsAttn_Post_9,7networks_lh_dorsattn_post,7Networks_LH_DorsAttn_Post,dorsal attention,posterior,L,234.0,100.75032566217972,187970.5,-1.967404248372246e-05,Q32,30.729999999999997,30.72520833333333,0.1485961195239923,48
78,7Networks_LH_DorsAttn_Post_10,7networks_lh_dorsattn_post,7Networks_LH_DorsAttn_Post,dorsal attention,posterior,L,244.0,105.28810247503246,87552.5,-1.967404248372246e-05,Q32,30.729999999999997,30.72520833333333,0.1485961195239923,48
79,7Networks_LH_DorsAttn_Post_11,7networks_lh_dorsattn_post,7Networks_LH_DorsAttn_Post,dorsal attention,posterior,L,277.0,115.85160660008665,266.0,-1.967404248372246e-05,Q32,30.729999999999997,30.72520833333333,0.1485961195239923,48
80,7Networks_LH_DorsAttn_Post_12,7networks_lh_dorsattn_post,7Networks_LH_DorsAttn_Post,dorsal attention,posterior,L,238.0,104.96200607902736,47056.0,-1.967404248372246e-05,Q32,30.729999999999997,30.72520833333333,0.1485961195239923,48
81,7Networks_LH_DorsAttn_Post_13,7networks_lh_dorsattn_post,7Networks_LH_DorsAttn_Post,dorsal attention,posterior,L,226.0,99.1724924012158,183002.5,-1.967404248372246e-05,Q32,30.729999999999997,30.72520833333333,0.1485961195239923,48
82,7Networks_LH_DorsAttn_Post_14,7networks_lh_dorsattn_post,7Networks_LH_DorsAttn_Post,dorsal attention,posterior,L,159.0,76.76508901432916,130162.5,-1.967404248372246e-05,Q32,30.729999999999997,30.72520833333333,0.1485961195239923,48
83,7Networks_LH_DorsAttn_Post_15,7networks_lh_dorsattn_post,7Networks_LH_DorsAttn_Post,dorsal attention,posterior,L,179.0,84.57739904472426,101637.5,-1.967404248372246e-05,Q32,30.729999999999997,30.72520833333333,0.1485961195239923,48
84,7Networks_LH_DorsAttn_Post_16,7networks_lh_dorsattn_post,7Networks_LH_DorsAttn_Post,dorsal attention,posterior,L,193.0,93.25445071645692,141151.5,-1.967404248372246e-05,Q32,30.729999999999997,30.72520833333333,0.1485961195239923,48
85,7Networks_LH_DorsAttn_Post_17,7networks_lh_dorsattn_post,7Networks_LH_DorsAttn_Post,dorsal attention,posterior,L,76.0,29.888623534520224,187705.5,-1.967404248372246e-05,Q32,30.729999999999997,30.72520833333333,0.1485961195239923,48
86,7Networks_LH_DorsAttn_FEF_1,7networks_lh_dorsattn_fef,7Networks_LH_DorsAttn_FEF,dorsal attention,frontal eye fields,L,225.0,103.65067303517155,135024.5,-1.967404248372246e-05,Q32,30.729999999999997,30.72520833333333,0.1485961195239923,48
87,7Networks_LH_DorsAttn_FEF_2,7networks_lh_dorsattn_fef,7Networks_LH_DorsAttn_FEF,dorsal attention,frontal eye fields,L,254.0,111.23740772904907,17156.0,-1.967404248372246e-05,Q32,30.729999999999997,30.72520833333333,0.1485961195239923,48
88,7Networks_LH_DorsAttn_FEF_3,7networks_lh_dorsattn_fef,7Networks_LH_DorsAttn_FEF,dorsal attention,frontal eye fields,L,326.0,145.76291793313084,0.0,-1.967404248372246e-05,Q32,30.729999999999997,30.72520833333333,0.1485961195239923,48
89,7Networks_LH_DorsAttn_FEF_4,7networks_lh_dorsattn_fef,7Networks_LH_DorsAttn_FEF,dorsal attention,frontal eye fields,L,208.0,95.90599218410769,106420.5,-1.967404248372246e-05,Q32,30.729999999999997,30.72520833333333,0.1485961195239923,48
90,7Networks_LH_DorsAttn_PrCv_1,7networks_lh_dorsattn_prcv,7Networks_LH_DorsAttn_PrCv,dorsal attention,precentral ventral,L,144.0,67.12299174989145,181623.5,-1.967404248372246e-05,Q32,30.729999999999997,30.72520833333333,0.1485961195239923,48
91,7Networks_LH_DorsAttn_PrCv_2,7networks_lh_dorsattn_prcv,7Networks_LH_DorsAttn_PrCv,dorsal attention,precentral ventral,L,163.0,75.31947459835004,171096.5,-1.967404248372246e-05,Q32,30.729999999999997,30.72520833333333,0.1485961195239923,48
92,7Networks_LH_SalVentAttn_ParOper_1,7networks_lh_salventattn_paroper,7Networks_LH_SalVentAttn_ParOper,salience / ventral attention,parietal operculum,L,308.0,140.96797655232282,0.0,-1.967404248372246e-05,Q32,30.729999999999997,30.72520833333333,0.1485961195239923,48
93,7Networks_LH_SalVentAttn_ParOper_2,7networks_lh_salventattn_paroper,7Networks_LH_SalVentAttn_ParOper,salience / ventral attention,parietal operculum,L,295.0,126.71037776812865,3.0,-1.967404248372246e-05,Q32,30.729999999999997,30.72520833333333,0.1485961195239923,48
94,7Networks_LH_SalVentAttn_ParOper_3,7networks_lh_salventattn_paroper,7Networks_LH_SalVentAttn_ParOper,salience / ventral attention,parietal operculum,L,247.0,110.99674337820225,76028.5,-1.967404248372246e-05,Q32,30.729999999999997,30.72520833333333,0.1485961195239923,48
95,7Networks_LH_SalVentAttn_ParOper_4,7networks_lh_salventattn_paroper,7Networks_LH_SalVentAttn_ParOper,salience / ventral attention,parietal operculum,L,116.0,63.61756404689533,112194.5,-1.967404248372246e-05,Q32,30.729999999999997,30.72520833333333,0.1485961195239923,48
96,7Networks_LH_SalVentAttn_TempOcc_1,7networks_lh_salventattn_tempocc,7Networks_LH_SalVentAttn_TempOcc,salience / ventral attention,temporal occipital,L,328.0,150.04602692140693,0.0,-1.967404248372246e-05,Q32,30.729999999999997,30.72520833333333,0.1485961195239923,48
97,7Networks_LH_SalVentAttn_FrOperIns_1,7networks_lh_salventattn_froperins,7Networks_LH_SalVentAttn_FrOperIns,salience / ventral attention,frontal operculum insula,L,333.0,150.72872340425522,1.0,-1.967404248372246e-05,Q32,30.729999999999997,30.72520833333333,0.1485961195239923,48
98,7Networks_LH_SalVentAttn_FrOperIns_2,7networks_lh_salventattn_froperins,7Networks_LH_SalVentAttn_FrOperIns,salience / ventral attention,frontal operculum insula,L,332.0,143.48501953973076,0.0,-1.967404248372246e-05,Q32,30.729999999999997,30.72520833333333,0.1485961195239923,48
99,7Networks_LH_SalVentAttn_FrOperIns_3,7networks_lh_salventattn_froperins,7Networks_LH_SalVentAttn_FrOperIns,salience / ventral attention,frontal operculum insula,L,306.0,131.89209726443772,0.0,-1.967404248372246e-05,Q32,30.729999999999997,30.72520833333333,0.1485961195239923,48
100,7Networks_LH_SalVentAttn_FrOperIns_4,7networks_lh_salventattn_froperins,7Networks_LH_SalVentAttn_FrOperIns,salience / ventral attention,frontal operculum insula,L,358.0,166.49218410768563,0.0,-1.967404248372246e-05,Q32,30.729999999999997,30.72520833333333,0.1485961195239923,48
101,7Networks_LH_SalVentAttn_FrOperIns_5,7networks_lh_salventattn_froperins,7Networks_LH_SalVentAttn_FrOperIns,salience / ventral attention,frontal operculum insula,L,267.0,122.3184976118106,20138.5,-1.967404248372246e-05,Q32,30.729999999999997,30.72520833333333,0.1485961195239923,48
102,7Networks_LH_SalVentAttn_FrOperIns_6,7networks_lh_salventattn_froperins,7Networks_LH_SalVentAttn_FrOperIns,salience / ventral attention,frontal operculum insula,L,263.0,119.24815458098138,36847.5,-1.967404248372246e-05,Q32,30.729999999999997,30.72520833333333,0.1485961195239923,48
103,7Networks_LH_SalVentAttn_FrOperIns_7,7networks_lh_salventattn_froperins,7Networks_LH_SalVentAttn_FrOperIns,salience / ventral attention,frontal operculum insula,L,313.0,134.8940512375162,0.0,-1.967404248372246e-05,Q32,30.729999999999997,30.72520833333333,0.1485961195239923,48
104,7Networks_LH_SalVentAttn_FrOperIns_8,7networks_lh_salventattn_froperins,7Networks_LH_SalVentAttn_FrOperIns,salience / ventral attention,frontal operculum insula,L,242.0,107.68378202344753,11708.5,-1.967404248372246e-05,Q32,30.729999999999997,30.72520833333333,0.1485961195239923,48
105,7Networks_LH_SalVentAttn_FrOperIns_9,7networks_lh_salventattn_froperins,7Networks_LH_SalVentAttn_FrOperIns,salience / ventral attention,frontal operculum insula,L,295.0,122.07761615284423,3791.0,-1.967404248372246e-05,Q32,30.729999999999997,30.72520833333333,0.1485961195239923,48
106,7Networks_LH_SalVentAttn_PFCl_1,7networks_lh_salventattn_pfcl,7Networks_LH_SalVentAttn_PFCl,salience / ventral attention,lateral prefrontal cortex,L,257.0,112.03300043421622,77218.5,-1.967404248372246e-05,Q32,30.729999999999997,30.72520833333333,0.1485961195239923,48
107,7Networks_LH_SalVentAttn_Med_1,7networks_lh_salventattn_med,7Networks_LH_SalVentAttn_Med,salience / ventral attention,medial,L,315.0,138.6963742943987,6.0,-1.967404248372246e-05,Q32,30.729999999999997,30.72520833333333,0.1485961195239923,48
108,7Networks_LH_SalVentAttn_Med_2,7networks_lh_salventattn_med,7Networks_LH_SalVentAttn_Med,salience / ventral attention,medial,L,296.0,126.740338688667,84803.0,-1.967404248372246e-05,Q32,30.729999999999997,30.72520833333333,0.1485961195239923,48
109,7Networks_LH_SalVentAttn_Med_3,7networks_lh_salventattn_med,7Networks_LH_SalVentAttn_Med,salience / ventral attention,medial,L,305.0,145.13547546678242,206.0,-1.967404248372246e-05,Q32,30.729999999999997,30.72520833333333,0.1485961195239923,48
110,7Networks_LH_SalVentAttn_Med_4,7networks_lh_salventattn_med,7Networks_LH_SalVentAttn_Med,salience / ventral attention,medial,L,248.0,112.36409031697791,79462.0,-1.967404248372246e-05,Q32,30.729999999999997,30.72520833333333,0.1485961195239923,48
111,7Networks_LH_SalVentAttn_Med_5,7networks_lh_salventattn_med,7Networks_LH_SalVentAttn_Med,salience / ventral attention,medial,L,301.0,135.73871037776811,21.0,-1.967404248372246e-05,Q32,30.729999999999997,30.72520833333333,0.1485961195239923,48
112,7Networks_LH_SalVentAttn_Med_6,7networks_lh_salventattn_med,7Networks_LH_SalVentAttn_Med,salience / ventral attention,medial,L,212.0,104.65490664350845,20227.0,-1.967404248372246e-05,Q32,30.729999999999997,30.72520833333333,0.1485961195239923,48
113,7Networks_LH_SalVentAttn_Med_7,7networks_lh_salventattn_med,7Networks_LH_SalVentAttn_Med,salience / ventral attention,medial,L,177.0,86.16174554928364,103683.5,-1.967404248372246e-05,Q32,30.729999999999997,30.72520833333333,0.1485961195239923,48
114,7Networks_LH_Limbic_OFC_1,7networks_lh_limbic_ofc,7Networks_LH_Limbic_OFC,limbic,orbital frontal cortex,L,113.0,69.12624837168912,111125.5,-1.967404248372246e-05,Q32,30.729999999999997,30.72520833333333,0.1485961195239923,48
115,7Networks_LH_Limbic_OFC_2,7networks_lh_limbic_ofc,7Networks_LH_Limbic_OFC,limbic,orbital frontal cortex,L,313.0,135.68009118541042,417.0,-1.967404248372246e-05,Q32,30.729999999999997,30.72520833333333,0.1485961195239923,48
116,7Networks_LH_Limbic_OFC_3,7networks_lh_limbic_ofc,7Networks_LH_Limbic_OFC,limbic,orbital frontal cortex,L,104.0,64.4198871037777,112567.5,-1.967404248372246e-05,Q32,30.729999999999997,30.72520833333333,0.1485961195239923,48
117,7Networks_LH_Limbic_OFC_4,7networks_lh_limbic_ofc,7Networks_LH_Limbic_OFC,limbic,orbital frontal cortex,L,175.0,85.67042987407748,99075.5,-1.967404248372246e-05,Q32,30.729999999999997,30.72520833333333,0.1485961195239923,48
118,7Networks_LH_Limbic_OFC_5,7networks_lh_limbic_ofc,7Networks_LH_Limbic_OFC,limbic,orbital frontal cortex,L,134.0,63.23046026921408,183740.5,-1.967404248372246e-05,Q32,30.729999999999997,30.72520833333333,0.1485961195239923,48
119,7Networks_LH_Limbic_TempPole_1,7networks_lh_limbic_temppole,7Networks_LH_Limbic_TempPole,limbic,temporal pole,L,220.0,99.76498046026919,69195.5,-1.967404248372246e-05,Q32,30.729999999999997,30.72520833333333,0.1485961195239923,48
120,7Networks_LH_Limbic_TempPole_2,7networks_lh_limbic_temppole,7Networks_LH_Limbic_TempPole,limbic,temporal pole,L,115.0,68.79483282674774,143475.5,-1.967404248372246e-05,Q32,30.729999999999997,30.72520833333333,0.1485961195239923,48
121,7Networks_LH_Limbic_TempPole_3,7networks_lh_limbic_temppole,7Networks_LH_Limbic_TempPole,limbic,temporal pole,L,223.0,100.06806339557096,87010.5,-1.967404248372246e-05,Q32,30.729999999999997,30.72520833333333,0.1485961195239923,48
122,7Networks_LH_Limbic_TempPole_4,7networks_lh_limbic_temppole,7Networks_LH_Limbic_TempPole,limbic,temporal pole,L,130.0,70.40414676508907,121333.5,-1.967404248372246e-05,Q32,30.729999999999997,30.72520833333333,0.1485961195239923,48
123,7Networks_LH_Limbic_TempPole_5,7networks_lh_limbic_temppole,7Networks_LH_Limbic_TempPole,limbic,temporal pole,L,175.0,86.94615718627884,122813.5,-1.967404248372246e-05,Q32,30.729999999999997,30.72520833333333,0.1485961195239923,48
124,7Networks_LH_Limbic_TempPole_6,7networks_lh_limbic_temppole,7Networks_LH_Limbic_TempPole,limbic,temporal pole,L,264.0,122.50879287885355,1309.5,-1.967404248372246e-05,Q32,30.729999999999997,30.72520833333333,0.1485961195239923,48
125,7Networks_LH_Limbic_TempPole_7,7networks_lh_limbic_temppole,7Networks_LH_Limbic_TempPole,limbic,temporal pole,L,263.0,120.75933564915336,1746.0,-1.967404248372246e-05,Q32,30.729999999999997,30.72520833333333,0.1485961195239923,48
126,7Networks_LH_Limbic_TempPole_8,7networks_lh_limbic_temppole,7Networks_LH_Limbic_TempPole,limbic,temporal pole,L,265.0,114.81328701693437,107151.0,-1.967404248372246e-05,Q32,30.729999999999997,30.72520833333333,0.1485961195239923,48
127,7Networks_LH_Cont_Par_1,7networks_lh_cont_par,7Networks_LH_Cont_Par,control,parietal ,L,259.0,117.38048198002619,159990.5,-1.967404248372246e-05,Q32,30.729999999999997,30.72520833333333,0.1485961195239923,48
128,7Networks_LH_Cont_Par_2,7networks_lh_cont_par,7Networks_LH_Cont_Par,control,parietal ,L,247.0,114.73263135041238,24603.0,-1.967404248372246e-05,Q32,30.729999999999997,30.72520833333333,0.1485961195239923,48
129,7Networks_LH_Cont_Par_3,7networks_lh_cont_par,7Networks_LH_Cont_Par,control,parietal ,L,295.0,127.76552323056882,538.0,-1.967404248372246e-05,Q32,30.729999999999997,30.72520833333333,0.1485961195239923,48
130,7Networks_LH_Cont_Par_4,7networks_lh_cont_par,7Networks_LH_Cont_Par,control,parietal ,L,306.0,133.23501953973073,16014.0,-1.967404248372246e-05,Q32,30.729999999999997,30.72520833333333,0.1485961195239923,48
131,7Networks_LH_Cont_Par_5,7networks_lh_cont_par,7Networks_LH_Cont_Par,control,parietal ,L,268.0,116.62928788536685,4749.0,-1.967404248372246e-05,Q32,30.729999999999997,30.72520833333333,0.1485961195239923,48
132,7Networks_LH_Cont_Par_6,7networks_lh_cont_par,7Networks_LH_Cont_Par,control,parietal ,L,228.0,103.34834997828918,96716.5,-1.967404248372246e-05,Q32,30.729999999999997,30.72520833333333,0.1485961195239923,48
133,7Networks_LH_Cont_Temp_1,7networks_lh_cont_temp,7Networks_LH_Cont_Temp,control,temporal,L,295.0,132.13471558836298,494.0,-1.967404248372246e-05,Q32,30.729999999999997,30.72520833333333,0.1485961195239923,48
134,7Networks_LH_Cont_OFC_1,7networks_lh_cont_ofc,7Networks_LH_Cont_OFC,control,orbital frontal cortex,L,150.0,74.97003907946163,123016.5,-1.967404248372246e-05,Q32,30.729999999999997,30.72520833333333,0.1485961195239923,48
135,7Networks_LH_Cont_PFCl_1,7networks_lh_cont_pfcl,7Networks_LH_Cont_PFCl,control,lateral prefrontal cortex,L,187.0,87.50086843247927,145696.5,-1.967404248372246e-05,Q32,30.729999999999997,30.72520833333333,0.1485961195239923,48
136,7Networks_LH_Cont_PFCl_2,7networks_lh_cont_pfcl,7Networks_LH_Cont_PFCl,control,lateral prefrontal cortex,L,247.0,111.5391880156318,48120.0,-1.967404248372246e-05,Q32,30.729999999999997,30.72520833333333,0.1485961195239923,48
137,7Networks_LH_Cont_PFCl_3,7networks_lh_cont_pfcl,7Networks_LH_Cont_PFCl,control,lateral prefrontal cortex,L,83.0,13.61126791141989,189502.5,-1.967404248372246e-05,Q32,30.729999999999997,30.72520833333333,0.1485961195239923,48
138,7Networks_LH_Cont_PFCl_4,7networks_lh_cont_pfcl,7Networks_LH_Cont_PFCl,control,lateral prefrontal cortex,L,143.0,60.72611810681715,183747.5,-1.967404248372246e-05,Q32,30.729999999999997,30.72520833333333,0.1485961195239923,48
139,7Networks_LH_Cont_PFCl_5,7networks_lh_cont_pfcl,7Networks_LH_Cont_PFCl,control,lateral prefrontal cortex,L,147.0,68.04808944854533,178488.5,-1.967404248372246e-05,Q32,30.729999999999997,30.72520833333333,0.1485961195239923,48
140,7Networks_LH_Cont_PFCl_6,7networks_lh_cont_pfcl,7Networks_LH_Cont_PFCl,control,lateral prefrontal cortex,L,333.0,140.0352800694745,6.0,-1.967404248372246e-05,Q32,30.729999999999997,30.72520833333333,0.1485961195239923,48
141,7Networks_LH_Cont_PFCl_7,7networks_lh_cont_pfcl,7Networks_LH_Cont_PFCl,control,lateral prefrontal cortex,L,83.0,41.01487190620929,171992.5,-1.967404248372246e-05,Q32,30.729999999999997,30.72520833333333,0.1485961195239923,48
142,7Networks_LH_Cont_PFCl_8,7networks_lh_cont_pfcl,7Networks_LH_Cont_PFCl,control,lateral prefrontal cortex,L,266.0,123.01291793313064,21216.5,-1.967404248372246e-05,Q32,30.729999999999997,30.72520833333333,0.1485961195239923,48
143,7Networks_LH_Cont_PFCv_1,7networks_lh_cont_pfcv,7Networks_LH_Cont_PFCv,control,ventral prefrontal cortex,L,161.0,83.0196482848458,142940.0,-1.967404248372246e-05,Q32,30.729999999999997,30.72520833333333,0.1485961195239923,48
144,7Networks_LH_Cont_pCun_1,7networks_lh_cont_pcun,7Networks_LH_Cont_pCun,control,precuneus,L,196.0,92.80319148936171,119158.5,-1.967404248372246e-05,Q32,30.729999999999997,30.72520833333333,0.1485961195239923,48
145,7Networks_LH_Cont_pCun_2,7networks_lh_cont_pcun,7Networks_LH_Cont_pCun,control,precuneus,L,293.0,128.40903169778548,298.0,-1.967404248372246e-05,Q32,30.729999999999997,30.72520833333333,0.1485961195239923,48
146,7Networks_LH_Cont_Cing_1,7networks_lh_cont_cing,7Networks_LH_Cont_Cing,control,cingulate,L,251.0,108.24185844550587,118882.0,-1.967404248372246e-05,Q32,30.729999999999997,30.72520833333333,0.1485961195239923,48
147,7Networks_LH_Cont_Cing_2,7networks_lh_cont_cing,7Networks_LH_Cont_Cing,control,cingulate,L,307.0,140.64426834563625,6382.5,-1.967404248372246e-05,Q32,30.729999999999997,30.72520833333333,0.1485961195239923,48
148,7Networks_LH_Cont_PFCmp_1,7networks_lh_cont_pfcmp,7Networks_LH_Cont_PFCmp,control,medial posterior prefrontal cortex,L,182.0,91.98664785062964,132534.5,-1.967404248372246e-05,Q32,30.729999999999997,30.72520833333333,0.1485961195239923,48
149,7Networks_LH_Default_Temp_1,7networks_lh_default_temp,7Networks_LH_Default_Temp,default,temporal,L,309.0,137.65555796786794,16.0,-1.967404248372246e-05,Q32,30.729999999999997,30.72520833333333,0.1485961195239923,48
150,7Networks_LH_Default_Temp_2,7networks_lh_default_temp,7Networks_LH_Default_Temp,default,temporal,L,203.0,96.75412505427697,112465.5,-1.967404248372246e-05,Q32,30.729999999999997,30.72520833333333,0.1485961195239923,48
151,7Networks_LH_Default_Temp_3,7networks_lh_default_temp,7Networks_LH_Default_Temp,default,temporal,L,245.0,113.11767260095509,29701.0,-1.967404248372246e-05,Q32,30.729999999999997,30.72520833333333,0.1485961195239923,48
152,7Networks_LH_Default_Temp_4,7networks_lh_default_temp,7Networks_LH_Default_Temp,default,temporal,L,317.0,135.80471124620064,7.0,-1.967404248372246e-05,Q32,30.729999999999997,30.72520833333333,0.1485961195239923,48
153,7Networks_LH_Default_Temp_5,7networks_lh_default_temp,7Networks_LH_Default_Temp,default,temporal,L,234.0,105.98143725575326,108829.5,-1.967404248372246e-05,Q32,30.729999999999997,30.72520833333333,0.1485961195239923,48
154,7Networks_LH_Default_Temp_6,7networks_lh_default_temp,7Networks_LH_Default_Temp,default,temporal,L,322.0,142.49815458098126,0.0,-1.967404248372246e-05,Q32,30.729999999999997,30.72520833333333,0.1485961195239923,48
155,7Networks_LH_Default_Temp_7,7networks_lh_default_temp,7Networks_LH_Default_Temp,default,temporal,L,185.0,91.02627008250113,93648.5,-1.967404248372246e-05,Q32,30.729999999999997,30.72520833333333,0.1485961195239923,48
156,7Networks_LH_Default_Temp_8,7networks_lh_default_temp,7Networks_LH_Default_Temp,default,temporal,L,202.0,94.84889274858878,120579.5,-1.967404248372246e-05,Q32,30.729999999999997,30.72520833333333,0.1485961195239923,48
157,7Networks_LH_Default_Temp_9,7networks_lh_default_temp,7Networks_LH_Default_Temp,default,temporal,L,273.0,114.93106817194965,10771.0,-1.967404248372246e-05,Q32,30.729999999999997,30.72520833333333,0.1485961195239923,48
158,7Networks_LH_Default_Temp_10,7networks_lh_default_temp,7Networks_LH_Default_Temp,default,temporal,L,240.0,106.65512375162818,118916.5,-1.967404248372246e-05,Q32,30.729999999999997,30.72520833333333,0.1485961195239923,48
159,7Networks_LH_Default_Par_1,7networks_lh_default_par,7Networks_LH_Default_Par,default,parietal,L,284.0,117.26042118975255,553.0,-1.967404248372246e-05,Q32,30.729999999999997,30.72520833333333,0.1485961195239923,48
160,7Networks_LH_Default_Par_2,7networks_lh_default_par,7Networks_LH_Default_Par,default,parietal,L,331.0,147.6762917933131,0.0,-1.967404248372246e-05,Q32,30.729999999999997,30.72520833333333,0.1485961195239923,48
161,7Networks_LH_Default_Par_3,7networks_lh_default_par,7Networks_LH_Default_Par,default,parietal,L,313.0,147.97188449848014,13.0,-1.967404248372246e-05,Q32,30.729999999999997,30.72520833333333,0.1485961195239923,48
162,7Networks_LH_Default_Par_4,7networks_lh_default_par,7Networks_LH_Default_Par,default,parietal,L,319.0,148.64046895353886,0.0,-1.967404248372246e-05,Q32,30.729999999999997,30.72520833333333,0.1485961195239923,48
163,7Networks_LH_Default_Par_5,7networks_lh_default_par,7Networks_LH_Default_Par,default,parietal,L,244.0,115.82001736864946,13117.5,-1.967404248372246e-05,Q32,30.729999999999997,30.72520833333333,0.1485961195239923,48
164,7Networks_LH_Default_Par_6,7networks_lh_default_par,7Networks_LH_Default_Par,default,parietal,L,305.0,137.7936387320885,1.0,-1.967404248372246e-05,Q32,30.729999999999997,30.72520833333333,0.1485961195239923,48
165,7Networks_LH_Default_Par_7,7networks_lh_default_par,7Networks_LH_Default_Par,default,parietal,L,185.0,87.0707772470691,168252.5,-1.967404248372246e-05,Q32,30.729999999999997,30.72520833333333,0.1485961195239923,48
166,7Networks_LH_Default_PFC_1,7networks_lh_default_pfc,7Networks_LH_Default_PFC,default,prefrontal cortex,L,272.0,113.47622666087716,154438.5,-1.967404248372246e-05,Q32,30.729999999999997,30.72520833333333,0.1485961195239923,48
167,7Networks_LH_Default_PFC_2,7networks_lh_default_pfc,7Networks_LH_Default_PFC,default,prefrontal cortex,L,237.0,109.84487624837172,68602.5,-1.967404248372246e-05,Q32,30.729999999999997,30.72520833333333,0.1485961195239923,48
168,7Networks_LH_Default_PFC_3,7networks_lh_default_pfc,7Networks_LH_Default_PFC,default,prefrontal cortex,L,161.0,77.86300477637863,167790.5,-1.967404248372246e-05,Q32,30.729999999999997,30.72520833333333,0.1485961195239923,48
169,7Networks_LH_Default_PFC_4,7networks_lh_default_pfc,7Networks_LH_Default_PFC,default,prefrontal cortex,L,165.0,84.26574033868873,142014.5,-1.967404248372246e-05,Q32,30.729999999999997,30.72520833333333,0.1485961195239923,48
170,7Networks_LH_Default_PFC_5,7networks_lh_default_pfc,7Networks_LH_Default_PFC,default,prefrontal cortex,L,167.0,84.80731654363878,116570.5,-1.967404248372246e-05,Q32,30.729999999999997,30.72520833333333,0.1485961195239923,48
171,7Networks_LH_Default_PFC_6,7networks_lh_default_pfc,7Networks_LH_Default_PFC,default,prefrontal cortex,L,103.0,52.37006079027358,193234.5,-1.967404248372246e-05,Q32,30.729999999999997,30.72520833333333,0.1485961195239923,48
172,7Networks_LH_Default_PFC_7,7networks_lh_default_pfc,7Networks_LH_Default_PFC,default,prefrontal cortex,L,165.0,81.64068606165866,140221.5,-1.967404248372246e-05,Q32,30.729999999999997,30.72520833333333,0.1485961195239923,48
173,7Networks_LH_Default_PFC_8,7networks_lh_default_pfc,7Networks_LH_Default_PFC,default,prefrontal cortex,L,132.0,71.10811984368216,107394.5,-1.967404248372246e-05,Q32,30.729999999999997,30.72520833333333,0.1485961195239923,48
174,7Networks_LH_Default_PFC_9,7networks_lh_default_pfc,7Networks_LH_Default_PFC,default,prefrontal cortex,L,264.0,119.34129396439431,930.0,-1.967404248372246e-05,Q32,30.729999999999997,30.72520833333333,0.1485961195239923,48
175,7Networks_LH_Default_PFC_10,7networks_lh_default_pfc,7Networks_LH_Default_PFC,default,prefrontal cortex,L,219.0,98.9871906209294,121459.5,-1.967404248372246e-05,Q32,30.729999999999997,30.72520833333333,0.1485961195239923,48
176,7Networks_LH_Default_PFC_11,7networks_lh_default_pfc,7Networks_LH_Default_PFC,default,prefrontal cortex,L,50.0,3.6942032132001734,181082.0,-1.967404248372246e-05,Q32,30.729999999999997,30.72520833333333,0.1485961195239923,48
177,7Networks_LH_Default_PFC_12,7networks_lh_default_pfc,7Networks_LH_Default_PFC,default,prefrontal cortex,L,283.0,131.2446808510639,20.0,-1.967404248372246e-05,Q32,30.729999999999997,30.72520833333333,0.1485961195239923,48
178,7Networks_LH_Default_PFC_13,7networks_lh_default_pfc,7Networks_LH_Default_PFC,default,prefrontal cortex,L,150.0,74.52257924446371,182616.5,-1.967404248372246e-05,Q32,30.729999999999997,30.72520833333333,0.1485961195239923,48
179,7Networks_LH_Default_PFC_14,7networks_lh_default_pfc,7Networks_LH_Default_PFC,default,prefrontal cortex,L,84.0,29.338580112896206,175632.5,-1.967404248372246e-05,Q32,30.729999999999997,30.72520833333333,0.1485961195239923,48
180,7Networks_LH_Default_PFC_15,7networks_lh_default_pfc,7Networks_LH_Default_PFC,default,prefrontal cortex,L,170.0,75.36854103343464,163119.5,-1.967404248372246e-05,Q32,30.729999999999997,30.72520833333333,0.1485961195239923,48
181,7Networks_LH_Default_PFC_16,7networks_lh_default_pfc,7Networks_LH_Default_PFC,default,prefrontal cortex,L,214.0,97.04548415110732,42673.0,-1.967404248372246e-05,Q32,30.729999999999997,30.72520833333333,0.1485961195239923,48
182,7Networks_LH_Default_PFC_17,7networks_lh_default_pfc,7Networks_LH_Default_PFC,default,prefrontal cortex,L,164.0,79.28560573165436,137718.5,-1.967404248372246e-05,Q32,30.729999999999997,30.72520833333333,0.1485961195239923,48
183,7Networks_LH_Default_PFC_18,7networks_lh_default_pfc,7Networks_LH_Default_PFC,default,prefrontal cortex,L,84.0,22.24066435084676,188294.5,-1.967404248372246e-05,Q32,30.729999999999997,30.72520833333333,0.1485961195239923,48
184,7Networks_LH_Default_PFC_19,7networks_lh_default_pfc,7Networks_LH_Default_PFC,default,prefrontal cortex,L,226.0,103.69094659140248,85354.5,-1.967404248372246e-05,Q32,30.729999999999997,30.72520833333333,0.1485961195239923,48
185,7Networks_LH_Default_PFC_20,7networks_lh_default_pfc,7Networks_LH_Default_PFC,default,prefrontal cortex,L,194.0,93.27724706904041,94894.5,-1.967404248372246e-05,Q32,30.729999999999997,30.72520833333333,0.1485961195239923,48
186,7Networks_LH_Default_PFC_21,7networks_lh_default_pfc,7Networks_LH_Default_PFC,default,prefrontal cortex,L,186.0,86.97861485019538,132579.5,-1.967404248372246e-05,Q32,30.729999999999997,30.72520833333333,0.1485961195239923,48
187,7Networks_LH_Default_PFC_22,7networks_lh_default_pfc,7Networks_LH_Default_PFC,default,prefrontal cortex,L,211.0,94.55080330004336,70413.5,-1.967404248372246e-05,Q32,30.729999999999997,30.72520833333333,0.1485961195239923,48
188,7Networks_LH_Default_PFC_23,7networks_lh_default_pfc,7Networks_LH_Default_PFC,default,prefrontal cortex,L,109.0,58.14036039947895,161671.5,-1.967404248372246e-05,Q32,30.729999999999997,30.72520833333333,0.1485961195239923,48
189,7Networks_LH_Default_PFC_24,7networks_lh_default_pfc,7Networks_LH_Default_PFC,default,prefrontal cortex,L,103.0,50.440403821102926,186634.5,-1.967404248372246e-05,Q32,30.729999999999997,30.72520833333333,0.1485961195239923,48
190,7Networks_LH_Default_pCunPCC_1,7networks_lh_default_pcunpcc,7Networks_LH_Default_pCunPCC,default,precuneus posterior cingulate cortex,L,219.0,97.0411419887103,157468.5,-1.967404248372246e-05,Q32,30.729999999999997,30.72520833333333,0.1485961195239923,48
191,7Networks_LH_Default_pCunPCC_2,7networks_lh_default_pcunpcc,7Networks_LH_Default_pCunPCC,default,precuneus posterior cingulate cortex,L,293.0,131.54114198871036,72667.5,-1.967404248372246e-05,Q32,30.729999999999997,30.72520833333333,0.1485961195239923,48
192,7Networks_LH_Default_pCunPCC_3,7networks_lh_default_pcunpcc,7Networks_LH_Default_pCunPCC,default,precuneus posterior cingulate cortex,L,246.0,107.56448111159365,124902.5,-1.967404248372246e-05,Q32,30.729999999999997,30.72520833333333,0.1485961195239923,48
193,7Networks_LH_Default_pCunPCC_4,7networks_lh_default_pcunpcc,7Networks_LH_Default_pCunPCC,default,precuneus posterior cingulate cortex,L,236.0,107.12006079027348,101928.5,-1.967404248372246e-05,Q32,30.729999999999997,30.72520833333333,0.1485961195239923,48
194,7Networks_LH_Default_pCunPCC_5,7networks_lh_default_pcunpcc,7Networks_LH_Default_pCunPCC,default,precuneus posterior cingulate cortex,L,299.0,136.4726443768996,266.0,-1.967404248372246e-05,Q32,30.729999999999997,30.72520833333333,0.1485961195239923,48
195,7Networks_LH_Default_pCunPCC_6,7networks_lh_default_pcunpcc,7Networks_LH_Default_pCunPCC,default,precuneus posterior cingulate cortex,L,361.0,173.40827181936623,0.0,-1.967404248372246e-05,Q32,30.729999999999997,30.72520833333333,0.1485961195239923,48
196,7Networks_LH_Default_pCunPCC_7,7networks_lh_default_pcunpcc,7Networks_LH_Default_pCunPCC,default,precuneus posterior cingulate cortex,L,336.0,149.16098567086408,0.0,-1.967404248372246e-05,Q32,30.729999999999997,30.72520833333333,0.1485961195239923,48
197,7Networks_LH_Default_pCunPCC_8,7networks_lh_default_pcunpcc,7Networks_LH_Default_pCunPCC,default,precuneus posterior cingulate cortex,L,320.0,143.5564481111593,11.0,-1.967404248372246e-05,Q32,30.729999999999997,30.72520833333333,0.1485961195239923,48
198,7Networks_LH_Default_pCunPCC_9,7networks_lh_default_pcunpcc,7Networks_LH_Default_pCunPCC,default,precuneus posterior cingulate cortex,L,345.0,149.49804602692146,1.0,-1.967404248372246e-05,Q32,30.729999999999997,30.72520833333333,0.1485961195239923,48
199,7Networks_LH_Default_pCunPCC_10,7networks_lh_default_pcunpcc,7Networks_LH_Default_pCunPCC,default,precuneus posterior cingulate cortex,L,310.0,137.21070343030829,36.0,-1.967404248372246e-05,Q32,30.729999999999997,30.72520833333333,0.1485961195239923,48
200,7Networks_LH_Default_pCunPCC_11,7networks_lh_default_pcunpcc,7Networks_LH_Default_pCunPCC,default,precuneus posterior cingulate cortex,L,357.0,155.2186278766826,0.0,-1.967404248372246e-05,Q32,30.729999999999997,30.72520833333333,0.1485961195239923,48
201,7Networks_RH_Vis_1,7networks_rh_vis,7Networks_RH_Vis,visual,visual,R,200.0,94.00184541901866,119218.5,-1.967404248372246e-05,Q32,30.729999999999997,30.72520833333333,0.1485961195239923,48
202,7Networks_RH_Vis_2,7networks_rh_vis,7Networks_RH_Vis,visual,visual,R,259.0,116.82946157186277,39581.0,-1.967404248372246e-05,Q32,30.729999999999997,30.72520833333333,0.1485961195239923,48
203,7Networks_RH_Vis_3,7networks_rh_vis,7Networks_RH_Vis,visual,visual,R,346.0,150.58977420755528,0.0,-1.967404248372246e-05,Q32,30.729999999999997,30.72520833333333,0.1485961195239923,48
204,7Networks_RH_Vis_4,7networks_rh_vis,7Networks_RH_Vis,visual,visual,R,303.0,137.4674337820235,9618.0,-1.967404248372246e-05,Q32,30.729999999999997,30.72520833333333,0.1485961195239923,48
205,7Networks_RH_Vis_5,7networks_rh_vis,7Networks_RH_Vis,visual,visual,R,275.0,128.78028658271825,2788.0,-1.967404248372246e-05,Q32,30.729999999999997,30.72520833333333,0.1485961195239923,48
206,7Networks_RH_Vis_6,7networks_rh_vis,7Networks_RH_Vis,visual,visual,R,287.0,129.8240338688667,106623.0,-1.967404248372246e-05,Q32,30.729999999999997,30.72520833333333,0.1485961195239923,48
207,7Networks_RH_Vis_7,7networks_rh_vis,7Networks_RH_Vis,visual,visual,R,205.0,98.90219279201052,162894.5,-1.967404248372246e-05,Q32,30.729999999999997,30.72520833333333,0.1485961195239923,48
208,7Networks_RH_Vis_8,7networks_rh_vis,7Networks_RH_Vis,visual,visual,R,304.0,140.93041684759015,173.0,-1.967404248372246e-05,Q32,30.729999999999997,30.72520833333333,0.1485961195239923,48
209,7Networks_RH_Vis_9,7networks_rh_vis,7Networks_RH_Vis,visual,visual,R,299.0,132.81133304385583,142.0,-1.967404248372246e-05,Q32,30.729999999999997,30.72520833333333,0.1485961195239923,48
210,7Networks_RH_Vis_10,7networks_rh_vis,7Networks_RH_Vis,visual,visual,R,208.0,96.02540165002168,49078.5,-1.967404248372246e-05,Q32,30.729999999999997,30.72520833333333,0.1485961195239923,48
211,7Networks_RH_Vis_11,7networks_rh_vis,7Networks_RH_Vis,visual,visual,R,196.0,86.00966131133309,168565.5,-1.967404248372246e-05,Q32,30.729999999999997,30.72520833333333,0.1485961195239923,48
212,7Networks_RH_Vis_12,7networks_rh_vis,7Networks_RH_Vis,visual,visual,R,101.0,37.009769865392975,187545.5,-1.967404248372246e-05,Q32,30.729999999999997,30.72520833333333,0.1485961195239923,48
213,7Networks_RH_Vis_13,7networks_rh_vis,7Networks_RH_Vis,visual,visual,R,239.0,110.3243595310465,127857.5,-1.967404248372246e-05,Q32,30.729999999999997,30.72520833333333,0.1485961195239923,48
214,7Networks_RH_Vis_14,7networks_rh_vis,7Networks_RH_Vis,visual,visual,R,229.0,97.90599218410766,172276.5,-1.967404248372246e-05,Q32,30.729999999999997,30.72520833333333,0.1485961195239923,48
215,7Networks_RH_Vis_15,7networks_rh_vis,7Networks_RH_Vis,visual,visual,R,337.0,157.476443768997,0.0,-1.967404248372246e-05,Q32,30.729999999999997,30.72520833333333,0.1485961195239923,48
216,7Networks_RH_Vis_16,7networks_rh_vis,7Networks_RH_Vis,visual,visual,R,293.0,133.26204950065133,13968.5,-1.967404248372246e-05,Q32,30.729999999999997,30.72520833333333,0.1485961195239923,48
217,7Networks_RH_Vis_17,7networks_rh_vis,7Networks_RH_Vis,visual,visual,R,249.0,110.46678245766395,193620.5,-1.967404248372246e-05,Q32,30.729999999999997,30.72520833333333,0.1485961195239923,48
218,7Networks_RH_Vis_18,7networks_rh_vis,7Networks_RH_Vis,visual,visual,R,294.0,127.01020408163266,3010.0,-1.967404248372246e-05,Q32,30.729999999999997,30.72520833333333,0.1485961195239923,48
219,7Networks_RH_Vis_19,7networks_rh_vis,7Networks_RH_Vis,visual,visual,R,306.0,142.53376031263576,0.0,-1.967404248372246e-05,Q32,30.729999999999997,30.72520833333333,0.1485961195239923,48
220,7Networks_RH_Vis_20,7networks_rh_vis,7Networks_RH_Vis,visual,visual,R,190.0,80.25347372991743,191575.5,-1.967404248372246e-05,Q32,30.729999999999997,30.72520833333333,0.1485961195239923,48
221,7Networks_RH_Vis_21,7networks_rh_vis,7Networks_RH_Vis,visual,visual,R,326.0,148.92813721233188,33.0,-1.967404248372246e-05,Q32,30.729999999999997,30.72520833333333,0.1485961195239923,48
222,7Networks_RH_Vis_22,7networks_rh_vis,7Networks_RH_Vis,visual,visual,R,266.0,125.71471993052546,3842.0,-1.967404248372246e-05,Q32,30.729999999999997,30.72520833333333,0.1485961195239923,48
223,7Networks_RH_Vis_23,7networks_rh_vis,7Networks_RH_Vis,visual,visual,R,329.0,143.94376899696044,0.0,-1.967404248372246e-05,Q32,30.729999999999997,30.72520833333333,0.1485961195239923,48
224,7Networks_RH_Vis_24,7networks_rh_vis,7Networks_RH_Vis,visual,visual,R,288.0,134.3107902735563,175981.5,-1.967404248372246e-05,Q32,30.729999999999997,30.72520833333333,0.1485961195239923,48
225,7Networks_RH_Vis_25,7networks_rh_vis,7Networks_RH_Vis,visual,visual,R,327.0,151.01899696048645,0.0,-1.967404248372246e-05,Q32,30.729999999999997,30.72520833333333,0.1485961195239923,48
226,7Networks_RH_Vis_26,7networks_rh_vis,7Networks_RH_Vis,visual,visual,R,231.0,101.9855623100305,175704.5,-1.967404248372246e-05,Q32,30.729999999999997,30.72520833333333,0.1485961195239923,48
227,7Networks_RH_Vis_27,7networks_rh_vis,7Networks_RH_Vis,visual,visual,R,256.0,116.03158923143731,127161.0,-1.967404248372246e-05,Q32,30.729999999999997,30.72520833333333,0.1485961195239923,48
228,7Networks_RH_Vis_28,7networks_rh_vis,7Networks_RH_Vis,visual,visual,R,287.0,125.54049066435084,34054.0,-1.967404248372246e-05,Q32,30.729999999999997,30.72520833333333,0.1485961195239923,48
229,7Networks_RH_Vis_29,7networks_rh_vis,7Networks_RH_Vis,visual,visual,R,250.0,113.69691706469817,102070.5,-1.967404248372246e-05,Q32,30.729999999999997,30.72520833333333,0.1485961195239923,48
230,7Networks_RH_Vis_30,7networks_rh_vis,7Networks_RH_Vis,visual,visual,R,218.0,94.52192792010412,143536.5,-1.967404248372246e-05,Q32,30.729999999999997,30.72520833333333,0.1485961195239923,48
231,7Networks_RH_SomMot_1,7networks_rh_sommot,7Networks_RH_SomMot,somatomotor,somatomotor,R,322.0,141.09878419452878,19.0,-1.967404248372246e-05,Q32,30.729999999999997,30.72520833333333,0.1485961195239923,48
232,7Networks_RH_SomMot_2,7networks_rh_sommot,7Networks_RH_SomMot,somatomotor,somatomotor,R,130.0,65.15002171081198,168494.5,-1.967404248372246e-05,Q32,30.729999999999997,30.72520833333333,0.1485961195239923,48
233,7Networks_RH_SomMot_3,7networks_rh_sommot,7Networks_RH_SomMot,somatomotor,somatomotor,R,358.0,158.75966131133308,0.0,-1.967404248372246e-05,Q32,30.729999999999997,30.72520833333333,0.1485961195239923,48
234,7Networks_RH_SomMot_4,7networks_rh_sommot,7Networks_RH_SomMot,somatomotor,somatomotor,R,310.0,143.18204515848893,10.0,-1.967404248372246e-05,Q32,30.729999999999997,30.72520833333333,0.1485961195239923,48
235,7Networks_RH_SomMot_5,7networks_rh_sommot,7Networks_RH_SomMot,somatomotor,somatomotor,R,265.0,123.1085540599219,2874.0,-1.967404248372246e-05,Q32,30.729999999999997,30.72520833333333,0.1485961195239923,48
236,7Networks_RH_SomMot_6,7networks_rh_sommot,7Networks_RH_SomMot,somatomotor,somatomotor,R,227.0,101.53365175857569,156486.5,-1.967404248372246e-05,Q32,30.729999999999997,30.72520833333333,0.1485961195239923,48
237,7Networks_RH_SomMot_7,7networks_rh_sommot,7Networks_RH_SomMot,somatomotor,somatomotor,R,341.0,150.63135041250547,0.0,-1.967404248372246e-05,Q32,30.729999999999997,30.72520833333333,0.1485961195239923,48
238,7Networks_RH_SomMot_8,7networks_rh_sommot,7Networks_RH_SomMot,somatomotor,somatomotor,R,193.0,96.6202778983934,16682.0,-1.967404248372246e-05,Q32,30.729999999999997,30.72520833333333,0.1485961195239923,48
239,7Networks_RH_SomMot_9,7networks_rh_sommot,7Networks_RH_SomMot,somatomotor,somatomotor,R,262.0,117.92466348241422,20554.5,-1.967404248372246e-05,Q32,30.729999999999997,30.72520833333333,0.1485961195239923,48
240,7Networks_RH_SomMot_10,7networks_rh_sommot,7Networks_RH_SomMot,somatomotor,somatomotor,R,310.0,138.33684324793742,187435.5,-1.967404248372246e-05,Q32,30.729999999999997,30.72520833333333,0.1485961195239923,48
241,7Networks_RH_SomMot_11,7networks_rh_sommot,7Networks_RH_SomMot,somatomotor,somatomotor,R,320.0,133.89112027789832,225.0,-1.967404248372246e-05,Q32,30.729999999999997,30.72520833333333,0.1485961195239923,48
242,7Networks_RH_SomMot_12,7networks_rh_sommot,7Networks_RH_SomMot,somatomotor,somatomotor,R,188.0,89.35529743812421,129384.5,-1.967404248372246e-05,Q32,30.729999999999997,30.72520833333333,0.1485961195239923,48
243,7Networks_RH_SomMot_13,7networks_rh_sommot,7Networks_RH_SomMot,somatomotor,somatomotor,R,254.0,111.71320017368642,15437.0,-1.967404248372246e-05,Q32,30.729999999999997,30.72520833333333,0.1485961195239923,48
244,7Networks_RH_SomMot_14,7networks_rh_sommot,7Networks_RH_SomMot,somatomotor,somatomotor,R,194.0,94.68747286148503,53465.0,-1.967404248372246e-05,Q32,30.729999999999997,30.72520833333333,0.1485961195239923,48
245,7Networks_RH_SomMot_15,7networks_rh_sommot,7Networks_RH_SomMot,somatomotor,somatomotor,R,109.0,55.50629613547547,193635.5,-1.967404248372246e-05,Q32,30.729999999999997,30.72520833333333,0.1485961195239923,48
246,7Networks_RH_SomMot_16,7networks_rh_sommot,7Networks_RH_SomMot,somatomotor,somatomotor,R,356.0,151.06697785497178,0.0,-1.967404248372246e-05,Q32,30.729999999999997,30.72520833333333,0.1485961195239923,48
247,7Networks_RH_SomMot_17,7networks_rh_sommot,7Networks_RH_SomMot,somatomotor,somatomotor,R,306.0,131.48382544507157,1080.5,-1.967404248372246e-05,Q32,30.729999999999997,30.72520833333333,0.1485961195239923,48
248,7Networks_RH_SomMot_18,7networks_rh_sommot,7Networks_RH_SomMot,somatomotor,somatomotor,R,321.0,137.07186278766824,7586.0,-1.967404248372246e-05,Q32,30.729999999999997,30.72520833333333,0.1485961195239923,48
249,7Networks_RH_SomMot_19,7networks_rh_sommot,7Networks_RH_SomMot,somatomotor,somatomotor,R,139.0,71.14014329135915,125179.5,-1.967404248372246e-05,Q32,30.729999999999997,30.72520833333333,0.1485961195239923,48
250,7Networks_RH_SomMot_20,7networks_rh_sommot,7Networks_RH_SomMot,somatomotor,somatomotor,R,252.0,119.50445071645676,23745.0,-1.967404248372246e-05,Q32,30.729999999999997,30.72520833333333,0.1485961195239923,48
251,7Networks_RH_SomMot_21,7networks_rh_sommot,7Networks_RH_SomMot,somatomotor,somatomotor,R,310.0,136.48567086409028,60373.0,-1.967404248372246e-05,Q32,30.729999999999997,30.72520833333333,0.1485961195239923,48
252,7Networks_RH_SomMot_22,7networks_rh_sommot,7Networks_RH_SomMot,somatomotor,somatomotor,R,288.0,132.52388189318276,3149.5,-1.967404248372246e-05,Q32,30.729999999999997,30.72520833333333,0.1485961195239923,48
253,7Networks_RH_SomMot_23,7networks_rh_sommot,7Networks_RH_SomMot,somatomotor,somatomotor,R,219.0,100.06904038211027,66577.0,-1.967404248372246e-05,Q32,30.729999999999997,30.72520833333333,0.1485961195239923,48
254,7Networks_RH_SomMot_24,7networks_rh_sommot,7Networks_RH_SomMot,somatomotor,somatomotor,R,274.0,127.5362570560139,1969.5,-1.967404248372246e-05,Q32,30.729999999999997,30.72520833333333,0.1485961195239923,48
255,7Networks_RH_SomMot_25,7networks_rh_sommot,7Networks_RH_SomMot,somatomotor,somatomotor,R,323.0,145.145896656535,0.0,-1.967404248372246e-05,Q32,30.729999999999997,30.72520833333333,0.1485961195239923,48
256,7Networks_RH_SomMot_26,7networks_rh_sommot,7Networks_RH_SomMot,somatomotor,somatomotor,R,325.0,149.509769865393,0.0,-1.967404248372246e-05,Q32,30.729999999999997,30.72520833333333,0.1485961195239923,48
257,7Networks_RH_SomMot_27,7networks_rh_sommot,7Networks_RH_SomMot,somatomotor,somatomotor,R,209.0,98.56752062527144,112978.5,-1.967404248372246e-05,Q32,30.729999999999997,30.72520833333333,0.1485961195239923,48
258,7Networks_RH_SomMot_28,7networks_rh_sommot,7Networks_RH_SomMot,somatomotor,somatomotor,R,189.0,94.20495006513244,113907.5,-1.967404248372246e-05,Q32,30.729999999999997,30.72520833333333,0.1485961195239923,48
259,7Networks_RH_SomMot_29,7networks_rh_sommot,7Networks_RH_SomMot,somatomotor,somatomotor,R,268.0,125.35062961354754,62934.0,-1.967404248372246e-05,Q32,30.729999999999997,30.72520833333333,0.1485961195239923,48
260,7Networks_RH_SomMot_30,7networks_rh_sommot,7Networks_RH_SomMot,somatomotor,somatomotor,R,230.0,106.76226660877126,87624.5,-1.967404248372246e-05,Q32,30.729999999999997,30.72520833333333,0.1485961195239923,48
261,7Networks_RH_SomMot_31,7networks_rh_sommot,7Networks_RH_SomMot,somatomotor,somatomotor,R,289.0,122.15349544072953,29418.5,-1.967404248372246e-05,Q32,30.729999999999997,30.72520833333333,0.1485961195239923,48
262,7Networks_RH_SomMot_32,7networks_rh_sommot,7Networks_RH_SomMot,somatomotor,somatomotor,R,153.0,73.70060790273557,176045.5,-1.967404248372246e-05,Q32,30.729999999999997,30.72520833333333,0.1485961195239923,48
263,7Networks_RH_SomMot_33,7networks_rh_sommot,7Networks_RH_SomMot,somatomotor,somatomotor,R,230.0,107.95223621363432,116346.5,-1.967404248372246e-05,Q32,30.729999999999997,30.72520833333333,0.1485961195239923,48
264,7Networks_RH_SomMot_34,7networks_rh_sommot,7Networks_RH_SomMot,somatomotor,somatomotor,R,202.0,99.01953973078592,140772.5,-1.967404248372246e-05,Q32,30.729999999999997,30.72520833333333,0.1485961195239923,48
265,7Networks_RH_SomMot_35,7networks_rh_sommot,7Networks_RH_SomMot,somatomotor,somatomotor,R,138.0,75.02181936604437,122831.5,-1.967404248372246e-05,Q32,30.729999999999997,30.72520833333333,0.1485961195239923,48
266,7Networks_RH_SomMot_36,7networks_rh_sommot,7Networks_RH_SomMot,somatomotor,somatomotor,R,129.0,70.21667390360392,192142.5,-1.967404248372246e-05,Q32,30.729999999999997,30.72520833333333,0.1485961195239923,48
267,7Networks_RH_SomMot_37,7networks_rh_sommot,7Networks_RH_SomMot,somatomotor,somatomotor,R,174.0,78.44659140251844,193340.5,-1.967404248372246e-05,Q32,30.729999999999997,30.72520833333333,0.1485961195239923,48
268,7Networks_RH_SomMot_38,7networks_rh_sommot,7Networks_RH_SomMot,somatomotor,somatomotor,R,182.0,81.74240121580546,150990.5,-1.967404248372246e-05,Q32,30.729999999999997,30.72520833333333,0.1485961195239923,48
269,7Networks_RH_SomMot_39,7networks_rh_sommot,7Networks_RH_SomMot,somatomotor,somatomotor,R,134.0,73.05644811115941,121214.5,-1.967404248372246e-05,Q32,30.729999999999997,30.72520833333333,0.1485961195239923,48
270,7Networks_RH_SomMot_40,7networks_rh_sommot,7Networks_RH_SomMot,somatomotor,somatomotor,R,163.0,80.14068606165858,172226.5,-1.967404248372246e-05,Q32,30.729999999999997,30.72520833333333,0.1485961195239923,48
271,7Networks_RH_DorsAttn_Post_1,7networks_rh_dorsattn_post,7Networks_RH_DorsAttn_Post,dorsal attention,posterior,R,332.0,134.4881676074685,0.0,-1.967404248372246e-05,Q32,30.729999999999997,30.72520833333333,0.1485961195239923,48
272,7Networks_RH_DorsAttn_Post_2,7networks_rh_dorsattn_post,7Networks_RH_DorsAttn_Post,dorsal attention,posterior,R,337.0,157.64491966999566,1.0,-1.967404248372246e-05,Q32,30.729999999999997,30.72520833333333,0.1485961195239923,48
273,7Networks_RH_DorsAttn_Post_3,7networks_rh_dorsattn_post,7Networks_RH_DorsAttn_Post,dorsal attention,posterior,R,210.0,99.46113764654794,77734.5,-1.967404248372246e-05,Q32,30.729999999999997,30.72520833333333,0.1485961195239923,48
274,7Networks_RH_DorsAttn_Post_4,7networks_rh_dorsattn_post,7Networks_RH_DorsAttn_Post,dorsal attention,posterior,R,259.0,123.68812418584461,140862.5,-1.967404248372246e-05,Q32,30.729999999999997,30.72520833333333,0.1485961195239923,48
275,7Networks_RH_DorsAttn_Post_5,7networks_rh_dorsattn_post,7Networks_RH_DorsAttn_Post,dorsal attention,posterior,R,302.0,139.49012158054703,52169.0,-1.967404248372246e-05,Q32,30.729999999999997,30.72520833333333,0.1485961195239923,48
276,7Networks_RH_DorsAttn_Post_6,7networks_rh_dorsattn_post,7Networks_RH_DorsAttn_Post,dorsal attention,posterior,R,157.0,82.91532783326096,83704.5,-1.967404248372246e-05,Q32,30.729999999999997,30.72520833333333,0.1485961195239923,48
277,7Networks_RH_DorsAttn_Post_7,7networks_rh_dorsattn_post,7Networks_RH_DorsAttn_Post,dorsal attention,posterior,R,133.0,62.147524967433796,157671.5,-1.967404248372246e-05,Q32,30.729999999999997,30.72520833333333,0.1485961195239923,48
278,7Networks_RH_DorsAttn_Post_8,7networks_rh_dorsattn_post,7Networks_RH_DorsAttn_Post,dorsal attention,posterior,R,255.0,108.91413373860185,100466.5,-1.967404248372246e-05,Q32,30.729999999999997,30.72520833333333,0.1485961195239923,48
279,7Networks_RH_DorsAttn_Post_9,7networks_rh_dorsattn_post,7Networks_RH_DorsAttn_Post,dorsal attention,posterior,R,284.0,127.9201042118975,16293.0,-1.967404248372246e-05,Q32,30.729999999999997,30.72520833333333,0.1485961195239923,48
280,7Networks_RH_DorsAttn_Post_10,7networks_rh_dorsattn_post,7Networks_RH_DorsAttn_Post,dorsal attention,posterior,R,208.0,94.9197785497177,104571.5,-1.967404248372246e-05,Q32,30.729999999999997,30.72520833333333,0.1485961195239923,48
281,7Networks_RH_DorsAttn_Post_11,7networks_rh_dorsattn_post,7Networks_RH_DorsAttn_Post,dorsal attention,posterior,R,317.0,141.92162396873636,1.0,-1.967404248372246e-05,Q32,30.729999999999997,30.72520833333333,0.1485961195239923,48
282,7Networks_RH_DorsAttn_Post_12,7networks_rh_dorsattn_post,7Networks_RH_DorsAttn_Post,dorsal attention,posterior,R,286.0,121.72438124185832,64467.5,-1.967404248372246e-05,Q32,30.729999999999997,30.72520833333333,0.1485961195239923,48
283,7Networks_RH_DorsAttn_Post_13,7networks_rh_dorsattn_post,7Networks_RH_DorsAttn_Post,dorsal attention,posterior,R,296.0,135.55275727312195,203.0,-1.967404248372246e-05,Q32,30.729999999999997,30.72520833333333,0.1485961195239923,48
284,7Networks_RH_DorsAttn_Post_14,7networks_rh_dorsattn_post,7Networks_RH_DorsAttn_Post,dorsal attention,posterior,R,221.0,94.4026270082501,145941.5,-1.967404248372246e-05,Q32,30.729999999999997,30.72520833333333,0.1485961195239923,48
285,7Networks_RH_DorsAttn_Post_15,7networks_rh_dorsattn_post,7Networks_RH_DorsAttn_Post,dorsal attention,posterior,R,309.0,135.48740772904898,15.0,-1.967404248372246e-05,Q32,30.729999999999997,30.72520833333333,0.1485961195239923,48
286,7Networks_RH_DorsAttn_Post_16,7networks_rh_dorsattn_post,7Networks_RH_DorsAttn_Post,dorsal attention,posterior,R,182.0,83.29483282674772,174726.5,-1.967404248372246e-05,Q32,30.729999999999997,30.72520833333333,0.1485961195239923,48
287,7Networks_RH_DorsAttn_Post_17,7networks_rh_dorsattn_post,7Networks_RH_DorsAttn_Post,dorsal attention,posterior,R,273.0,125.42129830655665,73491.5,-1.967404248372246e-05,Q32,30.729999999999997,30.72520833333333,0.1485961195239923,48
288,7Networks_RH_DorsAttn_Post_18,7networks_rh_dorsattn_post,7Networks_RH_DorsAttn_Post,dorsal attention,posterior,R,248.0,105.10562310030407,125425.5,-1.967404248372246e-05,Q32,30.729999999999997,30.72520833333333,0.1485961195239923,48
289,7Networks_RH_DorsAttn_Post_19,7networks_rh_dorsattn_post,7Networks_RH_DorsAttn_Post,dorsal attention,posterior,R,258.0,113.22622666087716,43281.5,-1.967404248372246e-05,Q32,30.729999999999997,30.72520833333333,0.1485961195239923,48
290,7Networks_RH_DorsAttn_FEF_1,7networks_rh_dorsattn_fef,7Networks_RH_DorsAttn_FEF,dorsal attention,frontal eye fields,R,271.0,115.91456795484153,63538.5,-1.967404248372246e-05,Q32,30.729999999999997,30.72520833333333,0.1485961195239923,48
291,7Networks_RH_DorsAttn_FEF_2,7networks_rh_dorsattn_fef,7Networks_RH_DorsAttn_FEF,dorsal attention,frontal eye fields,R,301.0,139.54168475901,91745.5,-1.967404248372246e-05,Q32,30.729999999999997,30.72520833333333,0.1485961195239923,48
292,7Networks_RH_DorsAttn_FEF_3,7networks_rh_dorsattn_fef,7Networks_RH_DorsAttn_FEF,dorsal attention,frontal eye fields,R,131.0,71.22839774207554,138508.5,-1.967404248372246e-05,Q32,30.729999999999997,30.72520833333333,0.1485961195239923,48
293,7Networks_RH_DorsAttn_PrCv_1,7networks_rh_dorsattn_prcv,7Networks_RH_DorsAttn_PrCv,dorsal attention,precentral ventral,R,266.0,116.58326096396009,71680.5,-1.967404248372246e-05,Q32,30.729999999999997,30.72520833333333,0.1485961195239923,48
294,7Networks_RH_SalVentAttn_TempOccPar_1,7networks_rh_salventattn_tempoccpar,7Networks_RH_SalVentAttn_TempOccPar,salience / ventral attention,temporal occipital parietal,R,366.0,157.37234042553186,0.0,-1.967404248372246e-05,Q32,30.729999999999997,30.72520833333333,0.1485961195239923,48
295,7Networks_RH_SalVentAttn_TempOccPar_2,7networks_rh_salventattn_tempoccpar,7Networks_RH_SalVentAttn_TempOccPar,salience / ventral attention,temporal occipital parietal,R,307.0,135.70592705167178,10885.0,-1.967404248372246e-05,Q32,30.729999999999997,30.72520833333333,0.1485961195239923,48
296,7Networks_RH_SalVentAttn_TempOccPar_3,7networks_rh_salventattn_tempoccpar,7Networks_RH_SalVentAttn_TempOccPar,salience / ventral attention,temporal occipital parietal,R,296.0,122.97926617455487,2730.0,-1.967404248372246e-05,Q32,30.729999999999997,30.72520833333333,0.1485961195239923,48
297,7Networks_RH_SalVentAttn_TempOccPar_4,7networks_rh_salventattn_tempoccpar,7Networks_RH_SalVentAttn_TempOccPar,salience / ventral attention,temporal occipital parietal,R,285.0,122.176400347373,7102.0,-1.967404248372246e-05,Q32,30.729999999999997,30.72520833333333,0.1485961195239923,48
298,7Networks_RH_SalVentAttn_TempOccPar_5,7networks_rh_salventattn_tempoccpar,7Networks_RH_SalVentAttn_TempOccPar,salience / ventral attention,temporal occipital parietal,R,225.0,103.96146330872774,35194.5,-1.967404248372246e-05,Q32,30.729999999999997,30.72520833333333,0.1485961195239923,48
299,7Networks_RH_SalVentAttn_TempOccPar_6,7networks_rh_salventattn_tempoccpar,7Networks_RH_SalVentAttn_TempOccPar,salience / ventral attention,temporal occipital parietal,R,163.0,82.34802431610946,169423.5,-1.967404248372246e-05,Q32,30.729999999999997,30.72520833333333,0.1485961195239923,48
300,7Networks_RH_SalVentAttn_TempOccPar_7,7networks_rh_salventattn_tempoccpar,7Networks_RH_SalVentAttn_TempOccPar,salience / ventral attention,temporal occipital parietal,R,189.0,92.60920538428135,92589.5,-1.967404248372246e-05,Q32,30.729999999999997,30.72520833333333,0.1485961195239923,48
301,7Networks_RH_SalVentAttn_PrC_1,7networks_rh_salventattn_prc,7Networks_RH_SalVentAttn_PrC,salience / ventral attention,precentral,R,237.0,106.73719062092914,126463.5,-1.967404248372246e-05,Q32,30.729999999999997,30.72520833333333,0.1485961195239923,48
302,7Networks_RH_SalVentAttn_FrOperIns_1,7networks_rh_salventattn_froperins,7Networks_RH_SalVentAttn_FrOperIns,salience / ventral attention,frontal operculum insula,R,318.0,146.3976335214937,3739.0,-1.967404248372246e-05,Q32,30.729999999999997,30.72520833333333,0.1485961195239923,48
303,7Networks_RH_SalVentAttn_FrOperIns_2,7networks_rh_salventattn_froperins,7Networks_RH_SalVentAttn_FrOperIns,salience / ventral attention,frontal operculum insula,R,316.0,140.99229266174558,0.0,-1.967404248372246e-05,Q32,30.729999999999997,30.72520833333333,0.1485961195239923,48
304,7Networks_RH_SalVentAttn_FrOperIns_3,7networks_rh_salventattn_froperins,7Networks_RH_SalVentAttn_FrOperIns,salience / ventral attention,frontal operculum insula,R,308.0,136.9135909683022,12556.0,-1.967404248372246e-05,Q32,30.729999999999997,30.72520833333333,0.1485961195239923,48
305,7Networks_RH_SalVentAttn_FrOperIns_4,7networks_rh_salventattn_froperins,7Networks_RH_SalVentAttn_FrOperIns,salience / ventral attention,frontal operculum insula,R,264.0,121.33065566652182,93141.5,-1.967404248372246e-05,Q32,30.729999999999997,30.72520833333333,0.1485961195239923,48
306,7Networks_RH_SalVentAttn_FrOperIns_5,7networks_rh_salventattn_froperins,7Networks_RH_SalVentAttn_FrOperIns,salience / ventral attention,frontal operculum insula,R,256.0,118.30004342162405,122243.5,-1.967404248372246e-05,Q32,30.729999999999997,30.72520833333333,0.1485961195239923,48
307,7Networks_RH_SalVentAttn_FrOperIns_6,7networks_rh_salventattn_froperins,7Networks_RH_SalVentAttn_FrOperIns,salience / ventral attention,frontal operculum insula,R,258.0,119.82718193660448,135956.5,-1.967404248372246e-05,Q32,30.729999999999997,30.72520833333333,0.1485961195239923,48
308,7Networks_RH_SalVentAttn_FrOperIns_7,7networks_rh_salventattn_froperins,7Networks_RH_SalVentAttn_FrOperIns,salience / ventral attention,frontal operculum insula,R,299.0,132.2013677811549,398.0,-1.967404248372246e-05,Q32,30.729999999999997,30.72520833333333,0.1485961195239923,48
309,7Networks_RH_SalVentAttn_FrOperIns_8,7networks_rh_salventattn_froperins,7Networks_RH_SalVentAttn_FrOperIns,salience / ventral attention,frontal operculum insula,R,288.0,126.74913156752064,1064.0,-1.967404248372246e-05,Q32,30.729999999999997,30.72520833333333,0.1485961195239923,48
310,7Networks_RH_SalVentAttn_PFCl_1,7networks_rh_salventattn_pfcl,7Networks_RH_SalVentAttn_PFCl,salience / ventral attention,lateral prefrontal cortex,R,264.0,117.26313504125058,243.0,-1.967404248372246e-05,Q32,30.729999999999997,30.72520833333333,0.1485961195239923,48
311,7Networks_RH_SalVentAttn_Med_1,7networks_rh_salventattn_med,7Networks_RH_SalVentAttn_Med,salience / ventral attention,medial,R,232.0,110.36528441163703,105976.5,-1.967404248372246e-05,Q32,30.729999999999997,30.72520833333333,0.1485961195239923,48
312,7Networks_RH_SalVentAttn_Med_2,7networks_rh_salventattn_med,7Networks_RH_SalVentAttn_Med,salience / ventral attention,medial,R,312.0,132.86636995223625,15.0,-1.967404248372246e-05,Q32,30.729999999999997,30.72520833333333,0.1485961195239923,48
313,7Networks_RH_SalVentAttn_Med_3,7networks_rh_salventattn_med,7Networks_RH_SalVentAttn_Med,salience / ventral attention,medial,R,258.0,118.05775075987839,183545.5,-1.967404248372246e-05,Q32,30.729999999999997,30.72520833333333,0.1485961195239923,48
314,7Networks_RH_SalVentAttn_Med_4,7networks_rh_salventattn_med,7Networks_RH_SalVentAttn_Med,salience / ventral attention,medial,R,142.0,66.9858879722102,135059.5,-1.967404248372246e-05,Q32,30.729999999999997,30.72520833333333,0.1485961195239923,48
315,7Networks_RH_SalVentAttn_Med_5,7networks_rh_salventattn_med,7Networks_RH_SalVentAttn_Med,salience / ventral attention,medial,R,178.0,89.39405123751624,177221.5,-1.967404248372246e-05,Q32,30.729999999999997,30.72520833333333,0.1485961195239923,48
316,7Networks_RH_SalVentAttn_Med_6,7networks_rh_salventattn_med,7Networks_RH_SalVentAttn_Med,salience / ventral attention,medial,R,220.0,103.74750325662181,161571.5,-1.967404248372246e-05,Q32,30.729999999999997,30.72520833333333,0.1485961195239923,48
317,7Networks_RH_SalVentAttn_Med_7,7networks_rh_salventattn_med,7Networks_RH_SalVentAttn_Med,salience / ventral attention,medial,R,186.0,94.94214068606166,75913.0,-1.967404248372246e-05,Q32,30.729999999999997,30.72520833333333,0.1485961195239923,48
318,7Networks_RH_SalVentAttn_Med_8,7networks_rh_salventattn_med,7Networks_RH_SalVentAttn_Med,salience / ventral attention,medial,R,88.0,39.070451584889256,193863.5,-1.967404248372246e-05,Q32,30.729999999999997,30.72520833333333,0.1485961195239923,48
319,7Networks_RH_Limbic_OFC_1,7networks_rh_limbic_ofc,7Networks_RH_Limbic_OFC,limbic,orbital frontal cortex,R,242.0,108.75358228397748,87133.5,-1.967404248372246e-05,Q32,30.729999999999997,30.72520833333333,0.1485961195239923,48
320,7Networks_RH_Limbic_OFC_2,7networks_rh_limbic_ofc,7Networks_RH_Limbic_OFC,limbic,orbital frontal cortex,R,276.0,118.68052540165004,72112.0,-1.967404248372246e-05,Q32,30.729999999999997,30.72520833333333,0.1485961195239923,48
321,7Networks_RH_Limbic_OFC_3,7networks_rh_limbic_ofc,7Networks_RH_Limbic_OFC,limbic,orbital frontal cortex,R,165.0,83.49772036474153,130505.5,-1.967404248372246e-05,Q32,30.729999999999997,30.72520833333333,0.1485961195239923,48
322,7Networks_RH_Limbic_OFC_4,7networks_rh_limbic_ofc,7Networks_RH_Limbic_OFC,limbic,orbital frontal cortex,R,208.0,98.05503690838043,117614.5,-1.967404248372246e-05,Q32,30.729999999999997,30.72520833333333,0.1485961195239923,48
323,7Networks_RH_Limbic_OFC_5,7networks_rh_limbic_ofc,7Networks_RH_Limbic_OFC,limbic,orbital frontal cortex,R,185.0,92.21710811984366,157220.5,-1.967404248372246e-05,Q32,30.729999999999997,30.72520833333333,0.1485961195239923,48
324,7Networks_RH_Limbic_OFC_6,7networks_rh_limbic_ofc,7Networks_RH_Limbic_OFC,limbic,orbital frontal cortex,R,172.0,83.71135475466784,125093.5,-1.967404248372246e-05,Q32,30.729999999999997,30.72520833333333,0.1485961195239923,48
325,7Networks_RH_Limbic_TempPole_1,7networks_rh_limbic_temppole,7Networks_RH_Limbic_TempPole,limbic,temporal pole,R,228.0,103.45874945722964,21983.5,-1.967404248372246e-05,Q32,30.729999999999997,30.72520833333333,0.1485961195239923,48
326,7Networks_RH_Limbic_TempPole_2,7networks_rh_limbic_temppole,7Networks_RH_Limbic_TempPole,limbic,temporal pole,R,314.0,132.02876682587927,5.0,-1.967404248372246e-05,Q32,30.729999999999997,30.72520833333333,0.1485961195239923,48
327,7Networks_RH_Limbic_TempPole_3,7networks_rh_limbic_temppole,7Networks_RH_Limbic_TempPole,limbic,temporal pole,R,169.0,85.05362570560143,103933.5,-1.967404248372246e-05,Q32,30.729999999999997,30.72520833333333,0.1485961195239923,48
328,7Networks_RH_Limbic_TempPole_4,7networks_rh_limbic_temppole,7Networks_RH_Limbic_TempPole,limbic,temporal pole,R,265.0,118.04656969170648,954.0,-1.967404248372246e-05,Q32,30.729999999999997,30.72520833333333,0.1485961195239923,48
329,7Networks_RH_Limbic_TempPole_5,7networks_rh_limbic_temppole,7Networks_RH_Limbic_TempPole,limbic,temporal pole,R,230.0,101.3703864524533,135577.5,-1.967404248372246e-05,Q32,30.729999999999997,30.72520833333333,0.1485961195239923,48
330,7Networks_RH_Limbic_TempPole_6,7networks_rh_limbic_temppole,7Networks_RH_Limbic_TempPole,limbic,temporal pole,R,164.0,83.6045375597048,159896.5,-1.967404248372246e-05,Q32,30.729999999999997,30.72520833333333,0.1485961195239923,48
331,7Networks_RH_Limbic_TempPole_7,7networks_rh_limbic_temppole,7Networks_RH_Limbic_TempPole,limbic,temporal pole,R,289.0,121.41272253582287,2073.0,-1.967404248372246e-05,Q32,30.729999999999997,30.72520833333333,0.1485961195239923,48
332,7Networks_RH_Cont_Par_1,7networks_rh_cont_par,7Networks_RH_Cont_Par,control,parietal,R,321.0,147.57229700390806,24.0,-1.967404248372246e-05,Q32,30.729999999999997,30.72520833333333,0.1485961195239923,48
333,7Networks_RH_Cont_Par_2,7networks_rh_cont_par,7Networks_RH_Cont_Par,control,parietal,R,222.0,100.23762483716895,76983.0,-1.967404248372246e-05,Q32,30.729999999999997,30.72520833333333,0.1485961195239923,48
334,7Networks_RH_Cont_Par_3,7networks_rh_cont_par,7Networks_RH_Cont_Par,control,parietal,R,241.0,107.98284845853235,33208.5,-1.967404248372246e-05,Q32,30.729999999999997,30.72520833333333,0.1485961195239923,48
335,7Networks_RH_Cont_Par_4,7networks_rh_cont_par,7Networks_RH_Cont_Par,control,parietal,R,244.0,105.14491966999573,96166.5,-1.967404248372246e-05,Q32,30.729999999999997,30.72520833333333,0.1485961195239923,48
336,7Networks_RH_Cont_Par_5,7networks_rh_cont_par,7Networks_RH_Cont_Par,control,parietal,R,216.0,97.86778115501511,150030.5,-1.967404248372246e-05,Q32,30.729999999999997,30.72520833333333,0.1485961195239923,48
337,7Networks_RH_Cont_Par_6,7networks_rh_cont_par,7Networks_RH_Cont_Par,control,parietal,R,269.0,118.25369083803737,2100.0,-1.967404248372246e-05,Q32,30.729999999999997,30.72520833333333,0.1485961195239923,48
338,7Networks_RH_Cont_Temp_1,7networks_rh_cont_temp,7Networks_RH_Cont_Temp,control,temporal,R,233.0,101.5670864090318,192610.5,-1.967404248372246e-05,Q32,30.729999999999997,30.72520833333333,0.1485961195239923,48
339,7Networks_RH_Cont_Temp_2,7networks_rh_cont_temp,7Networks_RH_Cont_Temp,control,temporal,R,326.0,150.22807207989587,0.0,-1.967404248372246e-05,Q32,30.729999999999997,30.72520833333333,0.1485961195239923,48
340,7Networks_RH_Cont_PFCv_1,7networks_rh_cont_pfcv,7Networks_RH_Cont_PFCv,control,ventral prefrontal cortex,R,272.0,124.58141554494152,16.0,-1.967404248372246e-05,Q32,30.729999999999997,30.72520833333333,0.1485961195239923,48
341,7Networks_RH_Cont_PFCl_1,7networks_rh_cont_pfcl,7Networks_RH_Cont_PFCl,control,lateral prefrontal cortex,R,152.0,79.6431828050369,106166.5,-1.967404248372246e-05,Q32,30.729999999999997,30.72520833333333,0.1485961195239923,48
342,7Networks_RH_Cont_PFCl_2,7networks_rh_cont_pfcl,7Networks_RH_Cont_PFCl,control,lateral prefrontal cortex,R,133.0,74.72318714719931,152382.5,-1.967404248372246e-05,Q32,30.729999999999997,30.72520833333333,0.1485961195239923,48
343,7Networks_RH_Cont_PFCl_3,7networks_rh_cont_pfcl,7Networks_RH_Cont_PFCl,control,lateral prefrontal cortex,R,109.0,64.15620929222749,129973.5,-1.967404248372246e-05,Q32,30.729999999999997,30.72520833333333,0.1485961195239923,48
344,7Networks_RH_Cont_PFCl_4,7networks_rh_cont_pfcl,7Networks_RH_Cont_PFCl,control,lateral prefrontal cortex,R,151.0,76.1609856708641,141201.5,-1.967404248372246e-05,Q32,30.729999999999997,30.72520833333333,0.1485961195239923,48
345,7Networks_RH_Cont_PFCl_5,7networks_rh_cont_pfcl,7Networks_RH_Cont_PFCl,control,lateral prefrontal cortex,R,109.0,37.18573599652627,200211.5,-1.967404248372246e-05,Q32,30.729999999999997,30.72520833333333,0.1485961195239923,48
346,7Networks_RH_Cont_PFCl_6,7networks_rh_cont_pfcl,7Networks_RH_Cont_PFCl,control,lateral prefrontal cortex,R,360.0,154.27551020408157,0.0,-1.967404248372246e-05,Q32,30.729999999999997,30.72520833333333,0.1485961195239923,48
347,7Networks_RH_Cont_PFCl_7,7networks_rh_cont_pfcl,7Networks_RH_Cont_PFCl,control,lateral prefrontal cortex,R,188.0,86.11919235779418,147968.5,-1.967404248372246e-05,Q32,30.729999999999997,30.72520833333333,0.1485961195239923,48
348,7Networks_RH_Cont_PFCl_8,7networks_rh_cont_pfcl,7Networks_RH_Cont_PFCl,control,lateral prefrontal cortex,R,146.0,67.73013460703432,154491.5,-1.967404248372246e-05,Q32,30.729999999999997,30.72520833333333,0.1485961195239923,48
349,7Networks_RH_Cont_PFCl_9,7networks_rh_cont_pfcl,7Networks_RH_Cont_PFCl,control,lateral prefrontal cortex,R,122.0,55.65349544072951,181471.5,-1.967404248372246e-05,Q32,30.729999999999997,30.72520833333333,0.1485961195239923,48
350,7Networks_RH_Cont_PFCl_10,7networks_rh_cont_pfcl,7Networks_RH_Cont_PFCl,control,lateral prefrontal cortex,R,235.0,107.22752930959624,69138.5,-1.967404248372246e-05,Q32,30.729999999999997,30.72520833333333,0.1485961195239923,48
351,7Networks_RH_Cont_PFCl_11,7networks_rh_cont_pfcl,7Networks_RH_Cont_PFCl,control,lateral prefrontal cortex,R,127.0,77.77105948762483,101356.5,-1.967404248372246e-05,Q32,30.729999999999997,30.72520833333333,0.1485961195239923,48
352,7Networks_RH_Cont_PFCl_12,7networks_rh_cont_pfcl,7Networks_RH_Cont_PFCl,control,lateral prefrontal cortex,R,258.0,119.02768128528,19917.5,-1.967404248372246e-05,Q32,30.729999999999997,30.72520833333333,0.1485961195239923,48
353,7Networks_RH_Cont_PFCl_13,7networks_rh_cont_pfcl,7Networks_RH_Cont_PFCl,control,lateral prefrontal cortex,R,342.0,145.48632218844983,2.0,-1.967404248372246e-05,Q32,30.729999999999997,30.72520833333333,0.1485961195239923,48
354,7Networks_RH_Cont_PFCl_14,7networks_rh_cont_pfcl,7Networks_RH_Cont_PFCl,control,lateral prefrontal cortex,R,178.0,79.80188884064268,171822.5,-1.967404248372246e-05,Q32,30.729999999999997,30.72520833333333,0.1485961195239923,48
355,7Networks_RH_Cont_PFCl_15,7networks_rh_cont_pfcl,7Networks_RH_Cont_PFCl,control,lateral prefrontal cortex,R,353.0,146.44420321320013,0.0,-1.967404248372246e-05,Q32,30.729999999999997,30.72520833333333,0.1485961195239923,48
356,7Networks_RH_Cont_pCun_1,7networks_rh_cont_pcun,7Networks_RH_Cont_pCun,control,precuneus,R,210.0,93.34368215371252,153607.5,-1.967404248372246e-05,Q32,30.729999999999997,30.72520833333333,0.1485961195239923,48
357,7Networks_RH_Cont_pCun_2,7networks_rh_cont_pcun,7Networks_RH_Cont_pCun,control,precuneus,R,298.0,132.33054711246194,143379.5,-1.967404248372246e-05,Q32,30.729999999999997,30.72520833333333,0.1485961195239923,48
358,7Networks_RH_Cont_Cing_1,7networks_rh_cont_cing,7Networks_RH_Cont_Cing,control,cingulate,R,271.0,117.22524967433786,140844.5,-1.967404248372246e-05,Q32,30.729999999999997,30.72520833333333,0.1485961195239923,48
359,7Networks_RH_Cont_Cing_2,7networks_rh_cont_cing,7Networks_RH_Cont_Cing,control,cingulate,R,206.0,93.23469387755104,146011.5,-1.967404248372246e-05,Q32,30.729999999999997,30.72520833333333,0.1485961195239923,48
360,7Networks_RH_Cont_PFCmp_1,7networks_rh_cont_pfcmp,7Networks_RH_Cont_PFCmp,control,medial posterior prefrontal cortex,R,240.0,106.18551888840636,153088.5,-1.967404248372246e-05,Q32,30.729999999999997,30.72520833333333,0.1485961195239923,48
361,7Networks_RH_Cont_PFCmp_2,7networks_rh_cont_pfcmp,7Networks_RH_Cont_PFCmp,control,medial posterior prefrontal cortex,R,159.0,76.78430308293528,140630.5,-1.967404248372246e-05,Q32,30.729999999999997,30.72520833333333,0.1485961195239923,48
362,7Networks_RH_Default_Par_1,7networks_rh_default_par,7Networks_RH_Default_Par,default,parietal,R,245.0,110.29396439426836,103318.5,-1.967404248372246e-05,Q32,30.729999999999997,30.72520833333333,0.1485961195239923,48
363,7Networks_RH_Default_Par_2,7networks_rh_default_par,7Networks_RH_Default_Par,default,parietal,R,293.0,129.83423795049939,718.0,-1.967404248372246e-05,Q32,30.729999999999997,30.72520833333333,0.1485961195239923,48
364,7Networks_RH_Default_Par_3,7networks_rh_default_par,7Networks_RH_Default_Par,default,parietal,R,338.0,152.8176291793315,0.0,-1.967404248372246e-05,Q32,30.729999999999997,30.72520833333333,0.1485961195239923,48
365,7Networks_RH_Default_Par_4,7networks_rh_default_par,7Networks_RH_Default_Par,default,parietal,R,181.0,83.17488059053399,186798.5,-1.967404248372246e-05,Q32,30.729999999999997,30.72520833333333,0.1485961195239923,48
366,7Networks_RH_Default_Par_5,7networks_rh_default_par,7Networks_RH_Default_Par,default,parietal,R,338.0,155.6380807642205,0.0,-1.967404248372246e-05,Q32,30.729999999999997,30.72520833333333,0.1485961195239923,48
367,7Networks_RH_Default_Temp_1,7networks_rh_default_temp,7Networks_RH_Default_Temp,default,temporal,R,271.0,123.07902735562314,75755.5,-1.967404248372246e-05,Q32,30.729999999999997,30.72520833333333,0.1485961195239923,48
368,7Networks_RH_Default_Temp_2,7networks_rh_default_temp,7Networks_RH_Default_Temp,default,temporal,R,286.0,124.88363004776373,12221.0,-1.967404248372246e-05,Q32,30.729999999999997,30.72520833333333,0.1485961195239923,48
369,7Networks_RH_Default_Temp_3,7networks_rh_default_temp,7Networks_RH_Default_Temp,default,temporal,R,239.0,106.42162396873647,89437.5,-1.967404248372246e-05,Q32,30.729999999999997,30.72520833333333,0.1485961195239923,48
370,7Networks_RH_Default_Temp_4,7networks_rh_default_temp,7Networks_RH_Default_Temp,default,temporal,R,305.0,127.10377768128521,2.0,-1.967404248372246e-05,Q32,30.729999999999997,30.72520833333333,0.1485961195239923,48
371,7Networks_RH_Default_Temp_5,7networks_rh_default_temp,7Networks_RH_Default_Temp,default,temporal,R,271.0,120.1838905775076,72454.5,-1.967404248372246e-05,Q32,30.729999999999997,30.72520833333333,0.1485961195239923,48
372,7Networks_RH_Default_Temp_6,7networks_rh_default_temp,7Networks_RH_Default_Temp,default,temporal,R,197.0,86.68975249674338,144098.5,-1.967404248372246e-05,Q32,30.729999999999997,30.72520833333333,0.1485961195239923,48
373,7Networks_RH_Default_Temp_7,7networks_rh_default_temp,7Networks_RH_Default_Temp,default,temporal,R,341.0,146.99283543204513,2.0,-1.967404248372246e-05,Q32,30.729999999999997,30.72520833333333,0.1485961195239923,48
374,7Networks_RH_Default_Temp_8,7networks_rh_default_temp,7Networks_RH_Default_Temp,default,temporal,R,313.0,146.66901867129835,1002.0,-1.967404248372246e-05,Q32,30.729999999999997,30.72520833333333,0.1485961195239923,48
375,7Networks_RH_Default_PFCv_1,7networks_rh_default_pfcv,7Networks_RH_Default_PFCv,default,ventral prefrontal cortex,R,240.0,106.04798089448545,164915.5,-1.967404248372246e-05,Q32,30.729999999999997,30.72520833333333,0.1485961195239923,48
376,7Networks_RH_Default_PFCv_2,7networks_rh_default_pfcv,7Networks_RH_Default_PFCv,default,ventral prefrontal cortex,R,250.0,112.46471993052535,79754.0,-1.967404248372246e-05,Q32,30.729999999999997,30.72520833333333,0.1485961195239923,48
377,7Networks_RH_Default_PFCv_3,7networks_rh_default_pfcv,7Networks_RH_Default_PFCv,default,ventral prefrontal cortex,R,191.0,87.77138514980462,119879.5,-1.967404248372246e-05,Q32,30.729999999999997,30.72520833333333,0.1485961195239923,48
378,7Networks_RH_Default_PFCv_4,7networks_rh_default_pfcv,7Networks_RH_Default_PFCv,default,ventral prefrontal cortex,R,181.0,86.51259227095083,124894.5,-1.967404248372246e-05,Q32,30.729999999999997,30.72520833333333,0.1485961195239923,48
379,7Networks_RH_Default_PFCdPFCm_1,7networks_rh_default_pfcdpfcm,7Networks_RH_Default_PFCdPFCm,default,dorsal prefrontal cortex medial prefrontal cortex,R,264.0,117.93595310464616,472.0,-1.967404248372246e-05,Q32,30.729999999999997,30.72520833333333,0.1485961195239923,48
380,7Networks_RH_Default_PFCdPFCm_2,7networks_rh_default_pfcdpfcm,7Networks_RH_Default_PFCdPFCm,default,dorsal prefrontal cortex medial prefrontal cortex,R,40.0,2.6186495874945726,189414.5,-1.967404248372246e-05,Q32,30.729999999999997,30.72520833333333,0.1485961195239923,48
381,7Networks_RH_Default_PFCdPFCm_3,7networks_rh_default_pfcdpfcm,7Networks_RH_Default_PFCdPFCm,default,dorsal prefrontal cortex medial prefrontal cortex,R,224.0,102.84824142422934,110170.5,-1.967404248372246e-05,Q32,30.729999999999997,30.72520833333333,0.1485961195239923,48
382,7Networks_RH_Default_PFCdPFCm_4,7networks_rh_default_pfcdpfcm,7Networks_RH_Default_PFCdPFCm,default,dorsal prefrontal cortex medial prefrontal cortex,R,218.0,100.06274424663496,192795.5,-1.967404248372246e-05,Q32,30.729999999999997,30.72520833333333,0.1485961195239923,48
383,7Networks_RH_Default_PFCdPFCm_5,7networks_rh_default_pfcdpfcm,7Networks_RH_Default_PFCdPFCm,default,dorsal prefrontal cortex medial prefrontal cortex,R,129.0,47.894594007815925,188376.5,-1.967404248372246e-05,Q32,30.729999999999997,30.72520833333333,0.1485961195239923,48
384,7Networks_RH_Default_PFCdPFCm_6,7networks_rh_default_pfcdpfcm,7Networks_RH_Default_PFCdPFCm,default,dorsal prefrontal cortex medial prefrontal cortex,R,178.0,73.25227963525835,186614.5,-1.967404248372246e-05,Q32,30.729999999999997,30.72520833333333,0.1485961195239923,48
385,7Networks_RH_Default_PFCdPFCm_7,7networks_rh_default_pfcdpfcm,7Networks_RH_Default_PFCdPFCm,default,dorsal prefrontal cortex medial prefrontal cortex,R,158.0,76.33879722101611,180321.5,-1.967404248372246e-05,Q32,30.729999999999997,30.72520833333333,0.1485961195239923,48
386,7Networks_RH_Default_PFCdPFCm_8,7networks_rh_default_pfcdpfcm,7Networks_RH_Default_PFCdPFCm,default,dorsal prefrontal cortex medial prefrontal cortex,R,84.0,35.40599218410771,173323.5,-1.967404248372246e-05,Q32,30.729999999999997,30.72520833333333,0.1485961195239923,48
387,7Networks_RH_Default_PFCdPFCm_9,7networks_rh_default_pfcdpfcm,7Networks_RH_Default_PFCdPFCm,default,dorsal prefrontal cortex medial prefrontal cortex,R,168.0,78.82110290924878,146038.5,-1.967404248372246e-05,Q32,30.729999999999997,30.72520833333333,0.1485961195239923,48
388,7Networks_RH_Default_PFCdPFCm_10,7networks_rh_default_pfcdpfcm,7Networks_RH_Default_PFCdPFCm,default,dorsal prefrontal cortex medial prefrontal cortex,R,175.0,88.80937907077733,157787.5,-1.967404248372246e-05,Q32,30.729999999999997,30.72520833333333,0.1485961195239923,48
389,7Networks_RH_Default_PFCdPFCm_11,7networks_rh_default_pfcdpfcm,7Networks_RH_Default_PFCdPFCm,default,dorsal prefrontal cortex medial prefrontal cortex,R,75.0,28.51834563612677,187434.5,-1.967404248372246e-05,Q32,30.729999999999997,30.72520833333333,0.1485961195239923,48
390,7Networks_RH_Default_PFCdPFCm_12,7networks_rh_default_pfcdpfcm,7Networks_RH_Default_PFCdPFCm,default,dorsal prefrontal cortex medial prefrontal cortex,R,264.0,114.57501085540602,2537.5,-1.967404248372246e-05,Q32,30.729999999999997,30.72520833333333,0.1485961195239923,48
391,7Networks_RH_Default_PFCdPFCm_13,7networks_rh_default_pfcdpfcm,7Networks_RH_Default_PFCdPFCm,default,dorsal prefrontal cortex medial prefrontal cortex,R,92.0,33.49880590534088,195449.5,-1.967404248372246e-05,Q32,30.729999999999997,30.72520833333333,0.1485961195239923,48
392,7Networks_RH_Default_pCunPCC_1,7networks_rh_default_pcunpcc,7Networks_RH_Default_pCunPCC,default,precuneus posterior cingulate cortex,R,281.0,122.65262700825016,151803.5,-1.967404248372246e-05,Q32,30.729999999999997,30.72520833333333,0.1485961195239923,48
393,7Networks_RH_Default_pCunPCC_2,7networks_rh_default_pcunpcc,7Networks_RH_Default_pCunPCC,default,precuneus posterior cingulate cortex,R,132.0,72.61463308727747,139180.5,-1.967404248372246e-05,Q32,30.729999999999997,30.72520833333333,0.1485961195239923,48
394,7Networks_RH_Default_pCunPCC_3,7networks_rh_default_pcunpcc,7Networks_RH_Default_pCunPCC,default,precuneus posterior cingulate cortex,R,259.0,112.53354320451578,152157.5,-1.967404248372246e-05,Q32,30.729999999999997,30.72520833333333,0.1485961195239923,48
395,7Networks_RH_Default_pCunPCC_4,7networks_rh_default_pcunpcc,7Networks_RH_Default_pCunPCC,default,precuneus posterior cingulate cortex,R,261.0,112.63297872340422,112382.5,-1.967404248372246e-05,Q32,30.729999999999997,30.72520833333333,0.1485961195239923,48
396,7Networks_RH_Default_pCunPCC_5,7networks_rh_default_pcunpcc,7Networks_RH_Default_pCunPCC,default,precuneus posterior cingulate cortex,R,258.0,110.71450282240562,171275.5,-1.967404248372246e-05,Q32,30.729999999999997,30.72520833333333,0.1485961195239923,48
397,7Networks_RH_Default_pCunPCC_6,7networks_rh_default_pcunpcc,7Networks_RH_Default_pCunPCC,default,precuneus posterior cingulate cortex,R,324.0,145.69919669995647,8485.0,-1.967404248372246e-05,Q32,30.729999999999997,30.72520833333333,0.1485961195239923,48
398,7Networks_RH_Default_pCunPCC_7,7networks_rh_default_pcunpcc,7Networks_RH_Default_pCunPCC,default,precuneus posterior cingulate cortex,R,305.0,138.45267042987396,0.0,-1.967404248372246e-05,Q32,30.729999999999997,30.72520833333333,0.1485961195239923,48
399,7Networks_RH_Default_pCunPCC_8,7networks_rh_default_pcunpcc,7Networks_RH_Default_pCunPCC,default,precuneus posterior cingulate cortex,R,354.0,158.32110290924888,0.0,-1.967404248372246e-05,Q32,30.729999999999997,30.72520833333333,0.1485961195239923,48
400,7Networks_RH_Default_pCunPCC_9,7networks_rh_default_pcunpcc,7Networks_RH_Default_pCunPCC,default,precuneus posterior cingulate cortex,R,295.0,133.26953973078597,132363.5,-1.967404248372246e-05,Q32,30.729999999999997,30.72520833333333,0.1485961195239923,48
401,HIP-head-m1-rh,HIP-head-m1,"Hippocampus head, medial division",subcortex,Hippocampus head,R,199.0,94.62353452019106,112559.5,-1.967404248372246e-05,Q32,30.729999999999997,30.72520833333333,0.1485961195239923,48
402,HIP-head-m2-rh,HIP-head-m2,"Hippocampus head, medial division",subcortex,Hippocampus head,R,226.0,102.02225358228401,136194.5,-1.967404248372246e-05,Q32,30.729999999999997,30.72520833333333,0.1485961195239923,48
403,THA-VAip-rh,THA-VAip,"Thalamus, inferior ventro-anterior part, posterior division",subcortex,Thalamus,R,135.0,63.74468085106384,182237.5,-1.967404248372246e-05,Q32,30.729999999999997,30.72520833333333,0.1485961195239923,48
404,THA-VAia-rh,THA-VAia,"Thalamus, inferior ventro-anterior part, anterior division",subcortex,Thalamus,R,220.0,97.82056013894912,190322.5,-1.967404248372246e-05,Q32,30.729999999999997,30.72520833333333,0.1485961195239923,48
405,HIP-head-l-rh,HIP-head-l,"Hippocampus head, lateral division",subcortex,Hippocampus head,R,174.0,85.35714285714285,136024.5,-1.967404248372246e-05,Q32,30.729999999999997,30.72520833333333,0.1485961195239923,48
406,HIP-body-rh,HIP-body,Hippocampus body,subcortex,Hippocampus body,R,217.0,102.66185410334347,91756.5,-1.967404248372246e-05,Q32,30.729999999999997,30.72520833333333,0.1485961195239923,48
407,HIP-tail-rh,HIP-tail,Hippocampus tail,subcortex,Hippocampus tail,R,301.0,140.2560790273555,1.0,-1.967404248372246e-05,Q32,30.729999999999997,30.72520833333333,0.1485961195239923,48
408,THA-VPm-rh,THA-VPm,"Thalamus, medial ventro-posterior part",subcortex,Thalamus,R,73.0,47.421081198436866,171365.5,-1.967404248372246e-05,Q32,30.729999999999997,30.72520833333333,0.1485961195239923,48
409,THA-VPl-rh,THA-VPl,"Thalamus, lateral ventro-posterior part",subcortex,Thalamus,R,132.0,64.58098132870172,183693.5,-1.967404248372246e-05,Q32,30.729999999999997,30.72520833333333,0.1485961195239923,48
410,THA-VAs-rh,THA-VAs,"Thalamus, superior ventro-anterior part",subcortex,Thalamus,R,204.0,91.8816760746851,130680.5,-1.967404248372246e-05,Q32,30.729999999999997,30.72520833333333,0.1485961195239923,48
411,THA-DAm-rh,THA-DAm,"Thalamus, medial dorso-anterior part",subcortex,Thalamus,R,162.0,63.73795049934861,197488.5,-1.967404248372246e-05,Q32,30.729999999999997,30.72520833333333,0.1485961195239923,48
412,THA-DAl-rh,THA-DAl,"Thalamus, lateral dorso-anterior part",subcortex,Thalamus,R,120.0,51.68323925314807,193663.5,-1.967404248372246e-05,Q32,30.729999999999997,30.72520833333333,0.1485961195239923,48
413,PUT-VA-rh,PUT-VA,"Putamen, ventro-anterior part",subcortex,Putamen,R,66.0,44.198979591836725,139112.5,-1.967404248372246e-05,Q32,30.729999999999997,30.72520833333333,0.1485961195239923,48
414,PUT-DA-rh,PUT-DA,"Putamen, dorso-anterior part",subcortex,Putamen,R,63.0,37.93215371254885,150399.5,-1.967404248372246e-05,Q32,30.729999999999997,30.72520833333333,0.1485961195239923,48
415,PUT-VP-rh,PUT-VP,"Putamen, ventro-posterior part",subcortex,Putamen,R,56.0,30.107794181502396,174357.5,-1.967404248372246e-05,Q32,30.729999999999997,30.72520833333333,0.1485961195239923,48
416,PUT-DP-rh,PUT-DP,"Putamen, dorso-posterior part",subcortex,Putamen,R,46.0,29.182913590968287,168803.5,-1.967404248372246e-05,Q32,30.729999999999997,30.72520833333333,0.1485961195239923,48
417,CAU-VA-rh,CAU-VA,"Caudate, ventro-anterior part",subcortex,Caudate,R,141.0,69.79363873208857,141009.5,-1.967404248372246e-05,Q32,30.729999999999997,30.72520833333333,0.1485961195239923,48
418,CAU-DA-rh,CAU-DA,"Caudate, dorso-anterior part",subcortex,Caudate,R,64.0,32.452887537993945,171371.5,-1.967404248372246e-05,Q32,30.729999999999997,30.72520833333333,0.1485961195239923,48
419,CAU-body-rh,CAU-body,Caudate body,subcortex,Caudate body,R,100.0,45.000542770299624,176489.5,-1.967404248372246e-05,Q32,30.729999999999997,30.72520833333333,0.1485961195239923,48
420,CAU-tail-rh,CAU-tail,Caudate tail,subcortex,Caudate tail,R,30.0,1.231003039513678,193789.5,-1.967404248372246e-05,Q32,30.729999999999997,30.72520833333333,0.1485961195239923,48
421,lAMY-rh,lAMY,"Amygdala, lateral nucleus",subcortex,Amygdala,R,62.0,38.999891445940094,193873.5,-1.967404248372246e-05,Q32,30.729999999999997,30.72520833333333,0.1485961195239923,48
422,mAMY-rh,mAMY,"Amygdala, medial nucleus",subcortex,Amygdala,R,76.0,50.941815023881894,148972.5,-1.967404248372246e-05,Q32,30.729999999999997,30.72520833333333,0.1485961195239923,48
423,THA-DP-rh,THA-DP,"Thalamus, dorso-posterior part",subcortex,Thalamus,R,255.0,120.93378202344775,160374.5,-1.967404248372246e-05,Q32,30.729999999999997,30.72520833333333,0.1485961195239923,48
424,NAc-shell-rh,NAc-shell,"Nucleus Accumbens, shell",subcortex,Nucleus Accumbens,R,27.0,-5.977095093356493,192156.5,-1.967404248372246e-05,Q32,30.729999999999997,30.72520833333333,0.1485961195239923,48
425,NAc-core-rh,NAc-core,"Nucleus Accumbens, core",subcortex,Nucleus Accumbens,R,70.0,31.029201042118977,192791.5,-1.967404248372246e-05,Q32,30.729999999999997,30.72520833333333,0.1485961195239923,48
426,pGP-rh,pGP,"Pallidum, posterior part",subcortex,Pallidum,R,14.0,-2.075879287885366,191235.5,-1.967404248372246e-05,Q32,30.729999999999997,30.72520833333333,0.1485961195239923,48
427,aGP-rh,aGP,"Pallidum, anterior part",subcortex,Pallidum,R,136.0,70.13634389926182,128907.5,-1.967404248372246e-05,Q32,30.729999999999997,30.72520833333333,0.1485961195239923,48
428,HIP-head-m1-lh,HIP-head-m1,"Hippocampus head, medial division",subcortex,Hippocampus head,L,163.0,83.37190620929228,133764.5,-1.967404248372246e-05,Q32,30.729999999999997,30.72520833333333,0.1485961195239923,48
429,HIP-head-m2-lh,HIP-head-m2,"Hippocampus head, medial division",subcortex,Hippocampus head,L,188.0,90.49848024316107,130878.5,-1.967404248372246e-05,Q32,30.729999999999997,30.72520833333333,0.1485961195239923,48
430,THA-VAip-lh,THA-VAip,"Thalamus, inferior ventro-anterior part, posterior division",subcortex,Thalamus,L,140.0,69.46917064698218,177584.5,-1.967404248372246e-05,Q32,30.729999999999997,30.72520833333333,0.1485961195239923,48
431,THA-VAia-lh,THA-VAia,"Thalamus, inferior ventro-anterior part, anterior division",subcortex,Thalamus,L,208.0,94.91608771168043,98757.5,-1.967404248372246e-05,Q32,30.729999999999997,30.72520833333333,0.1485961195239923,48
432,HIP-head-l-lh,HIP-head-l,"Hippocampus head, lateral division",subcortex,Hippocampus head,L,90.0,51.666196265740346,157971.5,-1.967404248372246e-05,Q32,30.729999999999997,30.72520833333333,0.1485961195239923,48
433,HIP-body-lh,HIP-body,Hippocampus body,subcortex,Hippocampus body,L,221.0,99.59118541033433,128458.5,-1.967404248372246e-05,Q32,30.729999999999997,30.72520833333333,0.1485961195239923,48
434,HIP-tail-lh,HIP-tail,Hippocampus tail,subcortex,Hippocampus tail,L,283.0,126.44854537559698,693.0,-1.967404248372246e-05,Q32,30.729999999999997,30.72520833333333,0.1485961195239923,48
435,THA-VPm-lh,THA-VPm,"Thalamus, medial ventro-posterior part",subcortex,Thalamus,L,165.0,78.73056882327394,173772.5,-1.967404248372246e-05,Q32,30.729999999999997,30.72520833333333,0.1485961195239923,48
436,THA-VPl-lh,THA-VPl,"Thalamus, lateral ventro-posterior part",subcortex,Thalamus,L,61.0,29.095744680851055,183579.5,-1.967404248372246e-05,Q32,30.729999999999997,30.72520833333333,0.1485961195239923,48
437,THA-VAs-lh,THA-VAs,"Thalamus, superior ventro-anterior part",subcortex,Thalamus,L,254.0,116.20679548415112,70050.5,-1.967404248372246e-05,Q32,30.729999999999997,30.72520833333333,0.1485961195239923,48
438,THA-DAm-lh,THA-DAm,"Thalamus, medial dorso-anterior part",subcortex,Thalamus,L,132.0,51.03593139383414,196010.5,-1.967404248372246e-05,Q32,30.729999999999997,30.72520833333333,0.1485961195239923,48
439,THA-DAl-lh,THA-DAl,"Thalamus, lateral dorso-anterior part",subcortex,Thalamus,L,166.0,70.75217108119843,171028.5,-1.967404248372246e-05,Q32,30.729999999999997,30.72520833333333,0.1485961195239923,48
440,PUT-VA-lh,PUT-VA,"Putamen, ventro-anterior part",subcortex,Putamen,L,52.0,32.64600521059487,152623.5,-1.967404248372246e-05,Q32,30.729999999999997,30.72520833333333,0.1485961195239923,48
441,PUT-DA-lh,PUT-DA,"Putamen, dorso-anterior part",subcortex,Putamen,L,86.0,59.27507598784194,152507.5,-1.967404248372246e-05,Q32,30.729999999999997,30.72520833333333,0.1485961195239923,48
442,PUT-VP-lh,PUT-VP,"Putamen, ventro-posterior part",subcortex,Putamen,L,100.0,57.45961788970908,174067.5,-1.967404248372246e-05,Q32,30.729999999999997,30.72520833333333,0.1485961195239923,48
443,PUT-DP-lh,PUT-DP,"Putamen, dorso-posterior part",subcortex,Putamen,L,176.0,76.81361267911421,154916.5,-1.967404248372246e-05,Q32,30.729999999999997,30.72520833333333,0.1485961195239923,48
444,CAU-VA-lh,CAU-VA,"Caudate, ventro-anterior part",subcortex,Caudate,L,170.0,77.10518888406429,146562.5,-1.967404248372246e-05,Q32,30.729999999999997,30.72520833333333,0.1485961195239923,48
445,CAU-DA-lh,CAU-DA,"Caudate, dorso-anterior part",subcortex,Caudate,L,159.0,80.37114633087282,161483.5,-1.967404248372246e-05,Q32,30.729999999999997,30.72520833333333,0.1485961195239923,48
446,CAU-body-lh,CAU-body,Caudate body,subcortex,Caudate body,L,134.0,67.53799392097255,151606.5,-1.967404248372246e-05,Q32,30.729999999999997,30.72520833333333,0.1485961195239923,48
447,CAU-tail-lh,CAU-tail,Caudate tail,subcortex,Caudate tail,L,152.0,71.61115935735992,137122.5,-1.967404248372246e-05,Q32,30.729999999999997,30.72520833333333,0.1485961195239923,48
448,lAMY-lh,lAMY,"Amygdala, lateral nucleus",subcortex,Amygdala,L,165.0,78.79895788102485,120950.5,-1.967404248372246e-05,Q32,30.729999999999997,30.72520833333333,0.1485961195239923,48
449,mAMY-lh,mAMY,"Amygdala, medial nucleus",subcortex,Amygdala,L,185.0,85.248588797221,150236.5,-1.967404248372246e-05,Q32,30.729999999999997,30.72520833333333,0.1485961195239923,48
450,THA-DP-lh,THA-DP,"Thalamus, dorso-posterior part",subcortex,Thalamus,L,308.0,149.73013460703413,0.0,-1.967404248372246e-05,Q32,30.729999999999997,30.72520833333333,0.1485961195239923,48
451,NAc-shell-lh,NAc-shell,"Nucleus Accumbens, shell",subcortex,Nucleus Accumbens,L,76.0,41.93768996960491,163462.5,-1.967404248372246e-05,Q32,30.729999999999997,30.72520833333333,0.1485961195239923,48
452,NAc-core-lh,NAc-core,"Nucleus Accumbens, core",subcortex,Nucleus Accumbens,L,78.0,38.06155015197567,168820.5,-1.967404248372246e-05,Q32,30.729999999999997,30.72520833333333,0.1485961195239923,48
453,pGP-lh,pGP,"Pallidum, posterior part",subcortex,Pallidum,L,16.0,-0.5585106382978711,174271.5,-1.967404248372246e-05,Q32,30.729999999999997,30.72520833333333,0.1485961195239923,48
454,aGP-lh,aGP,"Pallidum, anterior part",subcortex,Pallidum,L,108.0,56.162831089882715,146832.5,-1.967404248372246e-05,Q32,30.729999999999997,30.72520833333333,0.1485961195239923,48
