index,name,base_name,Label Name,network,component,hemisphere,beta1,intercept,pval,adj_r2,quad_beta2,quad_beta1,quad_intercept,quad_pval,quad_adj_r2,f_statistic,pval_quad_vs_linear,pval_adj,quad_pval_adj,pval_quad_vs_linear_adj
1,7Networks_LH_Vis_1,7networks_lh_vis,7Networks_LH_Vis,visual,visual,L,1011.8929703680667,86210.47260794722,0.03791593327142824,0.06768061279724913,-92.88336155602659,8624.635977850176,-49359.11711770075,0.0011138798078566357,0.21939421027683703,10.328976001577997,0.002368106710808289,0.11105699164663498,0.007224306182384465,0.02337218362406442
2,7Networks_LH_Vis_2,7networks_lh_vis,7Networks_LH_Vis,visual,visual,L,-510.5077793722826,167604.2904734918,0.10718368922874254,0.03344026031051006,-51.26635436181232,3691.2951501177104,92777.55604949678,0.011218768130719314,0.13877393436922603,6.8707191486538175,0.011767426370100947,0.22953488165023164,0.03203346371916081,0.05715223922030869
3,7Networks_LH_Vis_3,7networks_lh_vis,7Networks_LH_Vis,visual,visual,L,-14.512128405512158,112164.0962612966,0.9734495231401278,-0.020809528947549172,15.842638411533798,-1312.9786434736352,135287.50559578574,0.8623390218833163,-0.036003248920757125,0.29604606986153903,0.5889439194582287,0.9909105011336727,0.887759446564684,0.7447033456104312
4,7Networks_LH_Vis_4,7networks_lh_vis,7Networks_LH_Vis,visual,visual,L,-619.4606479817144,133015.70811303388,0.23431235737344974,0.009115237345642235,-97.74764122776739,7391.959909894032,-9653.628955533444,0.006318257759048966,0.15956018302136643,9.59235515327608,0.00329184956288946,0.41231709398273714,0.02189686276800176,0.028483727154126004
5,7Networks_LH_Vis_5,7networks_lh_vis,7Networks_LH_Vis,visual,visual,L,379.6928324764251,89987.22460007857,0.4972175315978864,-0.010977187108092368,-25.8129488482965,2495.328427004658,52311.4684006016,0.6264381796088287,-0.022009051186467232,0.48187398619683514,0.4909918141762837,0.6600490039340363,0.6820214233630894,0.661454847584667
6,7Networks_LH_Vis_6,7networks_lh_vis,7Networks_LH_Vis,visual,visual,L,-331.85173812736093,121342.55534092998,0.5504113948076146,-0.013199140227990958,-79.3216754243785,6169.37216045498,5567.169809178016,0.0762959988139948,0.06557358769718236,5.046429863952719,0.029414699303973613,0.6941299256740473,0.1268805255001965,0.10116873851518197
7,7Networks_LH_Vis_7,7networks_lh_vis,7Networks_LH_Vis,visual,visual,L,-1852.4631223757585,187325.83802525996,0.0002040707741683881,0.23637198168305706,52.16646269839783,-6128.039151057166,263466.3418462163,0.0002535403338878864,0.26704223868441734,3.0085363901773854,0.08938183563208424,0.003066486506680012,0.002676914222909312,0.23730616009921782
8,7Networks_LH_Vis_8,7networks_lh_vis,7Networks_LH_Vis,visual,visual,L,2.6360567679050746,95825.83782215655,0.9955742465428852,-0.020832672128828555,-72.11860235290425,5913.494326473076,-9436.172173820603,0.06605501442928158,0.07128716575514316,5.7611619602802175,0.020397410720228,0.9978836176216725,0.113968872565923,0.07907076162271749
9,7Networks_LH_Vis_9,7networks_lh_vis,7Networks_LH_Vis,visual,visual,L,-723.9186830143776,146800.08313133853,0.15196766400174733,0.02233172335454625,-77.93991451255368,5664.055753626816,33041.47172120349,0.02037663763787094,0.11662233496583596,6.123459123416791,0.01700501401865619,0.29620328382970995,0.04947055340959041,0.0701843305860901
10,7Networks_LH_Vis_10,7networks_lh_vis,7Networks_LH_Vis,visual,visual,L,-1133.7239859714919,172808.11395439086,0.02284172673654415,0.0846304738433783,71.29449470494265,-6977.038191493989,276867.28273260314,0.006053663189011054,0.16108874668500472,5.37471434778818,0.024831078647151054,0.07856169650296245,0.021593670583131424,0.09018647764645264
11,7Networks_LH_Vis_11,7networks_lh_vis,7Networks_LH_Vis,visual,visual,L,-1188.258982100966,151410.9541742545,0.007430709214956826,0.12208990058880342,1.0101841580159459,-1271.0539225119146,152885.38672659945,0.028864682753247734,0.10343472274538201,0.001245576645368855,0.971995790407515,0.036274644984843,0.06392471204865596,0.9836392525402061
12,7Networks_LH_Vis_12,7networks_lh_vis,7Networks_LH_Vis,visual,visual,L,-1238.4772823269152,175615.6113809159,0.010600753178505985,0.11028336898297308,-46.236180312940995,2551.051353086585,108130.75843741314,0.0129885566909939,0.13338895947900886,2.2797763840430343,0.13776494114029733,0.04641113139394837,0.035738210531583214,0.3223983674107989
13,7Networks_LH_Vis_13,7networks_lh_vis,7Networks_LH_Vis,visual,visual,L,1100.172832451744,83002.97292017627,0.015562759332987647,0.09746922657223944,63.74250083475805,-4124.178110278912,176039.49250223715,0.0047616314445137475,0.1696153374946422,5.170372455853241,0.027585186907516972,0.05940829660844457,0.0184767579128995,0.09708275082180393
14,7Networks_LH_Vis_14,7networks_lh_vis,7Networks_LH_Vis,visual,visual,L,2380.7610158780344,17521.76533488276,1.9832366000412553e-06,0.36566739953835625,-38.69684181078466,5552.363625555315,-38958.909783683746,5.849370233288359e-06,0.3756587723119448,1.7681470834597395,0.19002928334789748,0.00022509735410468246,0.00024141946235571953,0.3903768988232826
15,7Networks_LH_Vis_15,7networks_lh_vis,7Networks_LH_Vis,visual,visual,L,-23.34601429423401,142851.07036981193,0.939117296839397,-0.020707972348176007,-27.14320041561099,2201.3173237137516,103233.72144380554,0.4071941970362247,-0.003446064528594528,1.8257260700196907,0.18310188006073766,0.9666656211527995,0.4890639297736667,0.383079509435829
16,7Networks_LH_Vis_16,7networks_lh_vis,7Networks_LH_Vis,visual,visual,L,-1617.7703147504596,171347.9130524399,0.013404824669592391,0.10245628135284879,-21.65311326077188,156.92413864455762,139743.7200961445,0.04262302012056374,0.08844010408620107,0.26195029880658377,0.611179943814554,0.05447119504768832,0.08340884109799973,0.7482343231435891
17,7Networks_LH_Vis_17,7networks_lh_vis,7Networks_LH_Vis,visual,visual,L,985.0401153891844,57814.049386142986,0.10535662408989377,0.03399478834244507,-27.29556050923054,3222.1909238965964,17974.320530766752,0.21672232976709116,0.023125431790061768,0.46592005617422916,0.49822082322536554,0.22953488165023164,0.2954712844272053,0.6633337332913618
18,7Networks_LH_Vis_18,7networks_lh_vis,7Networks_LH_Vis,visual,visual,L,-426.22627454140866,141493.56073541657,0.3942153717789555,-0.005352505364097704,-56.95720062471864,4241.999805110552,58360.648755729126,0.1554313154204458,0.03684628072828289,3.1030305878545272,0.08465067922144565,0.5754783883847132,0.22689973376489517,0.22740478323394273
19,7Networks_LH_Vis_19,7networks_lh_vis,7Networks_LH_Vis,visual,visual,L,-671.3743955904584,100400.27469139064,0.17770690765797398,0.01746918446476875,-101.84948078516933,7676.233934619391,-48255.97646600367,0.0020224982385757327,0.19932703484857206,11.902299938117249,0.001194203719066971,0.3361622336530008,0.010015153899454269,0.01355421221141012
20,7Networks_LH_Vis_20,7networks_lh_vis,7Networks_LH_Vis,visual,visual,L,-914.9326114983269,170723.4805917255,0.04162098013149045,0.06457022192091944,63.65931089832575,-6132.465286713031,263638.57879795943,0.010917635915547978,0.13977049756521065,5.196104900737945,0.027220946157635775,0.11884229546979035,0.03197810777844375,0.09654929340286438
21,7Networks_LH_Vis_21,7networks_lh_vis,7Networks_LH_Vis,visual,visual,L,-509.9391400682325,135661.89620982768,0.2645215504482584,0.0055722911583488965,97.20261235467196,-8476.688998337133,277535.7265323366,0.0017058596808179104,0.20510717760372843,13.049013753207017,0.0007359108330192106,0.450199832918811,0.009150373621794954,0.01113678393969072
22,7Networks_LH_Vis_22,7networks_lh_vis,7Networks_LH_Vis,visual,visual,L,-1105.7793243109459,176271.76965959862,0.03450422181889114,0.07082982820901917,117.6106598570756,-10745.177742209886,347932.534699511,0.00012170285162102582,0.2895798427827849,15.779987015951647,0.00024299144168446365,0.10513366916628575,0.00178235789148212,0.006064438214563626
23,7Networks_LH_Vis_23,7networks_lh_vis,7Networks_LH_Vis,visual,visual,L,-787.4137206413467,106550.75596553381,0.12514284921060254,0.02847302451096756,-17.70608346115265,663.7812059923413,80707.52171707553,0.2726406954765652,0.013536991432976264,0.27323216226322,0.6036272919709711,0.25592276370096195,0.35264636964775103,0.7482343231435891
24,7Networks_LH_Vis_24,7networks_lh_vis,7Networks_LH_Vis,visual,visual,L,351.79320725660216,92149.84856783213,0.5090040308738482,-0.011504191453669543,-149.02026280438014,12565.530357078584,-125355.3703514035,1.4000270470545998e-05,0.3520360623196158,27.9304064105572,3.1904731676840074e-06,0.6737254519438107,0.0004540087709734202,0.0003621187045321348
25,7Networks_LH_Vis_25,7networks_lh_vis,7Networks_LH_Vis,visual,visual,L,-491.11878184812235,126467.9121827051,0.3690510123934928,-0.0036406216398638946,30.126720994895933,-2960.3121955028587,170439.91251339295,0.47575927417150565,-0.010113139709711394,0.6924296347219542,0.4095473902267721,0.549341506972609,0.5581258668575286,0.5902683021046177
26,7Networks_LH_Vis_26,7networks_lh_vis,7Networks_LH_Vis,visual,visual,L,-1524.2993702824065,136510.8781278869,0.0024433054420882495,0.15857176633391423,-52.69167243904298,2794.3229770677935,59603.79493397612,0.0026566293301626006,0.18998085370054962,2.861235256581405,0.09735911393209219,0.015944434140586838,0.011299817964213471,0.24972337697836078
27,7Networks_LH_Vis_27,7networks_lh_vis,7Networks_LH_Vis,visual,visual,L,-174.02536718537294,97854.81618341274,0.7335903226639295,-0.01834695452730828,-93.24512810662203,7468.368115174577,-38242.79645203441,0.016649299019915534,0.12418386167052498,8.81154728496484,0.004698618652663392,0.8264268151102333,0.04369238008694597,0.03385988679855841
28,7Networks_LH_Vis_28,7networks_lh_vis,7Networks_LH_Vis,visual,visual,L,-1470.40519361663,162639.90404931153,0.009296305382109018,0.11465337960124711,-40.32565841939032,1834.6956232735643,103781.86020002741,0.018995755738518128,0.11925625855580202,1.2508541127483401,0.26907334304054376,0.04332804319183642,0.04845193298383566,0.4730525619534572
29,7Networks_LH_Vis_29,7networks_lh_vis,7Networks_LH_Vis,visual,visual,L,-1103.7236350128437,172999.59638959,0.03278680528701265,0.0725362670317452,37.871089247177665,-4207.647362819279,228275.02942402236,0.055576056210251974,0.07808859195016882,1.2890859075581995,0.26197335725318427,0.10265661793312927,0.1013314438532305,0.4682515913108097
30,7Networks_LH_Vis_30,7networks_lh_vis,7Networks_LH_Vis,visual,visual,L,-2030.2042239137018,180381.17416072908,0.00064385629722226,0.20105736527112728,-47.84390794263666,1891.0941608484889,110549.7332869759,0.0013734776918527274,0.21240419008351175,1.6915318544574436,0.1997403096832003,0.006384001353606046,0.008098167170144652,0.3999188708714303
31,7Networks_LH_Vis_31,7networks_lh_vis,7Networks_LH_Vis,visual,visual,L,1077.7025917016042,86828.67054867359,0.006533420864805719,0.12635075401088447,29.129125851998737,-1309.72768029717,129344.61285164666,0.013306645922554075,0.13249626351938526,1.340038254595615,0.2528763303641526,0.03332778733282917,0.03639287499300934,0.4555787856560527
32,7Networks_LH_SomMot_1,7networks_lh_sommot,7Networks_LH_SomMot,somatomotor,somatomotor,L,314.4891318685156,42479.48722000139,0.5558922315755846,-0.013406352811712763,-93.27402378313745,7959.25091093578,-93660.30062254812,0.021100174008196075,0.11530974202581667,7.98365614011511,0.006907921413157323,0.6990999255825913,0.05068507407259798,0.04181595095431232
33,7Networks_LH_SomMot_2,7networks_lh_sommot,7Networks_LH_SomMot,somatomotor,somatomotor,L,1181.1069850678823,76832.21366315485,0.021153788752886062,0.08720035178274699,35.92795991014083,-1763.5573875069367,129271.51714119839,0.04013174414994088,0.09077329904065246,1.188623440335082,0.28116554443237757,0.07444821778147498,0.08153832949763733,0.4765852921673166
34,7Networks_LH_SomMot_3,7networks_lh_sommot,7Networks_LH_SomMot,somatomotor,somatomotor,L,392.9542099994537,47192.37678949711,0.5263734126087816,-0.012243898792243302,-30.09024575253696,2859.158103878464,3273.614558279336,0.6291332009241299,-0.022195765669867917,0.53268285178922,0.46910328025136483,0.680836265881444,0.6833169215778827,0.643400454999205
35,7Networks_LH_SomMot_4,7networks_lh_sommot,7Networks_LH_SomMot,somatomotor,somatomotor,L,598.7841286476868,34103.31367223499,0.274468467214446,0.004511239836583969,-56.54844940982906,5233.508858856373,-48432.99808138142,0.16130319313908287,0.035325271624517485,2.533235485821819,0.11817581868316972,0.45148073954840034,0.23207973815005967,0.28690813733774895
36,7Networks_LH_SomMot_5,7networks_lh_sommot,7Networks_LH_SomMot,somatomotor,somatomotor,L,-959.3359225037545,135316.5942539523,0.10443264266698582,0.03427912821406098,-23.86597698766026,996.7253826197896,100482.57603565863,0.22493686346007366,0.02157771863353286,0.3768869827720203,0.5422342062767909,0.22904550613918628,0.3021341302096847,0.7033552275704659
37,7Networks_LH_SomMot_6,7networks_lh_sommot,7Networks_LH_SomMot,somatomotor,somatomotor,L,845.0750693495133,62407.06588477213,0.10997293589385944,0.03261281494748591,-72.56867528117505,6792.8214262228375,-43511.856191151994,0.029436345424688218,0.10268620376773718,4.748435249179475,0.03437184755617349,0.233307069606599,0.06472270730011372,0.11226488338491199
38,7Networks_LH_SomMot_7,7networks_lh_sommot,7Networks_LH_SomMot,somatomotor,somatomotor,L,-1011.0791062886294,166784.00751760523,0.072520649482017,0.04616844794083452,-74.70635861911418,5111.8722992660405,57744.991075661674,0.024276789494461135,0.1100144482754658,4.44343569412333,0.04039603850909376,0.1760661757477846,0.05594752502784445,0.12735973252172617
39,7Networks_LH_SomMot_8,7networks_lh_sommot,7Networks_LH_SomMot,somatomotor,somatomotor,L,773.7396754688971,61944.329255684584,0.10850829631950737,0.0330444841784564,26.879438123195442,-1429.3056406071282,101176.6991588721,0.19536987064477473,0.02742758110781629,0.7227853246159115,0.39954207931802654,0.2312805940331284,0.27291668083916226,0.5877822419284724
40,7Networks_LH_SomMot_9,7networks_lh_sommot,7Networks_LH_SomMot,somatomotor,somatomotor,L,-373.4838901260298,101335.82024889557,0.4300869990620626,-0.007541330708656702,95.85831895063617,-8230.055132546673,241247.56282820765,0.004396371272068353,0.17243071204283145,11.438591883219502,0.001457485108107806,0.6045185683411035,0.017608256504096188,0.015406980371628626
41,7Networks_LH_SomMot_10,7networks_lh_sommot,7Networks_LH_SomMot,somatomotor,somatomotor,L,791.1764479937837,64400.52186933646,0.10199684579212784,0.03504169432846649,-47.74078127519983,4704.022545895694,-5280.398612387813,0.08491471311031511,0.06130819079875072,2.343137138531632,0.13253951584335066,0.2258856975103709,0.1376831419717252,0.31340073017125625
42,7Networks_LH_SomMot_11,7networks_lh_sommot,7Networks_LH_SomMot,somatomotor,somatomotor,L,-1187.3393055155718,143262.11889783636,0.034465401810559224,0.0708674447359815,-23.83269287266362,765.9940254104876,108476.68111137566,0.08862762123083676,0.05959716831408024,0.4247430462524019,0.5177542005712445,0.10513366916628575,0.14319195743345156,0.677628433031802
43,7Networks_LH_SomMot_12,7networks_lh_sommot,7Networks_LH_SomMot,somatomotor,somatomotor,L,-151.66185622803664,106127.23769282555,0.778736299284452,-0.019138277575769802,-89.56177722104252,7188.843287590417,-24594.273561187492,0.035829653353085175,0.09514991634880099,7.062698570180034,0.010720641430876277,0.8478328054559741,0.07496157890461139,0.05407968010686478
44,7Networks_LH_SomMot_13,7networks_lh_sommot,7Networks_LH_SomMot,somatomotor,somatomotor,L,-878.882634290653,151052.5729585993,0.031121646498263825,0.0742790929378977,-37.66593142674368,2208.226308426584,96076.58173030987,0.03618841242714273,0.09476621275797725,2.086329040324371,0.15525671663021684,0.09822541966525215,0.07536485890790275,0.34894331361444775
45,7Networks_LH_SomMot_14,7networks_lh_sommot,7Networks_LH_SomMot,somatomotor,somatomotor,L,-1446.9779486935172,140726.33478753484,0.00576174136502459,0.13050334904173377,-17.19267704094487,-37.86193770151931,115632.45216227384,0.020217006815119377,0.11691792978865456,0.26156339694256375,0.6114425856525805,0.02972534749683141,0.049402510029324206,0.7482343231435891
46,7Networks_LH_SomMot_15,7networks_lh_sommot,7Networks_LH_SomMot,somatomotor,somatomotor,L,-936.3198541851693,143877.53040230589,0.10585626081451742,0.03384213514146572,51.18021746752009,-5131.062982772868,218578.54216484597,0.11013527254902694,0.05086249666222942,1.8607576353517266,0.17903439480360675,0.22953488165023164,0.17065328920565948,0.38306142309946484
47,7Networks_LH_SomMot_16,7networks_lh_sommot,7Networks_LH_SomMot,somatomotor,somatomotor,L,-1405.4253336039233,161647.3360826281,0.0020241009408887172,0.1646582598874341,14.322550295997992,-2579.305055317001,182552.07332431397,0.00794731160253231,0.15131623974235509,0.24539976260489577,0.6226413220942125,0.01392336101762845,0.026145503388041082,0.7558266316330815
48,7Networks_LH_SomMot_17,7networks_lh_sommot,7Networks_LH_SomMot,somatomotor,somatomotor,L,-1772.4061820740285,131495.85074548508,8.02701787041769e-06,0.328883386492151,-22.063144658078798,35.89454482792314,99293.18904972685,3.404022331801684e-05,0.3270694591504011,0.8706129279047674,0.355554527185863,0.0003644266113169631,0.0009090741991988027,0.5465823925628702
49,7Networks_LH_SomMot_18,7networks_lh_sommot,7Networks_LH_SomMot,somatomotor,somatomotor,L,-269.6400709806335,89236.01927564453,0.6585668784812779,-0.016645620613115586,142.1083807041809,-11916.877675078265,296652.8757060726,0.000825510901487729,0.2292830017026356,16.31635334011607,0.0001968084603634186,0.7786181323710942,0.006246365821257149,0.005483500459028085
50,7Networks_LH_SomMot_19,7networks_lh_sommot,7Networks_LH_SomMot,somatomotor,somatomotor,L,-498.21946695265945,90005.1038568829,0.3033822515366412,0.001678006095390594,-102.40699493971155,7895.082859581853,-59464.87716484158,0.0020295025523123186,0.19920923472498053,12.840170223446629,0.0008030359586572832,0.47991478117642894,0.010015153899454269,0.011241098224760852
51,7Networks_LH_SomMot_20,7networks_lh_sommot,7Networks_LH_SomMot,somatomotor,somatomotor,L,382.85492255815075,97564.20365559519,0.349975439364549,-0.0022326447580443,-11.18842628294506,1299.8610743956488,81233.93378331423,0.5967911940645494,-0.01990272001231541,0.16838773388625908,0.6834133514606882,0.5261220181175671,0.6576291313235569,0.7887172752820328
52,7Networks_LH_SomMot_21,7networks_lh_sommot,7Networks_LH_SomMot,somatomotor,somatomotor,L,144.70356962583833,96065.09752140308,0.7548832192242511,-0.018740781875871804,-25.859455187245516,2264.1508350573113,58321.4621540605,0.6716488999997414,-0.025044159883778727,0.7048301368656773,0.40541568096032654,0.8358950768970975,0.7208713962172165,0.5877822419284724
53,7Networks_LH_SomMot_22,7networks_lh_sommot,7Networks_LH_SomMot,somatomotor,somatomotor,L,-1392.4193888211853,141929.6004697443,0.0015131843967465953,0.1740091620702785,1.7010652112060392,-1531.8391091557442,144412.42095466531,0.00688128911450719,0.15650177847200342,0.0037271078119256286,0.9515782260573391,0.01108041477617668,0.023141520429527884,0.9774129290272215
54,7Networks_LH_SomMot_23,7networks_lh_sommot,7Networks_LH_SomMot,somatomotor,somatomotor,L,-354.8773332863393,122784.64048592631,0.392699920703409,-0.005253771188909351,65.74858675201354,-5743.647567945643,218749.1790393137,0.03471231064098945,0.09636896553242935,6.398100747500744,0.014837143257314816,0.5751153677398312,0.07408233457624909,0.06476983691173968
55,7Networks_LH_SomMot_24,7networks_lh_sommot,7Networks_LH_SomMot,somatomotor,somatomotor,L,1206.2017705130008,44659.3314188322,0.010520923661905629,0.11053513311003704,9.409970162750724,434.95831681991876,58393.82350571935,0.03744593090084686,0.09344942812490831,0.09534684028728466,0.758851337461066,0.04641113139394837,0.07762763757527157,0.8448763685620573
56,7Networks_LH_SomMot_25,7networks_lh_sommot,7Networks_LH_SomMot,somatomotor,somatomotor,L,263.6476459287958,70619.54069859577,0.5989848153433914,-0.014907992306826046,6.586912814291509,-276.2173377221452,80233.5883905867,0.8554756340802544,-0.03565102896312844,0.03860882511810999,0.8450728317310915,0.7369623473330615,0.8826953133464444,0.9048657207686687
57,7Networks_LH_SomMot_26,7networks_lh_sommot,7Networks_LH_SomMot,somatomotor,somatomotor,L,468.32181929236685,99882.27538966795,0.32334456779515286,-8.66935127088464e-05,-88.6459245578629,7733.7634550647745,-29502.486550835914,0.008329920672149972,0.14961644186034562,9.450011091026457,0.003510606098571313,0.5044619717491389,0.0265495892268258,0.028483727154126004
58,7Networks_LH_SomMot_27,7networks_lh_sommot,7Networks_LH_SomMot,somatomotor,somatomotor,L,521.9179958807249,92596.14144048445,0.31161601280890117,0.0009326563341339744,33.78247903136153,-2246.902239660336,141903.96951079383,0.36985616854099607,0.0006522432470490447,0.9865313870080586,0.32567784934073596,0.48952826925688975,0.45505338893661845,0.5169851174849445
59,7Networks_LH_SomMot_28,7networks_lh_sommot,7Networks_LH_SomMot,somatomotor,somatomotor,L,-549.4389858733707,93541.474662183,0.35333971278558474,-0.002488369301360427,-68.38486022112149,5055.4008664393095,-6270.884497871293,0.13853657699792107,0.04155090891842239,3.205527006305705,0.07983226461044418,0.5294265003453976,0.20757625728401377,0.2194594537659817
60,7Networks_LH_SomMot_29,7networks_lh_sommot,7Networks_LH_SomMot,somatomotor,somatomotor,L,9.22648283925605,89164.77671334746,0.9861344780802294,-0.02082684292773518,75.1487146402761,-6149.98053029134,198849.44188394106,0.09576037085810386,0.05649451951222251,4.933655367003517,0.031193399162787624,0.9926941309277697,0.15254459077045318,0.10413090602871751
61,7Networks_LH_SomMot_30,7networks_lh_sommot,7Networks_LH_SomMot,somatomotor,somatomotor,L,-202.4195918863859,130077.99219235097,0.7022956196059886,-0.017698582484487302,-31.90202402925358,2412.2780922272223,83514.81621970913,0.6183105444126018,-0.021441264906306046,0.8241222844430823,0.36860900386419604,0.8133729880130582,0.6778566552208328,0.5578282925144833
62,7Networks_LH_SomMot_31,7networks_lh_sommot,7Networks_LH_SomMot,somatomotor,somatomotor,L,-2055.9284175934145,198798.93057063592,0.0001220284423568605,0.25176524619006535,30.48095709138513,-4554.155108267482,243287.96260067684,0.00044024065486674644,0.24962816220579143,0.863294401417446,0.35756601451800096,0.002518223310455212,0.004078964434887814,0.5465823925628702
63,7Networks_LH_SomMot_32,7networks_lh_sommot,7Networks_LH_SomMot,somatomotor,somatomotor,L,40.11763929300014,107603.08445726038,0.9338473748629831,-0.020685280533591532,42.66913043956329,-3457.054716954971,169881.5852644521,0.41132040925843105,-0.0038766686085418556,1.8036977027473884,0.18571594445230963,0.9663766236149982,0.4927162686103633,0.38676623294196594
64,7Networks_LH_SomMot_33,7networks_lh_sommot,7Networks_LH_SomMot,somatomotor,somatomotor,L,989.6312769395709,74037.7934508617,0.037536045379899456,0.06801677876592804,-36.36276790501012,3969.9326190113297,20963.858102412516,0.0589399453920254,0.07578027775210971,1.4032027691752418,0.24214377688489688,0.11065821170437891,0.10576146411019745,0.4397330988229728
65,7Networks_LH_SomMot_34,7networks_lh_sommot,7Networks_LH_SomMot,somatomotor,somatomotor,L,-374.21309033193165,143996.1137605232,0.4617786720272701,-0.009260968918896939,94.59961224279151,-8127.620423435646,282070.6882065038,0.01103540221895172,0.13937766617215774,9.290110776741527,0.003774770988370329,0.6302657253839286,0.03203346371916081,0.029046542859663207
66,7Networks_LH_SomMot_35,7networks_lh_sommot,7Networks_LH_SomMot,somatomotor,somatomotor,L,1618.2937403807261,2559.064575885255,0.0020988077639336085,0.16348844693074005,15.4656794713039,350.72287215682445,25132.276673602115,0.00834230923985445,0.1495626621810111,0.2140071487203964,0.6457793021672695,0.014221772012326241,0.0265495892268258,0.7735720400631672
67,7Networks_LH_SomMot_36,7networks_lh_sommot,7Networks_LH_SomMot,somatomotor,somatomotor,L,-227.787409155045,121210.04385297812,0.6216514439853915,-0.015612782287243165,36.44552564827218,-3214.8715960848185,174404.76976189596,0.4371378513383539,-0.006480554512498404,1.435524492969546,0.236871999589524,0.7473684633469437,0.5184014038529348,0.4389383176067098
68,7Networks_LH_SomMot_37,7networks_lh_sommot,7Networks_LH_SomMot,somatomotor,somatomotor,L,630.8926158737113,100160.70416104347,0.16887049301706025,0.019044829984785627,-4.103584132693953,967.2233740250631,94171.24374580578,0.38847420540749655,-0.001438474408410828,0.018213663645943796,0.8932213955766886,0.32101787174142016,0.4728345556434409,0.9387095222032792
69,7Networks_LH_DorsAttn_Post_1,7networks_lh_dorsattn_post,7Networks_LH_DorsAttn_Post,dorsal attention,posterior,L,-271.89594294295307,90410.15253158798,0.6258372938852519,-0.01573690396606975,12.19447137350717,-1271.3577962115505,108208.81370547609,0.8427403571616159,-0.03499024332174572,0.10708309084499829,0.7449428128612319,0.7496837240736263,0.8755243069825482,0.8330148695541855
70,7Networks_LH_DorsAttn_Post_2,7networks_lh_dorsattn_post,7Networks_LH_DorsAttn_Post,dorsal attention,posterior,L,806.1547898273161,82234.72151466168,0.07713319730591157,0.04414392152661162,63.83339916596327,-4425.646202338269,175403.91339950927,0.01989655665694254,0.11751812711562248,4.9909736125922315,0.03027528567809166,0.18528291839621086,0.049402510029324206,0.10334571201393696
71,7Networks_LH_DorsAttn_Post_3,7networks_lh_dorsattn_post,7Networks_LH_DorsAttn_Post,dorsal attention,posterior,L,11.098980388147083,77947.92269870041,0.983417162790903,-0.020824049329920324,-13.834950047810494,1145.0148666236682,57754.87121525249,0.9276250408328064,-0.03922555167486874,0.15006697907495592,0.7002201073312815,0.9926941309277697,0.9379549410647975,0.7947498218210045
72,7Networks_LH_DorsAttn_Post_4,7networks_lh_dorsattn_post,7Networks_LH_DorsAttn_Post,dorsal attention,posterior,L,-598.2253246579558,146933.70847569505,0.240744636942791,0.00831682348846774,42.48911062539398,-4080.6432129520463,208949.45810828853,0.2278473706406172,0.021042303516600636,1.6239524379292143,0.20880652297511956,0.4187665332261575,0.3042432537377653,0.40742913218638843
73,7Networks_LH_DorsAttn_Post_5,7networks_lh_dorsattn_post,7Networks_LH_DorsAttn_Post,dorsal attention,posterior,L,-544.0156136577975,160874.9251377164,0.3069338991163466,0.001353386493437747,89.76892427953061,-7901.498581002414,291898.7816262411,0.0190917542276642,0.11906731111378377,7.413961535381763,0.009053262756682156,0.4838471881903519,0.04845193298383566,0.04913023922464443
74,7Networks_LH_DorsAttn_Post_6,7networks_lh_dorsattn_post,7Networks_LH_DorsAttn_Post,dorsal attention,posterior,L,-232.77801230943578,124380.42670240533,0.6355013843781558,-0.016016499894895952,71.60272152818243,-6101.354563574277,228889.47351333642,0.07323209451839756,0.0672019151919836,5.282259997341601,0.026038639788940436,0.7592569171254809,0.12405735414683765,0.09308301152896817
75,7Networks_LH_DorsAttn_Post_7,7networks_lh_dorsattn_post,7Networks_LH_DorsAttn_Post,dorsal attention,posterior,L,-1147.4510866773587,165092.24032710114,0.04983561483636885,0.058574019845420655,40.61045339037575,-4475.893768973819,224365.9618254851,0.08467124087319083,0.061422878935046166,1.1456941930854512,0.2899184765135675,0.13309040668065564,0.1376831419717252,0.48749254939688763
76,7Networks_LH_DorsAttn_Post_8,7networks_lh_dorsattn_post,7Networks_LH_DorsAttn_Post,dorsal attention,posterior,L,-2269.0902854823967,170641.59608418404,0.0005021044893794098,0.20880549553041272,58.735529093396536,-7083.068600929098,256370.09953318274,0.0008751781510863175,0.22736448424285893,2.152977620145331,0.14895393676116098,0.006160957788601407,0.006439619888947898,0.3398245592440557
77,7Networks_LH_DorsAttn_Post_9,7networks_lh_dorsattn_post,7Networks_LH_DorsAttn_Post,dorsal attention,posterior,L,182.90592442468073,110475.3209994993,0.6450180226765604,-0.016282498072861085,-94.36971860596161,7917.471118883624,-27263.708032283415,0.0005803403727853832,0.2407538543208011,17.24999347722578,0.00013704113134884772,0.7665921002491058,0.004879157948973407,0.00418497307650761
78,7Networks_LH_DorsAttn_Post_10,7networks_lh_dorsattn_post,7Networks_LH_DorsAttn_Post,dorsal attention,posterior,L,1417.0324103381176,61226.19059022069,0.0009486551369262355,0.18886892890386509,-29.786212367857885,3858.3176537238433,17751.185782651053,0.002438831429816402,0.1929239344144652,1.2411671870948133,0.27091115882797107,0.008146863382541072,0.011072294691366466,0.4730525619534572
79,7Networks_LH_DorsAttn_Post_11,7networks_lh_dorsattn_post,7Networks_LH_DorsAttn_Post,dorsal attention,posterior,L,-162.55470108446013,94815.85302083296,0.7679157919261492,-0.01896358388912911,-111.85774127162455,9005.33310393061,-68448.1356827278,0.005736344960971569,0.16300859337657525,11.435787559625064,0.001459251444889936,0.8421105544310912,0.020914863319286922,0.015406980371628626
80,7Networks_LH_DorsAttn_Post_12,7networks_lh_dorsattn_post,7Networks_LH_DorsAttn_Post,dorsal attention,posterior,L,1946.3928741287968,53762.104796458516,5.096688396660886e-06,0.34104250646907197,-82.89641516705241,8740.603315442928,-67230.85675936763,8.70457445364317e-08,0.47801028331992057,13.594986220523825,0.0005868065309528596,0.00033055664744057747,2.5874939930335424e-05,0.009865671481253998
81,7Networks_LH_DorsAttn_Post_13,7networks_lh_dorsattn_post,7Networks_LH_DorsAttn_Post,dorsal attention,posterior,L,676.8958013800798,107572.73863441577,0.19930817686042177,0.013962225182984511,79.6921182878304,-5854.68968480162,223888.81074526565,0.028498596270006574,0.10392155767711497,5.8188280799666146,0.019812202376630166,0.3648625495751269,0.06342334660089698,0.07754086102577669
82,7Networks_LH_DorsAttn_Post_14,7networks_lh_dorsattn_post,7Networks_LH_DorsAttn_Post,dorsal attention,posterior,L,798.8547572660277,107370.90493359558,0.027365815248840308,0.07858177623134588,-2.129870510689898,973.4194647171153,104262.2139208479,0.0896463895766702,0.059139686524274926,0.0081202357320185,0.9285808672524639,0.09136257756511308,0.14432432931846903,0.9656030010229277
83,7Networks_LH_DorsAttn_Post_15,7networks_lh_dorsattn_post,7Networks_LH_DorsAttn_Post,dorsal attention,posterior,L,-1877.0439987926054,161607.05524651613,0.00020938564252660877,0.23559554862000087,-21.30724014394967,-130.6973905601053,130507.68765139623,0.0008867583936347307,0.22693217759189643,0.46208883969111364,0.49998393820346465,0.003066486506680012,0.006439619888947898,0.6637213682584004
84,7Networks_LH_DorsAttn_Post_16,7networks_lh_dorsattn_post,7Networks_LH_DorsAttn_Post,dorsal attention,posterior,L,889.7121644853942,75022.66240119506,0.046675768338925,0.06075233164571592,-48.40654504591237,4857.124423702111,4370.014370664576,0.034756690010442855,0.0963198345766676,2.8892083792565306,0.09578467822545358,0.12842908379316334,0.07408233457624909,0.24849282236774817
85,7Networks_LH_DorsAttn_Post_17,7networks_lh_dorsattn_post,7Networks_LH_DorsAttn_Post,dorsal attention,posterior,L,176.40611370496708,152905.08780728743,0.5617253994630043,-0.013622719179193776,29.85659851526583,-2270.64799551979,196482.82598891406,0.28064031049618315,0.012322306128841887,2.2608983907539506,0.13936748685628486,0.7006135476818789,0.36093682992993525,0.3244760976038632
86,7Networks_LH_DorsAttn_FEF_1,7networks_lh_dorsattn_fef,7Networks_LH_DorsAttn_FEF,dorsal attention,frontal eye fields,L,-1380.1884813271558,156687.01035941215,0.015571778185913885,0.0974498593698021,3.1986211885450295,-1642.3482554648133,161355.6157474404,0.05514669681556461,0.07839279665844556,0.007452408327045455,0.9315729393128686,0.05940829660844457,0.10127205663095515,0.9656030010229277
87,7Networks_LH_DorsAttn_FEF_2,7networks_lh_dorsattn_fef,7Networks_LH_DorsAttn_FEF,dorsal attention,frontal eye fields,L,1829.6423107263377,27243.476587221056,8.265546930083847e-05,0.26325459111664384,-20.39038940857452,3500.8436086717375,-2517.6849400689534,0.0003637777062554712,0.2556951974309931,0.5124969022652761,0.4776018209816525,0.0017869325267895555,0.0034581928500032684,0.647257393210956
88,7Networks_LH_DorsAttn_FEF_3,7networks_lh_dorsattn_fef,7Networks_LH_DorsAttn_FEF,dorsal attention,frontal eye fields,L,360.42160565880135,95326.2224017608,0.46520005401656306,-0.00943574706531658,37.23499231023875,-2691.3674617774986,149673.22865101026,0.40231906797051387,-0.002931887969456648,1.3112726201510405,0.2579621055197051,0.6302657253839286,0.4857788746239715,0.4629043316440558
89,7Networks_LH_DorsAttn_FEF_4,7networks_lh_dorsattn_fef,7Networks_LH_DorsAttn_FEF,dorsal attention,frontal eye fields,L,225.73774069928686,106771.3823680341,0.6128337104683315,-0.015345230741903526,-11.11903370394353,1137.0564598070105,90542.3956890788,0.8218532638830578,-0.03388550586252248,0.13923427619069118,0.7107211278505701,0.7469563263842264,0.8597266861818162,0.8026552040899473
90,7Networks_LH_DorsAttn_PrCv_1,7networks_lh_dorsattn_prcv,7Networks_LH_DorsAttn_PrCv,dorsal attention,precentral ventral,L,-461.2945063798095,115190.65488559045,0.336543533015235,-0.001178146741521946,15.565295303127186,-1737.0299125192073,137909.26307173556,0.5624281670349662,-0.017332170006177483,0.2378171657554534,0.6280542751675624,0.5144470167976993,0.6320356134501848,0.7603643758028622
91,7Networks_LH_DorsAttn_PrCv_2,7networks_lh_dorsattn_prcv,7Networks_LH_DorsAttn_PrCv,dorsal attention,precentral ventral,L,172.7590641086166,78575.73947472654,0.7568859750994605,-0.018775910758187964,-141.3465562240457,11757.557347676568,-127729.18226164469,0.000187776976913092,0.27634792597990476,20.57562849883448,3.959719354934538e-05,0.8360735588689905,0.002266894287272878,0.002542108780365022
92,7Networks_LH_SalVentAttn_ParOper_1,7networks_lh_salventattn_paroper,7Networks_LH_SalVentAttn_ParOper,salience / ventral attention,parietal operculum,L,-605.1953458431946,108272.2728011022,0.21494447688292276,0.011684096170427427,-60.61344286821617,4362.697241421712,19802.82634866607,0.0760801466519382,0.06568623499290882,3.7743385151340916,0.05804862540738022,0.385710642311648,0.1268805255001965,0.16786035627357082
93,7Networks_LH_SalVentAttn_ParOper_2,7networks_lh_salventattn_paroper,7Networks_LH_SalVentAttn_ParOper,salience / ventral attention,parietal operculum,L,-1539.554305039013,147848.06492020495,0.0005313297652130141,0.20704773046388303,-59.6521488166757,3349.550386887041,60781.69258125663,0.0002390866752578687,0.26887068855050356,5.058792256973787,0.02922647580396265,0.006253585960492002,0.002647447574806644,0.10116873851518197
94,7Networks_LH_SalVentAttn_ParOper_3,7networks_lh_salventattn_paroper,7Networks_LH_SalVentAttn_ParOper,salience / ventral attention,parietal operculum,L,213.2935178349253,116853.92231973616,0.728835190457948,-0.018253848371417414,78.85862601053307,-6249.978737650883,231953.45570739856,0.1397799986385846,0.04118641021295444,3.9756904182840618,0.051981894079246777,0.8251650285982753,0.20875039270367568,0.1556266837121535
95,7Networks_LH_SalVentAttn_ParOper_4,7networks_lh_salventattn_paroper,7Networks_LH_SalVentAttn_ParOper,salience / ventral attention,parietal operculum,L,-79.43062963543616,125313.0064764198,0.885392739881346,-0.02038696892803693,99.41182496527752,-8227.248093250259,270411.33300814347,0.01926379886891525,0.1187309517127747,8.577322956862288,0.005235314024761518,0.9360844503478124,0.04845193298383566,0.03656665488064199
96,7Networks_LH_SalVentAttn_TempOcc_1,7networks_lh_salventattn_tempocc,7Networks_LH_SalVentAttn_TempOcc,salience / ventral attention,temporal occipital,L,-1890.1567109883817,164564.33084485267,0.00013107355945306826,0.24964019897401812,-86.99037014974584,5239.595280990341,37595.96327376874,8.562147171988028e-06,0.36545351477466725,9.760649200439747,0.0030516304173384113,0.002586168518414638,0.0003239345680068804,0.028274289989217116
97,7Networks_LH_SalVentAttn_FrOperIns_1,7networks_lh_salventattn_froperins,7Networks_LH_SalVentAttn_FrOperIns,salience / ventral attention,frontal operculum insula,L,-299.28336975016623,49617.07819625396,0.4837472922139461,-0.01034884742376141,-66.9750484754073,5190.007967422048,-48137.56474040944,0.04208749830080045,0.08893042016313657,6.2305608151513585,0.016121842043613527,0.6459449137209751,0.08325607294568697,0.06925588515285427
98,7Networks_LH_SalVentAttn_FrOperIns_2,7networks_lh_salventattn_froperins,7Networks_LH_SalVentAttn_FrOperIns,salience / ventral attention,frontal operculum insula,L,2730.582549128949,-48736.123079037025,3.026445390858519e-08,0.464790182498525,25.241908028386447,661.7495997239484,-11893.83983289417,1.698509668153544e-07,0.4629484055242037,0.8353877063642104,0.3653844471435015,1.3740062074497676e-05,2.5874939930335424e-05,0.556659526856207
99,7Networks_LH_SalVentAttn_FrOperIns_3,7networks_lh_salventattn_froperins,7Networks_LH_SalVentAttn_FrOperIns,salience / ventral attention,frontal operculum insula,L,199.82895036107607,78745.2431552386,0.7285345076427905,-0.018247896752576542,-145.64903616575432,12137.259541183726,-133839.44097052922,0.00018974005047658448,0.2760276001266281,20.510721475946372,4.054117361493892e-05,0.8251650285982753,0.002266894287272878,0.002542108780365022
100,7Networks_LH_SalVentAttn_FrOperIns_4,7networks_lh_salventattn_froperins,7Networks_LH_SalVentAttn_FrOperIns,salience / ventral attention,frontal operculum insula,L,1358.5812596511646,-16878.746648495668,0.006734799353958725,0.12534645681879641,18.305371382398278,-141.73145143280908,9839.189120770207,0.02252803390599407,0.11284124890686609,0.32340183869793715,0.5722778911395174,0.033599987985684185,0.05218228261898626,0.7360174577261782
101,7Networks_LH_SalVentAttn_FrOperIns_5,7networks_lh_salventattn_froperins,7Networks_LH_SalVentAttn_FrOperIns,salience / ventral attention,frontal operculum insula,L,1091.171134226236,72726.75659475136,0.027569764595639853,0.0783332954803978,70.73175620870222,-4706.020886649589,175964.57022625132,0.007261132789064971,0.1545710177662769,5.328466076539751,0.02542742498662441,0.09136257756511308,0.024239369751731597,0.0916194519359324
102,7Networks_LH_SalVentAttn_FrOperIns_6,7networks_lh_salventattn_froperins,7Networks_LH_SalVentAttn_FrOperIns,salience / ventral attention,frontal operculum insula,L,-170.10286474709756,86948.04195307285,0.7152689097911822,-0.01797764082114095,13.653187172057827,-1289.1214212754267,106875.7981448727,0.8507106466748047,-0.03540490131387042,0.192095283121094,0.6631863812495988,0.8200305177909007,0.8797782086340805,0.7824273586750727
103,7Networks_LH_SalVentAttn_FrOperIns_7,7networks_lh_salventattn_froperins,7Networks_LH_SalVentAttn_FrOperIns,salience / ventral attention,frontal operculum insula,L,356.37517661647394,45248.70159345398,0.40818674827740065,-0.0062380462376829815,-41.855216896550935,3786.8389800143323,-15841.836986168091,0.24122831013477689,0.018662094905213644,2.217936012309235,0.14309552545432916,0.5864049491895005,0.31863729918566813,0.3314559620217624
104,7Networks_LH_SalVentAttn_FrOperIns_8,7networks_lh_salventattn_froperins,7Networks_LH_SalVentAttn_FrOperIns,salience / ventral attention,frontal operculum insula,L,-1137.156921639046,125519.28309358742,0.10254348883358055,0.034868889873592046,61.162757022930535,-6150.071431239115,214790.4909523437,0.10867770270309667,0.051400433015660774,1.8365111037757944,0.18183803614320532,0.2259939025749785,0.16955215473266627,0.38306142309946484
105,7Networks_LH_SalVentAttn_FrOperIns_9,7networks_lh_salventattn_froperins,7Networks_LH_SalVentAttn_FrOperIns,salience / ventral attention,frontal operculum insula,L,-163.09636738208144,83401.77276280147,0.7518022729667746,-0.018686104936966208,-36.116994494064926,2797.061325878372,30686.56043997369,0.547137502015052,-0.016139635097563776,1.120289129632843,0.29526586987983205,0.8358950768970975,0.621001064787084,0.48827687810706655
106,7Networks_LH_SalVentAttn_PFCl_1,7networks_lh_salventattn_pfcl,7Networks_LH_SalVentAttn_PFCl,salience / ventral attention,lateral prefrontal cortex,L,-1050.7054971466941,127070.01126746053,0.035807429493359605,0.06959121384442513,-13.381291458511086,46.02842026668395,107539.10538034383,0.10401502974388299,0.05316887904104617,0.16746286310930017,0.6842354987555719,0.1083771532665684,0.16396813716570444,0.7887172752820328
107,7Networks_LH_SalVentAttn_Med_1,7networks_lh_salventattn_med,7Networks_LH_SalVentAttn_Med,salience / ventral attention,medial,L,676.4513715278338,59640.58715249131,0.28816994575544363,0.0031245714896680488,-5.000680968240431,1086.3084055097534,52341.752831079604,0.5683326666481687,-0.017784377447348954,0.013907492376758292,0.9066256563975735,0.4666541902616445,0.6355247060548488,0.9505959538210125
108,7Networks_LH_SalVentAttn_Med_2,7networks_lh_salventattn_med,7Networks_LH_SalVentAttn_Med,salience / ventral attention,medial,L,499.2694035549945,51070.215812486495,0.4392106086099833,-0.008055684512884298,-54.847564768452514,4994.589212976423,-28983.53901016683,0.32629576895151974,0.005966921546796788,1.6771254452739854,0.20163245144662278,0.6116613997206516,0.4126414459721169,0.3999188708714303
109,7Networks_LH_SalVentAttn_Med_3,7networks_lh_salventattn_med,7Networks_LH_SalVentAttn_Med,salience / ventral attention,medial,L,-775.3339893451864,118184.2754174202,0.09355964920154912,0.03784054587124652,95.83940112561359,-8630.354722204745,258068.40614317893,0.0009814359462218538,0.22358780518506738,12.483421443668353,0.0009330002227986176,0.211323784763698,0.006698420787001142,0.011766169476404787
110,7Networks_LH_SalVentAttn_Med_4,7networks_lh_salventattn_med,7Networks_LH_SalVentAttn_Med,salience / ventral attention,medial,L,-1265.500580825226,117084.8454239178,0.021865169868803318,0.08609315634048087,29.598440577511344,-3691.396002395469,160285.78451990057,0.052791466525428814,0.08010293811785074,0.6874319023283498,0.41123037252647454,0.0763599009264362,0.09903853637415157,0.5908183200222135
111,7Networks_LH_SalVentAttn_Med_5,7networks_lh_salventattn_med,7Networks_LH_SalVentAttn_Med,salience / ventral attention,medial,L,1469.5824802390969,75978.6426265693,0.000828475961655472,0.19314418750901008,37.48160373739101,-1602.4189200215915,130685.59504314791,0.0015660371278559408,0.2079946837788742,1.9000240356397544,0.17460204614193184,0.007871364575104133,0.008777541432674039,0.37568402345230834
112,7Networks_LH_SalVentAttn_Med_6,7networks_lh_salventattn_med,7Networks_LH_SalVentAttn_Med,salience / ventral attention,medial,L,-745.1784649698293,108156.17174488901,0.12164344610565929,0.029378283980287412,32.82884004809605,-3435.8382164382174,156072.09879501665,0.1785631143532743,0.031143241274621425,1.0874411509906716,0.30237319105572796,0.2510278387816787,0.2525472084622633,0.4938037005010809
113,7Networks_LH_SalVentAttn_Med_7,7networks_lh_salventattn_med,7Networks_LH_SalVentAttn_Med,salience / ventral attention,medial,L,887.7940473976469,105090.97597193162,0.013680998492362918,0.10177529254178097,3.1828000681740605,626.9309761511795,109736.48935767204,0.04898633888875043,0.0830266119085038,0.018579293483816678,0.892161651661572,0.05448397645204179,0.09305354751252175,0.9387095222032792
114,7Networks_LH_Limbic_OFC_1,7networks_lh_limbic_ofc,7Networks_LH_Limbic_OFC,limbic,orbital frontal cortex,L,653.7334189371395,105191.83741487612,0.11123398870465431,0.032246030492960154,20.696033163625174,-1042.5185158506101,135399.1068110058,0.21275873551078514,0.023892418587296627,0.5892119074707676,0.4465633356188359,0.234884794753084,0.2933605348089139,0.6181090072285107
115,7Networks_LH_Limbic_OFC_2,7networks_lh_limbic_ofc,7Networks_LH_Limbic_OFC,limbic,orbital frontal cortex,L,-1459.9065962364557,133433.25847760699,0.001497283100112016,0.17434741846779778,7.986520663673424,-2114.4837811912857,145090.1291116049,0.006576931640165676,0.1581239573412333,0.07501093437014401,0.7853759838383241,0.01108041477617668,0.022425278135027486,0.8591824015966244
116,7Networks_LH_Limbic_OFC_3,7networks_lh_limbic_ofc,7Networks_LH_Limbic_OFC,limbic,orbital frontal cortex,L,275.69332042685096,45615.23045398688,0.6188264681376836,-0.015527968806156478,-12.720685220447805,1318.2837891614859,27048.524345648988,0.8341072229926836,-0.03453684283211267,0.11803435559814399,0.7327084361327818,0.7473684633469437,0.8685428422905467,0.8233901732779281
117,7Networks_LH_Limbic_OFC_4,7networks_lh_limbic_ofc,7Networks_LH_Limbic_OFC,limbic,orbital frontal cortex,L,-240.589184339901,71029.08486205844,0.6757057270357388,-0.017079504672217194,-122.07868491884277,9765.009659301757,-107153.06694035309,0.003194701622460079,0.1835985509724446,12.798786837550866,0.0008170842321962733,0.7926883722848203,0.013185404878153418,0.011241098224760852
118,7Networks_LH_Limbic_OFC_5,7networks_lh_limbic_ofc,7Networks_LH_Limbic_OFC,limbic,orbital frontal cortex,L,617.4073522387724,59954.057493809334,0.26784152894800306,0.0052128108002720275,-105.17186880548803,9237.319416358663,-93551.44516868099,0.006618914691836307,0.15789597180164805,9.70295294008475,0.0031318307960404804,0.450199832918811,0.022425278135027486,0.028437023628047564
119,7Networks_LH_Limbic_TempPole_1,7networks_lh_limbic_temppole,7Networks_LH_Limbic_TempPole,limbic,temporal pole,L,-823.7166210483538,172560.05122516933,0.057144646368315004,0.054033131539459434,79.6970483319338,-7355.706174849307,288883.31907102617,0.002287896200888992,0.19511504412841063,9.413540040559601,0.003569090083657195,0.14910154857020122,0.010708297682511364,0.028483727154126004
120,7Networks_LH_Limbic_TempPole_2,7networks_lh_limbic_temppole,7Networks_LH_Limbic_TempPole,limbic,temporal pole,L,-529.9456221339706,162047.35492856798,0.3019219114605894,0.0018128785233909595,85.83724774706181,-7565.187420244213,287332.661847919,0.020044519990623816,0.11723985305984685,7.2763308889220895,0.009671137455027904,0.47991478117642894,0.049402510029324206,0.05042220901253943
121,7Networks_LH_Limbic_TempPole_3,7networks_lh_limbic_temppole,7Networks_LH_Limbic_TempPole,limbic,temporal pole,L,-523.5577102479251,175317.4769200123,0.08148699896850274,0.04234543309204064,71.39043747859817,-6374.735408941095,279516.6807081958,0.00011167080189455063,0.2921757448754845,17.941853685835873,0.00010521476212945926,0.1947110396405276,0.0016899514686708663,0.0036744232312903463
122,7Networks_LH_Limbic_TempPole_4,7networks_lh_limbic_temppole,7Networks_LH_Limbic_TempPole,limbic,temporal pole,L,66.5002878289356,121547.81532194377,0.8755457767976083,-0.02030633507226942,60.17974392020325,-4865.846227690328,209384.24863336366,0.0939534409272148,0.057259034569203004,4.949269077417627,0.030940359530096124,0.9309081561267311,0.15019317669350535,0.10405128316047142
123,7Networks_LH_Limbic_TempPole_5,7networks_lh_limbic_temppole,7Networks_LH_Limbic_TempPole,limbic,temporal pole,L,-1376.7535674660803,187116.114151149,0.004361099924278135,0.13967081699725292,36.29992900034259,-4351.904617557645,240098.33184013725,0.008945648910889116,0.14703194024746147,1.4142405005323728,0.24032720989863765,0.023657283137033715,0.027690600877943332,0.4397330988229728
124,7Networks_LH_Limbic_TempPole_6,7networks_lh_limbic_temppole,7Networks_LH_Limbic_TempPole,limbic,temporal pole,L,193.0118272582231,130180.05220921361,0.7237256697557315,-0.018151668579841962,90.40632077556168,-7216.712312637282,262134.23227789218,0.03548726242769163,0.09551955984647309,7.032434447711201,0.010878851629403136,0.8234873535566469,0.07460506315016076,0.05427471032691235
125,7Networks_LH_Limbic_TempPole_7,7networks_lh_limbic_temppole,7Networks_LH_Limbic_TempPole,limbic,temporal pole,L,661.8755266282539,64600.47148133132,0.26809438126202007,0.005185654867216893,-78.3009980987733,7079.444462220141,-49685.166005597974,0.07217110091136789,0.06778102571529476,4.223038667511751,0.045460236516354814,0.450199832918811,0.12317924742015421,0.13969586745726817
126,7Networks_LH_Limbic_TempPole_8,7networks_lh_limbic_temppole,7Networks_LH_Limbic_TempPole,limbic,temporal pole,L,384.2506353012709,112499.22983562465,0.3758667384631925,-0.004119917248939675,59.14363312909519,-4463.17598662406,198823.38890860532,0.07625261086734149,0.06559620614707229,4.581293167924888,0.03754221381225023,0.5572526900747828,0.1268805255001965,0.12002933148423665
127,7Networks_LH_Cont_Par_1,7networks_lh_cont_par,7Networks_LH_Cont_Par,control,parietal ,L,-1442.8793713842308,159926.80609878892,0.013557808459006122,0.10207735490176895,47.607605110609896,-5344.8103182970935,229413.34690160828,0.021990977508672405,0.11375165675347632,1.6322905911780994,0.20766133590248356,0.05447119504768832,0.051463421592460167,0.40742913218638843
128,7Networks_LH_Cont_Par_2,7networks_lh_cont_par,7Networks_LH_Cont_Par,control,parietal ,L,38.30781295473503,117884.46731052855,0.9411149879945757,-0.020716078369811708,44.326778577324724,-3594.7257896801457,182582.41842809957,0.4355081932161434,-0.0063206016944359344,1.6866428842404373,0.20038001685082843,0.9666656211527995,0.5184014038529348,0.3999188708714303
129,7Networks_LH_Cont_Par_3,7networks_lh_cont_par,7Networks_LH_Cont_Par,control,parietal ,L,-907.7275432321396,131385.3908028897,0.12698023874813996,0.028008570163803315,134.9210755221622,-11965.891858524974,328311.88600568695,0.00036562391365673326,0.2555348454151436,15.66994277006085,0.00025379807505883015,0.2585158223841056,0.0034581928500032684,0.006064438214563626
130,7Networks_LH_Cont_Par_4,7networks_lh_cont_par,7Networks_LH_Cont_Par,control,parietal ,L,-654.6218331964476,141267.4778642357,0.15002527282751327,0.022735124080697666,76.09494236428765,-6891.381901780441,252333.22681756737,0.011659695096784193,0.1373600003265827,7.378088266119654,0.009210159895940111,0.29620328382970995,0.03308438483712515,0.04913023922464443
131,7Networks_LH_Cont_Par_5,7networks_lh_cont_par,7Networks_LH_Cont_Par,control,parietal ,L,-847.6085419903595,130416.90351661471,0.058071197092534194,0.053500477142780056,-48.283935973442695,3109.754647689476,59943.211774625,0.04217818673459913,0.08884696852189466,2.862070944817218,0.09731165866677557,0.15065327702863157,0.08325607294568697,0.24972337697836078
132,7Networks_LH_Cont_Par_6,7networks_lh_cont_par,7Networks_LH_Cont_Par,control,parietal ,L,-556.4480741756686,98569.55809008796,0.20207503258141574,0.013544454926344929,-29.208704970058733,1837.504521783082,55937.46464652853,0.26744412852622956,0.014344473867408114,1.0389597665238193,0.3132818399723418,0.3684420272769588,0.3479072617504534,0.5043615437852594
133,7Networks_LH_Cont_Temp_1,7networks_lh_cont_temp,7Networks_LH_Cont_Temp,control,temporal,L,-667.5733328732783,117468.286149199,0.09154993015150382,0.038546542800971695,-19.545486067343646,934.3794807881941,88940.31856977503,0.1844781177728757,0.029798742680266943,0.567208965535862,0.45512625185137223,0.2098693263986278,0.25849711564470856,0.6261433889106758
134,7Networks_LH_Cont_OFC_1,7networks_lh_cont_ofc,7Networks_LH_Cont_OFC,control,orbital frontal cortex,L,-673.4783133940159,112135.74204326156,0.1617312957316471,0.020386548540353266,34.577086437692856,-3507.4247661057743,162603.3537202858,0.20948563474610643,0.024536173824534546,1.2041921066634,0.2780758628468872,0.3111271536532533,0.2899587749229644,0.4765852921673166
135,7Networks_LH_Cont_PFCl_1,7networks_lh_cont_pfcl,7Networks_LH_Cont_PFCl,control,lateral prefrontal cortex,L,87.08016067789526,85340.21614087885,0.868135664324794,-0.020241132997068867,-98.3609236100779,8148.765492452121,-58224.24831716802,0.01354120808137001,0.1318509743374614,9.409179687192589,0.003576150766046657,0.9251962244212594,0.03659350279132134,0.028483727154126004
136,7Networks_LH_Cont_PFCl_2,7networks_lh_cont_pfcl,7Networks_LH_Cont_PFCl,control,lateral prefrontal cortex,L,-608.7787023117171,118157.63898217013,0.2592248816374573,0.00615728667040516,-30.117372462446866,1859.6485033394524,74199.28347104114,0.373750651362753,0.0002067039992657005,0.7143129791355615,0.40229779094821694,0.445788243421991,0.45860215059105364,0.5877822419284724
137,7Networks_LH_Cont_PFCl_3,7networks_lh_cont_pfcl,7Networks_LH_Cont_PFCl,control,lateral prefrontal cortex,L,-538.4563515779901,97802.28244644727,0.3147212350426581,0.0006580433737953806,-119.93437302352665,9291.394165200187,-77250.10015918026,0.0009502617118996842,0.22465354353586686,14.867070543936649,0.00034960339529313365,0.49270151968747167,0.006637212572345486,0.0072145427937764855
138,7Networks_LH_Cont_PFCl_4,7networks_lh_cont_pfcl,7Networks_LH_Cont_PFCl,control,lateral prefrontal cortex,L,501.12479022033745,83866.04386716112,0.2727534690625591,0.004690798759668491,51.194610281129755,-3694.7979768874557,158588.0629210337,0.1279469375572911,0.0447886058940119,3.0149411473989725,0.08905198582301958,0.4514648881362357,0.1936263655033672,0.23730616009921782
139,7Networks_LH_Cont_PFCl_5,7networks_lh_cont_pfcl,7Networks_LH_Cont_PFCl,control,lateral prefrontal cortex,L,868.2647137741333,43487.320405617036,0.08501870693504171,0.04095876864892556,-5.248123025948374,1298.4021592637328,35827.32755503126,0.22767994263946667,0.021072925474547644,0.02493199216821219,0.8752130893398922,0.1999921914430515,0.3042432537377653,0.9262161831242681
140,7Networks_LH_Cont_PFCl_6,7networks_lh_cont_pfcl,7Networks_LH_Cont_PFCl,control,lateral prefrontal cortex,L,-1866.1893444249988,145314.78411272162,0.00032662719202609366,0.22206713767081665,-27.265080193897195,368.4632899904139,105519.54335268393,0.001181232760746891,0.21744160762419595,0.716282587470914,0.4016546561134131,0.004236821290852758,0.007233426107617621,0.5877822419284724
141,7Networks_LH_Cont_PFCl_7,7networks_lh_cont_pfcl,7Networks_LH_Cont_PFCl,control,lateral prefrontal cortex,L,-845.0208914180887,135345.92115220675,0.05585727881914167,0.05478811650656479,12.326077785885644,-1855.2692384008274,153336.67084477536,0.14972397060710452,0.03837834139122642,0.18089489927275829,0.6725464372523675,0.1472772347897629,0.21998279176577817,0.7887172752820328
142,7Networks_LH_Cont_PFCl_8,7networks_lh_cont_pfcl,7Networks_LH_Cont_PFCl,control,lateral prefrontal cortex,L,-504.7188473936076,130496.44474594825,0.28883221908264783,0.0030596227178248947,-66.29927904102883,4929.186261825082,33728.13330540005,0.05760402600696793,0.07668150641327787,4.827336332942016,0.03297701118151592,0.4666541902616445,0.10381546846851843,0.10928148230954911
143,7Networks_LH_Cont_PFCv_1,7networks_lh_cont_pfcv,7Networks_LH_Cont_PFCv,control,ventral prefrontal cortex,L,1364.6027908398942,34780.77229065088,0.01036561705964665,0.11103038862725623,-83.23400520608139,8186.482194236779,-86704.92491039653,0.0017131756780893637,0.20496240684199207,6.671098968286456,0.012972189237213062,0.04641113139394837,0.009150373621794954,0.06007589278585147
144,7Networks_LH_Cont_pCun_1,7networks_lh_cont_pcun,7Networks_LH_Cont_pCun,control,precuneus,L,911.7265354831861,90750.35499764615,0.048626469699996226,0.05939047129413089,51.93827808853652,-3345.1474268212824,166557.8078456165,0.03219173664095453,0.09926303894002064,3.124797060343206,0.08360092454800248,0.13219411523232505,0.0695954687380636,0.2261416290767026
145,7Networks_LH_Cont_pCun_2,7networks_lh_cont_pcun,7Networks_LH_Cont_pCun,control,precuneus,L,-10.242995336832792,94579.83117923587,0.9848065454524629,-0.020825540041225166,88.15275154549964,-7235.264050518066,223244.77353278804,0.04070086531741408,0.0902283075061453,6.859255378304483,0.011833283010372283,0.9926941309277697,0.0821253015738044,0.05715223922030869
146,7Networks_LH_Cont_Cing_1,7networks_lh_cont_cing,7Networks_LH_Cont_Cing,control,cingulate,L,1485.9754316829128,42570.45877943845,0.010056418146558742,0.11203859571079655,-105.6623337154789,10146.086119661773,-111650.91081022086,0.0004679075285996097,0.2476794856787744,9.65424057236725,0.0032012746618870873,0.046117311500380495,0.004165294470278878,0.028483727154126004
147,7Networks_LH_Cont_Cing_2,7networks_lh_cont_cing,7Networks_LH_Cont_Cing,control,cingulate,L,-796.3158477271454,136650.30321779096,0.1512792841726771,0.02247403594064523,11.03427021980636,-1700.6873309644789,152755.57182091576,0.3451466864286412,0.003588329856754835,0.09022152270013303,0.7652203472355806,0.29620328382970995,0.4337187494130046,0.8448763685620573
148,7Networks_LH_Cont_PFCmp_1,7networks_lh_cont_pfcmp,7Networks_LH_Cont_PFCmp,control,medial posterior prefrontal cortex,L,630.8149924869922,49904.81846083448,0.2842645185990537,0.003511382630078441,8.97237282234375,-104.56287626743142,63000.60743760377,0.552450921809165,-0.016557611901807157,0.05237860968025802,0.8199677740052724,0.46590646730675234,0.6223640657602008,0.8827697023595567
149,7Networks_LH_Default_Temp_1,7networks_lh_default_temp,7Networks_LH_Default_Temp,default,temporal,L,-334.1378641434901,114321.66733992669,0.4653464112083052,-0.009443178508968364,9.170239885650403,-1085.732965751692,127706.25676645612,0.7343962191562539,-0.028947305230137665,0.09013991498162148,0.7653233371231234,0.6302657253839286,0.7790090735909796,0.8448763685620573
150,7Networks_LH_Default_Temp_2,7networks_lh_default_temp,7Networks_LH_Default_Temp,default,temporal,L,-127.32404319667671,125623.53625388598,0.7536634646677147,-0.01871922751468369,-37.87019668865858,2976.526530295573,70349.40596937535,0.35306399385838916,0.0026262299763596397,2.027279832660738,0.16110227684310577,0.8358950768970975,0.43896059061751,0.35678260335009765
151,7Networks_LH_Default_Temp_3,7networks_lh_default_temp,7Networks_LH_Default_Temp,default,temporal,L,-1648.1039963809546,158066.40862885828,0.0005785311645627384,0.2043978027950536,-47.40993267656915,2237.6256695404163,88868.38420113224,0.0007992682268305359,0.2303417924148915,2.618005875178715,0.11234959674383506,0.006253646397892458,0.006234081340336148,0.27721041805272345
152,7Networks_LH_Default_Temp_4,7networks_lh_default_temp,7Networks_LH_Default_Temp,default,temporal,L,-44.03953802768399,81896.88071463918,0.9347225248045425,-0.020689180316373346,-39.47388004516152,3191.249315194215,24282.065391939243,0.542431606112265,-0.01576619070433094,1.2326357222169384,0.27254308557721124,0.9663766236149982,0.621001064787084,0.4740787772109345
153,7Networks_LH_Default_Temp_5,7networks_lh_default_temp,7Networks_LH_Default_Temp,default,temporal,L,649.1611282459035,88963.40989930616,0.20559628900445037,0.013022161393689613,110.35727063872602,-8395.747737084173,250037.3595615385,0.00119402255085292,0.21708290403784603,13.510795456423393,0.0006075549658009502,0.3718753593945039,0.007233426107617621,0.009865671481253998
154,7Networks_LH_Default_Temp_6,7networks_lh_default_temp,7Networks_LH_Default_Temp,default,temporal,L,-1295.873032402485,143018.34640164353,0.012097070425008755,0.10588214553185271,-13.453597080935445,-193.2129285086472,123381.905536004,0.040941584813971296,0.08999998667379261,0.16225976480991677,0.6889109236786797,0.051327756756579204,0.08224548453780074,0.7898120185609105
155,7Networks_LH_Default_Temp_7,7networks_lh_default_temp,7Networks_LH_Default_Temp,default,temporal,L,-955.1561039606333,145092.5043756386,0.036888500657114534,0.06859781029138512,40.656035700031396,-4287.334723493682,204432.7563582264,0.04532704298429065,0.08605104477139858,1.9166324336254674,0.17276649755102536,0.10945999541392155,0.0879422116019998,0.3752918176467249
156,7Networks_LH_Default_Temp_8,7networks_lh_default_temp,7Networks_LH_Default_Temp,default,temporal,L,1019.279578250018,65190.151777246836,0.02255265138218984,0.08505683378239492,31.252997272563874,-1542.2237143074071,110806.02901251004,0.042568873055280176,0.088489411509725,1.1807589873253594,0.2827431488893787,0.0781595704390396,0.08340884109799973,0.47719475686162793
157,7Networks_LH_Default_Temp_9,7networks_lh_default_temp,7Networks_LH_Default_Temp,default,temporal,L,-264.38159798928586,92005.92034543552,0.5787112264102079,-0.014228959375325534,-30.109016809714085,2203.3607763223436,48059.7604783264,0.5467015967903817,-0.01610517259473787,0.911369180119599,0.3446359081908973,0.7178549092629354,0.621001064787084,0.5395334562712668
158,7Networks_LH_Default_Temp_10,7networks_lh_default_temp,7Networks_LH_Default_Temp,default,temporal,L,-1166.7352637255583,170932.75966342067,0.018576810749359737,0.09154804797740335,-63.2326636271996,4015.829296904331,78640.38219570089,0.008674621126764035,0.14814789390009764,4.189277322712531,0.04629526441765719,0.06747097664167456,0.027160537872764637,0.14106073856118365
159,7Networks_LH_Default_Par_1,7networks_lh_default_par,7Networks_LH_Default_Par,default,parietal,L,631.3559694267169,101569.39704032161,0.06209301632366973,0.05128542688361326,-20.688899122980047,2327.023196500215,71372.54026220064,0.11557475226983235,0.04891342676810084,0.8802884944977204,0.35291938916060783,0.1583720753423936,0.1778675848491657,0.5449843628534556
160,7Networks_LH_Default_Par_2,7networks_lh_default_par,7Networks_LH_Default_Par,default,parietal,L,-1130.0078458794692,144798.74707764626,0.0430976665866214,0.06340815760434704,-88.69868229252252,6139.7578267160425,15336.981631638959,0.005758497609935826,0.16287130242216674,6.703102718935829,0.012770511830216057,0.12228962893953821,0.020914863319286922,0.0597712615558566
161,7Networks_LH_Default_Par_3,7networks_lh_default_par,7Networks_LH_Default_Par,default,parietal,L,-1656.096021888719,184132.72573231175,0.0006384632496483283,0.2013203840637976,-30.47281194693752,841.463090756472,139655.58209511204,0.0018902054699727147,0.20162856717487776,1.0185287057172223,0.3180359298617787,0.006384001353606046,0.009642171723231601,0.5102060500256097
162,7Networks_LH_Default_Par_4,7networks_lh_default_par,7Networks_LH_Default_Par,default,parietal,L,-910.13915142427,121847.9000986366,0.05896189026105633,0.05299660347933122,-50.4048382961255,3221.0537108263247,48278.60702485361,0.04664558882580791,0.08493517005362228,2.6753470851412846,0.1085935363737639,0.15209487601431576,0.08973346324964741,0.27088717315213634
163,7Networks_LH_Default_Par_5,7networks_lh_default_par,7Networks_LH_Default_Par,default,parietal,L,-1528.83595434105,155820.260062677,0.004134782907714571,0.14141916828977819,-14.156339720766368,-368.57889198434896,135158.11847121734,0.015707448898948186,0.12635144964205813,0.17214937883862894,0.6800964970078514,0.02317520296422735,0.04146035930303765,0.7887172752820328
164,7Networks_LH_Default_Par_6,7networks_lh_default_par,7Networks_LH_Default_Par,default,parietal,L,-1539.9870667776192,173673.696833716,0.005226710613700598,0.13371673467427925,84.71323099736131,-8483.10417744948,297318.42478339,0.001003287694969334,0.22285992200917526,6.505922436965782,0.014068486180720114,0.027275018604828408,0.006698420787001142,0.06323854184204883
165,7Networks_LH_Default_Par_7,7networks_lh_default_par,7Networks_LH_Default_Par,default,parietal,L,-757.1160102946517,154232.49992273957,0.0901577951181762,0.0390452162404914,4.947884571726306,-1162.6458387183502,161454.27430903868,0.23821077367576335,0.019187614873089842,0.028188387413215273,0.867387064793846,0.20883489277373465,0.31622131944092563,0.9200788023747806
166,7Networks_LH_Default_PFC_1,7networks_lh_default_pfc,7Networks_LH_Default_PFC,default,prefrontal cortex,L,353.6049014057744,100149.40466438822,0.46784041730040515,-0.00956925026944977,7.6147258773947755,-270.499892024417,111263.61549588303,0.7496513846607216,-0.02984790047063024,0.05483595275395655,0.8158694896715408,0.6302657253839286,0.7933063915284008,0.881916067406856
167,7Networks_LH_Default_PFC_2,7networks_lh_default_pfc,7Networks_LH_Default_PFC,default,prefrontal cortex,L,434.9566082345282,56171.59701536108,0.4087393541333094,-0.006272177413557456,-99.96124611122288,8627.804763212112,-89728.64708367187,0.008421015085160606,0.14922276993560235,9.772869335248576,0.0030349236775068637,0.5864049491895005,0.0265495892268258,0.028274289989217116
168,7Networks_LH_Default_PFC_3,7networks_lh_default_pfc,7Networks_LH_Default_PFC,default,prefrontal cortex,L,-1532.0646284678476,134945.27218340145,1.8593706725716017e-05,0.3058626068710808,-25.92576976196109,592.8177957100754,97104.84617953902,5.609499304775971e-05,0.3126129037569624,1.4713708655475812,0.2311910104183023,0.0006029673466767908,0.00115042029579971,0.4314574003881452
169,7Networks_LH_Default_PFC_4,7networks_lh_default_pfc,7Networks_LH_Default_PFC,default,prefrontal cortex,L,549.7930940594345,40844.63744523423,0.3984334254648567,-0.005624513850158497,-116.44061587041514,10093.294420932929,-129108.36873910867,0.014274951072084239,0.12989937047015265,8.476315068166258,0.005486439426506584,0.5797717152597595,0.03834809341258133,0.037176768651253564
170,7Networks_LH_Default_PFC_5,7networks_lh_default_pfc,7Networks_LH_Default_PFC,default,prefrontal cortex,L,-119.76120372664059,115737.63806231742,0.8002047993324279,-0.019457814189824063,50.211326657832586,-4235.093804821623,189024.48772566387,0.2666514053358135,0.014468971989608836,2.6523941817442354,0.1100796818982017,0.8649832830879103,0.3478728104093659,0.2730938556381616
171,7Networks_LH_Default_PFC_6,7networks_lh_default_pfc,7Networks_LH_Default_PFC,default,prefrontal cortex,L,-1794.7324380820737,139352.67974524308,0.00032282360640786947,0.22242595261169995,-26.023563819120653,338.1652109148432,101369.51665709943,0.0011739896517753636,0.2176464012883379,0.7067586013547237,0.4047787178113652,0.004236821290852758,0.007233426107617621,0.5877822419284724
172,7Networks_LH_Default_PFC_7,7networks_lh_default_pfc,7Networks_LH_Default_PFC,default,prefrontal cortex,L,848.8969935301907,65383.137737003795,0.09127702261678954,0.0386436690993901,-15.387530040666562,2110.0627153247087,42923.99005374576,0.21903292980042674,0.02268448605833051,0.21617862906801538,0.6441141540302059,0.2098693263986278,0.2968386571026679,0.7735720400631672
173,7Networks_LH_Default_PFC_8,7networks_lh_default_pfc,7Networks_LH_Default_PFC,default,prefrontal cortex,L,457.17716843076334,70004.27020686635,0.3406843865342143,-0.001509082167108211,-2.42428079649828,655.8718148404578,66465.86733841697,0.6363615236267006,-0.02269279691637771,0.005744138385600926,0.9399077913556568,0.5183919302057465,0.6895182141444441,0.9720230917436634
174,7Networks_LH_Default_PFC_9,7networks_lh_default_pfc,7Networks_LH_Default_PFC,default,prefrontal cortex,L,1939.5638999756231,-20058.543548001595,0.00017093492265381956,0.24170523498476648,72.00940420870592,-3962.344463150449,85044.0843222672,6.385589255623029e-05,0.3088120850637419,5.660279403305084,0.02146622725895452,0.00277158767445836,0.0011936063825184198,0.0818963628198769
175,7Networks_LH_Default_PFC_10,7networks_lh_default_pfc,7Networks_LH_Default_PFC,default,prefrontal cortex,L,829.7551235379967,72198.16800996529,0.10708618890689284,0.03346959762555968,-14.71036563897681,2035.4202855172916,50727.3878725838,0.25203064286421817,0.01683105597844914,0.1876777598420603,0.6668382446628716,0.22953488165023164,0.33069916722645964,0.7843123395775744
176,7Networks_LH_Default_PFC_11,7networks_lh_default_pfc,7Networks_LH_Default_PFC,default,prefrontal cortex,L,107.84988526571283,79669.89041475012,0.7942133064303747,-0.01937221560080893,-54.96808346756552,4613.047436712991,-559.7696542179765,0.12344295002258678,0.04624415338722221,4.302297671475485,0.04356365827164175,0.8605557067288547,0.18806409164514898,0.13639931624362314
177,7Networks_LH_Default_PFC_12,7networks_lh_default_pfc,7Networks_LH_Default_PFC,default,prefrontal cortex,L,268.8390857734623,33054.329084269004,0.5845369471680509,-0.014428942797556132,-21.327299993723123,2016.8298041946032,1925.68277272446,0.698274302058244,-0.026741303652464854,0.4243990000857489,0.5179230534406063,0.7231056512651094,0.7441702655738094,0.677628433031802
178,7Networks_LH_Default_PFC_13,7networks_lh_default_pfc,7Networks_LH_Default_PFC,default,prefrontal cortex,L,-1694.5877767567886,134686.08859235415,0.0025342246375435356,0.15738714283562583,59.641997792025975,-6582.8604882222135,221737.64481973727,0.002636663802044051,0.19024083650850288,2.947464588728512,0.0925967311145103,0.016056713648393058,0.011299817964213471,0.24299951402305014
179,7Networks_LH_Default_PFC_14,7networks_lh_default_pfc,7Networks_LH_Default_PFC,default,prefrontal cortex,L,526.1833174698675,63389.945986832856,0.37763661716985997,-0.004242426747284034,-126.21172569227987,10870.52719273533,-120824.66020339952,0.002366430195913891,0.19395826640812464,12.802904086696667,0.0008156750704048113,0.5572526900747828,0.010852114231766732,0.011241098224760852
180,7Networks_LH_Default_PFC_15,7networks_lh_default_pfc,7Networks_LH_Default_PFC,default,prefrontal cortex,L,-1191.8003937594283,138485.09314643813,0.04400378736951682,0.06271495385398129,74.0058228450851,-7257.335716111452,246501.62993344085,0.020239794857828862,0.1168755958053429,3.9437651154438447,0.05289560342908134,0.12318602317057475,0.049402510029324206,0.1556266837121535
181,7Networks_LH_Default_PFC_16,7networks_lh_default_pfc,7Networks_LH_Default_PFC,default,prefrontal cortex,L,-346.8999395909916,95600.58700221256,0.5185507996595919,-0.011916073444063757,-51.17666519836296,3847.5520441487574,20904.760018344958,0.2882624492255623,0.011195394613947252,2.1219106997902997,0.1518540118827737,0.67670690511369,0.368651132249029,0.3439199745363629
182,7Networks_LH_Default_PFC_17,7networks_lh_default_pfc,7Networks_LH_Default_PFC,default,prefrontal cortex,L,330.6840584771851,84811.0279412367,0.4428199501981537,-0.008254747286336572,-55.01631349271149,4839.834554569556,4510.972867049677,0.11145895566949757,0.05037984654206218,3.9637750352228647,0.05232087917088837,0.6148020103668556,0.1721168907277275,0.1556266837121535
183,7Networks_LH_Default_PFC_18,7networks_lh_default_pfc,7Networks_LH_Default_PFC,default,prefrontal cortex,L,-523.3181982345941,133971.8227639346,0.3264395487386642,-0.00034776377267187186,-1.685567872539032,-385.16864356356564,131511.62169986,0.6203281064415682,-0.021582873068638708,0.0022490851430664914,0.9623758344275188,0.5057521543060182,0.6778566552208328,0.9810194100184448
184,7Networks_LH_Default_PFC_19,7networks_lh_default_pfc,7Networks_LH_Default_PFC,default,prefrontal cortex,L,1604.3928820059061,38305.76988762175,0.0028918849108665696,0.15309811046387833,67.81115141367442,-3953.4256562731,137280.76198489254,0.0016345519310667367,0.20655021947103092,4.233602548396769,0.04520233956292651,0.0175055433271123,0.009049836301271933,0.13969586745726817
185,7Networks_LH_Default_PFC_20,7networks_lh_default_pfc,7Networks_LH_Default_PFC,default,prefrontal cortex,L,1125.3638338253672,47305.29346599583,0.029306403419146167,0.07628933166538321,-68.96942274421481,6778.114573357915,-53360.274493751225,0.010688306279159624,0.14054725174657723,4.588772239271311,0.03739377190258191,0.09569929111781914,0.031509682147652394,0.12002933148423665
186,7Networks_LH_Default_PFC_21,7networks_lh_default_pfc,7Networks_LH_Default_PFC,default,prefrontal cortex,L,365.8589856019121,123900.0909685449,0.4657833618256969,-0.009465343255673941,31.411847597334585,-2208.6637183858684,169747.8210674009,0.4932632281401602,-0.01166737082924274,0.8955216639589134,0.3488254338993666,0.6302657253839286,0.5771688288031772,0.541038038449001
187,7Networks_LH_Default_PFC_22,7networks_lh_default_pfc,7Networks_LH_Default_PFC,default,prefrontal cortex,L,-299.1086702080081,105927.1682537549,0.5380464183120022,-0.012717392559863816,-27.263408897312523,1935.4069843309626,66134.36686486611,0.5812004084933863,-0.018754493781529824,0.7155537861096146,0.40189245368091486,0.6842383022791289,0.6467279055294053,0.5877822419284724
188,7Networks_LH_Default_PFC_23,7networks_lh_default_pfc,7Networks_LH_Default_PFC,default,prefrontal cortex,L,1775.1065880127649,40520.543978657544,0.0014316452976685138,0.17578173909131634,-67.31573419432699,7292.32060994796,-57731.35295878169,0.0009904949043532882,0.22328418613997847,3.9355877885430965,0.053132458095559006,0.010832782752358421,0.006698420787001142,0.1556266837121535
189,7Networks_LH_Default_PFC_24,7networks_lh_default_pfc,7Networks_LH_Default_PFC,default,prefrontal cortex,L,512.9413841565736,82893.86260896534,0.23747019538559852,0.00872007062252933,-20.046285452208764,2155.939837762753,53634.94423271865,0.39351692255968174,-0.0019882359932059668,0.48702120534799026,0.4886974264600705,0.41626049693074024,0.47769166535319657,0.6603233083716429
190,7Networks_LH_Default_pCunPCC_1,7networks_lh_default_pcunpcc,7Networks_LH_Default_pCunPCC,default,precuneus posterior cingulate cortex,L,-1278.484283902336,154989.79839940695,0.015967678601365998,0.09661049648039577,19.030183588881975,-2838.202780524249,182765.64692952434,0.04855094255857336,0.08337491182788914,0.3069052205551029,0.5822118633943993,0.060411050708501356,0.09261398286383322,0.7404038822998804
191,7Networks_LH_Default_pCunPCC_2,7networks_lh_default_pcunpcc,7Networks_LH_Default_pCunPCC,default,precuneus posterior cingulate cortex,L,341.3661179928399,91736.01274187914,0.51212149056578,-0.011640139101548153,-112.73656059553579,9581.282169519101,-72810.67259528406,0.002135529586602719,0.1974720583156132,13.50720997322133,0.0006084555098570748,0.6739221933822149,0.010425058412017574,0.009865671481253998
192,7Networks_LH_Default_pCunPCC_3,7networks_lh_default_pcunpcc,7Networks_LH_Default_pCunPCC,default,precuneus posterior cingulate cortex,L,-1104.5007706496935,114460.95236186212,0.019546754672047004,0.08984486824605664,-68.11920572921122,4478.565974598208,15036.334018609532,0.005081179608848729,0.1673170116239293,5.465880694152491,0.02369911216896362,0.06987580016621528,0.019064921838159693,0.08747477174560556
193,7Networks_LH_Default_pCunPCC_4,7networks_lh_default_pcunpcc,7Networks_LH_Default_pCunPCC,default,precuneus posterior cingulate cortex,L,158.64489219679763,135799.14453017106,0.7517898497732963,-0.018685882899738493,76.7721843522072,-6133.622095188781,247853.3742717643,0.05963642029121266,0.07531815404580189,5.879725705796375,0.019213677874058276,0.8358950768970975,0.10576146411019745,0.07624528354133392
194,7Networks_LH_Default_pCunPCC_5,7networks_lh_default_pcunpcc,7Networks_LH_Default_pCunPCC,default,precuneus posterior cingulate cortex,L,-285.33341908054854,105012.0830327716,0.536569915596033,-0.012658519173617044,-39.462146273158666,2948.993731321075,47414.3939491492,0.360317395262776,0.0017627686244454654,1.6934441959784838,0.19949075583451092,0.6842383022791289,0.4445220039383161,0.3999188708714303
195,7Networks_LH_Default_pCunPCC_6,7networks_lh_default_pcunpcc,7Networks_LH_Default_pCunPCC,default,precuneus posterior cingulate cortex,L,-770.0581666009602,85615.0898052644,0.15977361047977715,0.02076598139326935,-99.70065592633976,7401.431953153171,-59904.80517785336,0.006183209638341598,0.16033253198616848,8.97838987891908,0.004351990280557492,0.30866901769284605,0.021593670583131424,0.03239022274382134
196,7Networks_LH_Default_pCunPCC_7,7networks_lh_default_pcunpcc,7Networks_LH_Default_pCunPCC,default,precuneus posterior cingulate cortex,L,-2084.1965736893226,173702.45429881237,3.0351475384327634e-05,0.29211098729409335,-16.2578649337627,-751.6979914061982,149972.9935863475,0.00015911818766539383,0.2814296744082275,0.2864956981081535,0.594998649157271,0.0008612231140302965,0.0020767143240319236,0.7455969792495051
197,7Networks_LH_Default_pCunPCC_8,7networks_lh_default_pcunpcc,7Networks_LH_Default_pCunPCC,default,precuneus posterior cingulate cortex,L,-2374.2330795747466,153399.93116198265,7.723243636821442e-06,0.3299239553369151,25.114925524914412,-4432.658511969256,190056.87479928718,3.697763327704489e-05,0.32469512265797773,0.628339766215143,0.43194815628254735,0.0003644266113169631,0.0009326580837654654,0.6061898467643709
198,7Networks_LH_Default_pCunPCC_9,7networks_lh_default_pcunpcc,7Networks_LH_Default_pCunPCC,default,precuneus posterior cingulate cortex,L,1762.2971449808697,-11142.718963901578,0.0005484586462061412,0.2060606147467836,30.014269640849776,-697.6797282208645,32665.15095982689,0.0017466669622083497,0.20430714070275335,0.8942220567521648,0.3491721261355888,0.006253585960492002,0.009220776753983613,0.541038038449001
199,7Networks_LH_Default_pCunPCC_10,7networks_lh_default_pcunpcc,7Networks_LH_Default_pCunPCC,default,precuneus posterior cingulate cortex,L,1342.1463749052664,55460.10235723696,0.02745057452253632,0.07847828517623856,66.28724958186288,-4090.772796900923,152210.8559831613,0.021504860102821398,0.11459425895776398,2.9579348327610733,0.0920364812861225,0.09136257756511308,0.05084484921181399,0.24293350292964894
200,7Networks_LH_Default_pCunPCC_11,7networks_lh_default_pcunpcc,7Networks_LH_Default_pCunPCC,default,precuneus posterior cingulate cortex,L,360.22550498320754,41672.671178232966,0.45027874397797885,-0.0086583973760892,-110.63126527287758,9427.591037473983,-119801.19230620295,0.0007139907163724372,0.23402816759680267,16.20807244588984,0.00020532931234246133,0.623251676115861,0.0056899231089548195,0.005483500459028085
201,7Networks_RH_Vis_1,7networks_rh_vis,7Networks_RH_Vis,visual,visual,R,-2188.6471408410416,201643.4875049661,9.411330092634475e-06,0.32457655606141267,8.811465071094588,-2910.8369709881636,214504.42066412378,5.828120441276064e-05,0.3114936559955789,0.08791079613351062,0.7681564333807696,0.0003884312601869138,0.00115042029579971,0.8448763685620573
202,7Networks_RH_Vis_2,7networks_rh_vis,7Networks_RH_Vis,visual,visual,R,-1719.4971763607502,209097.49403514003,0.0005741697506520738,0.20463368632653356,-99.15075651270045,6406.923053093693,64380.21468358911,1.041044011052049e-05,0.36015374823943025,12.66680737955223,0.0008636373900024787,0.006253646397892458,0.0003635646007827925,0.011335836147921809
203,7Networks_RH_Vis_3,7networks_rh_vis,7Networks_RH_Vis,visual,visual,R,-1385.4284592119461,179983.01229130212,0.010385687377307443,0.11096597573798395,-37.668450584125864,1701.8869542598486,125003.34418130778,0.021580490036750666,0.11446197674595948,1.1894984111085396,0.2809907300552935,0.04641113139394837,0.05084484921181399,0.4765852921673166
204,7Networks_RH_Vis_4,7networks_rh_vis,7Networks_RH_Vis,visual,visual,R,-297.7057360171268,116803.10134445236,0.5984641633030431,-0.01489114028338534,-95.46074686992138,7526.280401528756,-22528.357716199578,0.028399952112831504,0.10405376232945662,7.372430716669702,0.009235166596811492,0.7369623473330615,0.06342334660089698,0.04913023922464443
205,7Networks_RH_Vis_5,7networks_rh_vis,7Networks_RH_Vis,visual,visual,R,-1120.9006800299285,158103.37095521498,0.017633466917008622,0.09329170641315421,-14.29465634298225,50.69284647872837,137239.34683698326,0.055320418600169334,0.0782694411113789,0.21770117358955632,0.6429527008226468,0.0656196227895239,0.10127205663095515,0.7735720400631672
206,7Networks_RH_Vis_6,7networks_rh_vis,7Networks_RH_Vis,visual,visual,R,-1344.0242028779178,151444.0549187918,0.005114331741426895,0.13443260299241255,-15.514551791777834,-72.4477473268471,128799.51034209607,0.018240618576266174,0.12077524859450961,0.2543965464445821,0.6163527153501287,0.026998914076835006,0.04705250473650479,0.7501987473698618
207,7Networks_RH_Vis_7,7networks_rh_vis,7Networks_RH_Vis,visual,visual,R,1186.5490217530337,58548.76844544291,0.04379798646618449,0.06287111453219751,48.129386003503825,-2758.1472146290744,128796.88398448486,0.06071724734600838,0.0746111384453152,1.608956052143231,0.2108855414360407,0.12318602317057475,0.10714132566748578,0.40915399919642087
208,7Networks_RH_Vis_8,7networks_rh_vis,7Networks_RH_Vis,visual,visual,R,-337.59878261684185,126928.06329617392,0.5305827819952704,-0.012416782353071643,-132.47633318399136,10520.193853311552,-66430.16402507595,0.00027807146388036,0.2641560399364541,19.041182900720973,6.959546896134556e-05,0.6842383022791289,0.0027444444478626835,0.0028610655473983175
209,7Networks_RH_Vis_9,7networks_rh_vis,7Networks_RH_Vis,visual,visual,R,-1453.8760579582013,157890.42527863078,0.0006468371415547975,0.200912905824442,-14.447271412532675,-269.7741630604942,136803.6490762977,0.0027374068700224893,0.18894775109903494,0.29187370160456433,0.5915733059389074,0.006384001353606046,0.011401676321011103,0.7447033456104312
210,7Networks_RH_Vis_10,7networks_rh_vis,7Networks_RH_Vis,visual,visual,R,511.4956661841052,83095.63424246918,0.3245339191505381,-0.00018739985893367894,-18.156748947721283,1999.62724620881,56594.62303488678,0.5388997735433021,-0.015483872832126933,0.2769646841701752,0.6011724050102165,0.5045835592272064,0.6209657289052263,0.7477596489716117
211,7Networks_RH_Vis_11,7networks_rh_vis,7Networks_RH_Vis,visual,visual,R,-1799.3801275283981,171004.24942925616,0.0001964023133913782,0.2375274513692558,-64.47661614843244,3485.139085678776,76896.23856803525,9.316973268239256e-05,0.2976105125685332,5.105965406902128,0.028520086118997416,0.003066486506680012,0.0015412502348608834,0.09960091613865252
212,7Networks_RH_Vis_12,7networks_rh_vis,7Networks_RH_Vis,visual,visual,R,-1441.515236193126,152073.06585502657,1.817387300473828e-05,0.3064977142692088,-37.404988844281974,1624.2067887089988,97477.93809091006,1.9778191494516868e-05,0.34243914907602135,3.6236185872422984,0.0630983604636596,0.0006029673466767908,0.0005986199292340439,0.1790415978156341
213,7Networks_RH_Vis_13,7networks_rh_vis,7Networks_RH_Vis,visual,visual,R,233.226909824632,125126.99687358204,0.5765540941626787,-0.014153895255532234,26.194885728592595,-1913.712324731865,163360.2159522583,0.5498067327470626,-0.016350091876405015,0.8962784195677452,0.34862377633789543,0.7171385171228934,0.6223640657602008,0.541038038449001
214,7Networks_RH_Vis_14,7networks_rh_vis,7Networks_RH_Vis,visual,visual,R,358.64890627724935,108070.01600067104,0.4604314114170075,-0.009191587177987737,110.09053857533502,-8664.398533966201,268754.6520571634,0.001040444935193263,0.22165637031649676,15.236259586580026,0.00030154397264971385,0.6302657253839286,0.006845826095329586,0.006845048179148504
215,7Networks_RH_Vis_15,7networks_rh_vis,7Networks_RH_Vis,visual,visual,R,-1139.0950429545342,147584.29322743905,0.011300510672386063,0.10815344134115024,0.3050808231948352,-1164.0995417644385,148029.579458909,0.041817268375640204,0.08918011092186484,0.00010982297777911785,0.9916829627248,0.048400300427012,0.08325607294568697,0.9938721083378791
216,7Networks_RH_Vis_16,7networks_rh_vis,7Networks_RH_Vis,visual,visual,R,-1388.7024304847089,150624.08260485518,0.031151210951308933,0.07424733815602858,19.50543767292873,-2987.3728679547335,179093.59682611784,0.090262911132645,0.05886524680548455,0.21547856742093346,0.644649861788076,0.09822541966525215,0.1448033980714517,0.7735720400631672
217,7Networks_RH_Vis_17,7networks_rh_vis,7Networks_RH_Vis,visual,visual,R,-582.2068829047353,141408.0218116737,0.2517009806450101,0.007013542027398012,88.6129094984089,-7844.942596337563,270744.59602522495,0.012681531330301962,0.13427068401380327,8.055719036601102,0.006677686228444879,0.4344952289461392,0.035106190389982264,0.041529719831698286
218,7Networks_RH_Vis_18,7networks_rh_vis,7Networks_RH_Vis,visual,visual,R,367.1191538366645,73294.0850575679,0.5450383900650564,-0.012992260481893059,-55.28873168753536,4898.597111737197,-7403.5829182989255,0.3232568623514688,0.006362636704491331,1.934984028645229,0.17076475531055352,0.6911939360042894,0.41077455053810646,0.3727269178413043
219,7Networks_RH_Vis_19,7networks_rh_vis,7Networks_RH_Vis,visual,visual,R,-1130.2167740746618,141832.05924158925,0.018445882845743066,0.09178471239860708,-17.482425779636998,302.6471143353533,116315.2686060027,0.05477342309791934,0.07865911257655323,0.3161827505338722,0.5765829377152147,0.06747097664167456,0.10108591092055033,0.7373764893597394
220,7Networks_RH_Vis_20,7networks_rh_vis,7Networks_RH_Vis,visual,visual,R,-0.9610287682821763,136173.57720325072,0.9978836176216725,-0.020833182135239436,56.74966443170277,-4652.17739133287,219003.5759800863,0.05468504712959864,0.07872241968282001,6.18700225573887,0.01647496827424727,0.9978836176216725,0.10108591092055033,0.06925588515285427
221,7Networks_RH_Vis_21,7networks_rh_vis,7Networks_RH_Vis,visual,visual,R,-719.3368778081224,141098.17142606064,0.18748737347688907,0.01582469666554953,69.19922158917429,-6390.921986820609,242099.14644481786,0.06338227335529957,0.07291804271398661,3.956028416675918,0.0525425625788512,0.35028505168110136,0.11025115748393105,0.1556266837121535
222,7Networks_RH_Vis_22,7networks_rh_vis,7Networks_RH_Vis,visual,visual,R,-421.5874831949327,111767.49508312892,0.40945015174685384,-0.0063159813992976765,26.906121929651576,-2626.8198105677848,151038.81181848195,0.5222113926532701,-0.014125454128642412,0.6303665493431203,0.4312114122247884,0.5864049491895005,0.6063528702419044,0.6061898467643709
223,7Networks_RH_Vis_23,7networks_rh_vis,7Networks_RH_Vis,visual,visual,R,-1992.4940641701253,198846.99239346277,0.0010239321189779722,0.18645171574249775,-57.068899916290384,2684.886916710747,115551.04769319526,0.001553875474980473,0.2082573901271495,2.3219856521696802,0.1342580965917762,0.008608614481777766,0.008777541432674039,0.31581956400345285
224,7Networks_RH_Vis_24,7networks_rh_vis,7Networks_RH_Vis,visual,visual,R,-1862.1691217204122,142150.79989523752,0.0009086719323364699,0.1902297794368485,-25.64809131565965,239.9547091530038,104715.66448820624,0.003324810285279776,0.18221056968123384,0.5293139602948169,0.4705042974884054,0.008146863382541072,0.013598773599252417,0.643400454999205
225,7Networks_RH_Vis_25,7networks_rh_vis,7Networks_RH_Vis,visual,visual,R,-367.7468091940027,98079.45791952472,0.511483424035609,-0.011612429292885196,-30.29973235906168,2115.62665814001,53854.93572415547,0.5809700254392639,-0.01873730643941518,0.6642960841114787,0.4191583773584381,0.6739221933822149,0.6467279055294053,0.59842107962494
226,7Networks_RH_Vis_26,7networks_rh_vis,7Networks_RH_Vis,visual,visual,R,13.913426552100645,89749.39716679353,0.9729542802947313,-0.020808632291981155,14.118438171770592,-1143.2372155882545,110356.21886713945,0.8756241297561778,-0.03667746251997395,0.26524509456192663,0.6089532200202636,0.9909105011336727,0.8970097807095776,0.7482343231435891
227,7Networks_RH_Vis_27,7networks_rh_vis,7Networks_RH_Vis,visual,visual,R,913.5036006234793,57375.08244994335,0.0832169857133764,0.04165849328640647,-89.99516117536783,8289.52899922786,-73978.98219035122,0.006106072292049143,0.16078096476992054,7.813332862071073,0.007486203892989443,0.19677349746808795,0.021593670583131424,0.04413943594048321
228,7Networks_RH_Vis_28,7networks_rh_vis,7Networks_RH_Vis,visual,visual,R,-172.89690015467136,85573.91835978278,0.7061081786880434,-0.017782126088042416,13.410371529611425,-1272.014227300534,105147.26859045072,0.8470465611503821,-0.03521473956661314,0.1916986737247483,0.6635121874226939,0.8136373429552582,0.8779889012837294,0.7824273586750727
229,7Networks_RH_Vis_29,7networks_rh_vis,7Networks_RH_Vis,visual,visual,R,-1182.4370897457834,159178.26217102198,0.04422758100617552,0.06254598096025965,105.85310212877133,-9858.183203488785,313678.0712474667,0.0022098393068867243,0.19630309813978852,8.988511103821688,0.004331851702421266,0.12318602317057475,0.010560705740279714,0.03239022274382134
230,7Networks_RH_Vis_30,7networks_rh_vis,7Networks_RH_Vis,visual,visual,R,11.339467441969191,105684.33305428395,0.978093199873599,-0.020817129392603162,-11.290741698373878,936.7314157269129,89204.7268675119,0.9195985674875645,-0.038841314233985846,0.16718669104500178,0.6844815120289007,0.9926941309277697,0.93399943990907,0.7887172752820328
231,7Networks_RH_SomMot_1,7networks_rh_sommot,7Networks_RH_SomMot,somatomotor,somatomotor,R,1064.2693692840044,15343.49531023269,0.033039968072946874,0.07227913387078022,-85.6562254085924,8084.674532303877,-109677.59718205342,0.0025584072429561612,0.1912783690758647,8.062953520010268,0.0066550260374596115,0.1027407226377937,0.011299817964213471,0.041529719831698286
232,7Networks_RH_SomMot_2,7networks_rh_sommot,7Networks_RH_SomMot,somatomotor,somatomotor,R,-468.4684367994661,112643.4021741286,0.33424073226155193,-0.0009917844624089955,-81.07322494097879,6176.312888122515,-5688.489123259587,0.02161466056801784,0.11440235553457823,7.254441567760585,0.009773467826219098,0.5126530150227858,0.05084484921181399,0.05042220901253943
233,7Networks_RH_SomMot_3,7networks_rh_sommot,7Networks_RH_SomMot,somatomotor,somatomotor,R,914.3198548105397,60787.57845631885,0.04005200904477619,0.06585167871182074,7.298640392727947,316.12150493332956,71440.44100372263,0.12042922324166133,0.0472467695772385,0.06267897085620634,0.803401922834408,0.11656161606620763,0.18409046246368432,0.8746094497980365
234,7Networks_RH_SomMot_4,7networks_rh_sommot,7Networks_RH_SomMot,somatomotor,somatomotor,R,1001.5772640513087,16115.337365472406,0.04150071192723773,0.0646667022791797,32.955352370620446,-1699.4514682821755,64215.917763332865,0.07537140885401312,0.06605826967448958,1.0715197027887375,0.30589930076667576,0.11884229546979035,0.12673562822119244,0.49777162203609604
235,7Networks_RH_SomMot_5,7networks_rh_sommot,7Networks_RH_SomMot,somatomotor,somatomotor,R,-855.5396079153104,110025.84051155468,0.1457982811955823,0.023633174328319906,50.07465732527937,-4959.670757121578,183113.2119795391,0.15148696089533917,0.037899205512646805,1.711744030117524,0.1971215928650954,0.2928868126672317,0.2218550975693032,0.3999188708714303
236,7Networks_RH_SomMot_6,7networks_rh_sommot,7Networks_RH_SomMot,somatomotor,somatomotor,R,246.86291944441555,47367.757265302374,0.7000842995419436,-0.01764953560573801,-125.67812224647638,10547.472525915575,-136068.01836785398,0.008126345043948652,0.15051132232207376,10.501858462197497,0.002193805409535882,0.8128856061177555,0.026542162949299914,0.022133059020650898
237,7Networks_RH_SomMot_7,7networks_rh_sommot,7Networks_RH_SomMot,somatomotor,somatomotor,R,-782.6258206822286,119506.13521489332,0.15475837411792107,0.02176196722939605,-102.13097013220644,7588.053445187564,-29560.968808403682,0.00501178975544039,0.16780408975605687,9.423523589805752,0.003552979182864064,0.300257700211693,0.018961271241416142,0.028483727154126004
238,7Networks_RH_SomMot_8,7networks_rh_sommot,7Networks_RH_SomMot,somatomotor,somatomotor,R,-1535.5982236286752,160803.81066928973,0.000600838488213014,0.203217684901577,52.36254081227048,-5827.244862431194,237230.50384651596,0.0004901759695183062,0.24618957785531426,3.7362992089057276,0.05927977625293645,0.00634373659648159,0.0042796132723329034,0.17033555961286803
239,7Networks_RH_SomMot_9,7networks_rh_sommot,7Networks_RH_SomMot,somatomotor,somatomotor,R,-1407.1566827088845,157725.6388534472,0.03662292446213386,0.06883909635044794,-38.50920893028437,1749.0674902379765,101518.82669808622,0.07843147886086144,0.06447529526520668,0.7761016346960526,0.38281898575474094,0.10945999541392155,0.12995580803952952,0.5698354738775488
240,7Networks_RH_SomMot_10,7networks_rh_sommot,7Networks_RH_SomMot,somatomotor,somatomotor,R,-1019.9290729785746,152736.24106582935,0.106693589223915,0.03358801700934433,7.344082674909494,-1621.8518834063348,163455.42971780343,0.27174503898290114,0.013675108601756136,0.030928234803822216,0.8611561357689322,0.22953488165023164,0.3524921362806775,0.9167363609594922
241,7Networks_RH_SomMot_11,7networks_rh_sommot,7Networks_RH_SomMot,somatomotor,somatomotor,R,-820.6339687699225,99492.84464375558,0.13428176585726576,0.02623210238447249,-35.743923957117616,2108.946772129375,47322.15416838626,0.20196457004977655,0.026052686042449924,0.9911576485774338,0.3245577707579167,0.2721603647285654,0.28040340918225853,0.5169851174849445
242,7Networks_RH_SomMot_12,7networks_rh_sommot,7Networks_RH_SomMot,somatomotor,somatomotor,R,-533.4554549154259,112409.83047914007,0.19750813179163537,0.014237593142565008,12.13539351551458,-1528.0752725083485,130122.26349724458,0.39884021957280613,-0.0025613158950144044,0.19571240080817576,0.6602333916767716,0.36442931073770934,0.4828625591628106,0.7824273586750727
243,7Networks_RH_SomMot_13,7networks_rh_sommot,7Networks_RH_SomMot,somatomotor,somatomotor,R,249.86705277287956,77906.98065330995,0.6498730895062587,-0.016414700063060783,-51.14859003557359,4442.017989310758,3252.13128090158,0.3374053796753147,0.004549695193469594,2.0108902146642524,0.16277021042951384,0.7703456465687766,0.42550567325720245,0.35699360161835403
244,7Networks_RH_SomMot_14,7networks_rh_sommot,7Networks_RH_SomMot,somatomotor,somatomotor,R,1073.3329948799608,65573.05758936888,0.06286714285039866,0.05087606003942813,-2.1740401979054127,1251.5178606872687,62399.89791104145,0.18027580799788906,0.03074960659229875,0.0032815338194705558,0.9545612808165664,0.1585649047448944,0.25417769202186846,0.9782637053966617
245,7Networks_RH_SomMot_15,7networks_rh_sommot,7Networks_RH_SomMot,somatomotor,somatomotor,R,641.305966838238,107951.63351276942,0.08265602588086698,0.04187958961190441,-2.138103558701374,816.5454569159328,104830.9258059398,0.22452298031468285,0.021654394451401715,0.0077030425666875825,0.9304347730744716,0.1964703442403854,0.3021341302096847,0.9656030010229277
246,7Networks_RH_SomMot_16,7networks_rh_sommot,7Networks_RH_SomMot,somatomotor,somatomotor,R,-53.65526596130917,86549.32517485906,0.9221680665771284,-0.020628212386960332,-84.41763756563435,6865.234934823468,-36663.964037098696,0.060964095711261504,0.07445135537979963,5.930933970172089,0.018725368191997733,0.9602392252890282,0.10714132566748578,0.075232895213867
247,7Networks_RH_SomMot_17,7networks_rh_sommot,7Networks_RH_SomMot,somatomotor,somatomotor,R,936.176310727406,75547.64926114723,0.03384407909018058,0.07147539470396302,12.694900762060115,-104.30085749775844,94076.72119705226,0.09785837088986318,0.055623993145236694,0.19431744422127004,0.6613683221388622,0.10452525106763252,0.15480034977002746,0.7824273586750727
248,7Networks_RH_SomMot_18,7networks_rh_sommot,7Networks_RH_SomMot,somatomotor,somatomotor,R,394.7859399761053,67090.04370967101,0.38505562060004883,-0.004747437075599992,39.78784145802408,-2866.235267354678,125163.10708905559,0.286466665510958,0.011458304619749615,1.7868920501907266,0.18774021889210732,0.5657451513023372,0.36738945237846027,0.3885212066084574
249,7Networks_RH_SomMot_19,7networks_rh_sommot,7Networks_RH_SomMot,somatomotor,somatomotor,R,902.8103400973171,90354.49564227968,0.07067299885982911,0.047017210839506496,52.58478716842285,-3407.0516643573046,167105.57250692858,0.05335195293906018,0.0796894385999356,2.7040627352084345,0.10676615616439239,0.17343535936412116,0.09967813429766798,0.2678001928101334
250,7Networks_RH_SomMot_20,7networks_rh_sommot,7Networks_RH_SomMot,somatomotor,somatomotor,R,-1126.5612459844845,122313.77502685411,0.010905871234098643,0.10933805943035124,14.736416925804825,-2334.361577797284,143822.57879094116,0.035494919912851815,0.09551125560203122,0.2662301351233473,0.6082909089383011,0.04715490990743604,0.07460506315016076,0.7482343231435891
251,7Networks_RH_SomMot_21,7networks_rh_sommot,7Networks_RH_SomMot,somatomotor,somatomotor,R,-53.84629664627505,87409.16122457362,0.8865998098007916,-0.020396383483926472,0.9342159772558034,-130.41486640070434,88772.71304515726,0.9893143257641234,-0.04207669052272922,0.001364537440612272,0.9706895809773608,0.9360844503478124,0.9893143257641234,0.9836392525402061
252,7Networks_RH_SomMot_22,7networks_rh_sommot,7Networks_RH_SomMot,somatomotor,somatomotor,R,-459.89578339705963,93795.9099754501,0.34140790117074493,-0.001566361522491455,78.38834239246349,-6884.623478640706,208209.0324054521,0.027069910020506065,0.10588056862720985,6.76819210747624,0.012370574542288588,0.5183919302057465,0.061757483162360564,0.05850250877290644
253,7Networks_RH_SomMot_23,7networks_rh_sommot,7Networks_RH_SomMot,somatomotor,somatomotor,R,147.210131171885,113486.41002758559,0.7310311342495392,-0.018297082285954946,19.18917896097068,-1425.5396649940421,141494.32312773308,0.7531168606800457,-0.030050039184355226,0.45231599469679085,0.5045303930562968,0.8255923754957483,0.7933063915284008,0.6668456931340302
254,7Networks_RH_SomMot_24,7networks_rh_sommot,7Networks_RH_SomMot,somatomotor,somatomotor,R,456.96255241574136,68893.39970639387,0.5216903453519637,-0.012048675433008249,156.1349733308383,-12339.898010504032,296783.0230111965,0.0018519341175193163,0.2023231868719949,13.899772465855687,0.000517702833177096,0.67670690511369,0.0095542964699292,0.009793211927600066
255,7Networks_RH_SomMot_25,7networks_rh_sommot,7Networks_RH_SomMot,somatomotor,somatomotor,R,-100.39366671240668,75342.19564850551,0.8440002319643793,-0.020001533556711415,-48.638859710803494,3886.05915920062,4350.468548495298,0.3482676062703688,0.0032065817627691118,2.117573124936049,0.15226412969561443,0.9080002495540953,0.4355743615612877,0.3439199745363629
256,7Networks_RH_SomMot_26,7networks_rh_sommot,7Networks_RH_SomMot,somatomotor,somatomotor,R,-390.7406041821014,122372.53278253935,0.4035752311538804,-0.005950604692724681,-36.763727626971274,2622.4234946687866,68713.36942239638,0.3503688192310039,0.002951403877558545,1.4285612687640021,0.23799555644767878,0.583513232305292,0.4369984723375708,0.4391719801539334
257,7Networks_RH_SomMot_27,7networks_rh_sommot,7Networks_RH_SomMot,somatomotor,somatomotor,R,560.2532150723196,94090.2731479021,0.28661255411443315,0.0032780380498255157,81.66183495000512,-6132.770730005452,213281.28082625638,0.03165814438056907,0.09990345943318324,6.152803079856842,0.016758010302470913,0.4666541902616445,0.0687693662620974,0.06979941905799811
258,7Networks_RH_SomMot_28,7networks_rh_sommot,7Networks_RH_SomMot,somatomotor,somatomotor,R,2018.6342529724163,41163.80739892837,4.098316404068931e-05,0.2835653482876197,-12.357909535483856,3031.4915379298072,23126.597100702857,0.00022363594769171034,0.2709462177462162,0.169172040895447,0.6827182256532995,0.0010336864708040525,0.0025382680063009123,0.7887172752820328
259,7Networks_RH_SomMot_29,7networks_rh_sommot,7Networks_RH_SomMot,somatomotor,somatomotor,R,-1335.7412053997552,121609.90118880777,0.0011159329074773162,0.1837219427231448,-36.05829789225072,1619.6057000345756,68980.36055241407,0.0019458153370258842,0.20064288612744974,2.016073128406709,0.1622405763346247,0.00888830771920529,0.009815557366775017,0.35699360161835403
260,7Networks_RH_SomMot_30,7networks_rh_sommot,7Networks_RH_SomMot,somatomotor,somatomotor,R,-118.2826113837043,86140.055292412,0.7431412426225124,-0.018528238446359868,44.615499253945416,-3774.979831218052,151259.41389372468,0.16164196386188787,0.03523914455408317,3.6751027153028506,0.06132106903136642,0.8330521583965941,0.23207973815005967,0.17509286377509659
261,7Networks_RH_SomMot_31,7networks_rh_sommot,7Networks_RH_SomMot,somatomotor,somatomotor,R,1707.3056358337794,53258.61229521256,0.0005509767366072249,0.20591802831668138,-84.7599931768973,8654.25538616599,-70454.36823908286,4.731226361213143e-05,0.3175755932158173,8.853709600473735,0.0046083530005202,0.006253585960492002,0.0011305140884161932,0.03374503648768017
262,7Networks_RH_SomMot_32,7networks_rh_sommot,7Networks_RH_SomMot,somatomotor,somatomotor,R,2055.0637916718088,38723.11947186294,5.977768427169613e-06,0.3367969919105175,-67.10870614205326,7555.309743859132,-59226.60592873393,1.5227512662815998e-06,0.41040944367870025,6.992968589794104,0.011088907123345981,0.0003392383582418755,7.886820118907849e-05,0.05472134602172908
263,7Networks_RH_SomMot_33,7networks_rh_sommot,7Networks_RH_SomMot,somatomotor,somatomotor,R,-1099.709897242488,154415.9650847586,0.046430744335959416,0.060927480125737565,48.1131518700642,-5043.075580081336,224640.38580081792,0.057217315545779565,0.07694612257974676,1.8329902041485926,0.18224948764203613,0.12842908379316334,0.10381546846851843,0.38306142309946484
264,7Networks_RH_SomMot_34,7networks_rh_sommot,7Networks_RH_SomMot,somatomotor,somatomotor,R,-629.7118862471175,118541.95568709403,0.27346441461996657,0.004616195959816327,140.31417131972498,-12129.89565081249,323340.04137045005,0.00020204758496353677,0.274088821317067,18.818551906882412,7.562287790480135e-05,0.4514648881362357,0.0023520411172678383,0.0028610655473983175
265,7Networks_RH_SomMot_35,7networks_rh_sommot,7Networks_RH_SomMot,somatomotor,somatomotor,R,350.7914398974085,94991.41594036526,0.4351824272710093,-0.007830585401172208,20.57589169508023,-1335.613670774037,125023.33068387683,0.5842785161408257,-0.0189835071683635,0.47463306220448703,0.4942505141363248,0.6097926604353032,0.6469815764095972,0.6633337332913618
266,7Networks_RH_SomMot_36,7networks_rh_sommot,7Networks_RH_SomMot,somatomotor,somatomotor,R,429.7104687369924,143534.63352764625,0.23976152336553083,0.008437207816796466,42.08381121798077,-3019.488981098012,204958.82108218272,0.10729353823103857,0.051917711407503786,3.201353403038852,0.08002239357004927,0.4186605061844269,0.1679698839892811,0.2194594537659817
267,7Networks_RH_SomMot_37,7networks_rh_sommot,7Networks_RH_SomMot,somatomotor,somatomotor,R,693.1820608249755,111053.67952108695,0.07631346787552305,0.04449435614012476,31.871454962216944,-1919.0101750852173,157572.2378592334,0.09711187863485467,0.055931670407761924,1.5815162606754405,0.214755265834658,0.18428890646535886,0.15415661853225182,0.4131308927497234
268,7Networks_RH_SomMot_38,7networks_rh_sommot,7Networks_RH_SomMot,somatomotor,somatomotor,R,2161.583412578936,38824.688667940616,1.1749774624988816e-05,0.31852763781551163,-24.776570269608527,4192.27716557774,2661.5975611082104,5.2976201311945706e-05,0.3142841088332148,0.7029536667093307,0.4060369019146044,0.00044453313997874354,0.00115042029579971,0.5877822419284724
269,7Networks_RH_SomMot_39,7networks_rh_sommot,7Networks_RH_SomMot,somatomotor,somatomotor,R,953.5715381141702,82522.10107545233,0.031155199188978657,0.07424305676621756,-35.697158562566244,3879.3193758497664,30419.667877237487,0.04633605558442138,0.08519438745604457,1.5746181111087643,0.2157416675403462,0.09822541966525215,0.08951731589500982,0.41327728718699236
270,7Networks_RH_SomMot_40,7networks_rh_sommot,7Networks_RH_SomMot,somatomotor,somatomotor,R,444.05341723471065,123559.87157814547,0.34578050172490427,-0.0019091491458269605,83.86971385623953,-6429.928822452841,245973.42883338526,0.01346525148098297,0.13205875419741409,8.40886481841213,0.005661211239619644,0.5232811592770218,0.03659350279132134,0.03724912902590317
271,7Networks_RH_DorsAttn_Post_1,7networks_rh_dorsattn_post,7Networks_RH_DorsAttn_Post,dorsal attention,posterior,R,-1371.7649501489136,149777.2005615937,0.006637932230292253,0.12582580403143917,-45.51881070137775,2358.9678966247134,83339.39740496402,0.009624821501719219,0.14437169144706508,2.040408068610523,0.15978068961416306,0.03348468036169648,0.029131126411870167,0.35559035825897073
272,7Networks_RH_DorsAttn_Post_2,7networks_rh_dorsattn_post,7Networks_RH_DorsAttn_Post,dorsal attention,posterior,R,446.1248666576862,83040.05539671877,0.3780480804912624,-0.004270794322940974,3.023288621666296,198.33539254069092,87452.75096668102,0.678132568260473,-0.02546329509703482,0.008019066094181949,0.9290259448114014,0.5572526900747828,0.7261136462034309,0.9656030010229277
273,7Networks_RH_DorsAttn_Post_3,7networks_rh_dorsattn_post,7Networks_RH_DorsAttn_Post,dorsal attention,posterior,R,58.09582868227835,100475.97381967386,0.908703094829266,-0.020550773142062884,110.33323664714113,-8984.843204825238,261514.8442349442,0.0024935305937120846,0.19216181132216592,13.638922246290118,0.000576275334060138,0.9514698689553251,0.01120854346084442,0.009865671481253998
274,7Networks_RH_DorsAttn_Post_4,7networks_rh_dorsattn_post,7Networks_RH_DorsAttn_Post,dorsal attention,posterior,R,329.45454999646427,130674.83368511534,0.4262056711999096,-0.007317549684210833,57.72848481383146,-4401.986170244246,214933.48744813225,0.07415218413207256,0.06670617998166417,4.807095844577858,0.033328892692603716,0.6009235239899346,0.12514903939018937,0.10964722668436296
275,7Networks_RH_DorsAttn_Post_5,7networks_rh_dorsattn_post,7Networks_RH_DorsAttn_Post,dorsal attention,posterior,R,483.5367260370158,105949.11568236974,0.3021489793171707,0.0017918532250984498,-133.85156492007764,11454.043691067749,-89416.35598399784,5.088251480835485e-06,0.3793513419361668,30.19986247076904,1.5481842449438667e-06,0.47991478117642894,0.000231006617229931,0.00023429188240150516
276,7Networks_RH_DorsAttn_Post_6,7networks_rh_dorsattn_post,7Networks_RH_DorsAttn_Post,dorsal attention,posterior,R,1834.9214406922267,21919.138177156106,5.896202118229092e-05,0.2730952893149251,-22.062084962539558,3643.135314688826,-10281.976820815762,0.00025062194463901493,0.2674032425287909,0.6270550709539893,0.4324161539970952,0.001338437880838004,0.002676914222909312,0.6061898467643709
277,7Networks_RH_DorsAttn_Post_7,7networks_rh_dorsattn_post,7Networks_RH_DorsAttn_Post,dorsal attention,posterior,R,-84.648928089739,149268.67539969942,0.7642137428277678,-0.01890168143764437,22.776169784520775,-1951.3893685694038,182512.04581051914,0.4572906526192757,-0.008412733500096525,1.499269281591482,0.22688589355403985,0.8421105544310912,0.5393864473635083,0.4262421337202957
278,7Networks_RH_DorsAttn_Post_8,7networks_rh_dorsattn_post,7Networks_RH_DorsAttn_Post,dorsal attention,posterior,R,1903.6096714372306,20270.134376526956,2.853167873652354e-05,0.2938592765763507,30.16497670311489,-568.7191894102489,64297.97151782541,9.505508056410735e-05,0.2970114745124377,1.2152318216392615,0.27591145374319426,0.0008612231140302965,0.0015412502348608834,0.4762882129255141
279,7Networks_RH_DorsAttn_Post_9,7networks_rh_dorsattn_post,7Networks_RH_DorsAttn_Post,dorsal attention,posterior,R,-1322.8566655521488,165837.565042956,0.009352749411453677,0.11445208501052051,-0.7104195227837451,-1264.630507886713,164800.65938381976,0.035395124227582876,0.09561961487664816,0.0004664173443198586,0.9828610967547875,0.04332804319183642,0.07460506315016076,0.9912745098343939
280,7Networks_RH_DorsAttn_Post_10,7networks_rh_dorsattn_post,7Networks_RH_DorsAttn_Post,dorsal attention,posterior,R,727.6363135985896,73181.28981514127,0.14935546263860783,0.022875564465380305,40.678455049897394,-2606.3798013272644,132554.26436517754,0.16859607446837196,0.033508332984556244,1.5280675523012979,0.22254504475213124,0.29620328382970995,0.23994551037191494,0.4221107655913607
281,7Networks_RH_DorsAttn_Post_11,7networks_rh_dorsattn_post,7Networks_RH_DorsAttn_Post,dorsal attention,posterior,R,-1062.6386545574487,158496.06457386716,0.05612106083398455,0.054631975540009425,-1.9907847160552024,-899.4734528176787,155590.37874740135,0.1642625300409989,0.034578687530881336,0.002966050152397654,0.9567983638986465,0.1472772347897629,0.2345131718195393,0.9783478765990664
282,7Networks_RH_DorsAttn_Post_12,7networks_rh_dorsattn_post,7Networks_RH_DorsAttn_Post,dorsal attention,posterior,R,768.6808843795766,71356.11522842002,0.07062323575883328,0.04704038778656594,-41.956215066749664,4207.422522483991,10118.162943398973,0.06280693593384246,0.07327770874158401,2.3589738994307834,0.13126931719956444,0.17343535936412116,0.10967057274601721,0.3120223560659804
283,7Networks_RH_DorsAttn_Post_13,7networks_rh_dorsattn_post,7Networks_RH_DorsAttn_Post,dorsal attention,posterior,R,-1331.2443828376936,138545.72641695652,0.01673520785003597,0.09504055896789265,-93.96755456651337,6370.359348686652,1393.6831802286401,0.0015387774017076885,0.20858627942020347,7.886656675244472,0.007231199918351331,0.0627916063133581,0.008777541432674039,0.04319690477541453
284,7Networks_RH_DorsAttn_Post_14,7networks_rh_dorsattn_post,7Networks_RH_DorsAttn_Post,dorsal attention,posterior,R,1321.151593155505,49153.08364007718,0.0038810582968678074,0.1434943452138394,20.91376008555386,-392.9452933511311,79678.14030169441,0.012519992164184875,0.1347428370550674,0.5145115121713438,0.4767422959331389,0.022303803376936514,0.0348716346168094,0.647257393210956
285,7Networks_RH_DorsAttn_Post_15,7networks_rh_dorsattn_post,7Networks_RH_DorsAttn_Post,dorsal attention,posterior,R,-1513.957464867259,158355.54597901067,0.0011523351424237846,0.1827018777001712,23.726003622212097,-3458.5465187586215,192985.2635409895,0.003880905019960943,0.1768108701861999,0.6564964837004353,0.4218832000172533,0.00902000266655859,0.01573152570591311,0.6004231122502602
286,7Networks_RH_DorsAttn_Post_16,7networks_rh_dorsattn_post,7Networks_RH_DorsAttn_Post,dorsal attention,posterior,R,-933.8770783569826,138751.5188486802,0.030316760236851537,0.07515547985008342,-18.552691279298116,586.7060319050456,111672.60285225553,0.0789912404439933,0.06419214262305084,0.4376621410589524,0.5114834803660742,0.09761566771298295,0.1304073569511744,0.6730826089455004
287,7Networks_RH_DorsAttn_Post_17,7networks_rh_dorsattn_post,7Networks_RH_DorsAttn_Post,dorsal attention,posterior,R,-114.04469291846681,94181.79560708102,0.8312783913977672,-0.019858248446751547,37.173779818871395,-3160.8167696061428,148439.4580578099,0.5675745389958724,-0.017726567160137874,1.100538499297481,0.299512636179049,0.8964379802721765,0.6355247060548488,0.49089796687829695
288,7Networks_RH_DorsAttn_Post_18,7networks_rh_dorsattn_post,7Networks_RH_DorsAttn_Post,dorsal attention,posterior,R,-1034.3783179252046,152383.4902332346,0.026184495616257745,0.08005862483766546,6.7651644344211945,-1588.8528479144666,162257.70830024173,0.08455419698671653,0.06147812514276585,0.04971422696903416,0.8245274937082114,0.08871463440135086,0.1376831419717252,0.884953858495338
289,7Networks_RH_DorsAttn_Post_19,7networks_rh_dorsattn_post,7Networks_RH_DorsAttn_Post,dorsal attention,posterior,R,-891.0353416442329,145856.66150396082,0.06546102263046051,0.04954132466861916,-74.54899869282379,5219.018805903652,37047.32258756183,0.010095209699401045,0.1426326118179685,6.211746848271854,0.01627336301450621,0.16419505123883466,0.03015279739163207,0.06925588515285427
290,7Networks_RH_DorsAttn_FEF_1,7networks_rh_dorsattn_fef,7Networks_RH_DorsAttn_FEF,dorsal attention,frontal eye fields,R,501.24570388013103,67449.97279972548,0.36701503085409737,-0.0034950903792181354,-61.47151849457886,5539.466379136789,-22271.893447501578,0.16204686562460113,0.03513643115376619,2.9218396190464584,0.09398409683039578,0.5481079737097375,0.23207973815005967,0.24522287333907866
291,7Networks_RH_DorsAttn_FEF_2,7networks_rh_dorsattn_fef,7Networks_RH_DorsAttn_FEF,dorsal attention,frontal eye fields,R,1496.1060306811564,44546.3597825132,0.0009404144531551524,0.189144784006395,53.65351880414747,-2901.3494797624953,122857.32322915962,0.0007143736061903628,0.2340106926959411,3.811479999215394,0.056873571282122795,0.008146863382541072,0.0056899231089548195,0.16551667539797274
292,7Networks_RH_DorsAttn_FEF_3,7networks_rh_dorsattn_fef,7Networks_RH_DorsAttn_FEF,dorsal attention,frontal eye fields,R,713.3504691367953,125847.2944658704,0.08609850273170545,0.04054681629813128,28.64480117276193,-1634.3844338158306,167656.33192648826,0.13402950072802197,0.042898903949840084,1.117960587181395,0.2957624261661747,0.2008517275248546,0.20215745292532217,0.48827687810706655
293,7Networks_RH_DorsAttn_PrCv_1,7networks_rh_dorsattn_prcv,7Networks_RH_DorsAttn_PrCv,dorsal attention,precentral ventral,R,471.7625338196999,62806.955751316505,0.4206585086817213,-0.006992439549352358,-147.09768366243338,12527.924627420674,-151892.1280203275,0.00016078249597093836,0.2811114378317593,20.236620029930293,4.4794868376476166e-05,0.5949734576249492,0.0020767143240319236,0.002542108780365022
294,7Networks_RH_SalVentAttn_TempOccPar_1,7networks_rh_salventattn_tempoccpar,7Networks_RH_SalVentAttn_TempOccPar,salience / ventral attention,temporal occipital parietal,R,601.629648374937,68509.6781430756,0.26972324791611585,0.005011462238179498,-10.759550883103017,1483.4850676535107,52805.38111486484,0.5238067351993838,-0.014257096918096845,0.08811006369922028,0.7679015918596213,0.450199832918811,0.6066537188278578,0.8448763685620573
295,7Networks_RH_SalVentAttn_TempOccPar_2,7networks_rh_salventattn_tempoccpar,7Networks_RH_SalVentAttn_TempOccPar,salience / ventral attention,temporal occipital parietal,R,-397.5551871355142,95321.3526447251,0.43680860082400996,-0.007921833668613765,-87.48275663091736,6772.5529211456305,-32365.686517486694,0.02158936468993981,0.11444648344506003,7.632777253605936,0.008155681784055364,0.6101880146895401,0.05084484921181399,0.046283494124514185
296,7Networks_RH_SalVentAttn_TempOccPar_3,7networks_rh_salventattn_tempoccpar,7Networks_RH_SalVentAttn_TempOccPar,salience / ventral attention,temporal occipital parietal,R,-2380.8723086363184,187110.5741426071,3.103359251126526e-06,0.3540930421329782,-67.53768506543331,3154.5328609244416,88534.72479828564,1.563466543395829e-06,0.409747055587236,5.525843828635395,0.022984887923010462,0.0002817850200022885,7.886820118907849e-05,0.08553392718890779
297,7Networks_RH_SalVentAttn_TempOccPar_4,7networks_rh_salventattn_tempoccpar,7Networks_RH_SalVentAttn_TempOccPar,salience / ventral attention,temporal occipital parietal,R,2224.118198697836,31426.21979137385,4.359917118712906e-06,0.345175645530849,16.008609311072718,912.0486681515231,54791.87495310366,2.5218104796307023e-05,0.3356049146329527,0.30855135262595146,0.5812050245737114,0.0003299003953159432,0.0007155637235952118,0.7404038822998804
298,7Networks_RH_SalVentAttn_TempOccPar_5,7networks_rh_salventattn_tempoccpar,7Networks_RH_SalVentAttn_TempOccPar,salience / ventral attention,temporal occipital parietal,R,1472.8982216686022,14043.270580671713,0.00437711846588289,0.1395504607540019,-72.90830194353984,7448.480462770889,-92371.35973088574,0.001405245348252822,0.21163747206016015,5.389067744934284,0.02464907123121136,0.023657283137033715,0.008179248565471553,0.09018647764645264
299,7Networks_RH_SalVentAttn_TempOccPar_6,7networks_rh_salventattn_tempoccpar,7Networks_RH_SalVentAttn_TempOccPar,salience / ventral attention,temporal occipital parietal,R,-93.46502688891587,99808.92498399422,0.8523174371839731,-0.02008883752399182,7.666247573620055,-721.7925511301146,110998.33523874622,0.9577694441223472,-0.04064072278001074,0.05203547132621977,0.8205480493298082,0.9126229162300089,0.9641404160344693,0.8827697023595567
300,7Networks_RH_SalVentAttn_TempOccPar_7,7networks_rh_salventattn_tempoccpar,7Networks_RH_SalVentAttn_TempOccPar,salience / ventral attention,temporal occipital parietal,R,707.966217223091,67797.02956328573,0.19510524089456552,0.014609681048958323,11.872895374780967,-265.139188618703,85126.32867401699,0.413119604385662,-0.0040631359244400755,0.10733181743805527,0.7446574076307366,0.3615419565964602,0.49356921155550143,0.8330148695541855
301,7Networks_RH_SalVentAttn_PrC_1,7networks_rh_salventattn_prc,7Networks_RH_SalVentAttn_PrC,salience / ventral attention,precentral,R,1398.920237166155,48450.81499699595,0.004219382173629483,0.14075489084963866,2.032835955988446,1232.3085055270885,51417.877471007465,0.01739399885451752,0.1225515676536445,0.004204143289396657,0.948576902851312,0.023360969595460798,0.04538434183879859,0.9765394872891058
302,7Networks_RH_SalVentAttn_FrOperIns_1,7networks_rh_salventattn_froperins,7Networks_RH_SalVentAttn_FrOperIns,salience / ventral attention,frontal operculum insula,R,1576.7945964652545,25351.952929310683,0.0016692843855711803,0.17086109271177619,-84.67570462379233,8516.836036390603,-98238.0027233311,0.00016467338252235518,0.2803795882727026,8.305084321199866,0.005941724894272777,0.011659309400758705,0.0020767143240319236,0.03799356481689917
303,7Networks_RH_SalVentAttn_FrOperIns_2,7networks_rh_salventattn_froperins,7Networks_RH_SalVentAttn_FrOperIns,salience / ventral attention,frontal operculum insula,R,1201.4888547623182,25447.66195953681,0.013969906764103715,0.10107733561733323,54.2649209410269,-3246.077324204906,104651.00844944903,0.011103117317876129,0.13915360346946815,3.123097528512057,0.0836823649446829,0.055150762355679006,0.03203346371916081,0.2261416290767026
304,7Networks_RH_SalVentAttn_FrOperIns_3,7networks_rh_salventattn_froperins,7Networks_RH_SalVentAttn_FrOperIns,salience / ventral attention,frontal operculum insula,R,1730.659243946644,-18299.04282663353,3.704135453256719e-05,0.2864529471768239,41.40812906373566,-1663.1611314359234,42138.940623085466,5.780369067641447e-05,0.3117346502381023,2.7631597280920577,0.1031137530217849,0.0009892220563403238,0.00115042029579971,0.2615287367144712
305,7Networks_RH_SalVentAttn_FrOperIns_4,7networks_rh_salventattn_froperins,7Networks_RH_SalVentAttn_FrOperIns,salience / ventral attention,frontal operculum insula,R,1.703075700729869,71122.18630288795,0.9974933166585053,-0.020833121225166895,52.32624519544043,-4286.968765478265,147495.90355633287,0.345828606360149,0.0035046366546677143,2.1723209371594714,0.14718079166411438,0.9978836176216725,0.4337187494130046,0.33747514856317135
306,7Networks_RH_SalVentAttn_FrOperIns_5,7networks_rh_salventattn_froperins,7Networks_RH_SalVentAttn_FrOperIns,salience / ventral attention,frontal operculum insula,R,698.3200492204289,49353.12341125442,0.13980271321850013,0.024957075151241348,-34.45667389317903,3522.397460363299,-938.7379593210135,0.1842249620264461,0.029855434757546928,1.242356932694784,0.2706845755779874,0.28209080800532915,0.25849711564470856,0.4730525619534572
307,7Networks_RH_SalVentAttn_FrOperIns_6,7networks_rh_salventattn_froperins,7Networks_RH_SalVentAttn_FrOperIns,salience / ventral attention,frontal operculum insula,R,-199.31808280107703,96841.01553613572,0.7743488871319175,-0.019068559155562603,-37.24141877595436,2852.997699335548,42484.62942265696,0.6956881680987462,-0.0265792013008872,0.6488231765082169,0.4245902692075081,0.8450826797064677,0.7431586548631313,0.6023874444381521
308,7Networks_RH_SalVentAttn_FrOperIns_7,7networks_rh_salventattn_froperins,7Networks_RH_SalVentAttn_FrOperIns,salience / ventral attention,frontal operculum insula,R,-261.625095625629,65932.75672640356,0.6789852929760725,-0.017159366507611518,-100.83351789956646,8002.71466824825,-81240.62743231279,0.044539706824318084,0.08673227583550602,6.46039096808314,0.014387764561038591,0.7944827912658168,0.08678552316841379,0.06395141646955046
309,7Networks_RH_SalVentAttn_FrOperIns_8,7networks_rh_salventattn_froperins,7Networks_RH_SalVentAttn_FrOperIns,salience / ventral attention,frontal operculum insula,R,638.9565735945162,67956.42380538884,0.26158911381371175,0.0058943953909949,-21.301364090841446,2384.821579078527,36865.632709826226,0.45740921197125706,-0.008423857476380414,0.3184650159368994,0.5752149562477439,0.4481564440431137,0.5393864473635083,0.7373764893597394
310,7Networks_RH_SalVentAttn_PFCl_1,7networks_rh_salventattn_pfcl,7Networks_RH_SalVentAttn_PFCl,salience / ventral attention,lateral prefrontal cortex,R,314.0313446014802,31450.23447021569,0.5182087277360681,-0.011901541349379041,-37.985815333345876,3427.358050461562,-23992.649097576526,0.4064696809265471,-0.0033700244010350655,1.4081373805889636,0.24132953999493378,0.67670690511369,0.4890639297736667,0.4397330988229728
311,7Networks_RH_SalVentAttn_Med_1,7networks_rh_salventattn_med,7Networks_RH_SalVentAttn_Med,salience / ventral attention,medial,R,840.9149783464313,28807.421555513953,0.11573718783425682,0.030971574356326803,24.009043814834953,-1126.8721188880445,63850.25554811195,0.2332378188868707,0.020067750131707474,0.46589821607354753,0.4982308437276528,0.24103065723281006,0.31052777060011527,0.6633337332913618
312,7Networks_RH_SalVentAttn_Med_2,7networks_rh_salventattn_med,7Networks_RH_SalVentAttn_Med,salience / ventral attention,medial,R,615.0135410682992,48000.22389506227,0.17965718775864387,0.01713325103372676,85.49965843337701,-6392.559354408612,172792.7962278825,0.005423116000359886,0.1650061410795327,9.500540029570155,0.003431245753817114,0.3384413412548727,0.020181103804617937,0.028483727154126004
313,7Networks_RH_SalVentAttn_Med_3,7networks_rh_salventattn_med,7Networks_RH_SalVentAttn_Med,salience / ventral attention,medial,R,183.26340536595762,73126.33324048444,0.704977510000458,-0.017757484124105494,-11.221832106974304,1103.0075067029811,56747.30529375167,0.8772448394819774,-0.03675904159691412,0.12026351148099203,0.7302968056231014,0.8136373429552582,0.8970097807095776,0.8227165006275137
314,7Networks_RH_SalVentAttn_Med_4,7networks_rh_salventattn_med,7Networks_RH_SalVentAttn_Med,salience / ventral attention,medial,R,-705.8246543903149,116914.47585218895,0.2909516134428002,0.00285301464317822,127.32374509202738,-11141.3099113606,302752.15006305574,0.00643018632596435,0.15893194250372378,9.907470056118923,0.002857159783492058,0.46841146277670664,0.02211594387869557,0.027598947695859452
315,7Networks_RH_SalVentAttn_Med_5,7networks_rh_salventattn_med,7Networks_RH_SalVentAttn_Med,salience / ventral attention,medial,R,134.75097915492142,99783.33675217333,0.7493655937865681,-0.018642313372217778,-70.45063691741414,5908.902394230492,-3044.164134983963,0.03375377634518256,0.09744507158655147,7.173800953938604,0.010160498735144411,0.8358950768970975,0.07262660881854446,0.051829959839950146
316,7Networks_RH_SalVentAttn_Med_6,7networks_rh_salventattn_med,7Networks_RH_SalVentAttn_Med,salience / ventral attention,medial,R,534.8741035753353,89640.08119550327,0.27212081242833797,0.0047573867680198445,50.71886115699069,-3622.056149077419,163667.71201351334,0.1567089602156504,0.03651070067983864,2.5819159266665004,0.1147891614280821,0.4514648881362357,0.2273030924533715,0.28169880696405014
317,7Networks_RH_SalVentAttn_Med_7,7networks_rh_salventattn_med,7Networks_RH_SalVentAttn_Med,salience / ventral attention,medial,R,180.44865301987306,97305.69553252823,0.7721571799139264,-0.019033163221234828,16.85020586899951,-1200.5983370428157,121899.718166765,0.8841305630729442,-0.03710403602718193,0.16363077902174805,0.6876705605107494,0.8447213486287292,0.9020118553598128,0.7898120185609105
318,7Networks_RH_SalVentAttn_Med_8,7networks_rh_salventattn_med,7Networks_RH_SalVentAttn_Med,salience / ventral attention,medial,R,843.4349583664057,102427.86275283663,0.07001094025215114,0.04732695515601393,23.501978118990024,-1082.7929105443573,136730.59984112263,0.14663629528046523,0.03923065848825469,0.5955093243910726,0.4441593795478319,0.17343535936412116,0.21667669104607215,0.6166616462223721
319,7Networks_RH_Limbic_OFC_1,7networks_rh_limbic_ofc,7Networks_RH_Limbic_OFC,limbic,orbital frontal cortex,R,493.32138457496603,104377.04828270346,0.29782755013032286,0.0021954492398096326,82.56112448477018,-6273.408550497097,224880.6302610213,0.014495386876865048,0.1293318011704806,8.009036164265742,0.00682588890438707,0.4777869532126028,0.03871120965939254,0.04181595095431232
320,7Networks_RH_Limbic_OFC_2,7networks_rh_limbic_ofc,7Networks_RH_Limbic_OFC,limbic,orbital frontal cortex,R,269.8729430157666,47993.51542562026,0.5581706964236737,-0.013491374028376413,-4.762963333720393,660.2465815904643,41041.64617569752,0.833958222184441,-0.034528978135320854,0.023898780531564103,0.8778046969000508,0.7000262325313477,0.8685428422905467,0.9267984474247047
321,7Networks_RH_Limbic_OFC_3,7networks_rh_limbic_ofc,7Networks_RH_Limbic_OFC,limbic,orbital frontal cortex,R,1102.0398655582444,45829.558651098545,0.013009073875727495,0.10345676004583149,60.981631799477825,-3896.029576473029,134836.40191515285,0.004460241184958286,0.17192262748831333,4.968664941623858,0.030629107327367563,0.054184582931929196,0.017608256504096188,0.10377324422854382
322,7Networks_RH_Limbic_OFC_4,7networks_rh_limbic_ofc,7Networks_RH_Limbic_OFC,limbic,orbital frontal cortex,R,1365.9092243143596,46087.775952756056,0.004001879617099421,0.14249010248136962,-26.914275409776764,3571.8098129105,6804.558658067617,0.011201177823781805,0.13883143912255858,0.7960726282854627,0.37681564417032787,0.022710666827039212,0.03203346371916081,0.5645589806647454
323,7Networks_RH_Limbic_OFC_5,7networks_rh_limbic_ofc,7Networks_RH_Limbic_OFC,limbic,orbital frontal cortex,R,927.6346225700802,61944.390075771094,0.061964340777004516,0.05135398137277847,56.54396500662138,-3706.722564855979,144474.15653760603,0.03801701482821018,0.09286535326875456,3.1965271177622516,0.08024288397610785,0.1583720753423936,0.07845329423639738,0.2194594537659817
324,7Networks_RH_Limbic_OFC_6,7networks_rh_limbic_ofc,7Networks_RH_Limbic_OFC,limbic,orbital frontal cortex,R,1164.9058086744174,35819.98587057726,0.041504209955896314,0.06466389212112778,-2.507506215025984,1370.4216307212337,32160.109837769065,0.1277404772944355,0.04485424670275551,0.0044838949454540904,0.9468960870503399,0.11884229546979035,0.1936263655033672,0.9765394872891058
325,7Networks_RH_Limbic_TempPole_1,7networks_rh_limbic_temppole,7Networks_RH_Limbic_TempPole,limbic,temporal pole,R,-294.7983181595241,172016.33523106534,0.40292865436704306,-0.005909926039234348,65.6202862981312,-5673.0530162707455,267793.6105372675,0.010056400135713357,0.14277312693640087,9.325434919375198,0.0037146587916724724,0.583513232305292,0.03015279739163207,0.029046542859663207
326,7Networks_RH_Limbic_TempPole_2,7networks_rh_limbic_temppole,7Networks_RH_Limbic_TempPole,limbic,temporal pole,R,47.3950511094954,135864.92103228517,0.9190040166214574,-0.020611139202438622,80.45431816187153,-6546.660522978196,253293.47575015516,0.02773848255469284,0.10495180298976758,7.7337393062834145,0.007773844013966661,0.9591444219451531,0.06296635539915274,0.04518585485368023
327,7Networks_RH_Limbic_TempPole_3,7networks_rh_limbic_temppole,7Networks_RH_Limbic_TempPole,limbic,temporal pole,R,-113.5825233141154,149396.38620602278,0.7899465032003786,-0.019309576104008075,8.442041316172464,-805.4942922458986,161718.12024436315,0.9241746374149303,-0.03906076811176451,0.08758251156459196,0.7685769608284794,0.8579801733324686,0.9365519763088803,0.8448763685620573
328,7Networks_RH_Limbic_TempPole_4,7networks_rh_limbic_temppole,7Networks_RH_Limbic_TempPole,limbic,temporal pole,R,-1069.8835612810392,168101.64705374106,0.013467326437665657,0.10230095509146153,50.75711490110503,-5229.949100147986,242185.1118156144,0.008965899403210726,0.14694986382114938,3.5123348888085624,0.06713714821635328,0.05447119504768832,0.027690600877943332,0.1893184179517043
329,7Networks_RH_Limbic_TempPole_5,7networks_rh_limbic_temppole,7Networks_RH_Limbic_TempPole,limbic,temporal pole,R,-175.58266144634445,85413.26863219505,0.7227281724598378,-0.018131461116492886,-0.584684705509602,-127.66176012573123,84559.88149894573,0.9394728001278623,-0.0397869410654903,0.00031150950337417905,0.9859930756894523,0.8234873535566469,0.9478236694623321,0.9912745098343939
330,7Networks_RH_Limbic_TempPole_6,7networks_rh_limbic_temppole,7Networks_RH_Limbic_TempPole,limbic,temporal pole,R,884.7424592375935,102771.43753767107,0.052459068253822294,0.056870054494617905,-40.54997839041721,4208.228595761611,43585.983418885604,0.06112247433453484,0.07434916399801683,1.9063863214199663,0.17389617754260295,0.13927729232301359,0.10714132566748578,0.37568402345230834
331,7Networks_RH_Limbic_TempPole_7,7networks_rh_limbic_temppole,7Networks_RH_Limbic_TempPole,limbic,temporal pole,R,-803.7295369180438,172017.52204096745,0.15201622275841942,0.022321711322104032,117.34497595789999,-10421.352437525547,343290.503342172,0.0013444813828939642,0.21311899027740266,12.638696672935268,0.0008739080730776726,0.29620328382970995,0.00803150720834026,0.011335836147921809
332,7Networks_RH_Cont_Par_1,7networks_rh_cont_par,7Networks_RH_Cont_Par,control,parietal,R,923.1479665052448,57317.36632962583,0.0969353418439486,0.036689919896346734,38.43489056963084,-2226.98505544403,113415.705777989,0.1469965216788331,0.03913034135708693,1.1219106348731755,0.2949207325520172,0.21786458018392407,0.21667669104607215,0.48827687810706655
333,7Networks_RH_Cont_Par_2,7networks_rh_cont_par,7Networks_RH_Cont_Par,control,parietal,R,542.5748027376444,68643.33203517669,0.2690341845684774,0.005084994404929488,-12.79981146709838,1591.6504779808247,49961.13578290727,0.5060001694798493,-0.01276547656699023,0.1539772765985742,0.6965370591676404,0.450199832918811,0.5890360947278245,0.792550939504032
334,7Networks_RH_Cont_Par_3,7networks_rh_cont_par,7Networks_RH_Cont_Par,control,parietal,R,-260.78793710198215,119469.40860023856,0.6222583241082483,-0.015630892232503912,47.155606054170335,-4125.6729309113725,188296.2260079175,0.3592693537961534,0.0018864956570709968,1.8424238476295633,0.18114955800883675,0.7473684633469437,0.44443674829278923,0.38306142309946484
335,7Networks_RH_Cont_Par_4,7networks_rh_cont_par,7Networks_RH_Cont_Par,control,parietal,R,-215.01091463846365,98351.13298828885,0.6617185667517894,-0.01672751589522381,43.09573561064451,-3747.1479349414267,161252.29308611606,0.37927771311713365,-0.0004180352447173963,1.782527946962508,0.18827018822436262,0.7803122839099023,0.4628819402020932,0.3885212066084574
336,7Networks_RH_Cont_Par_5,7networks_rh_cont_par,7Networks_RH_Cont_Par,control,parietal,R,-58.62061542305264,106735.15180252164,0.8659302452332462,-0.02022097355956376,-8.793058373621832,662.0605973019865,93901.08447145716,0.9178781401050673,-0.038758537426298645,0.14339759092819246,0.7066316807970273,0.9250172502021031,0.93399943990907,0.8000268904784299
337,7Networks_RH_Cont_Par_6,7networks_rh_cont_par,7Networks_RH_Cont_Par,control,parietal,R,-1739.3328933939247,163479.90736505945,0.0008933760720235114,0.19076583036311412,38.127696941891294,-4864.288250556485,219129.87679987572,0.002169267095691543,0.1969365867613304,1.3688330239325144,0.24791124178312762,0.008146863382541072,0.010477098525999581,0.44841316242844603
338,7Networks_RH_Cont_Temp_1,7networks_rh_cont_temp,7Networks_RH_Cont_Temp,control,temporal,R,-1479.4857468583568,154670.2244029594,0.0031698471782720394,0.15010891831295525,12.748508398720823,-2524.356610082248,173277.54033419734,0.012451191920399313,0.1349457026317048,0.1586258169986926,0.6922283871025607,0.018689748297863712,0.0348716346168094,0.7916163419258503
339,7Networks_RH_Cont_Temp_2,7networks_rh_cont_temp,7Networks_RH_Cont_Temp,control,temporal,R,1415.0131755894563,63072.58156513987,0.002361728342725318,0.15967188610494465,19.82722529575659,-210.0310540704886,92011.76672934569,0.008254710251922958,0.14994458880346084,0.45072960618649827,0.5052751507447277,0.015768009817607273,0.0265495892268258,0.6668456931340302
340,7Networks_RH_Cont_PFCv_1,7networks_rh_cont_pfcv,7Networks_RH_Cont_PFCv,control,ventral prefrontal cortex,R,1083.3732287765788,49842.793375229674,0.036777032999827444,0.0686988682923374,-14.159434525732692,2243.883942104442,29176.134705228134,0.10601326448348486,0.05240188444216465,0.1744863017717264,0.6780572954576713,0.10945999541392155,0.16653986877336377,0.7887172752820328
341,7Networks_RH_Cont_PFCl_1,7networks_rh_cont_pfcl,7Networks_RH_Cont_PFCl,control,lateral prefrontal cortex,R,2326.4131527645304,2743.565901723494,1.3983088374183913e-06,0.37456752891031986,-71.73373652730105,8205.72772536831,-101956.70621997217,3.2747315412482276e-07,0.4477340698236154,7.359244291453062,0.00929373179919431,0.0002116107373959832,2.5874939930335424e-05,0.04913023922464443
342,7Networks_RH_Cont_PFCl_2,7networks_rh_cont_pfcl,7Networks_RH_Cont_PFCl,control,lateral prefrontal cortex,R,-743.7828464822574,136261.26069792485,0.2118891331912626,0.012113910879716583,96.48536718882951,-8651.747115712982,277088.2228705626,0.01931673980192567,0.1186280270182537,6.800817057244543,0.012175152760981764,0.38173677170171916,0.04845193298383566,0.05818441424721812
343,7Networks_RH_Cont_PFCl_3,7networks_rh_cont_pfcl,7Networks_RH_Cont_PFCl,control,lateral prefrontal cortex,R,-1177.6659066434654,87042.74935609956,0.013346803352749808,0.10260111677981587,-29.58755678966136,1247.337477015421,43857.69588945375,0.03042066758559495,0.10142938741916485,0.9374083588715306,0.3379013153085968,0.05447119504768832,0.06639895713394282,0.5326638789934129
344,7Networks_RH_Cont_PFCl_4,7networks_rh_cont_pfcl,7Networks_RH_Cont_PFCl,control,lateral prefrontal cortex,R,1684.75265781877,34966.99608414261,0.00017017533794200907,0.24183889535554082,-6.755122093218688,2238.4041150694957,25107.435497805825,0.0008936036409773515,0.22667916988596126,0.059036309118289096,0.8090829211496089,0.00277158767445836,0.006439619888947898,0.8766674133697433
345,7Networks_RH_Cont_PFCl_5,7networks_rh_cont_pfcl,7Networks_RH_Cont_PFCl,control,lateral prefrontal cortex,R,1692.7875203252036,9393.240616601528,0.0024583929291653716,0.158372237494664,37.28355720077066,-1362.981937405064,63811.130629899766,0.006160883897258595,0.1604617678916912,1.1194674110378893,0.29544097465703933,0.015944434140586838,0.021593670583131424,0.48827687810706655
346,7Networks_RH_Cont_PFCl_6,7networks_rh_cont_pfcl,7Networks_RH_Cont_PFCl,control,lateral prefrontal cortex,R,1453.367745566347,42593.79093453038,0.01873760968987319,0.09125965173850326,16.8696737179976,70.72516584314144,67216.22821975936,0.0595145837868088,0.07539862060718538,0.17658624433026876,0.6762385554131576,0.06751487935874943,0.10576146411019745,0.7887172752820328
347,7Networks_RH_Cont_PFCl_7,7networks_rh_cont_pfcl,7Networks_RH_Cont_PFCl,control,lateral prefrontal cortex,R,-767.6534493895634,127632.02155858692,0.0992150154559502,0.03593656443960258,-90.08504827080776,6615.739117519365,-3853.2394170511216,0.002278489810200131,0.19525613823748755,10.502824321703606,0.0021928705056598265,0.22188973900000686,0.010708297682511364,0.022133059020650898
348,7Networks_RH_Cont_PFCl_8,7networks_rh_cont_pfcl,7Networks_RH_Cont_PFCl,control,lateral prefrontal cortex,R,-194.50741920719565,91783.65670741354,0.695277514206452,-0.017541415125209125,21.47790509187746,-1954.8417682706113,123132.12141296593,0.7515444955814323,-0.02995843486956873,0.42131941683186996,0.519438840314514,0.809916504120291,0.7933063915284008,0.6776587169620385
349,7Networks_RH_Cont_PFCl_9,7networks_rh_cont_pfcl,7Networks_RH_Cont_PFCl,control,lateral prefrontal cortex,R,-1241.597231370633,147288.76178963127,0.012287897009993888,0.10536001907805781,30.57020997180294,-3747.139109931079,191908.06447501286,0.028497989909189125,0.1039223689935086,0.9229897034916027,0.3416078687365992,0.051654678171640975,0.06342334660089698,0.5366435031363878
350,7Networks_RH_Cont_PFCl_10,7networks_rh_cont_pfcl,7Networks_RH_Cont_PFCl,control,lateral prefrontal cortex,R,557.6561674038916,64801.11888724369,0.33366661240157836,-0.000945059712966545,-120.25974837275102,10414.174527304003,-110726.17119225374,0.0026159859627377623,0.1905120892961807,12.352786163846185,0.0009859659210168688,0.5126530150227858,0.011299817964213471,0.012098068328152932
351,7Networks_RH_Cont_PFCl_11,7networks_rh_cont_pfcl,7Networks_RH_Cont_PFCl,control,lateral prefrontal cortex,R,755.1619316560553,75090.64921250628,0.1903332938828881,0.015364333872274427,-123.48589685773719,10876.096209635994,-105145.42421824588,0.0011949492468531313,0.21705705696504018,13.365205912610765,0.0006452726826856769,0.35414473533947216,0.007233426107617621,0.01010185510135508
352,7Networks_RH_Cont_PFCl_12,7networks_rh_cont_pfcl,7Networks_RH_Cont_PFCl,control,lateral prefrontal cortex,R,1120.174247899501,56449.31711612352,0.019934745601844547,0.08918705072780952,16.84513850212541,-260.4574195360865,81035.94358341981,0.0593145810383946,0.07553105442371078,0.290957445641268,0.5921539818620388,0.07070605080654237,0.10576146411019745,0.7447033456104312
353,7Networks_RH_Cont_PFCl_13,7networks_rh_cont_pfcl,7Networks_RH_Cont_PFCl,control,lateral prefrontal cortex,R,1285.136840719086,60675.473014861826,0.01063162481271064,0.11018650882860326,-26.35202428983436,3444.955190148974,22212.899507999624,0.02849517980028415,0.10392612916107091,0.664650165772374,0.4190353112802846,0.04641113139394837,0.06342334660089698,0.59842107962494
354,7Networks_RH_Cont_PFCl_14,7networks_rh_cont_pfcl,7Networks_RH_Cont_PFCl,control,lateral prefrontal cortex,R,41.87429292645288,106777.70385574047,0.9335548397316312,-0.020683965274155725,16.967581132482522,-1348.7928024098037,131543.04367798314,0.8772518560243446,-0.036759394463581785,0.2557380186637374,0.6154270750651076,0.9663766236149982,0.8970097807095776,0.7501987473698618
355,7Networks_RH_Cont_PFCl_15,7networks_rh_cont_pfcl,7Networks_RH_Cont_PFCl,control,lateral prefrontal cortex,R,358.917528122538,106843.11108492292,0.4801564955232578,-0.01017649486240324,76.85318268726589,-5939.9881025949135,219015.5634109319,0.05196230638389835,0.0807224261253986,5.746279395269651,0.020551431434979436,0.64304144238218,0.09788749833315291,0.07907076162271749
356,7Networks_RH_Cont_pCun_1,7networks_rh_cont_pcun,7Networks_RH_Cont_pCun,control,precuneus,R,-759.6270401257025,127989.08882164015,0.2048341596749149,0.013134329542365264,178.81410221998416,-15415.274548030091,388980.44474388205,8.419342280751162e-07,0.4250905853843381,35.394810343528526,3.210887540151574e-07,0.3718753593945039,5.460544850658611e-05,7.288714716144072e-05
357,7Networks_RH_Cont_pCun_2,7networks_rh_cont_pcun,7Networks_RH_Cont_pCun,control,precuneus,R,348.1307021873754,85842.06332250759,0.5377614357719036,-0.01270605198771646,-178.2931519349627,14961.080997446825,-174388.93019225323,2.2883285730517367e-07,0.45609314011020297,42.37171799094322,4.5435119222022256e-08,0.6842383022791289,2.5874939930335424e-05,2.0627544126798104e-05
358,7Networks_RH_Cont_Cing_1,7networks_rh_cont_cing,7Networks_RH_Cont_Cing,control,cingulate,R,1403.6354227208371,74665.4132111239,0.0008322147568392036,0.1930023376553458,27.5296719124201,-852.703213592762,114846.84359784891,0.002312184686986164,0.19475327413710708,1.1043716769347784,0.2986821856370872,0.007871364575104133,0.01071154946828284,0.49089796687829695
359,7Networks_RH_Cont_Cing_2,7networks_rh_cont_cing,7Networks_RH_Cont_Cing,control,cingulate,R,914.1321436228468,78440.4879163542,0.02951079461782969,0.07605681866448655,24.595492177412595,-1101.7204046963998,114339.28321976183,0.06400447548021451,0.07253258102319127,0.8176071705367414,0.3704922986082346,0.09569929111781914,0.11090851858021904,0.5588156264722209
360,7Networks_RH_Cont_PFCmp_1,7networks_rh_cont_pfcmp,7Networks_RH_Cont_PFCmp,control,medial posterior prefrontal cortex,R,667.3553790216051,24851.740529006885,0.22850051393995674,0.009859197026901634,46.87172356201975,-3174.2625363696734,93264.21211256491,0.21416302064849,0.023619125159188514,1.6764537972514688,0.20172119257611795,0.405231380190392,0.2933605348089139,0.3999188708714303
361,7Networks_RH_Cont_PFCmp_2,7networks_rh_cont_pfcmp,7Networks_RH_Cont_PFCmp,control,medial posterior prefrontal cortex,R,469.4569252213389,59919.51456837593,0.3275135096166726,-0.0004376066233482412,16.385858967061026,-873.53207930382,83835.79128631996,0.5454736728378904,-0.016007951762676997,0.2643989002338606,0.6095234228421964,0.5057521543060182,0.621001064787084,0.7482343231435891
362,7Networks_RH_Default_Par_1,7networks_rh_default_par,7Networks_RH_Default_Par,default,parietal,R,-67.30178918670958,100471.68971132819,0.9021369084138666,-0.020508461331472994,-84.88967916298071,6890.277056251313,-23430.576348728395,0.057624445053010225,0.07666758149688846,6.051755968152042,0.017625106698440886,0.948079065786795,0.10381546846851843,0.07144462893832287
363,7Networks_RH_Default_Par_2,7networks_rh_default_par,7Networks_RH_Default_Par,default,parietal,R,-477.96599232229005,117353.3942554242,0.2655036744924536,0.005465380009749166,-73.52132399019615,5547.859685504712,10044.01653199585,0.015254687700930799,0.12743812018910583,7.709772297040962,0.007862736857798982,0.450199832918811,0.040500749802471245,0.04518585485368023
364,7Networks_RH_Default_Par_3,7networks_rh_default_par,7Networks_RH_Default_Par,default,parietal,R,-769.3481457976486,89814.68805368303,0.14742632694679528,0.02328394568106318,-71.71439161005787,5108.380912662331,-14857.348844288836,0.04023036521469331,0.09067833141685955,4.557520542052777,0.03801830313443333,0.29485265389359055,0.08153832949763733,0.12070146589533379
365,7Networks_RH_Default_Par_4,7networks_rh_default_par,7Networks_RH_Default_Par,default,parietal,R,-2026.4925456939682,172892.18761162247,5.5218501082174186e-05,0.2749931617507102,-54.04284456436591,2402.8721991819043,94012.97671248953,6.572722370696143e-05,0.3079620093332943,3.286730938628768,0.07623116837675147,0.001319431552174057,0.0011936063825184198,0.21232484934383536
366,7Networks_RH_Default_Par_5,7networks_rh_default_par,7Networks_RH_Default_Par,default,parietal,R,-421.0308082282138,106298.28287236732,0.4206750658537637,-0.006993419316247085,8.649044335681658,-1129.9085952163937,118922.15191052592,0.7036331597296648,-0.027075382364249334,0.06147665219547707,0.8052571586246239,0.5949734576249492,0.7481251862231096,0.8746094497980365
367,7Networks_RH_Default_Temp_1,7networks_rh_default_temp,7Networks_RH_Default_Temp,default,temporal,R,-338.48106943045536,117700.41273076541,0.49299561373932765,-0.010783295788958869,41.54000887355306,-3743.110346248026,178330.88374133882,0.3538757184273319,0.002528760687102616,1.640598631486467,0.2065278553887308,0.6563636616940023,0.43896059061751,0.40742913218638843
368,7Networks_RH_Default_Temp_2,7networks_rh_default_temp,7Networks_RH_Default_Temp,default,temporal,R,-735.6264199002026,134318.5441208816,0.06270689819620681,0.05096037124215613,-13.828591293929733,397.7683013136293,114134.77367162849,0.1563533540892713,0.03660383862816263,0.2847038496702971,0.5961491265805514,0.1585649047448944,0.2273030924533715,0.7455969792495051
369,7Networks_RH_Default_Temp_3,7networks_rh_default_temp,7Networks_RH_Default_Temp,default,temporal,R,-13.09437875580602,92608.50432408741,0.9800808369359777,-0.020819936979347142,56.64799770402095,-4655.978111479207,175290.11359036196,0.26246958168874934,0.015131655479867945,2.752189973049792,0.1037809182600561,0.9926941309277697,0.3434040060135222,0.2617585382781415
370,7Networks_RH_Default_Temp_4,7networks_rh_default_temp,7Networks_RH_Default_Temp,default,temporal,R,-799.268410416566,113620.61409897094,0.12399527338491194,0.028766854084155136,-67.64333824948393,4744.796119923373,14890.556739619784,0.041131339380821676,0.08982090985780544,4.219800046908772,0.045539621990475086,0.254723321795249,0.08226267876164335,0.13969586745726817
371,7Networks_RH_Default_Temp_5,7networks_rh_default_temp,7Networks_RH_Default_Temp,default,temporal,R,-2407.4694713026915,167431.80582821526,0.0001367137542774258,0.2483857664279645,29.64170165869652,-4836.910581656914,210695.88741741783,0.0005621550091273676,0.24178176362163895,0.5819249399516696,0.44937073158363094,0.002586168518414638,0.004815441021581602,0.6201042922157096
372,7Networks_RH_Default_Temp_6,7networks_rh_default_temp,7Networks_RH_Default_Temp,default,temporal,R,-372.57819817767836,128948.86817501401,0.4521247495053605,-0.008756720349889502,-32.76443854243839,2312.8031901517666,81126.93950687065,0.4607582112336426,-0.008736946435614623,1.0009409270559149,0.3222061699048832,0.6239046695301935,0.5419280515545952,0.5150760603409049
373,7Networks_RH_Default_Temp_7,7networks_rh_default_temp,7Networks_RH_Default_Temp,default,temporal,R,-1530.8749373488865,126874.42674114107,0.0026435046239035647,0.15601702098407566,25.55830082358304,-3625.6395175529283,164178.5068120123,0.008380203024300798,0.14939863586466773,0.6265201313725705,0.432611256281181,0.016218258098002952,0.0265495892268258,0.6061898467643709
374,7Networks_RH_Default_Temp_8,7networks_rh_default_temp,7Networks_RH_Default_Temp,default,temporal,R,-1025.3572665370325,118951.76911459607,0.09245344775269947,0.03822714632871671,-43.32615789712633,2525.6652206655326,55714.29200240958,0.136952197651338,0.04201992199869764,1.1900386410319954,0.28088286519318056,0.2098693263986278,0.20588178057519027,0.4765852921673166
375,7Networks_RH_Default_PFCv_1,7networks_rh_default_pfcv,7Networks_RH_Default_PFCv,default,ventral prefrontal cortex,R,-42.064250207386976,86022.1869207338,0.9365764634154168,-0.020697268708993688,-25.3915144470864,2039.0304778278773,48961.54292123731,0.7697836048074501,-0.031009924442618964,0.5198809793401197,0.47446386954512565,0.9663766236149982,0.8089855476448666,0.6468666569774385
376,7Networks_RH_Default_PFCv_2,7networks_rh_default_pfcv,7Networks_RH_Default_PFCv,default,ventral prefrontal cortex,R,-1645.3904190312708,147180.38747196743,0.004430382806313225,0.13915333683720088,-43.59331371939854,1927.528224639379,83552.97824910408,0.009035410937235514,0.14666947353293347,1.422784079797121,0.2389327733436598,0.023663456400778868,0.027716733550708944,0.4391719801539334
377,7Networks_RH_Default_PFCv_3,7networks_rh_default_pfcv,7Networks_RH_Default_PFCv,default,ventral prefrontal cortex,R,753.7259404536007,72601.26746345272,0.10059110996458526,0.03549062147475035,27.30913381787994,-1484.5373397470448,112460.8074868786,0.1749858678932028,0.031977208180806294,0.8257852609106661,0.36813047213906236,0.2238645290388319,0.24826120007348146,0.5578282925144833
378,7Networks_RH_Default_PFCv_4,7networks_rh_default_pfcv,7Networks_RH_Default_PFCv,default,ventral prefrontal cortex,R,367.3120362504703,85079.46594040112,0.5356616532264434,-0.012622158487607615,120.23692032108147,-9487.33533095713,260573.43692434378,0.004953246296510216,0.16822008047653203,11.435966613923288,0.001459138598113178,0.6842383022791289,0.018897258979963347,0.015406980371628626
379,7Networks_RH_Default_PFCdPFCm_1,7networks_rh_default_pfcdpfcm,7Networks_RH_Default_PFCdPFCm,default,dorsal prefrontal cortex medial prefrontal cortex,R,-32.83227882564158,47214.42225728137,0.9504366796451831,-0.02075030633664099,-38.92903038628968,3157.800563231066,-9605.147894722608,0.5405854034198887,-0.015618834336998066,1.242522733584068,0.27065301858645857,0.9740366874919032,0.621001064787084,0.4730525619534572
380,7Networks_RH_Default_PFCdPFCm_2,7networks_rh_default_pfcdpfcm,7Networks_RH_Default_PFCdPFCm,default,dorsal prefrontal cortex medial prefrontal cortex,R,79.90327495624138,72313.40260467769,0.881996915071309,-0.020359933679263476,-1.235618693280017,181.1748849583255,70509.93300044391,0.9885781080120694,-0.0420436795309691,0.0011744984141707697,0.9728062211245652,0.9355761669214352,0.9893143257641234,0.9836392525402061
381,7Networks_RH_Default_PFCdPFCm_3,7networks_rh_default_pfcdpfcm,7Networks_RH_Default_PFCdPFCm,default,dorsal prefrontal cortex medial prefrontal cortex,R,-241.3803072152549,78575.86382647476,0.6405303437185415,-0.01615820418026015,-83.48857041176498,6601.363322637822,-43281.388623165054,0.04002796268429063,0.09087347749120844,6.651051413672537,0.013100249748456598,0.7632566300478159,0.08153832949763733,0.06007589278585147
382,7Networks_RH_Default_PFCdPFCm_4,7networks_rh_default_pfcdpfcm,7Networks_RH_Default_PFCdPFCm,default,dorsal prefrontal cortex medial prefrontal cortex,R,2298.711827174898,-10926.61947751724,0.00015116647436341703,0.24538660444251315,22.790328833702205,430.81090756475714,22337.417029538366,0.0006855847499243226,0.2353502932838123,0.3699821874169059,0.5459423913535322,0.0027451831744396533,0.005659190481193499,0.7041416070298397
383,7Networks_RH_Default_PFCdPFCm_5,7networks_rh_default_pfcdpfcm,7Networks_RH_Default_PFCdPFCm,default,dorsal prefrontal cortex medial prefrontal cortex,R,-273.58099431200935,88709.57957737536,0.6216681671201356,-0.01561328184451205,-85.92866639903738,6769.15349885073,-36709.15908835262,0.05128895700534003,0.08123250757331402,6.059602054245076,0.017556089759465484,0.7473684633469437,0.09702161033510155,0.07144462893832287
384,7Networks_RH_Default_PFCdPFCm_6,7networks_rh_default_pfcdpfcm,7Networks_RH_Default_PFCdPFCm,default,dorsal prefrontal cortex medial prefrontal cortex,R,2263.654285005424,35101.16685019713,7.367149056590445e-07,0.3905868500919275,-61.16528988615434,7276.776388694245,-54173.73789487308,3.419595585506884e-07,0.44671587260679835,5.869456663084663,0.0193132326150956,0.00016723428358460308,2.5874939930335424e-05,0.07624528354133392
385,7Networks_RH_Default_PFCdPFCm_7,7networks_rh_default_pfcdpfcm,7Networks_RH_Default_PFCdPFCm,default,dorsal prefrontal cortex medial prefrontal cortex,R,1409.6675314506201,49853.09534458543,0.02791032476365684,0.07792246018184568,-141.56979111470886,13012.762201200676,-156777.65291262424,0.00013073074418546438,0.28741331991330976,15.111351710765858,0.0003169774720625457,0.09182092349782758,0.0018547424331312758,0.006852751062685512
386,7Networks_RH_Default_PFCdPFCm_8,7networks_rh_default_pfcdpfcm,7Networks_RH_Default_PFCdPFCm,default,dorsal prefrontal cortex medial prefrontal cortex,R,1648.4597249803378,36388.525387411835,0.003544388461789089,0.1464630858402911,35.273041397272735,-1242.5273662624722,87871.93070882311,0.009223241659382441,0.14592202245317087,0.9695917196502775,0.32982408405260044,0.02063015848272111,0.028103031633286094,0.5217426277347756
387,7Networks_RH_Default_PFCdPFCm_9,7networks_rh_default_pfcdpfcm,7Networks_RH_Default_PFCdPFCm,default,dorsal prefrontal cortex medial prefrontal cortex,R,1048.0649349402813,46101.167438699435,0.04766124849720005,0.06005722621836107,-1.5872886696883057,1178.159502132905,43784.41156207245,0.14354585479704252,0.04010112199548321,0.002089673560770796,0.9637327243793533,0.1303506434802941,0.21367153468149935,0.9810194100184448
388,7Networks_RH_Default_PFCdPFCm_10,7networks_rh_default_pfcdpfcm,7Networks_RH_Default_PFCdPFCm,default,dorsal prefrontal cortex medial prefrontal cortex,R,-884.8391724318235,123578.98923199234,0.0681867605114994,0.0481963534319807,-33.64119492032841,1872.401382848873,74477.3749404102,0.11004031639754658,0.05089733338256175,1.1365995926341137,0.29181810697481525,0.1700922487484655,0.17065328920565948,0.48827687810706655
389,7Networks_RH_Default_PFCdPFCm_11,7networks_rh_default_pfcdpfcm,7Networks_RH_Default_PFCdPFCm,default,dorsal prefrontal cortex medial prefrontal cortex,R,258.8473654567049,95314.41284208358,0.6116539954677045,-0.015308802331151838,-91.20663383817764,7734.165359506169,-37807.87862710269,0.018198273843744533,0.1208621996753404,8.434793605618887,0.005593339288174479,0.7469563263842264,0.04705250473650479,0.03724912902590317
390,7Networks_RH_Default_PFCdPFCm_12,7networks_rh_default_pfcdpfcm,7Networks_RH_Default_PFCdPFCm,default,dorsal prefrontal cortex medial prefrontal cortex,R,345.40492138241814,65073.5493216148,0.5349401403393886,-0.012593194983043121,-143.48216522000683,12105.238240056327,-144348.43913743529,0.00010888479340382247,0.29293631908682416,21.741295404132742,2.6047542869109508e-05,0.6842383022791289,0.0016899514686708663,0.0023651168925151434
391,7Networks_RH_Default_PFCdPFCm_13,7networks_rh_default_pfcdpfcm,7Networks_RH_Default_PFCdPFCm,default,dorsal prefrontal cortex medial prefrontal cortex,R,-158.6550761704916,129010.18909651143,0.7222410974855304,-0.018121562941115332,24.840050507214528,-2194.5516849536416,165265.93393188834,0.6632160767841535,-0.02449318804863987,0.7014738519211516,0.4065278060914985,0.8234873535566469,0.715202135059396,0.5877822419284724
392,7Networks_RH_Default_pCunPCC_1,7networks_rh_default_pcunpcc,7Networks_RH_Default_pCunPCC,default,precuneus posterior cingulate cortex,R,-229.54085255551013,93079.96193115023,0.672276362700589,-0.016994918645668378,-80.94305331440953,6404.571574047787,-25061.935015126022,0.06627264836432527,0.07115716366357194,5.555453070546118,0.022640767376465754,0.7907084680468068,0.113968872565923,0.08494965610673927
393,7Networks_RH_Default_pCunPCC_2,7networks_rh_default_pcunpcc,7Networks_RH_Default_pCunPCC,default,precuneus posterior cingulate cortex,R,1361.5766338316491,90398.70312420322,0.003111725936778177,0.15071216765286266,51.8928843167086,-2891.576843842664,166139.9006717658,0.002658296604993881,0.18995922784953823,3.3256346522400952,0.07457014418673888,0.018588468096017004,0.011299817964213471,0.20898052753567561
394,7Networks_RH_Default_pCunPCC_3,7networks_rh_default_pcunpcc,7Networks_RH_Default_pCunPCC,default,precuneus posterior cingulate cortex,R,816.7149558343094,108981.8463040098,0.04959234637042094,0.05873664529608247,74.22764741572014,-5267.00116252574,217322.15115375692,0.0026631729563234394,0.1898960522351082,8.771411990329367,0.004786282886879944,0.13309040668065564,0.011299817964213471,0.0339526942288046
395,7Networks_RH_Default_pCunPCC_4,7networks_rh_default_pcunpcc,7Networks_RH_Default_pCunPCC,default,precuneus posterior cingulate cortex,R,-646.2467041921888,88681.94188816025,0.18148317392601532,0.01682242425585756,-113.95354322952959,8693.41354136364,-77641.01245595847,0.0002687718377964431,0.265220374218343,17.22677219107095,0.00013827003556743205,0.34046843372897084,0.0027444444478626835,0.00418497307650761
396,7Networks_RH_Default_pCunPCC_5,7networks_rh_default_pcunpcc,7Networks_RH_Default_pCunPCC,default,precuneus posterior cingulate cortex,R,-1625.9063612856862,136817.52105571367,0.0012848869927856157,0.17923525227791515,9.280593106039955,-2386.5460397998045,150363.17852029038,0.00569414244650082,0.16327155383790948,0.08422197352684914,0.7729320378535348,0.009887096520757109,0.020914863319286922,0.8476114618007362
397,7Networks_RH_Default_pCunPCC_6,7networks_rh_default_pcunpcc,7Networks_RH_Default_pCunPCC,default,precuneus posterior cingulate cortex,R,-1942.443069127303,168030.95751000702,0.002554877339916112,0.15712383875994984,45.3391986831155,-5658.454870999115,234206.60469792463,0.005985636158962817,0.16149207494543627,1.2500576686734464,0.2692238427832473,0.016056713648393058,0.021567292191818403,0.4730525619534572
398,7Networks_RH_Default_pCunPCC_7,7networks_rh_default_pcunpcc,7Networks_RH_Default_pCunPCC,default,precuneus posterior cingulate cortex,R,-716.0925558919015,79584.87254546912,0.11406465793376239,0.0314386298670295,-18.233497760959306,778.3293756179588,52971.841219876835,0.24143442933892034,0.018626428173952658,0.37334191695892427,0.5441321625691076,0.23864218756648906,0.31863729918566813,0.7038062729526349
399,7Networks_RH_Default_pCunPCC_8,7networks_rh_default_pcunpcc,7Networks_RH_Default_pCunPCC,default,precuneus posterior cingulate cortex,R,1678.9161210226277,39451.75582770185,0.0025818063795874304,0.15678362135369872,-13.947320780138782,2822.041939935496,19094.691610179623,0.010367116219265976,0.14166240372742966,0.1543904761799324,0.6961510446215642,0.016056713648393058,0.030762554010109498,0.792550939504032
400,7Networks_RH_Default_pCunPCC_9,7networks_rh_default_pcunpcc,7Networks_RH_Default_pCunPCC,default,precuneus posterior cingulate cortex,R,-1895.1032388310591,142723.338365341,0.00045556906604152995,0.21182041157464493,-85.50311932196522,5112.7533119202235,17925.714630005805,7.51916631289503e-05,0.3039890354603513,7.356356683892288,0.009306609192333526,0.00574523211063485,0.0013129621177132092,0.04913023922464443
401,HIP-head-m1-rh,HIP-head-m1,"Hippocampus head, medial division",subcortex,Hippocampus head,R,-284.8138944819507,114179.35195881872,0.5608617985185333,-0.013590954288228652,33.210203279494394,-3006.730269574862,162651.90460852662,0.5029667958387241,-0.012506377569600824,1.051416646499662,0.3104297238252563,0.7006135476818789,0.5870100907732152,0.5015483794187414
402,HIP-head-m2-rh,HIP-head-m2,"Hippocampus head, medial division",subcortex,Hippocampus head,R,1314.6295506374072,53500.68873442261,0.015321011296161272,0.09799255610951285,-3.0752338031913666,1566.6764645241165,49012.175635576656,0.0543678156482255,0.0789504745317785,0.0076321734527842085,0.930754683278808,0.05940829660844457,0.10108591092055033,0.9656030010229277
403,THA-VAip-rh,THA-VAip,"Thalamus, inferior ventro-anterior part, posterior division",subcortex,Thalamus,R,162.2442602796907,66120.4535142722,0.7139318981727438,-0.01794956175867557,44.63083603792819,-3495.709966117156,131262.19719594196,0.29245624799186015,0.01058746204038763,2.3844347931751777,0.1292564083560467,0.8200305177909007,0.37296386682108007,0.3088547862823432
404,THA-VAia-rh,THA-VAia,"Thalamus, inferior ventro-anterior part, anterior division",subcortex,Thalamus,R,616.8543673371253,44941.66151325647,0.25148515308617847,0.007038556528389472,-43.73221229558051,4201.157172248936,-18888.479637810735,0.24428858460131003,0.018135521424430978,1.5424927030487394,0.2204090622226471,0.4344952289461392,0.32146961567824567,0.4204441775171504
405,HIP-head-l-rh,HIP-head-l,"Hippocampus head, lateral division",subcortex,Hippocampus head,R,-334.8808733129074,131639.36281063998,0.4677272524796664,-0.009563552803605102,49.86904969080993,-4422.160370561591,204426.63593827042,0.2000692166491817,0.026443384177727958,2.775277315171068,0.1023823985192805,0.6302657253839286,0.27862400110039415,0.2611326344255806
406,HIP-body-rh,HIP-body,Hippocampus body,subcortex,Hippocampus body,R,-1532.4664104451426,192280.88843591342,0.0009510655490631649,0.18878868110269276,5.582095611689567,-1989.9763306620825,200428.33701236744,0.004429206299541772,0.17216863347430056,0.0363227120628158,0.8496714465066614,0.008146863382541072,0.017608256504096188,0.9076490275624101
407,HIP-tail-rh,HIP-tail,Hippocampus tail,subcortex,Hippocampus tail,R,887.2902347318545,109996.34938695525,0.007236213489614997,0.12296879349872891,-16.578392783920634,2246.05935792902,85799.0564555286,0.02079604004963256,0.11585614995326976,0.613855946445836,0.43727019015234947,0.035709140481360965,0.0502202243751765,0.610832819474359
408,THA-VPm-rh,THA-VPm,"Thalamus, medial ventro-posterior part",subcortex,Thalamus,R,596.1369669181488,80615.60166302268,0.2679881642365143,0.005197058603590321,36.336381463788555,-2382.001735983973,133651.02420410968,0.32391473368423374,0.00627666995674947,1.052148664909969,0.31026319873736113,0.450199832918811,0.41077455053810646,0.5015483794187414
409,THA-VPl-rh,THA-VPl,"Thalamus, lateral ventro-posterior part",subcortex,Thalamus,R,-283.47383814071145,151852.7459180996,0.5484244961977371,-0.013123072768651989,-29.0814029377578,2100.0450521467637,109406.45845745399,0.5455384292823875,-0.01601308408313029,0.8634657906791252,0.3575187265574661,0.6935507556372498,0.621001064787084,0.5465823925628702
410,THA-VAs-rh,THA-VAs,"Thalamus, superior ventro-anterior part",subcortex,Thalamus,R,1113.858792472433,46775.94221306473,0.025297737117325966,0.08121180728167532,-40.30301321165068,4417.103602603294,-12049.049413827117,0.03848360910688164,0.09239434728020368,1.591404337688809,0.21335089671722746,0.08635468158846608,0.07905682594807359,0.41217577493455854
411,THA-DAm-rh,THA-DAm,"Thalamus, medial dorso-anterior part",subcortex,Thalamus,R,722.4186862404399,50817.53241438326,0.15152556536066153,0.02242303917848054,44.57897205214546,-2931.284755209642,115883.57707788363,0.14563116936439088,0.03951182230215944,1.8540048789592078,0.1798100263551553,0.29620328382970995,0.21606715977592633,0.38306142309946484
412,THA-DAl-rh,THA-DAl,"Thalamus, lateral dorso-anterior part",subcortex,Thalamus,R,671.3667075813817,75283.2421383091,0.1625310882343059,0.020232997319993506,-71.50779032250739,6532.162674034477,-29087.24611498782,0.026597532194642247,0.1065501214244855,5.637330035369672,0.021717658868973058,0.3113464728201472,0.060986260688725154,0.08216514272094806
413,PUT-VA-rh,PUT-VA,"Putamen, ventro-anterior part",subcortex,Putamen,R,-537.5510652573221,132130.87504283324,0.3024622050840166,0.0017628828659110862,107.71807409371058,-9366.150736918527,289352.73767010873,0.0027146972116337204,0.18923521476897553,12.098992081634327,0.00109810467118051,0.47991478117642894,0.011401676321011103,0.012783064633742347
414,PUT-DA-rh,PUT-DA,"Putamen, dorso-anterior part",subcortex,Putamen,R,-328.05797120929765,139536.8947020077,0.4652650290288112,-0.009439046695821407,62.1851210959896,-5424.765690033228,230300.31252832935,0.08086584807980557,0.06325767564645812,4.725082748703096,0.03479682291056647,0.6302657253839286,0.13301846024721642,0.11284112572426554
415,PUT-VP-rh,PUT-VP,"Putamen, ventro-posterior part",subcortex,Putamen,R,232.31425593438962,126744.41150752551,0.6155530835446921,-0.015428630294375356,-23.753522357926457,2179.1587521287256,92074.528477283,0.6563005271270757,-0.02403632064232064,0.5965288258113719,0.4437721116912168,0.7472221923243054,0.7094296174183151,0.6166616462223721
416,PUT-DP-rh,PUT-DP,"Putamen, dorso-posterior part",subcortex,Putamen,R,851.2659624904782,106268.37000069833,0.0716198414064956,0.046579418175943355,96.61138985565356,-7067.027155304477,247279.27083523764,0.0009115988179766067,0.226022796932003,12.128599325856577,0.0010843586299879421,0.17481402149757527,0.0064666541150215535,0.012783064633742347
417,CAU-VA-rh,CAU-VA,"Caudate, ventro-anterior part",subcortex,Caudate,R,252.24894959777475,140638.5268888447,0.5209884830986423,-0.012019152324901583,4.582902493762987,-123.36685853936069,147327.58508423791,0.8033149204995915,-0.03288224186467259,0.03045259438180228,0.8622167976425179,0.67670690511369,0.8422747665284401,0.9167363609594922
418,CAU-DA-rh,CAU-DA,"Caudate, dorso-anterior part",subcortex,Caudate,R,623.4895465985019,119275.85643162536,0.09233865028062149,0.038267544981387625,-37.71185410215783,3714.362323013027,64232.83793213665,0.07261018507947743,0.06754038295539799,2.5068708575347243,0.12005741337850478,0.2098693263986278,0.1234645094609841,0.289925881243836
419,CAU-body-rh,CAU-body,Caudate body,subcortex,Caudate body,R,-490.4637559033599,163583.53165388457,0.22652500663605318,0.010117152185037614,33.75495588797355,-3257.028187887534,212851.18782263235,0.2185467423662321,0.022776896950490788,1.621831132364224,0.20909909206922578,0.40330334514811034,0.2968386571026679,0.40742913218638843
420,CAU-tail-rh,CAU-tail,Caudate tail,subcortex,Caudate tail,R,44.721123030683884,157467.1618574428,0.8906303807152492,-0.020427079334840448,51.856237831562964,-4205.428799767173,233154.8713650275,0.048386502483872364,0.08350723595472842,6.443411371715839,0.014508801533840744,0.9381582200573623,0.09261398286383322,0.06395141646955046
421,lAMY-rh,lAMY,"Amygdala, lateral nucleus",subcortex,Amygdala,R,-2016.3424345559274,160062.70620691564,0.0001702850811092405,0.24181954876159295,122.63317967459197,-12067.38780385935,339054.1808555549,3.080392019156068e-07,0.44916994853333925,19.06876578818291,6.888449482287019e-05,0.00277158767445836,2.5874939930335424e-05,0.0028610655473983175
422,mAMY-rh,mAMY,"Amygdala, medial nucleus",subcortex,Amygdala,R,785.4949008658787,41130.29066944841,0.1689939897493379,0.019022179096479186,124.88807892072583,-9450.362561594096,223412.94428222132,0.0008101559451097638,0.22989853291943974,14.1438069088151,0.0004685478508097309,0.32101787174142016,0.006234081340336148,0.009248727142070342
423,THA-DP-rh,THA-DP,"Thalamus, dorso-posterior part",subcortex,Thalamus,R,-1260.7218159943568,130500.0454354318,0.008889839824459265,0.11613957306907452,72.87402997394594,-7233.495118094937,236864.6534741175,0.0018365425280847645,0.20260642449362354,6.204969033946237,0.01632832137213918,0.04293603489685645,0.0095542964699292,0.06925588515285427
424,NAc-shell-rh,NAc-shell,"Nucleus Accumbens, shell",subcortex,Nucleus Accumbens,R,-411.68285737898464,99134.37673405083,0.3469595969422441,-0.0020006012538991147,13.13700911603729,-1488.3953343172006,118308.73591148996,0.5832699346194548,-0.01890859549006474,0.20347740030047254,0.6540029250760887,0.5233211196404611,0.6469815764095972,0.7813613894330113
425,NAc-core-rh,NAc-core,"Nucleus Accumbens, core",subcortex,Nucleus Accumbens,R,477.3265116466732,110111.4935140446,0.28793164540984834,0.0031479869050492493,36.02958386804069,-2475.666985347567,162699.12407724012,0.2737432507028572,0.013367564190791548,1.4971858737983958,0.22720395674077437,0.4666541902616445,0.35306657903152605,0.4262421337202957
426,pGP-rh,pGP,"Pallidum, posterior part",subcortex,Pallidum,R,939.0472462359885,124138.51495406212,0.0016553761897827805,0.17112968067714163,-0.31287023214810006,964.6901669070176,123681.85954991696,0.00748060854079016,0.1534990436367537,0.0002721537676962021,0.9869076617734495,0.011659309400758705,0.024789753850501695,0.9912745098343939
427,aGP-rh,aGP,"Pallidum, anterior part",subcortex,Pallidum,R,-174.0775663721529,152419.52367438344,0.6136887879764679,-0.015371540673683626,29.861649707998325,-2621.5456725874283,196004.6344156901,0.37561618699963784,-5.145937276962442e-06,1.737583151790894,0.19383374684589935,0.7469563263842264,0.45964891886209047,0.3963987435497221
428,HIP-head-m1-lh,HIP-head-m1,"Hippocampus head, medial division",subcortex,Hippocampus head,L,-404.8523611999192,101320.29961644071,0.415932740179914,-0.006710463408791334,-51.0625578807562,3780.2473589087467,26791.02003108958,0.21452796818625422,0.023548382184394367,2.4874516688518606,0.12146518868895674,0.5919544327325421,0.2933605348089139,0.2917735220359067
429,HIP-head-m2-lh,HIP-head-m2,"Hippocampus head, medial division",subcortex,Hippocampus head,L,280.2909487873503,119238.0477154418,0.5216819570321454,-0.012048322996257799,25.80519775834418,-1834.7093645144641,156902.490671435,0.5511175112131808,-0.016453082938138852,0.7919938649808286,0.3780306830882877,0.67670690511369,0.6223640657602008,0.5645589806647454
430,THA-VAip-lh,THA-VAip,"Thalamus, inferior ventro-anterior part, posterior division",subcortex,Thalamus,L,-1003.2630660787468,123839.13477839995,0.11644038524493391,0.030777359030324525,46.042642747658675,-4776.929315354223,191041.50646925898,0.16195684955432046,0.03515924470941989,1.2179950540472742,0.2753730982694465,0.24138783059908675,0.23207973815005967,0.4762882129255141
431,THA-VAia-lh,THA-VAia,"Thalamus, inferior ventro-anterior part, anterior division",subcortex,Thalamus,L,-915.4217492259157,125060.34528818724,0.0862689138047283,0.040482297766721964,-10.489025273210892,-55.738675032067476,109750.8988050995,0.22310171061318135,0.021918732498915294,0.08898047385031853,0.7667920981500544,0.2008517275248546,0.3014529066023343,0.8448763685620573
432,HIP-head-l-lh,HIP-head-l,"Hippocampus head, lateral division",subcortex,Hippocampus head,L,-1309.654711894337,128608.50099810312,0.001603447574081888,0.1721523100072614,70.6737966641309,-7102.0963543357175,231761.71872839204,0.0001471847575343975,0.28380950063956767,8.483407215170896,0.005468397472338543,0.011555003152907573,0.0020249054521398933,0.037176768651253564
433,HIP-body-lh,HIP-body,Hippocampus body,subcortex,Hippocampus body,L,1378.3890098358754,65783.53160582889,0.015373516776277322,0.09787819999590663,-94.04195520329814,9086.090635729513,-71477.10442550833,0.0016717582272261177,0.2057899268983332,7.5219053078585505,0.008598041541826888,0.05940829660844457,0.009144316086272981,0.04819149209863466
434,HIP-tail-lh,HIP-tail,Hippocampus tail,subcortex,Hippocampus tail,L,560.0220696940578,108544.82742049717,0.19826881002690355,0.014120877431358259,-34.47746803001223,3385.8037733724695,58222.61559154049,0.21416389751654955,0.023618955045086265,1.4669362722829224,0.23188459404120576,0.36442931073770934,0.2933605348089139,0.4314574003881452
435,THA-VPm-lh,THA-VPm,"Thalamus, medial ventro-posterior part",subcortex,Thalamus,L,1427.7358289494389,30072.004315060665,0.009098676178287905,0.11536780578047268,-51.12544252279385,5617.989589684201,-44549.05968655334,0.011865127952423147,0.13671863171629928,2.1871444034025314,0.14583854763335857,0.04302915609315322,0.03345818689689509,0.3360949270332223
436,THA-VPl-lh,THA-VPl,"Thalamus, lateral ventro-posterior part",subcortex,Thalamus,L,1635.4044820747795,65173.47994123693,0.0010832286193793667,0.18466637149775877,-8.546968216224514,2335.9160853718895,52698.59794880645,0.004898974951750073,0.1686099412915083,0.07298789319509331,0.7882178503089671,0.00888830771920529,0.01884859854317401,0.8602185193275746
437,THA-VAs-lh,THA-VAs,"Thalamus, superior ventro-anterior part",subcortex,Thalamus,L,162.09795587550298,78229.64956735249,0.7411922748007967,-0.018491862044835106,-87.60481702365134,7342.210163768344,-49635.54504797217,0.020092339539704334,0.11715033943103459,8.37478413555231,0.005751750758855484,0.8329239919791132,0.049402510029324206,0.03730421206457699
438,THA-DAm-lh,THA-DAm,"Thalamus, medial dorso-anterior part",subcortex,Thalamus,L,24.725670855506905,55157.787026393475,0.9575341444255393,-0.020772402907481613,-39.62280321428665,3272.2203034055456,-2674.3918003903873,0.43732981866888554,-0.006499358725149618,1.6806821234538087,0.20116331232068016,0.9791002287594478,0.5184014038529348,0.3999188708714303
439,THA-DAl-lh,THA-DAl,"Thalamus, lateral dorso-anterior part",subcortex,Thalamus,L,640.9629122782337,86890.73663816911,0.23190760324462426,0.009420402108180959,69.24714054779712,-5034.549646291119,187961.65263937827,0.06898700146973268,0.06956923228922796,4.103018460786478,0.04850566891346924,0.4096733535916709,0.11818905157456089,0.1468104912447669
440,PUT-VA-lh,PUT-VA,"Putamen, ventro-anterior part",subcortex,Putamen,L,398.6021133887525,102757.14353252682,0.4120114911291409,-0.006472920773256341,20.158931091630862,-1253.6288043472805,132180.47588846722,0.5904393585268284,-0.01943842893583403,0.3895223349061164,0.5355683838166152,0.5882176634359433,0.6522128193945987,0.6966992729304966
441,PUT-DA-lh,PUT-DA,"Putamen, dorso-anterior part",subcortex,Putamen,L,-294.7823014385158,122011.95681501419,0.4693820008482317,-0.009646647097476091,14.393908803746882,-1474.5105838818408,143020.84665687478,0.6708660034229232,-0.024993287831325706,0.2813233374597488,0.5983323913690182,0.6304716816127135,0.7208713962172165,0.7462717189053139
442,PUT-VP-lh,PUT-VP,"Putamen, ventro-posterior part",subcortex,Putamen,L,144.98534741361937,130706.0507414375,0.7671402534539098,-0.018950706594757616,121.64018285421626,-9824.673759871202,308248.1789271376,0.0002777779793477501,0.26418910475840107,19.47038557439299,5.9351119796215836e-05,0.8421105544310912,0.0027444444478626835,0.0028610655473983175
443,PUT-DP-lh,PUT-DP,"Putamen, dorso-posterior part",subcortex,Putamen,L,604.0493218950382,128480.1185497369,0.21947761229053636,0.011059273939812653,78.1871020939213,-5804.184669310687,242599.51706350065,0.022476160990646078,0.11292827110027126,6.512194453279366,0.014025100977192388,0.3922946298421398,0.05218228261898626,0.06323854184204883
444,CAU-VA-lh,CAU-VA,"Caudate, ventro-anterior part",subcortex,Caudate,L,594.542375627565,137374.50826023382,0.04906984951299994,0.05908870602490901,13.530065343889675,-514.3850857815196,157122.5597616414,0.11650156051168983,0.04859011808398561,0.47033110466598804,0.49620403129852464,0.13260542666013078,0.1786882042983351,0.6633337332913618
445,CAU-DA-lh,CAU-DA,"Caudate, dorso-anterior part",subcortex,Caudate,L,-743.9067068150671,193871.50000466028,0.017898469319749144,0.09279267495019372,-24.82225825563701,1290.531644681716,157641.72417176142,0.029510133064148767,0.10259060427429811,1.5240647243020027,0.22314225493816423,0.0660642688712692,0.06472270730011372,0.4221107655913607
446,CAU-body-lh,CAU-body,Caudate body,subcortex,Caudate body,L,-995.71627007399,190710.32783309964,0.009098277990872363,0.11536926061683306,26.54669548679054,-3171.48991837064,229457.03720520716,0.019219800029948206,0.11881669798490246,1.1877895249364392,0.2813322870062574,0.04302915609315322,0.04845193298383566,0.4765852921673166
447,CAU-tail-lh,CAU-tail,Caudate tail,subcortex,Caudate tail,L,128.43800239086477,143424.41870606074,0.6957432524381355,-0.017551981775415504,-19.592455291996856,1734.240425181003,114827.89634557266,0.6211197545635825,-0.021638316650774758,0.8080102607542691,0.37329145516351314,0.809916504120291,0.6778566552208328,0.561173247166341
448,lAMY-lh,lAMY,"Amygdala, lateral nucleus",subcortex,Amygdala,L,-1643.7953623269163,138087.54355342168,0.00023995760605396882,0.2314692570545389,-39.290646979450884,1576.475664059712,80740.16936470228,0.00045928492468599955,0.24827470120217254,2.0730799141341216,0.15654642265381535,0.0034043985358906824,0.004165294470278878,0.35010874820114374
449,mAMY-lh,mAMY,"Amygdala, medial nucleus",subcortex,Amygdala,L,-1496.1276962104089,116037.01312012774,0.0011082023883503573,0.18394273019318286,12.868642133626985,-2550.8447496997123,134819.67241621212,0.00470145454984541,0.17006462751904672,0.1973484316408968,0.6589084868854449,0.00888830771920529,0.018400520393360487,0.7824273586750727
450,THA-DP-lh,THA-DP,"Thalamus, dorso-posterior part",subcortex,Thalamus,L,-218.79960145358973,68274.45757034962,0.6095955533253441,-0.015244878353421587,-24.03265536734725,1750.92270439389,33197.16090937608,0.6168311363262613,-0.02133714714649293,0.7136803425935929,0.40250468873957,0.7469563263842264,0.6778566552208328,0.5877822419284724
451,NAc-shell-lh,NAc-shell,"Nucleus Accumbens, shell",subcortex,Nucleus Accumbens,L,-99.79229314088093,121793.49525632628,0.8470203521995529,-0.020033814757358215,-0.09799920744129054,-91.76025415462755,121650.45874124148,0.9817520904928086,-0.041736484521168515,8.001887622229613e-06,0.9977549511717951,0.9090951297839173,0.9860961262914494,0.9977549511717951
452,NAc-core-lh,NAc-core,"Nucleus Accumbens, core",subcortex,Nucleus Accumbens,L,-603.2306122801376,160098.29455067148,0.11341200233209608,0.03162287488667759,-39.0934608167525,2600.8789880329114,103038.72699091976,0.08409382745298208,0.061696138188281124,2.5384319485691687,0.11780893448091552,0.2383752271239427,0.1376831419717252,0.28690813733774895
453,pGP-lh,pGP,"Pallidum, posterior part",subcortex,Pallidum,L,1021.7054556375483,117001.3983309658,0.0002587658058958685,0.2291768050141505,-9.578525242059868,1806.763724814231,103020.88863053295,0.0011675046489598216,0.217830789099681,0.30372001824559686,0.5841701543764826,0.003559990178082554,0.007233426107617621,0.7408191343210142
454,aGP-lh,aGP,"Pallidum, anterior part",subcortex,Pallidum,L,-42.759824620902236,147328.36505043262,0.9095548967546501,-0.020556043046511485,27.877735814472345,-2327.625863389725,188017.81839852472,0.5348589171599742,-0.015158684921604548,1.2552046235171055,0.2682531449574605,0.9514698689553251,0.6178777312738634,0.4730525619534572
