index,name,base_name,Label Name,network,component,hemisphere,beta1,intercept,pval,adj_r2,quad_beta2,quad_beta1,quad_intercept,quad_pval,quad_adj_r2,f_statistic,pval_quad_vs_linear,pval_adj,quad_pval_adj,pval_quad_vs_linear_adj
1,7Networks_LH_Vis_1,7networks_lh_vis,7Networks_LH_Vis,visual,visual,L,0.0010754120942910146,0.00025282026814826136,2.2457573523322147e-07,0.4192725393686295,5.188739247576024e-05,-0.0032210580218667312,0.07727019003649283,8.674817015074764e-12,0.6473158882124299,32.03650087615943,8.766767303481819e-07,1.0511070494420881e-06,6.456339221055645e-11,5.378530210514521e-06
2,7Networks_LH_Vis_2,7networks_lh_vis,7Networks_LH_Vis,visual,visual,L,0.0016120068483558843,-0.022658472965903745,1.273009710928389e-08,0.4833843047258547,9.34275282810289e-05,-0.006124141840816456,0.1160176514033048,5.862058628577245e-22,0.8697999968440271,143.45739456283115,6.939213686366098e-16,1.1332282524735071e-07,2.661374617374069e-19,3.1504030136102085e-13
3,7Networks_LH_Vis_3,7networks_lh_vis,7Networks_LH_Vis,visual,visual,L,0.0007220329491377207,0.013022904707636868,1.2808846529316527e-06,0.3767831130765975,2.452896270658803e-05,-0.0013090568825287387,0.049431675714770695,1.180580551779423e-07,0.47119715796403905,9.570063914839944,0.0033251340207642757,4.213924872688191e-06,2.447413563962822e-07,0.005509528632945186
4,7Networks_LH_Vis_4,7networks_lh_vis,7Networks_LH_Vis,visual,visual,L,0.0018741400505400078,-0.025990645444312777,1.3925999007330322e-10,0.5706579847160294,5.147614016075726e-05,-0.0023882768361663635,0.050416295275637395,2.3759101211914046e-12,0.6662258562158767,14.743598530387057,0.0003674163763616954,5.055286092157695e-09,2.2472149896268703e-11,0.0007686960132175563
5,7Networks_LH_Vis_5,7networks_lh_vis,7Networks_LH_Vis,visual,visual,L,0.001864431096484412,-0.023740930606315783,5.133355150254351e-11,0.5879142696021964,5.344575240634261e-05,-0.002561077048999878,0.05558954023107804,2.5393441907604435e-13,0.6965208023276384,18.17782836782551,9.621748746465797e-05,3.3861462870874406e-09,3.718910524533036e-12,0.0002454086478031164
6,7Networks_LH_Vis_6,7networks_lh_vis,7Networks_LH_Vis,visual,visual,L,0.0014340785140091348,-0.014128058077358951,2.0063282289643822e-06,0.3653705846627452,7.010445534489718e-05,-0.004370832525596018,0.0899292186923047,9.968128578408412e-10,0.5684208013678167,23.58313290523041,1.3653801993801067e-05,6.1132417177840906e-06,3.802966701342369e-09,4.842832894676316e-05
7,7Networks_LH_Vis_7,7networks_lh_vis,7Networks_LH_Vis,visual,visual,L,0.0013589524230230886,-0.003958143121506531,1.1044011433520096e-08,0.4863750433070073,4.555217004451149e-05,-0.0024129375869404975,0.06365574450461783,9.693378449241694e-11,0.6091673993863557,16.080709957548407,0.00021584884989005654,1.0445794147537758e-07,5.11720211157643e-10,0.0004930382874014321
8,7Networks_LH_Vis_8,7networks_lh_vis,7Networks_LH_Vis,visual,visual,L,0.0013398799444109008,-0.0028733399795211265,1.8748713136541657e-06,0.3671063041517475,5.567605201437102e-05,-0.0032703053482329575,0.07976760381497774,1.894052277084626e-08,0.5108110894401157,15.100543869539063,0.0003183512529075677,5.751294435128319e-06,4.698905649160766e-08,0.0006831428859733588
9,7Networks_LH_Vis_9,7networks_lh_vis,7Networks_LH_Vis,visual,visual,L,0.0013063913493044626,-0.011946703678059972,1.5054536511265778e-06,0.37269692668530785,8.100752268161597e-05,-0.0054013344349142615,0.10829418781214498,6.097603214902219e-14,0.7143958134133945,58.42754249848726,8.704795225941715e-10,4.813210969094833e-06,1.153463274819003e-12,4.39108559175282e-08
10,7Networks_LH_Vis_10,7networks_lh_vis,7Networks_LH_Vis,visual,visual,L,0.0008559339512272217,0.006937851041397575,0.00016237410369645533,0.24324605875886762,3.7836710474387806e-05,-0.002277087156412052,0.06309954625059641,1.6067324778374896e-05,0.3482278175118202,8.731419897217103,0.004875356562797235,0.00027506657864996537,2.3530856288329688e-05,0.007766357471964718
11,7Networks_LH_Vis_11,7networks_lh_vis,7Networks_LH_Vis,visual,visual,L,0.0017477112671504815,-0.023465719037832157,4.890490035693531e-10,0.5479333284664696,6.662690356060951e-05,-0.003769245481331584,0.07542976642030702,1.3355474956217604e-14,0.7322677134437641,34.048126517425615,4.777964272520419e-07,1.1655814100279915e-08,3.929098290216949e-13,3.4949536842749085e-06
12,7Networks_LH_Vis_12,7networks_lh_vis,7Networks_LH_Vis,visual,visual,L,0.0010693131990728414,-0.0025820499089174442,0.0003626935463628213,0.21885287991549907,6.610196768297911e-05,-0.004404176895882706,0.09553426398821031,1.162356834771238e-06,0.41714640932433933,17.330154886050703,0.00013288603495556172,0.0005757443008696534,1.976441958749596e-06,0.00032262171053382366
13,7Networks_LH_Vis_13,7networks_lh_vis,7Networks_LH_Vis,visual,visual,L,0.0004299254004095629,0.02219345929360604,0.010610742576283366,0.11025199664973129,2.930157925753326e-05,-0.001996354927610998,0.06568630903601977,0.0007103494922847093,0.23419480109348922,8.768626566906697,0.004792430700137848,0.012914952090167959,0.0009161894019808466,0.00768821038113987
14,7Networks_LH_Vis_14,7networks_lh_vis,7Networks_LH_Vis,visual,visual,L,0.001110032624576218,0.003155553614987948,0.0007857980131214904,0.1948089713560167,8.38931809232454e-05,-0.005836636452204317,0.1276796784151817,1.4411331696869493e-07,0.46669058809555775,25.470443071490944,7.179105362315427e-06,0.0011774003232909462,2.8822663393738987e-07,2.834185943035829e-05
15,7Networks_LH_Vis_15,7networks_lh_vis,7Networks_LH_Vis,visual,visual,L,0.0008441081772418824,-0.0018996407764573786,0.0004366694616102417,0.21313106565798,6.328075004374755e-05,-0.004395774547988963,0.09202909013084899,2.5093341588421895e-08,0.5049202311739984,29.290148026006957,2.062984413282081e-06,0.0006836135709346543,5.995987937443969e-08,1.029225190802269e-05
16,7Networks_LH_Vis_16,7networks_lh_vis,7Networks_LH_Vis,visual,visual,L,0.0016512301056240148,-0.014213585847811745,4.4419160710619227e-07,0.4029627724833461,8.43949228351772e-05,-0.005336985077595499,0.1110552833019385,7.238328903422795e-12,0.6500223763408389,34.884626283161644,3.7296401521687075e-07,1.83329990569283e-06,5.665864348541291e-11,3.078648416517442e-06
17,7Networks_LH_Vis_17,7networks_lh_vis,7Networks_LH_Vis,visual,visual,L,0.0011984461004076333,0.004088203728950954,0.00012912014142954487,0.250086858444459,4.632069669147878e-05,-0.002637080789626739,0.07284282898173391,3.171245985890616e-05,0.32909473840173387,6.652628552822481,0.013090126567798793,0.00022633414752514815,4.57062119871219e-05,0.019358037334790395
18,7Networks_LH_Vis_18,7networks_lh_vis,7Networks_LH_Vis,visual,visual,L,0.001539973680972812,-0.010183616296676197,9.836482899219834e-06,0.32337609186867566,8.871781730210304e-05,-0.005806193328427351,0.12150180118481549,6.207387838584661e-10,0.5770323905966446,29.785897710033787,1.763431740526961e-06,2.375405976726492e-05,2.5619582533794873e-09,9.141019603608556e-06
19,7Networks_LH_Vis_19,7networks_lh_vis,7Networks_LH_Vis,visual,visual,L,0.0009786829929850356,0.013178036353165154,0.00039230275885279926,0.21643777921174123,7.255779568236685e-05,-0.005029373800179165,0.12087684935972388,2.409703093510062e-08,0.5057730112910958,29.100632820740188,2.191135310024402e-06,0.0006184217101360099,5.7883873251511544e-08,1.0696510008076111e-05
20,7Networks_LH_Vis_20,7networks_lh_vis,7Networks_LH_Vis,visual,visual,L,0.0008435823803393089,0.006094458020680739,1.8247786008303188e-06,0.3677987188641798,3.9111746670815453e-05,-0.0023950164920244084,0.06414871189437915,2.6112434181151235e-09,0.5503675112806989,20.48992178246202,4.0848631984135034e-05,5.635710780795678e-06,8.407833417193376e-09,0.00011964696077933746
21,7Networks_LH_Vis_21,7networks_lh_vis,7Networks_LH_Vis,visual,visual,L,0.001100095448326869,0.0027046659486990726,7.54203564457667e-05,0.265934428304092,7.5058805804442e-05,-0.005115054334810259,0.1141157722923381,1.2973274034697872e-09,0.5635543999208878,33.73204870209871,5.250464319541152e-07,0.00014267017427657534,4.674497152184789e-09,3.6116830319267926e-06
22,7Networks_LH_Vis_22,7networks_lh_vis,7Networks_LH_Vis,visual,visual,L,0.0007466501576358416,0.010853558894625762,7.051994371738905e-05,0.2678945278819562,2.1201669303274373e-05,-0.001008927338703604,0.042323569749368156,6.80386101148657e-05,0.3069434600284108,3.7044672908023664,0.06033208865489786,0.00013395838681043776,9.504470459122776e-05,0.07651052583609952
23,7Networks_LH_Vis_23,7networks_lh_vis,7Networks_LH_Vis,visual,visual,L,0.001894484057573038,-0.015118897755721762,4.984474070900042e-07,0.400164747782658,5.936935426867347e-05,-0.00302152047185289,0.07300407956973114,6.512750271372134e-08,0.48441418114734913,8.843452348057898,0.004630142739627004,2.002516331094726e-06,1.4284003010642265e-07,0.0075074457278237845
24,7Networks_LH_Vis_24,7networks_lh_vis,7Networks_LH_Vis,visual,visual,L,0.0014619710221928626,-0.009803357560304843,9.065504095256388e-06,0.32559222789746745,7.32502053046324e-05,-0.00460341987677737,0.09892321123363743,1.5250999912330017e-08,0.5153004476467168,19.786884583971887,5.2815364020802496e-05,2.2247237077007567e-05,3.868130704021133e-08,0.000145762482087434
25,7Networks_LH_Vis_25,7networks_lh_vis,7Networks_LH_Vis,visual,visual,L,0.001741262207719156,-0.012897072069253016,1.524809605153542e-07,0.4283428459282801,6.571104637220258e-05,-0.003699858140957373,0.08463899044683945,1.1200181957673893e-09,0.5662752724677704,16.26488127980566,0.00020081174074879817,8.049576287671024e-07,4.116022421832603e-09,0.0004675309246151506
26,7Networks_LH_Vis_26,7networks_lh_vis,7Networks_LH_Vis,visual,visual,L,0.0025152242620530667,-0.038433199514657394,1.2419063251271856e-10,0.5726735403407445,8.98578758760034e-05,-0.004925343860213213,0.0949444269708752,5.950251403293986e-15,0.7413221162324992,32.2942549432642,8.103421016716233e-07,5.055286092157695e-09,2.70141413709547e-13,5.1816241430833375e-06
27,7Networks_LH_Vis_27,7networks_lh_vis,7Networks_LH_Vis,visual,visual,L,0.0017447053899177032,-0.014311695151118263,2.1271990551556118e-07,0.4205512954477102,8.904317337444632e-05,-0.005628402318855367,0.11785665407418289,1.023010322881615e-12,0.6779818501574111,39.37257816711859,1.0318431293121136e-07,1.0059878865006747e-06,1.1327967965567152e-11,1.1711419517692488e-06
28,7Networks_LH_Vis_28,7networks_lh_vis,7Networks_LH_Vis,visual,visual,L,0.0017493871699178123,-0.01543419074545857,5.13471986796472e-10,0.5470284797640196,5.685078972131036e-05,-0.00295807079748122,0.0689504369005355,1.013665926071221e-12,0.678107566001831,20.546269110042953,4.002130380486407e-05,1.1655814100279915e-08,1.1327967965567152e-11,0.00011798488264550836
29,7Networks_LH_Vis_29,7networks_lh_vis,7Networks_LH_Vis,visual,visual,L,0.0015472619021460496,-0.013287348913536431,5.028344972352396e-07,0.3999514830368145,6.0102258907327816e-05,-0.0034294298718632833,0.07592349166475834,5.424195711402685e-09,0.5361604128086046,15.095451982946267,0.0003190006427893217,2.002516331094726e-06,1.529555809302372e-08,0.0006831428859733588
30,7Networks_LH_Vis_30,7networks_lh_vis,7Networks_LH_Vis,visual,visual,L,0.0019531471820114516,-0.022599444939248092,2.9541393473556833e-08,0.4653179903487398,9.998771364308159e-05,-0.006326209385214927,0.12581407800928068,2.030430890847875e-15,0.7528906320696215,56.859828051890645,1.2448906247992627e-09,2.3123780408611728e-07,1.0242395827165948e-13,5.138003124171502e-08
31,7Networks_LH_Vis_31,7networks_lh_vis,7Networks_LH_Vis,visual,visual,L,0.0011787482494424791,-0.009137213267021098,6.654964364934097e-07,0.3930928813836263,2.881786194298144e-05,-0.0012074784762003844,0.03363764635292567,4.889990627594816e-07,0.4382305237340608,4.856754281528817,0.032472720256009995,2.5604693404068473e-06,8.915886525815446e-07,0.04348853981188359
32,7Networks_LH_SomMot_1,7networks_lh_sommot,7Networks_LH_SomMot,somatomotor,somatomotor,L,0.0012291287107903644,0.028420517178219112,0.0012538753943164545,0.18001401593383415,0.00010243392607534819,-0.007252783392791335,0.18046499628851273,5.070074593284652e-08,0.489878884420911,30.15682812011279,1.5692234308585291e-06,0.0018129281178970392,1.1338984558380453e-07,8.284039972206654e-06
33,7Networks_LH_SomMot_2,7networks_lh_sommot,7Networks_LH_SomMot,somatomotor,somatomotor,L,0.0008683179530877012,0.017127215700459338,0.003448545292899371,0.14735880446131489,7.089740999783285e-05,-0.0050022526968244736,0.12236148901592521,3.098814013670551e-06,0.3923115111315124,20.348284747111645,4.3008219596533075e-05,0.0046596415564771265,4.922749088966962e-06,0.00012436771781417844
34,7Networks_LH_SomMot_3,7networks_lh_sommot,7Networks_LH_SomMot,somatomotor,somatomotor,L,0.0013624316315286689,0.020887122052546586,0.000658907467117732,0.20033447865596887,9.324746148173099e-05,-0.006358806853349682,0.15929597010273377,7.976418656796209e-07,0.426411166951422,19.91891963883947,5.0315661660702155e-05,0.0010038388928572158,1.3981830386816522e-06,0.0001418839154904272
35,7Networks_LH_SomMot_4,7networks_lh_sommot,7Networks_LH_SomMot,somatomotor,somatomotor,L,0.0012669362300030038,0.03197912270546921,0.0019833128779272184,0.16531484692260234,0.00011261288466271938,-0.008057831706133358,0.19913240917675065,4.462599743649536e-08,0.4926417461282637,31.967646711122143,8.953394629769683e-07,0.002770535527935253,1.0079702903566615e-07,5.419788215887248e-06
36,7Networks_LH_SomMot_5,7networks_lh_sommot,7Networks_LH_SomMot,somatomotor,somatomotor,L,0.001296092894519754,0.012713780299287172,0.0003399394031838851,0.22084243255314406,9.507345005363449e-05,-0.0065763442719129666,0.15383297532057646,2.0274578763028407e-08,0.5093921751748298,29.23107774682671,2.1020663723867897e-06,0.0005453444842596602,4.994243659290716e-08,1.0373240576778288e-05
37,7Networks_LH_SomMot_6,7networks_lh_sommot,7Networks_LH_SomMot,somatomotor,somatomotor,L,0.0009257429379992048,0.015658231570645137,0.0010721271768392496,0.1849932717666306,7.462274526513965e-05,-0.005253299401950765,0.12642208558198542,7.448071236125878e-08,0.48146158254339,28.443441870872057,2.70381894806928e-06,0.001560082494503267,1.6179063833498317e-07,1.2654987653850032e-05
38,7Networks_LH_SomMot_7,7networks_lh_sommot,7Networks_LH_SomMot,somatomotor,somatomotor,L,0.0012798569462772337,0.0035507926610844273,0.00013911326210582495,0.2478672043853507,9.152392166846197e-05,-0.00629866599734169,0.1394013602355083,2.126355254599119e-09,0.5542806908786693,33.99800356568269,4.849825597121569e-07,0.00024014228515606287,7.098274158735294e-09,3.4949536842749085e-06
39,7Networks_LH_SomMot_8,7networks_lh_sommot,7Networks_LH_SomMot,somatomotor,somatomotor,L,0.0006825172985127852,0.03140835299347285,0.034889585757694686,0.0704587115543589,4.312165339241364e-05,-0.0028881168443836524,0.09541458198055103,0.012037832858205522,0.1361876145391181,4.652398826841459,0.03615635773728292,0.040511181416862885,0.01387100537468352,0.047857103244100425
40,7Networks_LH_SomMot_9,7networks_lh_sommot,7Networks_LH_SomMot,somatomotor,somatomotor,L,0.001088132771054676,0.01366119229571578,8.146476700266808e-05,0.2636796402846755,5.212828077650528e-05,-0.003228283797142774,0.09103611680801894,2.1898641014831418e-06,0.40122327588471673,12.02597052107669,0.0011327960339140616,0.00015283059594715416,3.6021677611353134e-06,0.002073747578213645
41,7Networks_LH_SomMot_10,7networks_lh_sommot,7Networks_LH_SomMot,somatomotor,somatomotor,L,0.0012850695183427361,0.00678071891553228,1.5458565028880228e-05,0.31098303161984886,8.356145434147099e-05,-0.005634131357063168,0.13081245611265965,3.549808918332284e-11,0.6255221855948594,41.31715313972215,6.042316136604232e-08,3.474350754015655e-05,2.2379458992051395e-10,8.839129655732016e-07
42,7Networks_LH_SomMot_11,7networks_lh_sommot,7Networks_LH_SomMot,somatomotor,somatomotor,L,0.0013183813311449717,0.0074919700383139776,7.460296579348555e-06,0.3308570241731923,7.229353075428741e-05,-0.004667793337825535,0.11479852996157905,1.2163365668833261e-09,0.56474997196739,26.794051168401865,4.6235230668187966e-06,1.8877220020440468e-05,4.417734410920241e-09,1.958675798774968e-05
43,7Networks_LH_SomMot_12,7networks_lh_sommot,7Networks_LH_SomMot,somatomotor,somatomotor,L,0.0013514741984371856,0.003536263625203692,0.00010402514184066358,0.25649091413853276,0.00010916313816782181,-0.00768764182850811,0.16556903066532092,2.5501396289561194e-12,0.6652192189311432,59.60240413863578,6.681425426859572e-10,0.00019043312256315027,2.3443150615846614e-11,3.791708929742807e-08
44,7Networks_LH_SomMot_13,7networks_lh_sommot,7Networks_LH_SomMot,somatomotor,somatomotor,L,0.001027992991933889,-0.0021199987204615772,1.775195526813295e-09,0.5233939515552674,3.6438087771068624e-05,-0.0019892169260913015,0.051965696197178016,1.396023299012553e-12,0.6736936167456054,23.10923322180847,1.609336440897409e-05,2.984958404345318e-08,1.4404422221629523e-11,5.41213884568462e-05
45,7Networks_LH_SomMot_14,7networks_lh_sommot,7Networks_LH_SomMot,somatomotor,somatomotor,L,0.002029245465463411,-0.021359686527131133,1.9316653284601813e-09,0.5217416938457852,8.543443101928326e-05,-0.00504504488236569,0.10545214291359793,8.605930632994934e-15,0.7372280636927707,40.36244447566124,7.845688921117596e-08,3.1320573540032935e-08,3.0054557749074613e-13,9.894285472742745e-07
46,7Networks_LH_SomMot_15,7networks_lh_sommot,7Networks_LH_SomMot,somatomotor,somatomotor,L,0.0014338483491186105,-0.005237526020214538,7.098410843668516e-09,0.4955730651903707,9.106129927030578e-06,0.0006798267411988364,0.008278862880545468,5.1054995707916505e-08,0.4897277190939683,0.45014333890697605,0.5055508671373032,7.460406533708508e-08,1.1362239240879458e-07,0.5375177837946972
47,7Networks_LH_SomMot_16,7networks_lh_sommot,7Networks_LH_SomMot,somatomotor,somatomotor,L,0.0016476875859994492,-0.014363155891625207,5.907516032326569e-09,0.4993476946178468,5.3963062919246586e-05,-0.0028206558042989747,0.06573516804372462,5.1283250223628497e-11,0.619613722847727,16.176071540360375,0.00020792086946406019,6.385743520657768e-08,2.9849481540419665e-10,0.0004791678920643824
48,7Networks_LH_SomMot_17,7networks_lh_sommot,7Networks_LH_SomMot,somatomotor,somatomotor,L,0.0020623796855585635,-0.01783784585398049,7.230349944563312e-09,0.4951930232044409,8.266654300476021e-05,-0.004782719184883714,0.10486555869737926,9.505609807380613e-13,0.6789867916111691,28.482049501331065,2.6704836605175093e-06,7.460406533708508e-08,1.1065504750130252e-11,1.2629162311197388e-05
49,7Networks_LH_SomMot_18,7networks_lh_sommot,7Networks_LH_SomMot,somatomotor,somatomotor,L,0.0010546977431168383,0.025654999602868052,8.716793233330405e-05,0.2616957412312695,-7.355381844824789e-07,0.0011156030551422568,0.02456322733160865,0.00049278338786749,0.24601938180829352,0.002009820746451205,0.9644319322622895,0.00016218951343983625,0.0006466001678954926,0.9644319322622895
50,7Networks_LH_SomMot_19,7networks_lh_sommot,7Networks_LH_SomMot,somatomotor,somatomotor,L,0.0016180940500049544,-0.010383788339295999,1.2706449825694663e-08,0.48342355053410646,6.881729635094375e-05,-0.004080235411910625,0.09176293568416315,5.470445879341223e-13,0.6864462818082384,32.07949463127871,8.652297741432918e-07,1.1332282524735071e-07,7.095949797774043e-12,5.378530210514521e-06
51,7Networks_LH_SomMot_20,7networks_lh_sommot,7Networks_LH_SomMot,somatomotor,somatomotor,L,0.001143605919470437,-0.003378849169033485,1.4753848977575557e-05,0.3122715027716857,4.378677367812239e-05,-0.002482102670123881,0.06161462956293792,1.4165237937647332e-06,0.41222091073540146,9.162201871218079,0.0040011781329059,3.337545044921323e-05,2.3818585272932924e-06,0.006557887625773569
52,7Networks_LH_SomMot_21,7networks_lh_sommot,7Networks_LH_SomMot,somatomotor,somatomotor,L,0.001377689187621813,-0.010670946973175131,2.0708161933731125e-07,0.4211836733614096,4.787541474968675e-05,-0.002586574171088683,0.06039137365340152,6.015276158886947e-09,0.5341143752260711,12.635202721985968,0.0008751935797744173,9.974092793057906e-07,1.68576257786091e-08,0.0016836351068541754
53,7Networks_LH_SomMot_22,7networks_lh_sommot,7Networks_LH_SomMot,somatomotor,somatomotor,L,0.0015552697660098241,-0.007535955442949403,2.3305359473611202e-06,0.3615182966347913,6.376050823169441e-05,-0.003724338731111736,0.08710488898553223,3.3621479128376146e-08,0.4987182238069773,14.137514302393258,0.0004697518371698995,6.826214968399668e-06,7.950078918897275e-08,0.0009606636670051097
54,7Networks_LH_SomMot_23,7networks_lh_sommot,7Networks_LH_SomMot,somatomotor,somatomotor,L,0.000605396794761089,0.016307069943552136,0.00745967914247536,0.12196093146148757,-4.205768508065037e-05,0.004087930383015751,-0.04611989215461465,0.0002708092386415957,0.26498421176176146,10.34009522553001,0.0023564684769276363,0.009355509200784016,0.0003616099833626013,0.003977088061431772
55,7Networks_LH_SomMot_24,7networks_lh_sommot,7Networks_LH_SomMot,somatomotor,somatomotor,L,0.0006570206228045931,0.020711085344961286,0.0028469656141159737,0.15360738013135267,5.20308939837093e-05,-0.003651331954797222,0.09794145692690012,3.10111506485584e-06,0.39229231606683335,19.852611589099247,5.155516369533657e-05,0.003893139725327265,4.922749088966962e-06,0.00014359536391216442
56,7Networks_LH_SomMot_25,7networks_lh_sommot,7Networks_LH_SomMot,somatomotor,somatomotor,L,0.0005638501792347541,0.027191716919863634,0.010709746954115853,0.10994263565198636,-2.1261599161095825e-05,0.002324390091893644,-0.0043672488774905115,0.012556312585925487,0.1346361721007988,2.369701056745651,0.1304168839417626,0.013000601917563095,0.014431812440532078,0.15260119925144386
57,7Networks_LH_SomMot_26,7networks_lh_sommot,7Networks_LH_SomMot,somatomotor,somatomotor,L,0.0012446424850996599,-0.004341752611630979,1.4464133542281356e-05,0.31281850053030746,6.250130713304348e-05,-0.003930699452604518,0.08843003746664757,3.886961193493265e-08,0.49561462417779445,18.395853162428473,8.861930165585337e-05,3.29985760210841e-05,8.912527181040112e-08,0.00023127523794370448
58,7Networks_LH_SomMot_27,7networks_lh_sommot,7Networks_LH_SomMot,somatomotor,somatomotor,L,0.0011199011646862349,0.001502136402176911,0.0002498637436948602,0.23024099357891603,4.331139239097038e-05,-0.00246644407676945,0.06578999832384819,8.04665601991024e-05,0.30197803060974704,5.933050718285858,0.0187054715454533,0.0004095239698103485,0.00011103896149055468,0.02678953968970283
59,7Networks_LH_SomMot_28,7networks_lh_sommot,7Networks_LH_SomMot,somatomotor,somatomotor,L,0.001041123668162616,0.02167314438069102,0.0008013205799644136,0.1941935225954038,6.6418926144081e-05,-0.004458611772554403,0.12025992529948096,4.534165704638181e-06,0.38238884387854943,15.626315169434244,0.0002582208064884101,0.001192785387881455,6.978004169171979e-06,0.0005750467093636385
60,7Networks_LH_SomMot_29,7networks_lh_sommot,7Networks_LH_SomMot,somatomotor,somatomotor,L,0.0003450326866919948,0.030973401785640665,0.06538260634045563,0.04958086939868411,2.079491809040614e-06,0.00017284298919444628,0.034060028072786484,0.18376188179027309,0.02995933092215708,0.02907797899996238,0.8653310728841962,0.07347451306575954,0.19178826283398617,0.87496727636843
61,7Networks_LH_SomMot_30,7networks_lh_sommot,7Networks_LH_SomMot,somatomotor,somatomotor,L,0.000774870794090476,0.014555317655784883,0.0020391785818070665,0.16441880894852345,4.8898452550809007e-05,-0.0032741039199319024,0.08713615129403032,4.3908238852571294e-05,0.3197404485255442,11.959697197249804,0.0011652794125005062,0.0028398376568724176,6.249009542027388e-05,0.0021246459970892763
62,7Networks_LH_SomMot_31,7networks_lh_sommot,7Networks_LH_SomMot,somatomotor,somatomotor,L,0.0009138528615762526,0.006223819325382109,2.644074926902682e-07,0.41540675154297835,8.913762971131059e-06,0.00017575995691025952,0.01945467456821813,1.3892373104359753e-06,0.4127072139206627,0.7793642133148182,0.38182887907925267,1.1885247691225916e-06,2.3446607395462183e-06,0.4157081801006732
63,7Networks_LH_SomMot_32,7networks_lh_sommot,7Networks_LH_SomMot,somatomotor,somatomotor,L,0.0009502659667297523,0.007802342530441767,0.00033660941630501485,0.2211443699075537,-1.892467017492029e-05,0.0025172994210061602,-0.0202878784473546,0.0008824684125346756,0.22709169483628078,1.3693473011891444,0.2478236829401945,0.0005419172872428253,0.0011253951103672548,0.2778072890243168
64,7Networks_LH_SomMot_33,7networks_lh_sommot,7Networks_LH_SomMot,somatomotor,somatomotor,L,0.0004107485808943729,0.022599784992754553,0.04645380452878624,0.06091095611091313,3.855467590556894e-06,9.15014478961025e-05,0.02832252338610355,0.1349495569953213,0.04262024000771314,0.08296121388583585,0.7745902229386101,0.05325764458603271,0.1438194809292861,0.7971745068433139
65,7Networks_LH_SomMot_34,7networks_lh_sommot,7Networks_LH_SomMot,somatomotor,somatomotor,L,0.000232239542715541,0.02831938468102909,0.25245634824221214,0.0069261967258162915,-3.820260859209776e-06,0.0005485714267120189,0.022648904258588627,0.5021987660889091,-0.01244053810254564,0.0818193891133897,0.7761038150324775,0.2659284967562977,0.510063176296118,0.7971745068433139
66,7Networks_LH_SomMot_35,7networks_lh_sommot,7Networks_LH_SomMot,somatomotor,somatomotor,L,0.0004699172841021082,0.03973073623203337,0.0701557611863602,0.047258942024468786,2.2657472095830632e-05,-0.001406206127050053,0.07336162079104722,0.07911238635259998,0.06413111450389108,1.8653608337272232,0.17850794168967268,0.07787461021664434,0.0855167223906676,0.20413754540834106
67,7Networks_LH_SomMot_36,7networks_lh_sommot,7Networks_LH_SomMot,somatomotor,somatomotor,L,0.0011176952390665115,0.001485759810087646,1.297459765662431e-06,0.37645879828813755,3.857876048586145e-05,-0.0020767703842223093,0.05874889290994513,1.0302587344360072e-07,0.474253018086791,9.92848216313732,0.0028304160563899293,4.237746284969379e-06,2.1654512288608673e-07,0.004706992269600835
68,7Networks_LH_SomMot_37,7networks_lh_sommot,7Networks_LH_SomMot,somatomotor,somatomotor,L,0.00041943779012917323,0.016580573023552654,0.026530311929923018,0.07961948780745087,-2.7746443443384916e-05,0.0027169470577196584,-0.024603961262572933,0.005708661995934352,0.1631808737572834,5.79308658204426,0.020071178272135674,0.03112341502890194,0.006802447627701301,0.028387273942522103
69,7Networks_LH_DorsAttn_Post_1,7networks_lh_dorsattn_post,7Networks_LH_DorsAttn_Post,dorsal attention,posterior,L,0.001058776405591023,0.012659878626413712,2.1191558085064467e-06,0.36396603188363874,5.411712150894554e-05,-0.0034223236119957697,0.092986874437583,3.6845819490905585e-10,0.5863167529682152,26.799533069415382,4.615187425973184e-06,6.33164328407293e-06,1.6562378266209044e-09,1.958675798774968e-05
70,7Networks_LH_DorsAttn_Post_2,7networks_lh_dorsattn_post,7Networks_LH_DorsAttn_Post,dorsal attention,posterior,L,0.0010984043631772444,0.008744321039093714,3.4182140719312984e-06,0.3515697395281686,2.4494854970690463e-05,-0.0009298612204200517,0.045102465333605624,4.738653599972927e-06,0.3812284346859163,3.3007155586557584,0.07562940387591492,9.486749890421081e-06,7.268070048607124e-06,0.0927993225936902
71,7Networks_LH_DorsAttn_Post_3,7networks_lh_dorsattn_post,7Networks_LH_DorsAttn_Post,dorsal attention,posterior,L,0.0011457042347640493,0.00598022032981519,7.66698183764221e-07,0.38960089546721755,6.347004469002336e-05,-0.004109852794995643,0.10018992461180429,1.5576820825250645e-12,0.672168627075596,42.372645321318224,4.542380079181109e-08,2.876702276272366e-06,1.571528145480843e-11,7.365144842672227e-07
72,7Networks_LH_DorsAttn_Post_4,7networks_lh_dorsattn_post,7Networks_LH_DorsAttn_Post,dorsal attention,posterior,L,0.0010077606039537485,0.001481228686776935,4.194184574115458e-08,0.4576188522722263,3.1739661601699236e-05,-0.001620402058727103,0.04859296695811492,1.7991078632246331e-09,0.5574391458424388,11.826475153322919,0.0012335765197302416,3.121573437128554e-07,6.095484850029726e-09,0.0022312499599901584
73,7Networks_LH_DorsAttn_Post_5,7networks_lh_dorsattn_post,7Networks_LH_DorsAttn_Post,dorsal attention,posterior,L,0.001023790710320277,-0.006619211162412084,3.441408550084947e-07,0.4091154147918451,4.8050894418067404e-05,-0.002955003021091889,0.06470357702404053,5.4018482739697365e-11,0.6187717004509119,27.397572592428723,3.7937714348474674e-06,1.4739617752250623e-06,3.094395870644294e-10,1.640354506115e-05
74,7Networks_LH_DorsAttn_Post_6,7networks_lh_dorsattn_post,7Networks_LH_DorsAttn_Post,dorsal attention,posterior,L,0.0015082376401593597,-0.0057456687502167245,3.6573744224349585e-07,0.4076534933434991,3.137052963330948e-05,-0.0010893595152675706,0.04081816044444038,4.825900711149929e-07,0.4385458148440107,3.6410550873578122,0.06249016103710243,1.551820549332216e-06,8.834511785734144e-07,0.07880703641901252
75,7Networks_LH_DorsAttn_Post_7,7networks_lh_dorsattn_post,7Networks_LH_DorsAttn_Post,dorsal attention,posterior,L,0.0013712992753855111,-0.008446922266260898,8.042374231163354e-07,0.38841750072593917,5.6390558473488856e-05,-0.0032980498237810104,0.07525457603942207,4.994165852485991e-09,0.537787882590473,16.511878766140402,0.00018234734797599925,2.9209903207585304e-06,1.4350324664738229e-08,0.000427123277911005
76,7Networks_LH_DorsAttn_Post_8,7networks_lh_dorsattn_post,7Networks_LH_DorsAttn_Post,dorsal attention,posterior,L,0.0018571570737125212,-0.012163603287310067,1.647851088144405e-09,0.5248453685677897,4.492274959056304e-05,-0.0018626145691130165,0.05451602448245062,3.046346750414514e-10,0.5896516779487353,8.58063986891792,0.005227276711436844,2.8774015154521532e-08,1.3970115400890803e-09,0.008211708051876565
77,7Networks_LH_DorsAttn_Post_9,7networks_lh_dorsattn_post,7Networks_LH_DorsAttn_Post,dorsal attention,posterior,L,0.0005252686969429557,0.01909156469949072,0.04526578400439074,0.0617733054033911,8.464153750627848e-05,-0.006483367103193997,0.14472648834549154,3.4325798219587374e-09,0.5451042633577912,52.00044716413492,3.9132497408428205e-09,0.05202700237466683,1.0459001605162864e-08,9.870085457459113e-08
78,7Networks_LH_DorsAttn_Post_10,7networks_lh_dorsattn_post,7Networks_LH_DorsAttn_Post,dorsal attention,posterior,L,0.00016395803890841714,0.030640667502182452,0.40829865863362935,-0.006244963652432212,5.910682559081174e-05,-0.004730308134334071,0.11837396889109306,1.159811067702719e-06,0.41720078774251024,35.87546935457621,2.7908423250457163e-07,0.4241821304797888,1.976441958749596e-06,2.585800848103582e-06
79,7Networks_LH_DorsAttn_Post_11,7networks_lh_dorsattn_post,7Networks_LH_DorsAttn_Post,dorsal attention,posterior,L,0.0016718352252741166,-0.0021780433428222126,4.871616520505541e-06,0.34224051802057476,8.10590517010797e-05,-0.0050401573544353335,0.11813933357778297,7.965271732478399e-09,0.5285143706111157,19.963769767352247,4.949498052499847e-05,1.2933999417014712e-05,2.1397830571273334e-08,0.00014044200723968317
80,7Networks_LH_DorsAttn_Post_12,7networks_lh_dorsattn_post,7Networks_LH_DorsAttn_Post,dorsal attention,posterior,L,0.0002908400265490868,0.02748419900063145,0.15679212964897538,0.02135384128275042,2.610117809215165e-05,-0.0018704351179251585,0.06622663697247129,0.05258467820256169,0.0802565586844024,4.074042508240227,0.049273820472806706,0.16868158023847113,0.05766532343952418,0.06409832233425285
81,7Networks_LH_DorsAttn_Post_13,7networks_lh_dorsattn_post,7Networks_LH_DorsAttn_Post,dorsal attention,posterior,L,-0.00010760342706919734,0.04187383658873005,0.48250190387996406,-0.010289306352292193,1.8034618682324512e-05,-0.0016009372896467998,0.06864293847290243,0.1521779829917181,0.03771285834846683,3.3944037137210454,0.07173125946977138,0.4956015030803251,0.16104616381874132,0.08825472032324175
82,7Networks_LH_DorsAttn_Post_14,7networks_lh_dorsattn_post,7Networks_LH_DorsAttn_Post,dorsal attention,posterior,L,0.00047473075922869297,0.015606024566336734,0.006554273480114543,0.12624535731966458,7.275059151535619e-06,-0.00012767134167577816,0.026404522891766407,0.02084958055703901,0.11575940636162507,0.43078201837029245,0.5148061781151001,0.008311844022268164,0.02360526078028856,0.5460794506174192
83,7Networks_LH_DorsAttn_Post_15,7networks_lh_dorsattn_post,7Networks_LH_DorsAttn_Post,dorsal attention,posterior,L,0.0020580652428293105,-0.02437563987182806,6.67711150012612e-11,0.583434988477181,6.335437851837786e-05,-0.00318791419541512,0.06966237907608988,9.519157256794133e-14,0.7089309484987378,21.695453707515195,2.647614290384335e-05,3.3861462870874406e-09,1.543463355208763e-12,8.585834913103486e-05
84,7Networks_LH_DorsAttn_Post_16,7networks_lh_dorsattn_post,7Networks_LH_DorsAttn_Post,dorsal attention,posterior,L,0.0011570075635395807,1.2432215356884824e-05,2.1762225050853698e-05,0.3014727382722604,8.830199785064179e-06,0.00042583400314233095,0.013119253150565426,0.00011605311232612259,0.291015388414828,0.2920117235909098,0.5914859371139021,4.6824882336907955e-05,0.0001582225615497287,0.6230501518554792
85,7Networks_LH_DorsAttn_Post_17,7networks_lh_dorsattn_post,7Networks_LH_DorsAttn_Post,dorsal attention,posterior,L,0.0007376928779598538,0.0001928977121565742,3.7751788127508804e-06,0.3489666027896947,2.0927278198392293e-05,-0.0009951640088824783,0.03125562502117598,1.8914004634256248e-06,0.40494502012276645,5.515488690711902,0.023106558083928457,1.038746170296303e-05,3.1339263153110716e-06,0.03219619235347499
86,7Networks_LH_DorsAttn_FEF_1,7networks_lh_dorsattn_fef,7Networks_LH_DorsAttn_FEF,dorsal attention,frontal eye fields,L,0.0014136343527588922,-0.0005455533309133634,1.9080853197590097e-05,0.3051427799091151,6.896854277079959e-05,-0.004297218878266685,0.10182566841517866,1.1181103669873926e-07,0.4724191062094477,16.21901902991118,0.00020445060324784155,4.164763149858608e-05,2.3285417734508083e-07,0.0004735743565026534
87,7Networks_LH_DorsAttn_FEF_2,7networks_lh_dorsattn_fef,7Networks_LH_DorsAttn_FEF,dorsal attention,frontal eye fields,L,2.8606022694405522e-05,0.044583389332838154,0.8674728218663315,-0.020235110467806017,2.390518613032801e-05,-0.0019508327760103827,0.08006627779058165,0.09674863567353563,0.056082206032762816,4.88087947429292,0.032065378151565314,0.869387772907979,0.1038389612193503,0.04307006414441021
88,7Networks_LH_DorsAttn_FEF_3,7networks_lh_dorsattn_fef,7Networks_LH_DorsAttn_FEF,dorsal attention,frontal eye fields,L,0.0004656150544242357,0.025275933611712646,0.007910103429851968,0.1200167670606157,3.9433745159640785e-05,-0.0027996464968423037,0.08380813550891762,2.2884585085390482e-05,0.33834443650229973,16.838645832284705,0.00016061094633170337,0.009838868375761077,3.31936154273715e-05,0.0003817663331654101
89,7Networks_LH_DorsAttn_FEF_4,7networks_lh_dorsattn_fef,7Networks_LH_DorsAttn_FEF,dorsal attention,frontal eye fields,L,0.0004072384087336334,0.023618983598829926,0.03565196464136221,0.06973655953178626,3.725023881993953e-05,-0.0026772206529618583,0.07891016861057741,0.0008649788681535257,0.22774979813010354,10.821474224744906,0.0019062048246049404,0.041290795783618474,0.0011061983271597202,0.0033157739094660647
90,7Networks_LH_DorsAttn_PrCv_1,7networks_lh_dorsattn_prcv,7Networks_LH_DorsAttn_PrCv,dorsal attention,precentral ventral,L,0.0014308376124062164,-0.0028296568943502673,4.59946323269572e-06,0.3437624717455722,7.447517473626862e-05,-0.004735985335952321,0.10771515558403455,1.4433188914372196e-09,0.5615693847218649,24.845806972740032,8.86296528956929e-06,1.2429501831213434e-05,5.1088109153587295e-09,3.4391335397132115e-05
91,7Networks_LH_DorsAttn_PrCv_2,7networks_lh_dorsattn_prcv,7Networks_LH_DorsAttn_PrCv,dorsal attention,precentral ventral,L,0.0009325418132279631,0.01505365224622205,0.007539229385659181,0.12160930697839079,0.00010534923014422113,-0.007790768368264028,0.17142536848959045,7.594998105636748e-09,0.5294684367186977,42.60664183930781,4.2659719448575294e-08,0.009403324563432056,2.077186228891014e-08,7.173152825797475e-07
92,7Networks_LH_SalVentAttn_ParOper_1,7networks_lh_salventattn_paroper,7Networks_LH_SalVentAttn_ParOper,salience / ventral attention,parietal operculum,L,0.001711732173975186,-0.003002571383277766,5.28805267101909e-07,0.39872451434100165,9.839840252515203e-05,-0.0064360234898785335,0.14305190910414237,7.892882790273862e-14,0.7112421617783732,52.949575358298766,3.1148344267632594e-09,2.0519452244809118e-06,1.4055315267622241e-12,8.838342685940748e-08
93,7Networks_LH_SalVentAttn_ParOper_2,7networks_lh_salventattn_paroper,7Networks_LH_SalVentAttn_ParOper,salience / ventral attention,parietal operculum,L,0.002072570660323854,-0.022995562448425405,2.5511739735551574e-09,0.516261378035398,9.38229170763983e-05,-0.005696317699556778,0.11626744446781934,6.735067081942502e-16,0.764226087236311,51.481861636546924,4.437113011238454e-09,3.8607766133134715e-08,6.115440910403792e-14,1.0602364774222411e-07
94,7Networks_LH_SalVentAttn_ParOper_3,7networks_lh_salventattn_paroper,7Networks_LH_SalVentAttn_ParOper,salience / ventral attention,parietal operculum,L,0.0001336838537785118,0.03624424350632391,0.4808891226592782,-0.010211829036845366,-2.6135942958822963e-05,0.0022978376592071564,-0.002549796568909503,0.08026800601991702,0.06355341925959423,4.781029255752752,0.03378805475716632,0.4950649924882365,0.08655979746565873,0.04511699076398091
95,7Networks_LH_SalVentAttn_ParOper_4,7networks_lh_salventattn_paroper,7Networks_LH_SalVentAttn_ParOper,salience / ventral attention,parietal operculum,L,0.0009573492719190495,0.009125161879534965,2.6570644744355315e-05,0.295868029468618,5.125340092052707e-05,-0.0032866239728218433,0.08520148682543613,4.2144967812358877e-08,0.4938752040225868,19.778657860925378,5.297535141944187e-05,5.58475588608209e-05,9.566907693405466e-08,0.000145762482087434
96,7Networks_LH_SalVentAttn_TempOcc_1,7networks_lh_salventattn_tempocc,7Networks_LH_SalVentAttn_TempOcc,salience / ventral attention,temporal occipital,L,0.002321506180187488,-0.029201169859409078,4.043930874526462e-10,0.5514457758286818,8.896651836740349e-05,-0.00504525420737134,0.10285339898996065,7.268709799998429e-15,0.7391095940827603,35.527384188490515,3.088824900497077e-07,1.0555298304665295e-08,2.7499952076660723e-13,2.786025683704062e-06
97,7Networks_LH_SalVentAttn_FrOperIns_1,7networks_lh_salventattn_froperins,7Networks_LH_SalVentAttn_FrOperIns,salience / ventral attention,frontal operculum insula,L,0.0013783868648279496,0.024050394240357792,6.316034855119021e-06,0.33532567340242736,8.333847181408604e-05,-0.0055223502235263585,0.1477511545480315,3.302296832729902e-11,0.6266721433827618,38.45938137532038,1.332461973766418e-07,1.6200450984316586e-05,2.1116095240272894e-10,1.4068319443952413e-06
98,7Networks_LH_SalVentAttn_FrOperIns_2,7networks_lh_salventattn_froperins,7Networks_LH_SalVentAttn_FrOperIns,salience / ventral attention,frontal operculum insula,L,0.00026332582197670785,0.06032565434623833,0.23410213108676933,0.00914176765885788,1.1715103479705062e-05,-0.000706728551670267,0.07771458860406152,0.3584741639118753,0.00198060296195246,0.655581939117009,0.4222044610950907,0.24716829654277506,0.3673753282528022,0.4574721368428907
99,7Networks_LH_SalVentAttn_FrOperIns_3,7networks_lh_salventattn_froperins,7Networks_LH_SalVentAttn_FrOperIns,salience / ventral attention,frontal operculum insula,L,0.001657413764871109,-0.0007356176648505852,1.5743395295828034e-06,0.3715608140169432,7.388692024531648e-05,-0.0044606995120146905,0.1089360383204862,4.203087555104092e-09,0.5411673377746538,18.74309854247422,7.778760380976759e-05,4.963542683545782e-06,1.2390920454657517e-08,0.00020652381362359348
100,7Networks_LH_SalVentAttn_FrOperIns_4,7networks_lh_salventattn_froperins,7Networks_LH_SalVentAttn_FrOperIns,salience / ventral attention,frontal operculum insula,L,0.0011485617749117604,0.040318801872082366,0.00010816052476979086,0.25533909391368403,4.943662980533883e-05,-0.0029449760281570246,0.11369846148009322,1.064461045776432e-05,0.3595477981624656,8.81013444811359,0.004701675589875235,0.00019641951298194022,1.579298414321896e-05,0.007596301486844686
101,7Networks_LH_SalVentAttn_FrOperIns_5,7networks_lh_salventattn_froperins,7Networks_LH_SalVentAttn_FrOperIns,salience / ventral attention,frontal operculum insula,L,0.00102073124951986,0.014644827711362475,1.0393963504637989e-05,0.32187561321668934,4.034707140940267e-05,-0.002320157130368636,0.07453269583384411,6.05780772474203e-07,0.4330876705795166,10.416233298140781,0.002278378579770034,2.483610226897709e-05,1.0957150227222637e-06,0.0038740969109198327
102,7Networks_LH_SalVentAttn_FrOperIns_6,7networks_lh_salventattn_froperins,7Networks_LH_SalVentAttn_FrOperIns,salience / ventral attention,frontal operculum insula,L,0.0009831740008759012,0.015716024962356225,0.00042246228161012034,0.21415304453989503,5.385478852801661e-05,-0.0034762038649652554,0.09565363531338551,9.42003846000434e-06,0.3628698996882953,12.204005341500705,0.0010501598391610785,0.0006636604700726458,1.4021958888006461e-05,0.0019539859302423346
103,7Networks_LH_SalVentAttn_FrOperIns_7,7networks_lh_salventattn_froperins,7Networks_LH_SalVentAttn_FrOperIns,salience / ventral attention,frontal operculum insula,L,0.0011416153946255331,0.02138259080860269,1.407745121602906e-06,0.3743973391129982,3.706479478008087e-05,-0.0019274882071507859,0.07639851796853628,2.0315421384108013e-07,0.45884104014305394,8.49003148818631,0.005451602468428322,4.532739611402264e-06,3.924766514206399e-07,0.008505249211912227
104,7Networks_LH_SalVentAttn_FrOperIns_8,7networks_lh_salventattn_froperins,7Networks_LH_SalVentAttn_FrOperIns,salience / ventral attention,frontal operculum insula,L,0.001542534876204002,0.014664283555998955,6.637186013406683e-05,0.2696594180349723,0.0001087404599619848,-0.0074615818148047585,0.1760696618968831,2.5350785952800347e-10,0.5928471943593226,39.101206840901504,1.1129669979409398e-07,0.00012768145974943363,1.2115007181654062e-09,1.2030643263456826e-06
105,7Networks_LH_SalVentAttn_FrOperIns_9,7networks_lh_salventattn_froperins,7Networks_LH_SalVentAttn_FrOperIns,salience / ventral attention,frontal operculum insula,L,0.0013774160022522917,0.0018143674224875145,2.8084355976691474e-05,0.29430548887603947,9.111937573816876e-05,-0.006167609025645969,0.13706446035336045,1.4103678512200313e-10,0.6028808068806693,38.29765652442662,1.3945999730357247e-07,5.8757131859068796e-05,7.114522271709936e-10,1.4389736085414068e-06
106,7Networks_LH_SalVentAttn_PFCl_1,7networks_lh_salventattn_pfcl,7Networks_LH_SalVentAttn_PFCl,salience / ventral attention,lateral prefrontal cortex,L,0.0017994169762633712,-0.013414627352328547,3.894288859461224e-08,0.4592573127194174,5.7053889247053e-05,-0.002924858391304047,0.0712714644938796,1.4879707257065996e-09,0.5610005858327101,12.124564069639117,0.0010862214213296845,2.9466785703256597e-07,5.196451611313817e-09,0.0020046525418035642
107,7Networks_LH_SalVentAttn_Med_1,7networks_lh_salventattn_med,7Networks_LH_SalVentAttn_Med,salience / ventral attention,medial,L,0.0009333773097627168,0.028393471768851188,0.0006903116439378014,0.19887643477463046,4.299894849716442e-05,-0.002627096408984625,0.0922175677205451,0.00011519159421476492,0.2912401513600176,7.2552335669208965,0.009769745311626235,0.0010446716211592062,0.00015752103546235924,0.014834329001599702
108,7Networks_LH_SalVentAttn_Med_2,7networks_lh_salventattn_med,7Networks_LH_SalVentAttn_Med,salience / ventral attention,medial,L,0.0006430416563777881,0.03869461977175674,0.004224974134526835,0.14071144337475916,2.270358477882286e-05,-0.0012369000573522965,0.07239395019762904,0.0047530428971338185,0.16967912721175926,2.6745921603859566,0.10864205297325018,0.005580838684408686,0.005708681151584004,0.12844659387983223
109,7Networks_LH_SalVentAttn_Med_3,7networks_lh_salventattn_med,7Networks_LH_SalVentAttn_Med,salience / ventral attention,medial,L,0.0013827007800284407,0.004450589673695125,7.274908104733264e-07,0.39089794578380754,2.0489101646630796e-05,-0.00031387344988285416,0.034862923815885474,2.37502973561308e-06,0.3991514876439798,1.6593509031666354,0.20399688891305728,2.752340232957418e-06,3.8101183744464254e-06,0.23095907123822446
110,7Networks_LH_SalVentAttn_Med_4,7networks_lh_salventattn_med,7Networks_LH_SalVentAttn_Med,salience / ventral attention,medial,L,0.0015354810708567747,0.00860823361052028,2.80850931926278e-09,0.5143539861122266,5.35490980942696e-05,-0.002898584484021702,0.0880921022711858,4.586888984177234e-12,0.6567507190804631,20.91276766600889,3.505059432722461e-05,4.113107196597749e-08,3.7862683614844807e-11,0.00010736513412085907
111,7Networks_LH_SalVentAttn_Med_5,7networks_lh_salventattn_med,7Networks_LH_SalVentAttn_Med,salience / ventral attention,medial,L,0.0007105079796803175,0.008857229054576764,4.924666486419248e-05,0.2782945062293126,-1.2926786492067319e-05,0.0017808942375186617,-0.01033022762174507,0.00013618908080274543,0.2861719023381992,1.5297003780953817,0.22230199560877062,9.72086341232321e-05,0.0001845666945804371,0.25043450621930985
112,7Networks_LH_SalVentAttn_Med_6,7networks_lh_salventattn_med,7Networks_LH_SalVentAttn_Med,salience / ventral attention,medial,L,0.0011801040151830653,0.011879765247283826,1.0776756128001133e-05,0.3208895889179688,4.044564990635622e-05,-0.0021689470328613725,0.0719139551675824,2.241874395459466e-06,0.4006248931151247,7.3854747344363965,0.009177619492104463,2.5456846390543682e-05,3.6744078539299553e-06,0.013982010904078612
113,7Networks_LH_SalVentAttn_Med_7,7networks_lh_salventattn_med,7Networks_LH_SalVentAttn_Med,salience / ventral attention,medial,L,-0.00011288175917173969,0.03598997751446945,0.4502806780023373,-0.008658500711520745,-3.840104502426417e-06,0.00020509325268312805,0.030290042823193038,0.6994260827582577,-0.02681331388380581,0.15132476323901298,0.6990294393091413,0.4667292872444318,0.7056432034938867,0.7245647612930369
114,7Networks_LH_Limbic_OFC_1,7networks_lh_limbic_ofc,7Networks_LH_Limbic_OFC,limbic,orbital frontal cortex,L,0.0004873791008881464,0.014925226870433232,0.000776190393818082,0.19519584530898726,1.3024149278208287e-05,-0.0005910691597050357,0.034257200843619384,0.0012990209388596416,0.21426992366378328,2.1652293689702646,0.14782799238974575,0.0011707323547953796,0.0016246708160944279,0.17199287473054742
115,7Networks_LH_Limbic_OFC_2,7networks_lh_limbic_ofc,7Networks_LH_Limbic_OFC,limbic,orbital frontal cortex,L,0.0013739579325523538,0.013699641418870867,1.0257893531774197e-06,0.38236038537784867,5.556212527833662e-05,-0.0032267938003489906,0.09617148175418624,9.99796405642634e-09,0.5239320691831435,15.274099099668959,0.00029702563525269444,3.582372048788835e-06,2.57902027364634e-08,0.0006421411352605871
116,7Networks_LH_Limbic_OFC_3,7networks_lh_limbic_ofc,7Networks_LH_Limbic_OFC,limbic,orbital frontal cortex,L,0.0012052887838362586,0.019881566887780318,7.681253098901285e-08,0.44407719220192843,2.7344653200750597e-05,-0.0010589507492758925,0.06046971684604284,5.427737403102358e-08,0.4883970196039473,5.158208213818544,0.02775919526317683,4.911674516762231e-07,1.1962100878681895e-07,0.03818992318024934
117,7Networks_LH_Limbic_OFC_4,7networks_lh_limbic_ofc,7Networks_LH_Limbic_OFC,limbic,orbital frontal cortex,L,0.0021508570007665964,-0.006199718627472206,1.3165438530356572e-10,0.5716475605176212,7.361729507122025e-05,-0.003944930303512091,0.10307172796707839,2.4233052110290038e-14,0.7253931708556819,27.87401955451192,3.2492820058957647e-06,5.055286092157695e-09,5.790424030564041e-13,1.4751740306766772e-05
118,7Networks_LH_Limbic_OFC_5,7networks_lh_limbic_ofc,7Networks_LH_Limbic_OFC,limbic,orbital frontal cortex,L,0.0016610497561527918,-0.0003977086997551324,5.563080589914322e-08,0.45133726349502734,5.96389129762691e-05,-0.003277275242205461,0.08812537935908754,4.575839396449226e-10,0.5824856118626645,16.07761385118034,0.00021611149601957045,3.8267251330622764e-07,1.9785057961789987e-09,0.0004930382874014321
119,7Networks_LH_Limbic_TempPole_1,7networks_lh_limbic_temppole,7Networks_LH_Limbic_TempPole,limbic,temporal pole,L,5.324776277257831e-05,0.028551569483033987,0.7030138934694027,-0.017714420225349636,-8.191652329848237e-06,0.0007315472061988155,0.01639255577278895,0.6269995576797667,-0.022048007500615308,0.7964751286767559,0.37669604536340096,0.7140230595863732,0.6339817353822139,0.41110578027640393
120,7Networks_LH_Limbic_TempPole_2,7networks_lh_limbic_temppole,7Networks_LH_Limbic_TempPole,limbic,temporal pole,L,0.000431042990137843,0.017662705260910037,0.0016752463477790777,0.17074662538300778,2.0387353518377542e-05,-0.0012571061142938916,0.047924012865765545,0.0003878296123494231,0.253664657696556,6.332811305393211,0.015324284252834558,0.002369351532372901,0.0005148381403702868,0.022298798239701566
121,7Networks_LH_Limbic_TempPole_3,7networks_lh_limbic_temppole,7Networks_LH_Limbic_TempPole,limbic,temporal pole,L,0.00021795994787330544,0.022325153863290426,0.08809472932416282,0.039799303998937274,2.5588844066842163e-05,-0.0019008920235678885,0.06030712542528702,0.00125356470851002,0.2154599742565465,11.74733206170725,0.0012761316627089906,0.09707525998342215,0.0015721502145401908,0.0022899753947426154
122,7Networks_LH_Limbic_TempPole_4,7networks_lh_limbic_temppole,7Networks_LH_Limbic_TempPole,limbic,temporal pole,L,0.0004484828904020797,0.013689790970375974,0.0056079817913468125,0.13139578343730707,-2.5225264728900744e-05,0.002537229133153059,-0.023752513382028884,0.0009145837326391567,0.22591512348242326,6.861021781714871,0.01182310991715974,0.007171897840201276,0.0011598352363636232,0.017598989843903352
123,7Networks_LH_Limbic_TempPole_5,7networks_lh_limbic_temppole,7Networks_LH_Limbic_TempPole,limbic,temporal pole,L,0.00102777537273588,0.004748890746003202,1.42196783481247e-07,0.4299643495270433,1.1493108655234509e-05,7.61030006459244e-05,0.02180831417919077,6.587196902970061e-07,0.4310629625297683,1.0926876273783808,0.3012230199156812,7.685397583391207e-07,1.1748758261748216e-06,0.3327378370844751
124,7Networks_LH_Limbic_TempPole_6,7networks_lh_limbic_temppole,7Networks_LH_Limbic_TempPole,limbic,temporal pole,L,0.0003466991477209765,0.02742907202654246,0.10396785050108606,0.03442317199165379,-6.097777423488987e-06,0.0008516179194098957,0.018378033687907643,0.24572984783088433,0.01788971106505821,0.19193787763163056,0.6633156383515926,0.11373832319877848,0.2547062806283596,0.693883179289454
125,7Networks_LH_Limbic_TempPole_7,7networks_lh_limbic_temppole,7Networks_LH_Limbic_TempPole,limbic,temporal pole,L,0.001191628870938528,0.00874246241677036,1.180657505181638e-06,0.37883471411573344,2.8722039299086907e-05,-0.001186663381486464,0.05137509080009342,1.0315467085530952e-06,0.4201000533393999,4.415651776038637,0.040999241944523326,4.000138114570624e-06,1.7806927972741644e-06,0.05379669318732251
126,7Networks_LH_Limbic_TempPole_8,7networks_lh_limbic_temppole,7Networks_LH_Limbic_TempPole,limbic,temporal pole,L,0.0003632122344775229,0.015677842443193882,0.004521665225246492,0.13848351699635575,-1.0269483422374111e-05,0.0012135638618640766,0.00043466747655156873,0.008233540313093231,0.15003747066373496,1.6524873237262472,0.20491887469124515,0.005915953925826822,0.009658985276858727,0.23142579380553557
127,7Networks_LH_Cont_Par_1,7networks_lh_cont_par,7Networks_LH_Cont_Par,control,parietal ,L,0.001535809153252033,-0.010597356195523794,4.779469901820563e-09,0.5036691005195388,5.427089057775533e-05,-0.0029580235182109305,0.06995788175051489,8.986389775670658e-12,0.6467859096540849,20.44884710496843,4.146297819505479e-05,6.027442598407043e-08,6.580356384120126e-11,0.00012066789808047995
128,7Networks_LH_Cont_Par_2,7networks_lh_cont_par,7Networks_LH_Cont_Par,control,parietal ,L,0.0009997774060649914,0.008657986165684875,0.00048488107167762894,0.2098884915609548,8.001433762183752e-05,-0.005625708941451531,0.1274246755935469,4.5005611523417855e-09,0.5398302351172732,35.41600230892912,3.191042633317428e-07,0.0007513174284697732,1.3145489432398762e-08,2.786025683704062e-06
129,7Networks_LH_Cont_Par_3,7networks_lh_cont_par,7Networks_LH_Cont_Par,control,parietal ,L,0.00171174706602781,-0.0068781120107981805,5.168751108603799e-09,0.5020764325921779,7.35913771623216e-05,-0.004381894138480915,0.10235486417546946,4.4266101307461427e-14,0.7182616700880153,37.83166363285375,1.5911367849833664e-07,6.068595993979748e-08,9.569909520755948e-13,1.570382826918366e-06
130,7Networks_LH_Cont_Par_4,7networks_lh_cont_par,7Networks_LH_Cont_Par,control,parietal ,L,0.0005139031742618192,0.014596544786181068,0.003577926131096871,0.14615524200292906,2.5569388705613038e-05,-0.001603337820521435,0.0525496384131292,0.0009406965388211964,0.22498726109394251,5.8824189931506625,0.019187658482090916,0.004805853442360886,0.0011896273777850226,0.027307827432192087
131,7Networks_LH_Cont_Par_5,7networks_lh_cont_par,7Networks_LH_Cont_Par,control,parietal ,L,0.0015113980268071057,-0.003390433573538909,1.7230956089002285e-06,0.3692623750402577,9.281957872465458e-05,-0.006174410165831049,0.13438330057042067,1.7818302504368198e-13,0.7010614692955812,54.27635914556299,2.2725559693288115e-09,5.395071768556578e-06,2.6965031123277205e-12,6.989034077873946e-08
132,7Networks_LH_Cont_Par_6,7networks_lh_cont_par,7Networks_LH_Cont_Par,control,parietal ,L,0.0013124660127272847,0.010449088375282939,0.00012861979337545492,0.250202316868398,9.263223112588502e-05,-0.006357829098196012,0.14794473918143758,2.52060460729383e-09,0.55104293918169,33.16421152775218,6.225904214547274e-07,0.00022633095423432766,8.232766127420136e-09,4.1567066373595034e-06
133,7Networks_LH_Cont_Temp_1,7networks_lh_cont_temp,7Networks_LH_Cont_Temp,control,temporal,L,0.0010860761508147817,0.009118137519212637,3.439980433727927e-05,0.28855908390563567,6.859733858174743e-05,-0.004594039985337504,0.110938374355027,1.3346856160324143e-09,0.5630268278094086,31.149337638592836,1.1517740391993415e-06,6.972103200502137e-05,4.771238343926899e-09,6.3768952902012325e-06
134,7Networks_LH_Cont_OFC_1,7networks_lh_cont_ofc,7Networks_LH_Cont_OFC,control,orbital frontal cortex,L,0.00034103357507938876,0.03933131544922402,0.09616463954118228,0.036948852756739536,4.824735484029873e-06,-5.847256381907775e-05,0.04649275523407314,0.2382997890619411,0.019172021356011815,0.13003306816898413,0.7200134255921364,0.10545590906206946,0.24757003257235985,0.742922943679159
135,7Networks_LH_Cont_PFCl_1,7networks_lh_cont_pfcl,7Networks_LH_Cont_PFCl,control,lateral prefrontal cortex,L,0.000995159426282183,0.01941239631583678,0.0009705034328265497,0.18814868513459104,5.195218045396978e-05,-0.0033066753767288003,0.09652593202037942,7.38694996122072e-05,0.3045142616256159,9.03114623834667,0.0042480940640855815,0.0014259176650590732,0.00010255887713743751,0.006937534910413144
136,7Networks_LH_Cont_PFCl_2,7networks_lh_cont_pfcl,7Networks_LH_Cont_PFCl,control,lateral prefrontal cortex,L,0.0011270116049760849,0.007767478710487795,0.0013310742837795856,0.17810866266295444,8.821165611421954e-05,-0.006177243365411588,0.13870159223335732,3.4373757741111764e-07,0.4465937592225423,24.28720510407582,1.0719013531910503e-05,0.0019123662178352275,6.475388387744705e-07,4.048825632271342e-05
137,7Networks_LH_Cont_PFCl_3,7networks_lh_cont_pfcl,7Networks_LH_Cont_PFCl,control,lateral prefrontal cortex,L,0.001129565666723271,0.014404769436211919,0.0014948698415585316,0.17439905944158296,9.741725765782084e-05,-0.006936947533383991,0.15900291933082228,3.5500033113600546e-08,0.49755713901173604,31.87234195915798,9.218586579713092e-07,0.002127495009616217,8.30773970802817e-08,5.464584485920515e-06
138,7Networks_LH_Cont_PFCl_4,7networks_lh_cont_pfcl,7Networks_LH_Cont_PFCl,control,lateral prefrontal cortex,L,0.0012972058126579137,0.009058497342079516,1.3399556222323903e-05,0.31492349100147254,7.708329045273971e-05,-0.00508557886938254,0.12347458187615522,5.71101546378567e-10,0.5785297986546334,31.021346057116272,1.1983558411116746e-06,3.103774757619924e-05,2.400741685702495e-09,6.554862070659039e-06
139,7Networks_LH_Cont_PFCl_5,7networks_lh_cont_pfcl,7Networks_LH_Cont_PFCl,control,lateral prefrontal cortex,L,0.0014002225807010472,0.006810073038808907,1.4199710775256176e-05,0.31332704461443217,8.105617143339174e-05,-0.005311531502073835,0.12712317472739754,1.45162248476052e-09,0.5614623453617255,28.159570700250114,2.9626696898917072e-06,3.272420655820459e-05,5.1088109153587295e-09,1.3725020808273827e-05
140,7Networks_LH_Cont_PFCl_6,7networks_lh_cont_pfcl,7Networks_LH_Cont_PFCl,control,lateral prefrontal cortex,L,0.0018917348257975527,-0.008879027602101186,2.2223213408569034e-08,0.47149376876717686,6.712037397583359e-05,-0.0036660831182670182,0.09074892467746891,1.1946811611559565e-10,0.6056756219455118,17.333580450534804,0.00013271144051282057,1.8186616523303161e-07,6.0942162602787e-10,0.00032262171053382366
141,7Networks_LH_Cont_PFCl_7,7networks_lh_cont_pfcl,7Networks_LH_Cont_PFCl,control,lateral prefrontal cortex,L,0.0016312535183997685,-0.012162102803104861,2.3702512558592217e-07,0.41799782200255386,6.695902090354595e-05,-0.003913203787942295,0.08722635027177014,5.530656937576306e-10,0.5791049412563045,19.373087456199233,6.152627664074203e-05,1.0869637072324107e-06,2.3466525697753676e-09,0.00016827066021022217
142,7Networks_LH_Cont_PFCl_8,7networks_lh_cont_pfcl,7Networks_LH_Cont_PFCl,control,lateral prefrontal cortex,L,0.0018311458087078758,-0.014162429571075594,1.4055250414202512e-08,0.4812899277481826,6.459280917071369e-05,-0.0035173803183334565,0.08171381378806042,6.077939360636501e-11,0.6168538638141909,17.98325603892495,0.00010357462361830318,1.2271314784707577e-07,3.324559602083098e-10,0.0002599967010484099
143,7Networks_LH_Cont_PFCv_1,7networks_lh_cont_pfcv,7Networks_LH_Cont_PFCv,control,ventral prefrontal cortex,L,0.00062805915485408,0.03178362793304631,0.004130929438905216,0.14144974201889282,3.695119054244231e-05,-0.0024316375912527954,0.08663093032384034,0.00037199388027640975,0.2549874732783537,8.315059686896113,0.005914133459774028,0.005483748436441427,0.0004952645796055426,0.009163879149274433
144,7Networks_LH_Cont_pCun_1,7networks_lh_cont_pcun,7Networks_LH_Cont_pCun,control,precuneus,L,0.0005223003004710862,0.014706015836912792,0.013600808684744064,0.10197161024182644,2.354977256739677e-05,-0.0014277089262480906,0.04966135768861453,0.01042905096143644,0.14144481939154763,3.2068634398593314,0.07977148950704378,0.016206737907805264,0.012109435131693462,0.09709452074047689
145,7Networks_LH_Cont_pCun_2,7networks_lh_cont_pcun,7Networks_LH_Cont_pCun,control,precuneus,L,0.0007603280047115994,0.02209081782494065,0.001031175316320538,0.18622831823643649,2.622639306242979e-05,-0.0014113154075099058,0.06101911458070308,0.0008924803669389314,0.22672055976108496,3.5134867061545307,0.06709391263247111,0.0015053170212524895,0.0011349750324657559,0.0836830668547854
146,7Networks_LH_Cont_Cing_1,7networks_lh_cont_cing,7Networks_LH_Cont_Cing,control,cingulate,L,0.00015931881943577562,0.036799129049669456,0.37352170298725607,-0.003956365662633354,5.623001511129173e-05,-0.0044967366890314225,0.12026233001759344,1.36211384951562e-07,0.46796881335474916,43.57721945901378,3.2939158154952044e-08,0.38983644403727413,2.748443056355962e-07,5.751683770133934e-07
147,7Networks_LH_Cont_Cing_2,7networks_lh_cont_cing,7Networks_LH_Cont_Cing,control,cingulate,L,0.0008591542120497109,0.016762799459546097,0.002073730979766698,0.16387652463987168,6.929372740912167e-05,-0.004878625522970781,0.11961669848691257,7.468648347227771e-07,0.4280143725550424,23.165970771963615,1.5778700966700402e-05,0.0028791249688504003,1.319364338381871e-06,5.408350531159857e-05
148,7Networks_LH_Cont_PFCmp_1,7networks_lh_cont_pfcmp,7Networks_LH_Cont_PFCmp,control,medial posterior prefrontal cortex,L,0.0013682586088967369,0.018263628599555472,9.645716483829441e-08,0.43889760633906083,2.6396995303887725e-05,-0.0008175113068394002,0.05744515326457995,1.4148210365684144e-07,0.46710859959656104,3.5410950061022493,0.06606672590849484,5.877344599238398e-07,2.842162613283452e-07,0.08263880899023225
149,7Networks_LH_Default_Temp_1,7networks_lh_default_temp,7Networks_LH_Default_Temp,default,temporal,L,0.0011603703929880741,-0.0032651671655137687,2.097604803170693e-05,0.30250143956888176,5.1644273744443504e-05,-0.0031159685831385255,0.07339133719152349,4.949236549593245e-07,0.43794256233161166,12.56674292858785,0.0009007864722434796,4.534821812569022e-05,8.987813574061334e-07,0.0017183069680610913
150,7Networks_LH_Default_Temp_2,7networks_lh_default_temp,7Networks_LH_Default_Temp,default,temporal,L,0.0014844220108650409,-0.008978553402054529,3.4135527137518782e-06,0.35160543548493584,7.747812898418513e-05,-0.004931056777973237,0.1060235969126313,6.6181687085186e-10,0.5758774914988154,26.38195562105177,5.2974560897758525e-06,9.486749890421081e-06,2.7068906249256254e-09,2.18640460432567e-05
151,7Networks_LH_Default_Temp_3,7networks_lh_default_temp,7Networks_LH_Default_Temp,default,temporal,L,0.0019197444055203048,-0.01819103977449374,2.3915803531519517e-09,0.51753946120662,6.990981302414501e-05,-0.0038690495221131525,0.0855773259731538,1.2891700331012505e-12,0.6747974252865626,24.211323841727737,1.1000863936212585e-05,3.7440602770034e-08,1.3611237093673668e-11,4.064400572645158e-05
152,7Networks_LH_Default_Temp_4,7networks_lh_default_temp,7Networks_LH_Default_Temp,default,temporal,L,0.0013733393237585958,0.006239491191445283,5.218603456939296e-07,0.3990468445704952,5.370372910531468e-05,-0.0030735302570361342,0.08595288138300812,5.220684438082627e-09,0.5369145966954441,15.290349155413432,0.0002951070880518234,2.042453421940035e-06,1.4813692093059454e-08,0.0006410460190216642
153,7Networks_LH_Default_Temp_5,7networks_lh_default_temp,7Networks_LH_Default_Temp,default,temporal,L,0.0003651518218882909,0.03738765393673364,0.05817686649908051,0.053440285309043434,2.3482701540219102e-05,-0.001579303672986229,0.07224344108247661,0.02743124708186084,0.1053759150598671,3.7865449522369654,0.057659533573475585,0.06553919948035372,0.0305989832313632,0.07353210180437617
154,7Networks_LH_Default_Temp_6,7networks_lh_default_temp,7Networks_LH_Default_Temp,default,temporal,L,0.0020853739561524825,-0.013292068201082259,6.692558911700691e-10,0.5420776875970026,8.034244281249304e-05,-0.004567280728012807,0.10596163353527976,1.8735519874589925e-14,0.728383380938241,33.923881135366415,4.958169696070288e-07,1.4468674980533875e-08,4.725514457257681e-13,3.5172016281498604e-06
155,7Networks_LH_Default_Temp_7,7networks_lh_default_temp,7Networks_LH_Default_Temp,default,temporal,L,0.0013274447271918873,-0.0011331770700621427,1.1476218621330523e-06,0.3795478187010709,6.216969844940056e-05,-0.003820438771543793,0.0911464004034214,8.013869470516576e-10,0.572409861872418,22.650120633658076,1.8893976613664515e-05,3.917446055702299e-06,3.142052259954686e-09,6.30725395779683e-05
156,7Networks_LH_Default_Temp_8,7networks_lh_default_temp,7Networks_LH_Default_Temp,default,temporal,L,0.00026453527093909623,0.02619778752691692,0.16013366154564423,0.020695812191549035,-1.775723197641884e-06,0.0004115717915505429,0.023562050335403747,0.37294394117859925,0.0002986276132267429,0.02064267710070357,0.8863709033256826,0.17186922539414298,0.38134357949343256,0.8902928984731414
157,7Networks_LH_Default_Temp_9,7networks_lh_default_temp,7Networks_LH_Default_Temp,default,temporal,L,0.0013129628234416614,0.002603244379256915,2.5355731759184076e-08,0.4686413697724371,5.365466321137499e-05,-0.003129843917865943,0.08224380520098132,7.683109289734719e-12,0.6491331400383684,25.69200132982665,6.66529002058087e-06,2.0195617927490473e-07,5.91208748735519e-11,2.654422516968171e-05
158,7Networks_LH_Default_Temp_10,7networks_lh_default_temp,7Networks_LH_Default_Temp,default,temporal,L,0.0016274265396862306,-0.013049565823914457,1.021413673861556e-06,0.3824672802513792,8.981955501118788e-05,-0.005809968471682589,0.1202711803275997,4.333802201033005e-12,0.6575787278710286,39.56462948005588,9.781775271643175e-08,3.582372048788835e-06,3.6436040727203416e-11,1.1711419517692488e-06
159,7Networks_LH_Default_Par_1,7networks_lh_default_par,7Networks_LH_Default_Par,default,parietal,L,0.0009300434523262383,0.005585991068933642,0.0008006913155413137,0.19421824597294812,7.715297302712713e-05,-0.005458511207433029,0.1201055066744494,9.805826859971368e-09,0.5243250112378992,34.31082168930744,4.4190970095438875e-07,0.001192785387881455,2.558531835877587e-08,3.288967282512992e-06
160,7Networks_LH_Default_Par_2,7networks_lh_default_par,7Networks_LH_Default_Par,default,parietal,L,0.001837943675691095,-0.014300677752011562,2.413132417579704e-06,0.36061953294611226,8.68109177187397e-05,-0.005350324917860528,0.11455429512019294,3.1617584999757772e-09,0.5466923375652146,20.702942089583217,3.781175882342008e-05,6.966571286348225e-06,9.831769582116459e-09,0.00011293775332784683
161,7Networks_LH_Default_Par_3,7networks_lh_default_par,7Networks_LH_Default_Par,default,parietal,L,0.001430783657489184,-0.009035975509224345,2.4398344372893564e-06,0.36033530533366653,7.734160931119373e-05,-0.004973390791946236,0.1057635362523612,1.0359505736243861e-10,0.6080605019430734,31.338380020899248,1.086402371565392e-06,6.966571286348225e-06,5.405994947419211e-10,6.165333458633599e-06
162,7Networks_LH_Default_Par_4,7networks_lh_default_par,7Networks_LH_Default_Par,default,parietal,L,0.0015777053408935668,-0.001184003006370997,4.6067961435837637e-08,0.45553970818876866,4.772487287759798e-05,-0.0023740925878965122,0.06965486567022208,3.237648002056636e-09,0.5462345787190259,10.593842063070582,0.0021066260872767916,3.373363627721014e-07,9.999266618596686e-09,0.003609087711787409
163,7Networks_LH_Default_Par_5,7networks_lh_default_par,7Networks_LH_Default_Par,default,parietal,L,0.001804866594376104,-0.011157558076674581,1.1859815984190937e-07,0.4341579823407916,6.227814903709248e-05,-0.003351997018542727,0.08128299451263851,2.770879681769915e-09,0.5492307387529625,13.253480400379678,0.0006758808554320837,6.662535259274173e-07,8.859009686785503e-09,0.0013399559317299823
164,7Networks_LH_Default_Par_6,7networks_lh_default_par,7Networks_LH_Default_Par,default,parietal,L,0.0015196907791195343,-0.006843944039437513,4.1849200326866813e-10,0.5508144548805403,5.123197743339567e-05,-0.0027225085207794254,0.06920058164750341,3.1564231210136996e-13,0.6936985291031981,23.391128395848575,1.4592012670355727e-05,1.0555298304665295e-08,4.478175302938186e-12,5.135483528946899e-05
165,7Networks_LH_Default_Par_7,7networks_lh_default_par,7Networks_LH_Default_Par,default,parietal,L,0.0010189527680045088,0.008679472354738295,6.821924215635053e-05,0.26886061959778484,4.506011968046504e-05,-0.002712193631923984,0.07556300096638476,3.915394388425615e-06,0.3862329592786442,10.1791704847165,0.002530949614187087,0.00013068158624043522,6.066856833942761e-06,0.004224452664856388
166,7Networks_LH_Default_PFC_1,7networks_lh_default_pfc,7Networks_LH_Default_PFC,default,prefrontal cortex,L,0.00035046394420265223,0.032757783559117855,0.08770045733053598,0.03994552660252226,2.8280361680287696e-05,-0.0019912557498492564,0.07473482208019491,0.0228044152102914,0.11238080045951493,4.917099975908162,0.03146414277327816,0.09687593096852393,0.025650265383386033,0.042514050056750845
167,7Networks_LH_Default_PFC_2,7networks_lh_default_pfc,7Networks_LH_Default_PFC,default,prefrontal cortex,L,0.001425348072923065,0.004655249925334351,1.808861182038649e-05,0.30662842088893694,9.59081587891238e-05,-0.006516206097980461,0.1470134178119508,1.4277908417982941e-11,0.6397577987494077,45.38738737935776,2.0491156283749703e-08,3.967260756741771e-05,9.532603561418022e-11,4.0375815920576924e-07
168,7Networks_LH_Default_PFC_3,7networks_lh_default_pfc,7Networks_LH_Default_PFC,default,prefrontal cortex,L,0.0017079238289809979,-0.00521106802792376,3.9609269543754167e-13,0.6627527121471721,3.1748163129701934e-05,-0.0009209427920076939,0.04191328921103933,8.049299492470887e-14,0.7110009344276005,9.013571479456525,0.004282410808393251,1.7969307190333905e-10,1.4055315267622241e-12,0.006968510777815541
169,7Networks_LH_Default_PFC_4,7networks_lh_default_pfc,7Networks_LH_Default_PFC,default,prefrontal cortex,L,0.0016954428946936973,0.01363753574518596,1.939783868184129e-08,0.4744196462193244,5.6794487612386475e-05,-0.0030073530475596064,0.09793859318009734,2.4220895519477723e-10,0.5936363746624269,15.081976359264985,0.0003207259567515936,1.6515300521667395e-07,1.1698177197705198e-09,0.0006836130721371995
170,7Networks_LH_Default_PFC_5,7networks_lh_default_pfc,7Networks_LH_Default_PFC,default,prefrontal cortex,L,0.0010678142608290982,0.010074256681531953,0.00047842548749487085,0.21030405424201237,8.509486050413107e-05,-0.005978358378611366,0.13638205563084335,4.960388161992411e-09,0.537921342419601,35.03236564715846,3.5709858257890507e-07,0.0007438533264475047,1.434405239200353e-08,3.0589199337891114e-06
171,7Networks_LH_Default_PFC_6,7networks_lh_default_pfc,7Networks_LH_Default_PFC,default,prefrontal cortex,L,0.0018656561771926753,-0.006572377850362139,1.0142351982828543e-06,0.3826436036664297,8.006625542066222e-05,-0.004764129158199401,0.11227137407994765,3.6578320581056406e-09,0.543872278850478,17.966687289539728,0.00010422775240266653,3.582372048788835e-06,1.1071038362533072e-08,0.0002599967010484099
172,7Networks_LH_Default_PFC_7,7networks_lh_default_pfc,7Networks_LH_Default_PFC,default,prefrontal cortex,L,0.0008521351109887223,0.01662639072820652,0.005290913643937235,0.1333145016674736,6.094194800374534e-05,-0.004194086059999008,0.10708359660919833,8.638319425899339e-05,0.2998673706196374,12.418604667488875,0.0009588959044059277,0.006824076120305411,0.00011848329363620241,0.001806384815768843
173,7Networks_LH_Default_PFC_8,7networks_lh_default_pfc,7Networks_LH_Default_PFC,default,prefrontal cortex,L,0.0007533061430470215,0.03050872921314951,0.0032468112726646973,0.14932652782327982,6.619019433112635e-05,-0.004727489448275304,0.12875599947673835,4.641201877273533e-07,0.4394773904177116,25.846886042494457,6.32902421842878e-06,0.004400156172506784,8.530792114502769e-07,2.556962572867333e-05
174,7Networks_LH_Default_PFC_9,7networks_lh_default_pfc,7Networks_LH_Default_PFC,default,prefrontal cortex,L,0.0012147021639537518,0.024057503820854677,1.6335268774411136e-05,0.3094569474499046,5.0090320407305224e-05,-0.002932963665260767,0.0984074478930397,7.931329688763863e-07,0.4265495150475632,10.801095983298008,0.0019233000770233744,3.635398050775812e-05,1.3956680925189124e-06,0.0033200693344814145
175,7Networks_LH_Default_PFC_10,7networks_lh_default_pfc,7Networks_LH_Default_PFC,default,prefrontal cortex,L,0.0004415270636137675,0.02383112567664557,0.012664803965165719,0.10435192778185809,-1.9392891421078066e-05,0.0020473309878614146,-0.004954084336600814,0.010282411937957814,0.14196200394797165,3.103967032089324,0.08460521480895174,0.015171031662757878,0.011969782102135507,0.10242871339537091
176,7Networks_LH_Default_PFC_11,7networks_lh_default_pfc,7Networks_LH_Default_PFC,default,prefrontal cortex,L,0.0010673823294138321,0.010366720282635605,0.00013058809281702582,0.2497505993995326,5.07383735937774e-05,-0.0031339447268638747,0.08567858110396914,5.5089089533455866e-06,0.37724993818486896,10.82732662259119,0.0019013248957532238,0.00022802690053434508,8.421025807471031e-06,0.0033157739094660647
177,7Networks_LH_Default_PFC_12,7networks_lh_default_pfc,7Networks_LH_Default_PFC,default,prefrontal cortex,L,0.0012943348039857131,0.02966561245902008,1.3717997643574629e-06,0.3750516198003552,4.931919522365349e-05,-0.0027894789766040083,0.10287096185081662,3.7083744284071346e-08,0.49662311612841903,12.592570121348226,0.0008910401186110362,4.448550664416344e-06,8.633856361522252e-08,0.0017068869782675548
178,7Networks_LH_Default_PFC_13,7networks_lh_default_pfc,7Networks_LH_Default_PFC,default,prefrontal cortex,L,0.0014084993458115078,0.020414209865160265,4.683559995281583e-06,0.3432831192851935,6.543976022316316e-05,-0.0040101574953218325,0.11754759757612795,1.6453708986098746e-08,0.5137323193035788,17.82522183906004,0.00010998292869491033,1.2581871229928038e-05,4.1270629169551555e-08,0.00027285382310103436
179,7Networks_LH_Default_PFC_14,7networks_lh_default_pfc,7Networks_LH_Default_PFC,default,prefrontal cortex,L,0.0007012865993854223,0.027791983847973566,0.008771506495167744,0.11658485537427832,7.41141680422176e-05,-0.005435643644816742,0.1378009477373666,2.11460404776185e-07,0.45791746394794763,31.22411555786202,1.1254376948860536e-06,0.010821369426103684,4.050760496556456e-07,6.308008808373683e-06
180,7Networks_LH_Default_PFC_15,7networks_lh_default_pfc,7Networks_LH_Default_PFC,default,prefrontal cortex,L,0.0006592968163308124,0.03593243645958871,0.00937602973213547,0.11436941002455958,5.5332104156340824e-05,-0.0039224083075661996,0.11806285239560368,4.508252304685914e-05,0.3189760247605573,15.42110390294977,0.0002801345555612566,0.011535819778833343,6.39608295727314e-05,0.0006144013923903888
181,7Networks_LH_Default_PFC_16,7networks_lh_default_pfc,7Networks_LH_Default_PFC,default,prefrontal cortex,L,0.0017324883467637873,-0.004923016677039774,8.197513881617178e-06,0.3283158646359825,9.250934879954204e-05,-0.0059276316480523965,0.13239023772963573,3.014868345874055e-09,0.5476090621991078,24.267648848577917,1.0790922940635076e-05,2.0448743418979115e-05,9.505209923797368e-09,4.048825632271342e-05
182,7Networks_LH_Default_PFC_17,7networks_lh_default_pfc,7Networks_LH_Default_PFC,default,prefrontal cortex,L,0.001022339885753053,0.007731145160405135,7.824738748600374e-05,0.2648589061038872,4.936596493712425e-05,-0.0030653466019950047,0.08100591566096162,1.8489274573319371e-06,0.4055198394588122,12.357359335406489,0.0009840593390818607,0.0001474037921935506,3.0781520926230896e-06,0.001846127851004813
183,7Networks_LH_Default_PFC_18,7networks_lh_default_pfc,7Networks_LH_Default_PFC,default,prefrontal cortex,L,0.0005751983566364842,0.017250721517100234,0.005375505002293346,0.13279178680222814,1.0494857460644343e-05,-0.0002938150838453883,0.03282842313488972,0.015712045064335784,0.12634057291921053,0.6455618095720483,0.4257488775365492,0.00689400924022932,0.017833171148021115,0.46021426286093653
184,7Networks_LH_Default_PFC_19,7networks_lh_default_pfc,7Networks_LH_Default_PFC,default,prefrontal cortex,L,0.00031126237826806355,0.028535386996441887,0.15193655446724577,0.02233813948890373,-3.2666574760471986e-05,0.0030161769164416077,-0.019952184788319435,0.022369255122429824,0.11310822494361739,5.912622063215405,0.01889844222601807,0.1638460706131344,0.025262790610903335,0.026980794876139007
185,7Networks_LH_Default_PFC_20,7networks_lh_default_pfc,7Networks_LH_Default_PFC,default,prefrontal cortex,L,0.0008018264859139889,0.02045369161168864,0.012138930117654457,0.10576691739563138,7.433017007570543e-05,-0.005352989534343379,0.13078327112060084,2.008060806242612e-05,0.3420144043375385,18.234236506035565,9.418847055618598e-05,0.014638093273513914,2.931381369884713e-05,0.00024296344109379792
186,7Networks_LH_Default_PFC_21,7networks_lh_default_pfc,7Networks_LH_Default_PFC,default,prefrontal cortex,L,0.0006449006747183979,0.016793356208040726,0.0013861297409618566,0.1768144495408862,4.478665373714386e-05,-0.003063601722549614,0.0832709745075498,4.435165231256156e-06,0.3829687639644709,17.037125050444438,0.00014874894357053766,0.001978939944643657,6.8488605952050845e-06,0.0003554316862159163
187,7Networks_LH_Default_PFC_22,7networks_lh_default_pfc,7Networks_LH_Default_PFC,default,prefrontal cortex,L,0.0008938771898599267,0.017212878611042128,0.00011705041882225915,0.25300071168477145,7.82252353325022e-05,-0.005583464798225361,0.13332397202614443,1.7489143086968043e-14,0.7291778902299688,85.39674511648293,3.839091282271354e-12,0.00021087654819565736,4.670629977343231e-13,5.809824807170649e-10
188,7Networks_LH_Default_PFC_23,7networks_lh_default_pfc,7Networks_LH_Default_PFC,default,prefrontal cortex,L,0.0003091595311812211,0.03408107539617921,0.1262804839927617,0.028184593695208426,3.964288121452399e-05,-0.002973419267438545,0.09292370162003258,0.002189388249157223,0.19662101312084956,11.06367886697909,0.0017148406354107742,0.13715631515003304,0.0027010387639059222,0.003017587784792603
189,7Networks_LH_Default_PFC_24,7networks_lh_default_pfc,7Networks_LH_Default_PFC,default,prefrontal cortex,L,0.0005492839447054623,0.023447425654290165,0.0030981476992387193,0.15085468516023437,2.2489511536744062e-05,-0.0013129317041102955,0.05682900339967472,0.001964395298996058,0.20031956154052244,3.969078586976281,0.05216969874651255,0.004211254657049037,0.0024367089227983886,0.06728705463328606
190,7Networks_LH_Default_pCunPCC_1,7networks_lh_default_pcunpcc,7Networks_LH_Default_pCunPCC,default,precuneus posterior cingulate cortex,L,0.0012817715859011272,0.0023597407294147707,5.24254898983421e-06,0.34029304232547963,5.294300733212961e-05,-0.0031021073875562386,0.08094397820582432,1.2005410307782483e-07,0.47081975056791125,12.839599082468725,0.0008032281056400237,1.3829195302529253e-05,2.4662698098340486e-07,0.0015650882401741233
191,7Networks_LH_Default_pCunPCC_2,7networks_lh_default_pcunpcc,7Networks_LH_Default_pCunPCC,default,precuneus posterior cingulate cortex,L,0.001710660221787256,-0.018127026499555,4.3649044835714484e-09,0.5055084798107274,6.66155542763094e-05,-0.003805356763517115,0.08075161301617231,7.466407173156065e-13,0.6822683918933086,27.703279004948364,3.4343615186643064e-06,5.661904672975536e-08,8.920391727928561e-12,1.543762504429302e-05
192,7Networks_LH_Default_pCunPCC_3,7networks_lh_default_pcunpcc,7Networks_LH_Default_pCunPCC,default,precuneus posterior cingulate cortex,L,0.0015374093330582242,0.0013053147295359335,0.00011685366909789306,0.25305057906731576,0.0001073922565087688,-0.007355071070774433,0.16070953095906904,2.5623830910776595e-09,0.5507287709662045,32.80384651355417,6.941560101806073e-07,0.00021087654819565736,8.309442309637553e-09,4.502097551742796e-06
193,7Networks_LH_Default_pCunPCC_4,7networks_lh_default_pcunpcc,7Networks_LH_Default_pCunPCC,default,precuneus posterior cingulate cortex,L,0.00022088845554736787,0.027331484407401067,0.19451921739608302,0.014701219486078942,2.164393824378384e-05,-0.0015713105628138522,0.05945796283360923,0.061994884116364335,0.07379075963867088,4.062264770990553,0.04958983654566583,0.20681902739536695,0.06765523676494392,0.06432510226209225
194,7Networks_LH_Default_pCunPCC_5,7networks_lh_default_pcunpcc,7Networks_LH_Default_pCunPCC,default,precuneus posterior cingulate cortex,L,0.002208017931696143,-0.029285371414019944,1.8474498782145624e-11,0.604880986063848,4.5283859848777215e-05,-0.0015416549907857216,0.037930258666842215,4.144912120041365e-12,0.6582274551607535,8.492206601486574,0.005446099657346176,2.096855611773528e-09,3.6188271201899604e-11,0.008505249211912227
195,7Networks_LH_Default_pCunPCC_6,7networks_lh_default_pcunpcc,7Networks_LH_Default_pCunPCC,default,precuneus posterior cingulate cortex,L,0.0015647360278519672,0.010565815459602876,3.072008766872571e-05,0.29176921073922224,0.00010787242182439289,-0.00736750385956542,0.17068274951708676,3.598459265241744e-11,0.6253052125311718,43.7273840508002,3.1655489052497946e-08,6.397669633762143e-05,2.2379458992051395e-10,5.748636811933628e-07
196,7Networks_LH_Default_pCunPCC_7,7networks_lh_default_pcunpcc,7Networks_LH_Default_pCunPCC,default,precuneus posterior cingulate cortex,L,0.0014854335194687386,0.010314775925537562,3.522462288236539e-05,0.28788515485302435,9.678861420637412e-05,-0.00652902565221301,0.15397981928227114,5.179708783059025e-10,0.580277472689503,34.438355920716354,4.255130641015196e-07,7.107546128263949e-05,2.2184790448196198e-09,3.274286967832032e-06
197,7Networks_LH_Default_pCunPCC_8,7networks_lh_default_pcunpcc,7Networks_LH_Default_pCunPCC,default,precuneus posterior cingulate cortex,L,0.0019202747590352787,0.005626966049021118,7.928206347284355e-07,0.38877168228288606,0.00010079057471472336,-0.006425561707009425,0.15523218981497164,1.3563389568115236e-11,0.6405439425680995,34.620433551825165,4.031964003263059e-07,2.915280873621915e-06,9.332086210712798e-11,3.1560545818645327e-06
198,7Networks_LH_Default_pCunPCC_9,7networks_lh_default_pcunpcc,7Networks_LH_Default_pCunPCC,default,precuneus posterior cingulate cortex,L,0.0008248060526878409,0.03863588475997284,0.006077303938470455,0.1287428238791215,6.35851511072794e-05,-0.004440282218830617,0.1330164435227426,4.5380297721704755e-05,0.3187852132495078,14.390834825080903,0.0004237516584653044,0.007728560190659906,6.418272637275376e-05,0.0008744693315602191
199,7Networks_LH_Default_pCunPCC_10,7networks_lh_default_pcunpcc,7Networks_LH_Default_pCunPCC,default,precuneus posterior cingulate cortex,L,0.0008190215539761826,0.015107672115397972,0.0044802481153011055,0.13878577289561878,3.877051407835226e-05,-0.0023913219837826574,0.0726554284470774,0.0017424683212733016,0.20438862548181003,4.957883239218561,0.030801705629319002,0.005878707064585843,0.0021673441585152845,0.041743207031972616
200,7Networks_LH_Default_pCunPCC_11,7networks_lh_default_pcunpcc,7Networks_LH_Default_pCunPCC,default,precuneus posterior cingulate cortex,L,0.0012135223158967273,0.025246914085019362,0.0002556209761279841,0.22954864367482997,8.915962287019369e-05,-0.006169227846556273,0.1575881113461413,7.288517185715544e-09,0.530292441372398,31.733382983364585,9.62003687258547e-07,0.0004174529610147654,2.005446546857489e-08,5.599354795068979e-06
201,7Networks_RH_Vis_1,7networks_rh_vis,7Networks_RH_Vis,visual,visual,R,0.0014814956771318686,-0.011036042232259735,1.0130368156682802e-08,0.48818453797427264,6.72141057339428e-05,-0.004084083606989234,0.08873103774536709,2.937254579049243e-14,0.7231363441114417,41.73372020747837,5.3965058266509096e-08,9.998232919856504e-08,6.667567894441781e-13,8.166712150998377e-07
202,7Networks_RH_Vis_2,7networks_rh_vis,7Networks_RH_Vis,visual,visual,R,0.0018104764229450079,-0.02904795838173655,1.045588279531964e-07,0.43705227383221157,0.00010689133104545891,-0.007040525479447465,0.1296127253672979,1.480109321860126e-17,0.799580252247982,87.8244928912289,2.4932468937960436e-12,6.085859985993739e-07,2.082115796187656e-15,5.659670448917018e-10
203,7Networks_RH_Vis_3,7networks_rh_vis,7Networks_RH_Vis,visual,visual,R,0.0011072632520669834,-0.003799679894107774,5.44420041653538e-06,0.3392893385525706,7.681058616466625e-05,-0.005252940495215512,0.11021162486611859,1.3847042432482641e-14,0.7318555986162865,71.27251132532072,5.615962214028854e-11,1.42049826960176e-05,3.929098290216949e-13,5.099293690338199e-09
204,7Networks_RH_Vis_4,7networks_rh_vis,7Networks_RH_Vis,visual,visual,R,0.0017060350954414749,-0.023242839997009712,1.021829172656846e-07,0.4375787774958668,8.420015672517265e-05,-0.005266052725593368,0.10173693438815841,5.010298461465053e-13,0.6876164454084872,39.420102093722235,1.0182834808420423e-07,6.02481096605465e-07,6.6902220632503935e-12,1.1711419517692488e-06
205,7Networks_RH_Vis_5,7networks_rh_vis,7Networks_RH_Vis,visual,visual,R,0.0015182860704480833,-0.010774823157609685,9.058595716926792e-10,0.5363572094268527,4.4842987051654944e-05,-0.002194880935904968,0.05578641167198491,1.3566468940683803e-11,0.6405404702080779,14.911987589795114,0.0003433500274207498,1.78808802412381e-08,9.332086210712798e-11,0.0007250274997628855
206,7Networks_RH_Vis_6,7networks_rh_vis,7Networks_RH_Vis,visual,visual,R,0.0015817841038669748,-0.011977072925763832,5.288357114621541e-09,0.5016101879821266,3.259222560690947e-05,-0.0011169740463826336,0.03640014110196627,3.815844873512029e-09,0.5430506755790059,5.353094092371579,0.025107966169557405,6.068595993979748e-08,1.1397326135358298e-08,0.03475309951518007
207,7Networks_RH_Vis_7,7networks_rh_vis,7Networks_RH_Vis,visual,visual,R,0.00043044116299238364,0.024513325903544585,0.0417306399997714,0.06448249797431505,3.34310177575495e-06,0.00015361983531600844,0.02947555070134736,0.1248458073401061,0.04578541525950497,0.059477831650466335,0.8083846071923946,0.048147351029455575,0.13367923710473625,0.824733958798533
208,7Networks_RH_Vis_8,7networks_rh_vis,7Networks_RH_Vis,visual,visual,R,0.0012598442450127449,-0.013000461082995692,3.403191194054859e-05,0.288864719149186,8.019557496050542e-05,-0.00538064923183452,0.10603524211607382,1.009880799674638e-09,0.5681815385307817,32.048249499801216,8.735330810640082e-07,6.959679288742819e-05,3.820715692102381e-09,5.378530210514521e-06
209,7Networks_RH_Vis_9,7networks_rh_vis,7Networks_RH_Vis,visual,visual,R,0.0013645395348630123,-0.0065277041290133925,5.8511507658271e-06,0.337368447588,6.282575796906134e-05,-0.0038376681452614372,0.08672567403486642,2.958463266722669e-08,0.5014392791406754,16.796270313783044,0.00016326947385208586,1.5179556843917161e-05,7.03215875964446e-08,0.0003860642767127447
210,7Networks_RH_Vis_10,7networks_rh_vis,7Networks_RH_Vis,visual,visual,R,0.0015266590309137927,-0.010892850712231346,1.1925120603529107e-05,0.3181221457932428,7.819607521996162e-05,-0.00494826839081662,0.10517495983466642,1.765673185325894e-08,0.5122699519915397,20.107075185485815,4.696530601145599e-05,2.7907241000011416e-05,4.404481462296461e-08,0.00013410219452327687
211,7Networks_RH_Vis_11,7networks_rh_vis,7Networks_RH_Vis,visual,visual,R,0.001954325511172981,-0.02898468367630517,3.3709553147375935e-09,0.510710828789789,7.366974310658294e-05,-0.00414580468654928,0.08036461246011695,1.0576043038051765e-12,0.677525814562915,25.830264494682336,6.364246051409881e-06,4.78254285278396e-08,1.1432198903036909e-11,2.556962572867333e-05
212,7Networks_RH_Vis_12,7networks_rh_vis,7Networks_RH_Vis,visual,visual,R,0.0012087944613276072,-0.00431723802400142,2.243283095385412e-08,0.47129118181524055,3.953362431484073e-05,-0.0020647374574611476,0.054363216260944966,4.3086941387587417e-10,0.5835529981500723,13.939382826950396,0.0005093701509453826,1.8186616523303161e-07,1.8809107105735277e-09,0.0010323841452196593
213,7Networks_RH_Vis_13,7networks_rh_vis,7Networks_RH_Vis,visual,visual,R,0.0005521722406731401,0.011218143977401007,0.002330335402657191,0.16010515254461943,1.8230370227146907e-05,-0.0009573705817768324,0.03827780332439784,0.0027720916375593616,0.18851308099344155,2.6803481776549027,0.1082727510849444,0.003215721193940318,0.003383144095300941,0.12834420102497326
214,7Networks_RH_Vis_14,7networks_rh_vis,7Networks_RH_Vis,visual,visual,R,0.0008701429692088492,0.010481494483249545,0.003518382836829095,0.14670376086686177,6.814283976025372e-05,-0.0047723389650457596,0.11162711072003079,7.330118036664542e-06,0.369634689105822,17.975370266316048,0.00010388493938789177,0.0047398985398231725,1.109291196215234e-05,0.0002599967010484099
215,7Networks_RH_Vis_15,7networks_rh_vis,7Networks_RH_Vis,visual,visual,R,0.001314725475297532,-0.006768256933423707,1.4776355815620837e-05,0.31222944326214996,8.332449711563997e-05,-0.00558485445577076,0.11691176048341921,8.418895414477567e-11,0.6115047852688956,37.97655948289254,1.5271033399742678e-07,3.337545044921323e-05,4.4966806096150766e-10,1.5406775918851503e-06
216,7Networks_RH_Vis_16,7networks_rh_vis,7Networks_RH_Vis,visual,visual,R,0.001371934826033336,0.00016503208525698448,2.3087342109076674e-05,0.29981735992593295,5.1898381159852836e-05,-0.0029254451942565523,0.0771987125507797,3.066211520448397e-06,0.3925849532418374,8.330810296729918,0.005870843822713125,4.9209639988360615e-05,4.901619824942156e-06,0.009127955806547119
217,7Networks_RH_Vis_17,7networks_rh_vis,7Networks_RH_Vis,visual,visual,R,0.0010106820674720927,0.0033321403164746147,1.779579484946478e-05,0.307081882390563,5.661799867305584e-05,-0.003677499930670976,0.08737123211287713,6.111996302808734e-09,0.5337980368700151,24.342620314062312,1.0517956042316305e-05,3.941117493491224e-05,1.7023597064264818e-08,4.012732809421515e-05
218,7Networks_RH_Vis_18,7networks_rh_vis,7Networks_RH_Vis,visual,visual,R,0.0018637277484670697,-0.013527174479013096,6.124375704106536e-08,0.44918370509851546,6.786525461904297e-05,-0.0037557690981391643,0.08720641724771433,4.273740791768589e-10,0.5836973183958333,16.509516809719823,0.00018251523329236777,4.0889214259770106e-07,1.8809107105735277e-09,0.000427123277911005
219,7Networks_RH_Vis_19,7networks_rh_vis,7Networks_RH_Vis,visual,visual,R,0.001834484007509253,-0.015349886330700745,4.6918766815962944e-07,0.4016350769890371,7.639245969894225e-05,-0.004491097304938102,0.09804078595824438,1.5039202209722338e-09,0.5608013672272566,18.39527712825948,8.863852731763123e-05,1.9190198319321778e-06,5.212059391766367e-09,0.00023127523794370448
220,7Networks_RH_Vis_20,7networks_rh_vis,7Networks_RH_Vis,visual,visual,R,0.0008614100435996585,0.0073221175393378204,7.027045045996798e-05,0.26799780932118134,4.278304968671066e-05,-0.0026811864463456804,0.07082575108727852,1.052753391700984e-06,0.4195976751944571,13.537498991506029,0.0006008918583764411,0.00013395838681043776,1.8104168175463894e-06,0.0011965127355390538
221,7Networks_RH_Vis_21,7networks_rh_vis,7Networks_RH_Vis,visual,visual,R,0.0010231429818906635,0.0008650198393560585,2.0870899016310597e-07,0.4209994678592558,2.2080908146672363e-05,-0.0008052387783629806,0.033640100382237394,2.2035402439121728e-07,0.45696630936666127,4.179192050390035,0.04654793805653435,9.974092793057906e-07,4.203391893849271e-07,0.060726332981800565
222,7Networks_RH_Vis_22,7networks_rh_vis,7Networks_RH_Vis,visual,visual,R,0.0011376131630415154,0.004349289935540901,5.9163027512046416e-05,0.27299670574656343,4.286715981071266e-05,-0.0024119479596787265,0.06797776962071153,1.2377935316084511e-05,0.3554230938033974,7.13808311885328,0.010337102603030062,0.00011478638671140629,1.8245398160721972e-05,0.015591510238457302
223,7Networks_RH_Vis_23,7networks_rh_vis,7Networks_RH_Vis,visual,visual,R,0.0019435283863216376,-0.025407462478823348,1.8898737908496815e-10,0.5652387899385269,8.148920137576164e-05,-0.004804082194882287,0.0955483931737049,1.834463256553001e-17,0.797741344276313,56.17747840398975,1.4571765957670663e-09,6.128590721755396e-09,2.082115796187656e-15,5.512984787318734e-08
224,7Networks_RH_Vis_24,7networks_rh_vis,7Networks_RH_Vis,visual,visual,R,0.0017157095592932516,-0.0031738009117806693,1.1515236184707811e-08,0.4854972689355358,5.572092662006376e-05,-0.0028981915184986724,0.07953375104965338,1.6852537999823336e-10,0.599860302247738,14.718772793156761,0.0003711114517338585,1.0669218832361931e-07,8.316361143391081e-10,0.0007728651334273934
225,7Networks_RH_Vis_25,7networks_rh_vis,7Networks_RH_Vis,visual,visual,R,0.0018173160366071123,-0.01272715152636033,1.8768715715439867e-07,0.4234930075183969,5.800187106853797e-05,-0.0029854557705062644,0.07336604642010293,1.3753421466066678e-08,0.5174275667290209,10.34338252922561,0.0023530392894160783,9.467774372010778e-07,3.527713754573035e-08,0.003977088061431772
226,7Networks_RH_Vis_26,7networks_rh_vis,7Networks_RH_Vis,visual,visual,R,0.001475174429149469,-0.01022294163528338,0.00013735016874088677,0.24824737720681855,9.436864933841336e-05,-0.006338902602647294,0.1298501052812898,4.8976598080295004e-08,0.49062936100099264,23.840608255284682,1.2493560507651713e-05,0.00023800372751283432,1.100761164774947e-07,4.537661176379103e-05
227,7Networks_RH_Vis_27,7networks_rh_vis,7Networks_RH_Vis,visual,visual,R,0.0009092062027022637,0.0198895928515843,0.0030063225969401987,0.15183481799921128,0.00010150495843458782,-0.007495783906595962,0.1705551889446844,1.523978774265048e-11,0.638756989711699,65.69956117226035,1.7731895292201067e-10,0.00409871008711967,1.0027338601685968e-10,1.1500400660941834e-08
228,7Networks_RH_Vis_28,7networks_rh_vis,7Networks_RH_Vis,visual,visual,R,0.0014263013498478807,-0.00021258797334783308,1.9210440489421284e-07,0.42294750014792426,4.738934890640232e-05,-0.0024977139395241515,0.0701282565682341,9.197354499045182e-09,0.5256199334203177,11.388878336748322,0.0014891341006435588,9.497872743907609e-07,2.41364100726388e-08,0.0026512426733026496
229,7Networks_RH_Vis_29,7networks_rh_vis,7Networks_RH_Vis,visual,visual,R,0.0013669381823661053,-0.00860802663024915,5.528068052259419e-09,0.5007054864241424,4.837826377890174e-05,-0.002638962956234187,0.06320068165955024,1.1271300167800524e-11,0.6433643319225888,20.200616194225137,4.538735076199645e-05,6.121324135916528e-08,7.995578556533497e-11,0.0001304168180123189
230,7Networks_RH_Vis_30,7networks_rh_vis,7Networks_RH_Vis,visual,visual,R,0.0017863317520223042,-0.02301427936458774,1.398273129647704e-09,0.5280324898646382,5.498374655451597e-05,-0.0027665280598526097,0.05859906325262718,1.4048992264278826e-11,0.6400054806177151,15.929959393187863,0.00022903423195890963,2.5392640034402305e-08,9.519764907436697e-11,0.0005199077065467249
231,7Networks_RH_SomMot_1,7networks_rh_sommot,7Networks_RH_SomMot,somatomotor,somatomotor,R,0.0013813311582375428,0.023828764055169427,2.2159159870587078e-05,0.3009668970249241,7.828923851232046e-05,-0.005101310532459641,0.1400348585164069,7.914976525771347e-09,0.5286414405513742,24.184851256447175,1.1101005969339199e-05,4.745404991154025e-05,2.1389281801786857e-08,4.064400572645158e-05
232,7Networks_RH_SomMot_2,7networks_rh_sommot,7Networks_RH_SomMot,somatomotor,somatomotor,R,0.001459466077472368,-5.866571582533592e-05,0.00010510908029520409,0.25618478391789623,9.943791818449707e-05,-0.006774365369968672,0.14753878615820193,4.008000821640651e-09,0.5420943514033494,30.97049562799857,1.2174047833018733e-06,0.00019164466849005081,1.1893022045914087e-08,6.579023387968445e-06
233,7Networks_RH_SomMot_3,7networks_rh_sommot,7Networks_RH_SomMot,somatomotor,somatomotor,R,0.0009076108142332964,0.017684501943749126,0.0022524987126675442,0.16120447473978317,7.843018641766689e-05,-0.005586701890063939,0.13409980786129932,1.7463058525363846e-07,0.46231382062937754,27.88045398455003,3.24251434410389e-06,0.003117787852289833,3.42056832680306e-07,1.4751740306766772e-05
234,7Networks_RH_SomMot_4,7networks_rh_sommot,7Networks_RH_SomMot,somatomotor,somatomotor,R,0.0013825404257319703,0.02454715045275392,2.1447584909009044e-06,0.36365734912908676,7.914373035967825e-05,-0.005170856385072441,0.14202158220040906,9.620513422935441e-12,0.6457595526705766,39.22518256194288,1.0751098494563556e-07,6.364185325941246e-06,6.932877927004271e-11,1.1904874918370377e-06
235,7Networks_RH_SomMot_5,7networks_rh_sommot,7Networks_RH_SomMot,somatomotor,somatomotor,R,0.0019132270884143752,0.002324878528571578,2.3207760639485849e-07,0.41849651896107765,8.353498103404681e-05,-0.005003781698146886,0.1263173209296113,1.4306480394157112e-10,0.6026394717000554,23.243934920478516,1.5356768966678202e-05,1.0751350337067933e-06,7.13751879005201e-10,5.32211687852817e-05
236,7Networks_RH_SomMot_6,7networks_rh_sommot,7Networks_RH_SomMot,somatomotor,somatomotor,R,0.0016335953149456447,0.015274551474144027,8.389432709326551e-06,0.3276904850570329,0.0001172958638217988,-0.008078940806323046,0.1893788663225166,1.0498314762303827e-14,0.7349961111093138,74.77503074520585,2.803838768292423e-11,2.0813128142263682e-05,3.404453501489955e-13,3.1823570020118997e-09
237,7Networks_RH_SomMot_7,7networks_rh_sommot,7Networks_RH_SomMot,somatomotor,somatomotor,R,0.0013994664404764206,-0.0009347150342031638,8.323844698131925e-05,0.2630486364948854,9.695662323291052e-05,-0.0066289045068278095,0.1429797070772484,1.071672811388069e-09,0.5670888797094131,34.71114991109798,3.925369621971667e-07,0.0001555154523848516,4.020987242728787e-09,3.126522470833573e-06
238,7Networks_RH_SomMot_8,7networks_rh_sommot,7Networks_RH_SomMot,somatomotor,somatomotor,R,0.0016146957525292511,-0.01482486713727292,1.7968740304080146e-07,0.42451313000320456,7.941585497815836e-05,-0.00496123399422327,0.10305348397045316,2.5818447814809045e-12,0.6650431483189843,35.46844219252553,3.1424844671799714e-07,9.166076514665603e-07,2.3443150615846614e-11,2.786025683704062e-06
239,7Networks_RH_SomMot_9,7networks_rh_sommot,7Networks_RH_SomMot,somatomotor,somatomotor,R,0.0018342601904349275,0.0037722566446860423,1.221813678535148e-06,0.37797271279320777,8.739972432523192e-05,-0.005402763791820644,0.133501205524751,6.153019928406287e-10,0.5771906977721453,23.616492183598478,1.3497332846684477e-05,4.100343218908036e-06,2.5619582533794873e-09,4.825030797161222e-05
240,7Networks_RH_SomMot_10,7networks_rh_sommot,7Networks_RH_SomMot,somatomotor,somatomotor,R,0.001111430872595437,0.019958423467060463,0.001321564065017188,0.17833748950777306,0.00010429540228009287,-0.007524618421236485,0.17476592446639527,8.028151148782898e-10,0.5723774632491393,45.23040675848458,2.1344043658454763e-08,0.0019047304302152487,3.142052259954686e-09,4.0375815920576924e-07
241,7Networks_RH_SomMot_11,7networks_rh_sommot,7Networks_RH_SomMot,somatomotor,somatomotor,R,0.001430503529659441,0.012600677703222131,9.322625634011379e-06,0.3248336027174261,7.027752054218339e-05,-0.004388737955412488,0.11691483819082656,2.3585239212990957e-08,0.5062242883443451,18.6330117188185,8.106299824698546e-05,2.2755226009898742e-05,5.695584363137178e-08,0.00021396861165192673
242,7Networks_RH_SomMot_12,7networks_rh_sommot,7Networks_RH_SomMot,somatomotor,somatomotor,R,0.0011038454539653512,0.010450777139537473,1.04644433555562e-05,0.3216914652141234,5.079408243836133e-05,-0.003102094502952379,0.0858453275792536,8.931821942604381e-08,0.4774375195759568,15.306060785882712,0.0002932644595262021,2.4873598342526256e-05,1.8994500652569257e-07,0.0006401060799273834
243,7Networks_RH_SomMot_13,7networks_rh_sommot,7Networks_RH_SomMot,somatomotor,somatomotor,R,0.0007947138806760259,0.01815890973576178,0.007328145412761242,0.12255050848146731,6.864174195537882e-05,-0.004889079020847592,0.12004505528046955,1.2629093180811614e-05,0.3548718778216713,18.285598542311376,9.237991072430558e-05,0.009216005588347934,1.855536667989797e-05,0.00023965988267905564
244,7Networks_RH_SomMot_14,7networks_rh_sommot,7Networks_RH_SomMot,somatomotor,somatomotor,R,0.0011349922527456834,0.011695604337745982,5.984855492832407e-05,0.27266290470843135,3.526705875278615e-05,-0.0017852520838127842,0.06404312027572975,3.83091422675963e-05,0.32367779785530315,4.620633572703508,0.03676849013306383,0.00011562231462748564,5.469292638204e-05,0.04852585616398541
245,7Networks_RH_SomMot_15,7networks_rh_sommot,7Networks_RH_SomMot,somatomotor,somatomotor,R,0.00019950409625106049,0.0233356532876483,0.17167050384899155,0.018535760512262578,1.125962095234575e-05,-0.0007328346209742606,0.04004850681451086,0.1970290900463532,0.027077522479937333,1.4214154610688763,0.23915547292208103,0.18381700176283527,0.20516331853450537,0.26875392254115044
246,7Networks_RH_SomMot_16,7networks_rh_sommot,7Networks_RH_SomMot,somatomotor,somatomotor,R,0.0014308985612862429,-0.001227692621899798,1.0694767284688467e-06,0.3813165594457115,6.874548228127631e-05,-0.004261484427131174,0.10081243651416472,3.761159139532386e-10,0.5859544874766591,24.723528569656356,9.238354486518354e-06,3.678351778218609e-06,1.6740845581840227e-09,3.554417743118078e-05
247,7Networks_RH_SomMot_17,7networks_rh_sommot,7Networks_RH_SomMot,somatomotor,somatomotor,R,0.0007589713400999263,0.01197051831978602,0.0016136383187050694,0.1719491036537899,7.016272223341303e-06,0.00017799776451513614,0.02238489465355349,0.006563584334994575,0.15819673076942853,0.21583352954580243,0.6443781019301142,0.0022893493646628173,0.007760071062727961,0.677193653417296
248,7Networks_RH_SomMot_18,7networks_rh_sommot,7Networks_RH_SomMot,somatomotor,somatomotor,R,0.0009431935654584606,0.013069597888699318,0.0004498598774757706,0.21221068848266178,2.826934593189085e-05,-0.0013976139834357198,0.055030285540575694,0.0005155242415334773,0.24457052115738298,3.0561442356821606,0.08696226477176416,0.0007018432452714771,0.0006725517403913756,0.10472378834583801
249,7Networks_RH_SomMot_19,7networks_rh_sommot,7Networks_RH_SomMot,somatomotor,somatomotor,R,-5.7857523780856387e-05,0.03309813690158927,0.6622866744174154,-0.016742175925723357,-1.581720766870374e-05,0.0012518664154476191,0.009620377207028831,0.16916633743420564,0.03336944786612672,3.488394285385351,0.0680428044151561,0.6741662560213152,0.1777812898035402,0.08440282296306248
250,7Networks_RH_SomMot_20,7networks_rh_sommot,7Networks_RH_SomMot,somatomotor,somatomotor,R,0.0013419617472209921,0.006090063229380563,5.269715390611368e-06,0.34015567750784903,4.740865504860567e-05,-0.0025836521629156815,0.07645956421758517,6.381609879480517e-07,0.4318300863147285,8.74481632473017,0.004845325245724866,1.3829195302529253e-05,1.145158452681484e-06,0.007745695991405244
251,7Networks_RH_SomMot_21,7networks_rh_sommot,7Networks_RH_SomMot,somatomotor,somatomotor,R,0.0003838212317934319,0.027290274469640583,0.023655700288789296,0.0834583124787508,1.6789110792456743e-05,-0.0010063799202561716,0.05221064707438096,0.023791195771825552,0.11077932301869853,2.4747840888826653,0.12239366810075962,0.027823025728265133,0.026669636741750123,0.1435832695548963
252,7Networks_RH_SomMot_22,7networks_rh_sommot,7Networks_RH_SomMot,somatomotor,somatomotor,R,0.001111065020695135,0.012498908835997809,3.134833251244392e-07,0.4113499265081334,2.28156943633122e-05,-0.0007781597858347762,0.04636464549103727,4.247538698685469e-07,0.4415875012770788,3.5991602842499346,0.06396250074110557,1.3684752846778405e-06,7.903207250832799e-07,0.08044037489324635
253,7Networks_RH_SomMot_23,7networks_rh_sommot,7Networks_RH_SomMot,somatomotor,somatomotor,R,0.0008134017903977511,0.005867892586548788,0.00018071118141593708,0.24003444197277113,4.264579909724951e-05,-0.002717829837527966,0.06916780266921047,3.121998999331552e-06,0.3921187259193333,13.00899902777111,0.0007483002557072284,0.00030274124119127467,4.9386325634025246e-06,0.001464346190047766
254,7Networks_RH_SomMot_24,7networks_rh_sommot,7Networks_RH_SomMot,somatomotor,somatomotor,R,0.001367164922785321,0.015123545575998022,1.0006216443399788e-07,0.43805877486221,2.538005412870528e-05,-0.0007343984610634633,0.05279560655852446,1.6792038096748975e-07,0.4632095877140161,3.248995118496115,0.07788165559164205,5.977397717504611e-07,3.314602302575667e-07,0.0953053143897722
255,7Networks_RH_SomMot_25,7networks_rh_sommot,7Networks_RH_SomMot,somatomotor,somatomotor,R,0.0015446420464774973,-0.0036377598788049637,1.950410022240615e-07,0.4225914801728602,5.7141634933108207e-05,-0.003186898991997051,0.08117857443336716,2.31159121948874e-09,0.5526936384687546,14.961132984617104,0.00033664216083803913,9.521356452658486e-07,7.604800098897739e-09,0.0007141847711236905
256,7Networks_RH_SomMot_26,7networks_rh_sommot,7Networks_RH_SomMot,somatomotor,somatomotor,R,0.0010181319641834777,0.0032477833374789794,0.0001216562718631622,0.2518559120198639,6.655013808782781e-05,-0.0044924683161080975,0.1020293244534457,2.0350992884774944e-08,0.5093136324401287,26.18507013273577,5.65494116986731e-06,0.00021744861191289622,4.994243659290716e-08,2.3129218838916743e-05
257,7Networks_RH_SomMot_27,7networks_rh_sommot,7Networks_RH_SomMot,somatomotor,somatomotor,R,0.00047642132877060025,0.020326951515274513,0.007490742992028956,0.1218231871418951,7.901634414700052e-06,-0.00017786354683617086,0.0320554865303177,0.022825346288299467,0.11234614746846983,0.48752782063969297,0.4884725798441991,0.00936858765394255,0.025650265383386033,0.5230343189841189
258,7Networks_RH_SomMot_28,7networks_rh_sommot,7Networks_RH_SomMot,somatomotor,somatomotor,R,0.0003290084726583222,0.024470811098127515,0.049447364834159735,0.05883395354339693,2.3257307541428553e-05,-0.0015967835563151624,0.05899204196497239,0.013407409476778633,0.13221773548612648,5.0591075403278225,0.029221692478608265,0.0564047830017802,0.015332402776971031,0.04008050871688264
259,7Networks_RH_SomMot_29,7networks_rh_sommot,7Networks_RH_SomMot,somatomotor,somatomotor,R,0.00118779000985304,0.010083244203777285,0.00027222655420428785,0.22763315923906924,6.09532532078167e-05,-0.0038593672743046188,0.10055723059812188,8.795616126151056e-06,0.3647266799040596,11.358516222475297,0.001508818434884348,0.00044297797709228203,1.3178909971196632e-05,0.002675795193115211
260,7Networks_RH_SomMot_30,7networks_rh_sommot,7Networks_RH_SomMot,somatomotor,somatomotor,R,0.0007063788675295817,0.025759341220222207,0.0003460645886297849,0.22029445787683943,3.799274485421139e-05,-0.0024395624702083273,0.08215264100529288,7.972482003351343e-06,0.3673773223477519,12.159855224925508,0.0010700432516872827,0.0005532159268940928,1.2024939632961825e-05,0.001982855658228679
261,7Networks_RH_SomMot_31,7networks_rh_sommot,7Networks_RH_SomMot,somatomotor,somatomotor,R,0.0004914453481794766,0.02382811225511007,0.06962693548922215,0.04750800569394553,8.174957686695808e-05,-0.006277725297300704,0.1451704478313194,1.1931234281154473e-07,0.4709592942495885,39.41984488101001,1.018356366810509e-07,0.07747703115712465,2.462172892565514e-07,1.1711419517692488e-06
262,7Networks_RH_SomMot_32,7networks_rh_sommot,7Networks_RH_SomMot,somatomotor,somatomotor,R,0.0003908118642096533,0.01954341616218888,0.010543228471130229,0.11046459932451402,3.351503378354396e-05,-0.0023843582536621057,0.06929037060611495,4.645072660877641e-05,0.3181090528847287,15.616609610459363,0.00025921564328512735,0.012867273456701946,6.528987579066406e-05,0.0005750467093636385
263,7Networks_RH_SomMot_33,7networks_rh_sommot,7Networks_RH_SomMot,somatomotor,somatomotor,R,0.0006698197559219008,0.0139861053819441,0.0003149226052103125,0.2231845798428591,6.811956473563945e-06,0.00010576428840332244,0.02409721225275959,0.0013663575697566892,0.2125783633403613,0.3534615148758643,0.555011530608601,0.0005088073408024265,0.0017041932326086178,0.5859889183634996
264,7Networks_RH_SomMot_34,7networks_rh_sommot,7Networks_RH_SomMot,somatomotor,somatomotor,R,6.197619655698764e-05,0.043480343360924545,0.7532144136365809,-0.01871126183305516,-2.0600499999875453e-05,0.0017677746266615757,0.012902658682621058,0.26564626241722056,0.01462734140327726,2.6240078729431118,0.1119496178131241,0.7599096528689061,0.2740986434941321,0.1320133155510606
265,7Networks_RH_SomMot_35,7networks_rh_sommot,7Networks_RH_SomMot,somatomotor,somatomotor,R,0.000740861898164557,0.007935626575452055,0.00014498071141725379,0.24663474576532396,2.5533040033616363e-05,-0.0013733692906611403,0.045834767228890155,7.230305164514143e-05,0.30514830518543534,5.042086783590416,0.02948113481866256,0.0002483820489940876,0.00010069197989844849,0.040314563878532536
266,7Networks_RH_SomMot_36,7networks_rh_sommot,7Networks_RH_SomMot,somatomotor,somatomotor,R,0.00043428358924080214,0.016155093491367154,0.001773721509199283,0.16891127209166534,2.0131829958786953e-05,-0.0012327072089941397,0.04603712298000771,0.00047940530619957743,0.24690193056570264,5.970868680576786,0.018353784766162045,0.0025008371589331506,0.0006308695913466903,0.026369045202017622
267,7Networks_RH_SomMot_37,7networks_rh_sommot,7Networks_RH_SomMot,somatomotor,somatomotor,R,0.00025438329711344334,0.01866829574058362,0.09124212766298691,0.03865611004589742,-7.782075453872955e-06,0.000898768243704651,0.007117224195100334,0.17803491644279756,0.031265368471480426,0.6337948659766016,0.4299696033459608,0.100300062854712,0.18666940430722886,0.4636726838932689
268,7Networks_RH_SomMot_38,7networks_rh_sommot,7Networks_RH_SomMot,somatomotor,somatomotor,R,0.0003442462436620109,0.02575342871166569,0.052151611092430473,0.057065189144902884,1.221044235424602e-05,-0.0006668240409855165,0.043877603177964984,0.08774209626896906,0.05999892555591768,1.1498076454986974,0.28906457522405576,0.059340429664068765,0.09439552536993354,0.3216551890973562
269,7Networks_RH_SomMot_39,7networks_rh_sommot,7Networks_RH_SomMot,somatomotor,somatomotor,R,0.00010557477116979018,0.026852449737104003,0.46997227510192296,-0.009676175851202284,3.994039081984091e-06,-0.00022514659947004963,0.032780872233765274,0.7090701620828648,-0.027411852311374885,0.1714009643035853,0.6807530016220303,0.4860305532944716,0.7137868150457221,0.7072353838361596
270,7Networks_RH_SomMot_40,7networks_rh_sommot,7Networks_RH_SomMot,somatomotor,somatomotor,R,0.00032700480886326927,0.019629459708369337,0.017971591843553198,0.09265627074611849,-3.7971575599991776e-06,0.0006414236532964386,0.01399327191952009,0.057223778852681116,0.07694168584970285,0.18282511140988952,0.670909298278267,0.0211924745375926,0.06260143517859573,0.700213382570881
271,7Networks_RH_DorsAttn_Post_1,7networks_rh_dorsattn_post,7Networks_RH_DorsAttn_Post,dorsal attention,posterior,R,0.0016069039743620839,-0.012548995062465151,1.2204860508187548e-05,0.3174869891747799,9.376686294773021e-05,-0.006157342894065255,0.12663080972415425,7.644606517839613e-10,0.573267335485153,29.77083861591932,1.771827588364654e-06,2.8415418824190496e-05,3.0713728841585702e-09,9.141019603608556e-06
272,7Networks_RH_DorsAttn_Post_2,7networks_rh_dorsattn_post,7Networks_RH_DorsAttn_Post,dorsal attention,posterior,R,0.0004965833354606238,0.020370422978957206,0.006855841136273827,0.12475692137146632,1.684502790129452e-05,-0.0008982479622879724,0.04537379433237726,0.009345353115481575,0.14544387171625217,2.1619758886335108,0.14812602206970055,0.00864597743296755,0.010935026583578956,0.17199287473054742
273,7Networks_RH_DorsAttn_Post_3,7networks_rh_dorsattn_post,7Networks_RH_DorsAttn_Post,dorsal attention,posterior,R,0.0011963157842672595,0.0037808753457034966,4.263926572724869e-09,0.5059819016617014,-1.6558886835024077e-06,0.001333429559018517,0.0013230106323811192,3.8701392840868377e-08,0.4957077051899269,0.02207224714605988,0.8825306737081149,5.661904672975536e-08,8.912527181040112e-08,0.8889340734549089
274,7Networks_RH_DorsAttn_Post_4,7networks_rh_dorsattn_post,7Networks_RH_DorsAttn_Post,dorsal attention,posterior,R,0.0012421396915278,-0.004230944217832135,2.3985807005427773e-07,0.41771675671869335,3.222361005320765e-05,-0.0014260957125350375,0.043599127256625694,1.0153426055278531e-07,0.4745791903259279,6.194687311376868,0.01641207042030259,1.0889556380464209e-06,2.1440257809750945e-07,0.02380536731890535
275,7Networks_RH_DorsAttn_Post_5,7networks_rh_dorsattn_post,7Networks_RH_DorsAttn_Post,dorsal attention,posterior,R,0.0011013478624668038,-0.006409918982732285,3.109025339407244e-06,0.3540454937651514,6.062116354929049e-05,-0.00391831115620354,0.08357114088733367,1.117218016132562e-10,0.6067988948848458,31.85485543127422,9.268127872596469e-07,8.767065242800551e-06,5.763829310502081e-10,5.464584485920515e-06
276,7Networks_RH_DorsAttn_Post_6,7networks_rh_dorsattn_post,7Networks_RH_DorsAttn_Post,dorsal attention,posterior,R,0.0012058311429320784,0.011265086472101317,1.4419494912407613e-05,0.31290371844809983,6.0984463643053e-05,-0.0038439104819663053,0.10178539906470979,3.3839238822255936e-08,0.4985804927904871,18.77450825165165,7.687869707423059e-05,3.29985760210841e-05,7.960111101193884e-08,0.0002053113439511805
277,7Networks_RH_DorsAttn_Post_7,7networks_rh_dorsattn_post,7Networks_RH_DorsAttn_Post,dorsal attention,posterior,R,0.0001514850304785205,0.018383387729185557,0.17321848343790947,0.018258288550299206,-1.3818704848938437e-05,0.001295725463358322,-0.0021279590602582,0.06214148398894629,0.07369766432326874,3.8728093783315614,0.0549899855647179,0.185038097601908,0.06765523676494392,0.07032522097572375
278,7Networks_RH_DorsAttn_Post_8,7networks_rh_dorsattn_post,7Networks_RH_DorsAttn_Post,dorsal attention,posterior,R,0.001119224161665652,0.011223480182357283,5.788672784509445e-05,0.27362824292002164,5.4363058820462885e-05,-0.003382240384932232,0.09191552507302725,9.873432252838895e-07,0.4211798048793628,13.236053672198254,0.000680790834518284,0.00011279216498572052,1.7108924590797169e-06,0.0013438219081360909
279,7Networks_RH_DorsAttn_Post_9,7networks_rh_dorsattn_post,7Networks_RH_DorsAttn_Post,dorsal attention,posterior,R,0.0016767850100406782,-0.011343896270142172,1.2033653992521633e-07,0.43382279679998814,7.088058210365987e-05,-0.0041923922273105286,0.09386539910586526,7.972838485882736e-11,0.6124036979527363,23.115492872495604,1.6058329074983545e-05,6.662535259274173e-07,4.3091293721318595e-10,5.41213884568462e-05
280,7Networks_RH_DorsAttn_Post_10,7networks_rh_dorsattn_post,7Networks_RH_DorsAttn_Post,dorsal attention,posterior,R,0.0008529426565195915,0.00744753602898339,0.0005014176915550927,0.20884798631328927,2.4485858427578905e-05,-0.0011745779796678755,0.04379232659623308,0.0006632164599383666,0.2364288496441047,2.7338023303553185,0.10491019090944244,0.0007742980679116057,0.0008602864937486241,0.12468383945781902
281,7Networks_RH_DorsAttn_Post_11,7networks_rh_dorsattn_post,7Networks_RH_DorsAttn_Post,dorsal attention,posterior,R,0.0014312504663345311,-0.0012065007142847764,1.573595841716239e-05,0.31049133494390146,8.479051396906144e-05,-0.005589721141978893,0.12464955131711958,9.834872698225765e-10,0.5686678942334968,29.73070351180655,1.7944084963297563e-06,3.519273458813658e-05,3.783925597452963e-09,9.153499520603477e-06
282,7Networks_RH_DorsAttn_Post_12,7networks_rh_dorsattn_post,7Networks_RH_DorsAttn_Post,dorsal attention,posterior,R,0.0006729082163783656,0.0148389732406199,0.0009286418533602393,0.1895429728816138,2.6185628934822344e-05,-0.0014953597736505815,0.05370676308440566,0.00047720164849172675,0.2470495632332933,4.6660000474053405,0.03589763888885395,0.0013688422124206122,0.0006297951988815231,0.04765359080567162
283,7Networks_RH_DorsAttn_Post_13,7networks_rh_dorsattn_post,7Networks_RH_DorsAttn_Post,dorsal attention,posterior,R,0.0015535484675282159,-0.005881525028614526,1.7720879867674125e-07,0.4248380736214432,7.931769059460922e-05,-0.005014252901206719,0.1118511189571085,6.009867660696569e-13,0.6851889844561702,40.696335588762174,7.15838712434694e-08,9.142363022640969e-07,7.579110883211785e-12,9.407915623883279e-07
284,7Networks_RH_DorsAttn_Post_14,7networks_rh_dorsattn_post,7Networks_RH_DorsAttn_Post,dorsal attention,posterior,R,0.0006691321043050077,0.018620408603946814,0.003913852970516311,0.14321876817783918,2.03265006556263e-05,-0.0010139781555477565,0.048791391233729456,0.006152503127366425,0.16051039702025993,1.9886938224013126,0.16506151664479915,0.005226144848865898,0.0072930454825701225,0.18971627482718686
285,7Networks_RH_DorsAttn_Post_15,7networks_rh_dorsattn_post,7Networks_RH_DorsAttn_Post,dorsal attention,posterior,R,0.0014829636078566848,-0.006630852125838298,2.4264040710054314e-06,0.3604778874352731,5.6662872710143796e-05,-0.003208934128351849,0.0774748469935094,8.909365059422575e-08,0.4774934957305428,11.749625415718045,0.0012748770489408214,6.966571286348225e-06,1.8994500652569257e-07,0.0022899753947426154
286,7Networks_RH_DorsAttn_Post_16,7networks_rh_dorsattn_post,7Networks_RH_DorsAttn_Post,dorsal attention,posterior,R,0.0016834128375937175,-0.01269773416718463,1.2025012655650818e-07,0.43383934830937765,5.017248088533362e-05,-0.002471056186418911,0.061774162148401916,1.4347079446437916e-08,0.5165590022633556,9.213087860525034,0.003909434383620774,6.662535259274173e-07,3.659311274540907e-08,0.006430736268709534
287,7Networks_RH_DorsAttn_Post_17,7networks_rh_dorsattn_post,7Networks_RH_DorsAttn_Post,dorsal attention,posterior,R,0.0010730682951528678,0.010707084875956147,3.3335291905862714e-05,0.2894522900587866,3.228035341826175e-05,-0.001599865671713237,0.05862138152573586,2.1408466195135294e-05,0.34021910606446604,4.6933581900762205,0.035383291222197376,6.879192056937123e-05,3.115206298907507e-05,0.04710854608468507
288,7Networks_RH_DorsAttn_Post_18,7networks_rh_dorsattn_post,7Networks_RH_DorsAttn_Post,dorsal attention,posterior,R,0.0014486173537140486,-0.010905709343725256,3.455066330396585e-08,0.461890272106144,3.815715674296571e-05,-0.0017109379031874468,0.045731629901151406,7.764167497946492e-09,0.5290271445731883,7.842368602109202,0.007384101681682235,2.658644261017033e-07,2.110737750938747e-08,0.011287482031931766
289,7Networks_RH_DorsAttn_Post_19,7networks_rh_dorsattn_post,7Networks_RH_DorsAttn_Post,dorsal attention,posterior,R,0.0011897354460721717,-0.00331140576685781,3.836844110112324e-05,0.2854489773067681,3.331439084693761e-05,-0.0015688206863974548,0.04613773083534088,3.460890112017289e-05,0.32659486029837226,3.9328590875800056,0.053211752529218136,7.70764259288051e-05,4.972291490050156e-05,0.06843664489593493
290,7Networks_RH_DorsAttn_FEF_1,7networks_rh_dorsattn_fef,7Networks_RH_DorsAttn_FEF,dorsal attention,frontal eye fields,R,0.0002530272051455238,0.03690154649480501,0.29456200622665796,0.0025053461766829654,4.9402290540840124e-05,-0.003837667178420177,0.11023023572821596,0.0026522560410658447,0.19003764046591287,12.113541289821159,0.0010913270217137291,0.3095628491363489,0.003263209329658248,0.002005920922502158
291,7Networks_RH_DorsAttn_FEF_2,7networks_rh_dorsattn_fef,7Networks_RH_DorsAttn_FEF,dorsal attention,frontal eye fields,R,0.0003033607641576338,0.032216350071491366,0.05366847230244941,0.05611367204007911,2.2968007367727604e-05,-0.0015984761286720155,0.06630816759939495,0.010990634275695093,0.13952652293494983,5.653039227438173,0.02154521121715647,0.06061066274953242,0.01269655969762232,0.03028336189656049
292,7Networks_RH_DorsAttn_FEF_3,7networks_rh_dorsattn_fef,7Networks_RH_DorsAttn_FEF,dorsal attention,frontal eye fields,R,0.0007518309723042383,0.0023104231507178746,1.0621981613288228e-06,0.38148758483708456,3.083994534795132e-05,-0.0018018318203155887,0.048086696753372196,8.517180935286929e-09,0.5271683305672963,15.78893282135665,0.00024213440050192898,3.678351778218609e-06,2.2612866342808573e-08,0.0005469105364570933
293,7Networks_RH_DorsAttn_PrCv_1,7networks_rh_dorsattn_prcv,7Networks_RH_DorsAttn_PrCv,dorsal attention,precentral ventral,R,0.001060067114549668,0.014952795956529027,0.011799928052106208,0.10671161923206685,0.00013447334132910037,-0.010074828374952268,0.21455394295897987,9.507737124534692e-10,0.5692883566573466,52.55115664878659,3.427021463037953e-09,0.014285779561749916,3.689327055161325e-09,9.152163201289592e-08
294,7Networks_RH_SalVentAttn_TempOccPar_1,7networks_rh_salventattn_tempoccpar,7Networks_RH_SalVentAttn_TempOccPar,salience / ventral attention,temporal occipital parietal,R,0.0008523938337538071,0.018626271138736814,0.0006689245556192883,0.19986220373064745,6.005784076677616e-05,-0.004120619952127966,0.10777118108933795,4.557785906036922e-07,0.439909813398655,21.572196299282023,2.766551612402971e-05,0.0010156914657229326,8.411523582686027e-07,8.845172056555979e-05
295,7Networks_RH_SalVentAttn_TempOccPar_2,7networks_rh_salventattn_tempoccpar,7Networks_RH_SalVentAttn_TempOccPar,salience / ventral attention,temporal occipital parietal,R,0.0014942149235240448,-0.0023873751769945065,5.953874153137839e-06,0.3369039341543164,7.945745253156715e-05,-0.005085159256193762,0.11555271991129171,1.5566759720085024e-09,0.5601565323349429,25.363496335542848,7.441776693167317e-06,1.535828900866238e-05,5.354021903726213e-09,2.912557429912036e-05
296,7Networks_RH_SalVentAttn_TempOccPar_3,7networks_rh_salventattn_tempoccpar,7Networks_RH_SalVentAttn_TempOccPar,salience / ventral attention,temporal occipital parietal,R,0.0019694435690167803,-0.029223798714866883,4.820711291424491e-11,0.5889777972109532,6.85806967047334e-05,-0.0037092945574908566,0.07257173629003162,1.8728801850326606e-15,0.7537385004095463,33.11429219218091,6.320259023734309e-07,3.3861462870874406e-09,1.0242395827165948e-13,4.158547241703444e-06
297,7Networks_RH_SalVentAttn_TempOccPar_4,7networks_rh_salventattn_tempoccpar,7Networks_RH_SalVentAttn_TempOccPar,salience / ventral attention,temporal occipital parietal,R,0.0014202145679348725,0.0022494756171764635,2.74743886546088e-07,0.41449530733697726,7.741662734663739e-05,-0.004990171655345362,0.11716033796894165,1.2484583362406327e-13,0.7055525779796517,48.44734694903495,9.385380959245812e-09,1.2228796518816075e-06,1.954483050528439e-12,2.1304814777487992e-07
298,7Networks_RH_SalVentAttn_TempOccPar_5,7networks_rh_salventattn_tempoccpar,7Networks_RH_SalVentAttn_TempOccPar,salience / ventral attention,temporal occipital parietal,R,0.0005728035658101645,0.03748902515555502,0.028287034941368326,0.07747383819517173,4.977190853581149e-05,-0.003548496569827788,0.11136634488345562,0.0007596733015961291,0.23200403250905577,10.658187856505771,0.0020478156280936367,0.033013660317175376,0.0009770302519111688,0.003521622330130724
299,7Networks_RH_SalVentAttn_TempOccPar_6,7networks_rh_salventattn_tempoccpar,7Networks_RH_SalVentAttn_TempOccPar,salience / ventral attention,temporal occipital parietal,R,0.0012168183572945058,0.00804307828580133,3.0877431506062606e-06,0.3542245224421279,4.554138261566294e-05,-0.0025541784132236847,0.07564095394144804,1.639512045239859e-07,0.46375571881295086,10.804295561271676,0.0019206053102642175,8.761471189845264e-06,3.264642405872351e-07,0.0033200693344814145
300,7Networks_RH_SalVentAttn_TempOccPar_7,7networks_rh_salventattn_tempoccpar,7Networks_RH_SalVentAttn_TempOccPar,salience / ventral attention,temporal occipital parietal,R,0.001157743335437994,0.005096624199292715,3.955763077580671e-07,0.4057646932780128,-9.42045716004692e-06,0.0019377924135949584,-0.008886326144976003,2.320166137799934e-06,0.39974874501943103,0.5189255932146806,0.47486795379233926,1.662885590020023e-06,3.748595824061103e-06,0.5096691513515887
301,7Networks_RH_SalVentAttn_PrC_1,7networks_rh_salventattn_prc,7Networks_RH_SalVentAttn_PrC,salience / ventral attention,precentral,R,8.116955772913465e-05,0.03859605887785647,0.5823112450336766,-0.01435300930549821,-3.55759621925579e-06,0.00037575182737255297,0.033315456202883294,0.8057270104763414,-0.03301402720911262,0.13289768020530257,0.7170814975366715,0.5967704407342871,0.807505657298585,0.7415831432383801
302,7Networks_RH_SalVentAttn_FrOperIns_1,7networks_rh_salventattn_froperins,7Networks_RH_SalVentAttn_FrOperIns,salience / ventral attention,frontal operculum insula,R,0.0006692022840149934,0.026851356541430685,0.013388992589791577,0.10249574037717002,6.590393642279848e-05,-0.004787890082112134,0.12467372915410943,9.016237529570838e-06,0.36405662186479915,20.742201496336747,3.7278335231114736e-05,0.01599632272569836,1.3465038942188028e-05,0.00011208188208560325
303,7Networks_RH_SalVentAttn_FrOperIns_2,7networks_rh_salventattn_froperins,7Networks_RH_SalVentAttn_FrOperIns,salience / ventral attention,frontal operculum insula,R,0.0004133261930513775,0.04596691459974325,0.052366473480683406,0.056928698480758766,6.863734938068321e-07,0.0003564919012522365,0.04698571085543134,0.1551759608786762,0.03691366749291247,0.0024554860874366567,0.9606886991625537,0.059435947400575666,0.16383694474167207,0.9628094247677691
304,7Networks_RH_SalVentAttn_FrOperIns_3,7networks_rh_salventattn_froperins,7Networks_RH_SalVentAttn_FrOperIns,salience / ventral attention,frontal operculum insula,R,0.0004576993729474123,0.058928060004331415,0.06890934213140029,0.04784912570766675,1.4304652813062116e-05,-0.000726779368435568,0.08016070790865769,0.13261165039728437,0.04333194491957604,0.7733543242330666,0.38365559915728153,0.07686693200898215,0.14166044536556965,0.41669770817561197
305,7Networks_RH_SalVentAttn_FrOperIns_4,7networks_rh_salventattn_froperins,7Networks_RH_SalVentAttn_FrOperIns,salience / ventral attention,frontal operculum insula,R,0.0013001728828173828,0.028468486128753287,2.4538085745817494e-05,0.29810701674486106,5.8006340779135176e-05,-0.003502969033046738,0.11456831854531382,6.30294048808003e-07,0.43212990730537204,12.328469010189497,0.0009961692961327575,5.1815306644656476e-05,1.1355297545985452e-06,0.001861155804297415
306,7Networks_RH_SalVentAttn_FrOperIns_5,7networks_rh_salventattn_froperins,7Networks_RH_SalVentAttn_FrOperIns,salience / ventral attention,frontal operculum insula,R,0.001208919466837568,0.014741758786555224,5.0648989202686764e-05,0.277485847245562,5.6959831793146386e-05,-0.003507567591843435,0.09928823949870223,1.1457030575084733e-06,0.417504226746246,12.538078943458713,0.000911734615057464,9.954390085722854e-05,1.962827124939045e-06,0.0017319142896907477
307,7Networks_RH_SalVentAttn_FrOperIns_6,7networks_rh_salventattn_froperins,7Networks_RH_SalVentAttn_FrOperIns,salience / ventral attention,frontal operculum insula,R,0.0020164039370417926,-0.010302074252803259,9.155131590170396e-08,0.44008888623911846,6.977431552742903e-05,-0.0037611702912065713,0.09326517017597807,1.7767380968945001e-09,0.557674709253064,13.760110314150033,0.0005482427918455056,5.693739372516931e-07,6.064955608948144e-09,0.001101337289813538
308,7Networks_RH_SalVentAttn_FrOperIns_7,7networks_rh_salventattn_froperins,7Networks_RH_SalVentAttn_FrOperIns,salience / ventral attention,frontal operculum insula,R,0.0015009824233687327,0.023119889290884904,4.110929119863242e-06,0.34672610084122735,7.93721084782257e-05,-0.005071324949610909,0.1409333066989081,7.345429463588772e-10,0.5739916587960057,26.606885421536155,4.917767440179628e-06,1.117581928393959e-05,2.97752230041902e-09,2.048317814533533e-05
309,7Networks_RH_SalVentAttn_FrOperIns_8,7networks_rh_salventattn_froperins,7Networks_RH_SalVentAttn_FrOperIns,salience / ventral attention,frontal operculum insula,R,0.0008820006874495552,0.018468076704885684,0.004549456136723107,0.13828222050776728,9.910403580310564e-05,-0.0073241840503475136,0.1655699410845368,2.7689863689155306e-10,0.5913152149293762,54.20869414915812,2.309152228372449e-09,0.005935210017449111,1.3094998036329696e-09,6.989034077873946e-08
310,7Networks_RH_SalVentAttn_PFCl_1,7networks_rh_salventattn_pfcl,7Networks_RH_SalVentAttn_PFCl,salience / ventral attention,lateral prefrontal cortex,R,0.0017432120346832368,0.008931404801270151,7.484360360527058e-06,0.3307703270357987,7.741894946981491e-05,-0.0046673664690790664,0.12384571392133283,8.229792014440907e-08,0.4792546415911456,14.686626262851515,0.0003759541550368836,1.8877220020440468e-05,1.770770414481598e-07,0.0007793752803047725
311,7Networks_RH_SalVentAttn_Med_1,7networks_rh_salventattn_med,7Networks_RH_SalVentAttn_Med,salience / ventral attention,medial,R,0.0016263285495289833,0.014029592091586565,1.2282966470737727e-06,0.3778394830346081,7.205967753556709e-05,-0.0043404821984992905,0.12098903956694623,2.916034030846673e-09,0.5482502647751744,19.1067455844248,6.791794554979321e-05,4.100343218908036e-06,9.257898251778947e-09,0.00018354016237860787
312,7Networks_RH_SalVentAttn_Med_2,7networks_rh_salventattn_med,7Networks_RH_SalVentAttn_Med,salience / ventral attention,medial,R,0.001469547390319766,0.01569625416493986,7.962441152623734e-07,0.3886649636840055,3.893656789623879e-05,-0.0017545460244743662,0.07349048710073086,3.983408136452869e-07,0.44311100020441985,5.692873721584035,0.02111447853339482,2.915280873621915e-06,7.473005346899183e-07,0.0297701032737927
313,7Networks_RH_SalVentAttn_Med_3,7networks_rh_salventattn_med,7Networks_RH_SalVentAttn_Med,salience / ventral attention,medial,R,0.00123175463771459,0.008158296613993574,7.023359921297564e-07,0.39176601783185616,2.657807940696496e-05,-0.0009690097188723911,0.04760860759994134,8.839054295958553e-07,0.4238992123845695,3.6772977431856093,0.06124652854711962,2.679500339721928e-06,1.5375213219789973e-06,0.0774538271877223
314,7Networks_RH_SalVentAttn_Med_4,7networks_rh_salventattn_med,7Networks_RH_SalVentAttn_Med,salience / ventral attention,medial,R,0.0007185692994953136,0.02974626278987061,0.004288905730501427,0.14021868349900657,-3.0337162433900096e-05,0.003230599786808116,-0.01528372128546112,0.0027110047625797757,0.18928217206469133,3.9048916528091793,0.05403198141436777,0.005643951309123617,0.003317509871189267,0.06929525300034736
315,7Networks_RH_SalVentAttn_Med_5,7networks_rh_salventattn_med,7Networks_RH_SalVentAttn_Med,salience / ventral attention,medial,R,0.0015865716205490513,-0.014178647970130562,1.0813026166425367e-08,0.48681853738362957,6.392522095804054e-05,-0.003706675706213594,0.08070668245668834,1.91545347298747e-12,0.6692716059912699,27.480179663484115,3.6929385062596782e-06,1.0444923147993865e-07,1.8564934153446472e-11,1.627761244506693e-05
316,7Networks_RH_SalVentAttn_Med_6,7networks_rh_salventattn_med,7Networks_RH_SalVentAttn_Med,salience / ventral attention,medial,R,0.0008638524679673199,0.013327925100904671,0.00021171501330505973,0.23526125300570422,4.603256374628512e-05,-0.0029478159368081618,0.08165486955256043,3.4380049385615387e-06,0.3896195343666291,13.138654368036063,0.0007089314837047971,0.0003482558552191925,5.4196327850935366e-06,0.0013933112277141901
317,7Networks_RH_SalVentAttn_Med_7,7networks_rh_salventattn_med,7Networks_RH_SalVentAttn_Med,salience / ventral attention,medial,R,0.0005317464534119716,0.025945843325277468,0.004851232770450206,0.13617082605693165,1.7536336242169276e-05,-0.0009203277599255416,0.05197533581473196,0.006625929124201935,0.15785801554306123,2.2361158979688103,0.14150406963381656,0.006292741936526839,0.007813433304903061,0.16514870851864452
318,7Networks_RH_SalVentAttn_Med_8,7networks_rh_salventattn_med,7Networks_RH_SalVentAttn_Med,salience / ventral attention,medial,R,0.0004013869072236464,0.019726263066945998,0.0052858283893414855,0.13334618574142132,1.58028606189656e-05,-0.0009071490426395185,0.04318272718310037,0.004580794891330737,0.1709823249333603,3.179126857660613,0.08104345200276168,0.006824076120305411,0.005531066171979134,0.09837894975736311
319,7Networks_RH_Limbic_OFC_1,7networks_rh_limbic_ofc,7Networks_RH_Limbic_OFC,limbic,orbital frontal cortex,R,0.001133333374864304,-0.0028928845320678395,2.109621094487637e-06,0.36408190692858167,5.834876081018165e-05,-0.003698162199959502,0.08371520796249739,2.9952820019837233e-10,0.58994675545447,27.439280443344625,3.742506841401287e-06,6.33164328407293e-06,1.3876102335720514e-09,1.633748178842485e-05
320,7Networks_RH_Limbic_OFC_2,7networks_rh_limbic_ofc,7Networks_RH_Limbic_OFC,limbic,orbital frontal cortex,R,0.0014058977787772954,0.008149403683401668,1.4131655605980616e-07,0.4301083304187856,3.461617944003291e-05,-0.0014604513168943638,0.05953080800326372,7.22585173781997e-08,0.4821295146859562,5.821701401480668,0.019783517836680503,7.685397583391207e-07,1.577181100466474e-07,0.028067865930790463
321,7Networks_RH_Limbic_OFC_3,7networks_rh_limbic_ofc,7Networks_RH_Limbic_OFC,limbic,orbital frontal cortex,R,0.0005121125632887231,0.027884330698209708,0.008614981649675058,0.11718303661443552,-8.988768788668491e-06,0.0012564162301112016,0.014542143000448211,0.025348620432229116,0.10837674924547636,0.5259188302320162,0.47192316559538483,0.010657225256001298,0.028345501665596105,0.5077088084841344
322,7Networks_RH_Limbic_OFC_4,7networks_rh_limbic_ofc,7Networks_RH_Limbic_OFC,limbic,orbital frontal cortex,R,0.00012832123079299976,0.04791205382137137,0.5839038604185158,-0.014407402820924675,3.7807116235707514e-05,-0.0030022493632237174,0.10402982178129594,0.03606859814760597,0.0948939510879021,6.796519638698403,0.012200704940721804,0.5970548482657797,0.04013515578189488,0.0181016994872147
323,7Networks_RH_Limbic_OFC_5,7networks_rh_limbic_ofc,7Networks_RH_Limbic_OFC,limbic,orbital frontal cortex,R,0.0012592538290640068,0.012572722635539574,8.154962722928518e-08,0.44272051040593574,3.725925042719355e-05,-0.0018259514274086433,0.0678772837345214,8.986908815065034e-09,0.526086956560324,9.443720785498908,0.0035206204027162817,5.142157050291037e-07,2.3721259314183288e-08,0.005812224228484333
324,7Networks_RH_Limbic_OFC_6,7networks_rh_limbic_ofc,7Networks_RH_Limbic_OFC,limbic,orbital frontal cortex,R,0.00016639882236601697,0.05157586523519252,0.38817543097241136,-0.004955771846888002,2.1069424996842553e-05,-0.0015782283509083064,0.08284958353865679,0.16907382084885422,0.03339194939531287,2.904278180255333,0.09494836205353037,0.4042010221593458,0.1777812898035402,0.11343830624290208
325,7Networks_RH_Limbic_TempPole_1,7networks_rh_limbic_temppole,7Networks_RH_Limbic_TempPole,limbic,temporal pole,R,-0.00035253205406448186,0.04483613935317835,0.014357168105420183,0.10016389748699206,-1.367918489443657e-06,-0.00023926328816956544,0.04280571386660827,0.051009729312548324,0.08144591366940657,0.021872270109595974,0.883060059753665,0.01701867968632053,0.05607364917166329,0.8889340734549089
326,7Networks_RH_Limbic_TempPole_2,7networks_rh_limbic_temppole,7Networks_RH_Limbic_TempPole,limbic,temporal pole,R,0.00023393280205011692,0.025064518986021918,0.17389807837421203,0.01813734757823937,-1.0432073383863128e-05,0.0010977474862100707,0.009580008878276206,0.260600880780222,0.01543105819774182,0.8680621693935504,0.35625379908477284,0.18532799901852645,0.2695052388934414,0.390674456001176
327,7Networks_RH_Limbic_TempPole_3,7networks_rh_limbic_temppole,7Networks_RH_Limbic_TempPole,limbic,temporal pole,R,0.0006657443702883666,0.008505788764647047,0.0013400584106075964,0.17789395125321306,1.663199173762413e-05,-0.000711446736515997,0.03319294679131163,0.0026935466675036598,0.18950502115812917,1.6876431933389122,0.20024892851400192,0.0019192003735515734,0.003305054559585572,0.2278521642740774
328,7Networks_RH_Limbic_TempPole_4,7networks_rh_limbic_temppole,7Networks_RH_Limbic_TempPole,limbic,temporal pole,R,0.0006100450594821034,0.012104193165799939,0.00038131386875574295,0.21731280646954543,1.715154527281184e-05,-0.0008101670227686738,0.03756253364786916,0.0005113793307761268,0.24482998052054594,2.7490423618226907,0.10397325037286237,0.0006031933673000254,0.0006690669053958547,0.12389463430257092
329,7Networks_RH_Limbic_TempPole_5,7networks_rh_limbic_temppole,7Networks_RH_Limbic_TempPole,limbic,temporal pole,R,0.00166777710651416,-0.010399654268972533,5.116296724379273e-09,0.5022841863651052,6.0048642901961375e-05,-0.0033044750617679773,0.07873160312902015,6.861803988051588e-12,0.6508170387379224,21.417883186872228,2.9233806076046812e-05,6.068595993979748e-08,5.465366685220037e-11,9.281222348619058e-05
330,7Networks_RH_Limbic_TempPole_6,7networks_rh_limbic_temppole,7Networks_RH_Limbic_TempPole,limbic,temporal pole,R,0.0007116556739323726,0.0056039000902134845,0.00020231283024509504,0.23663310713142338,4.5571351691470435e-05,-0.0030618226481240983,0.07324625937247807,1.3533772228117075e-07,0.4681144721339675,21.890031666589557,2.470618731758425e-05,0.0003352190690922378,2.743005621234443e-07,8.127977566799458e-05
331,7Networks_RH_Limbic_TempPole_7,7networks_rh_limbic_temppole,7Networks_RH_Limbic_TempPole,limbic,temporal pole,R,0.00013809586991257565,0.0239197920137212,0.342468262826398,-0.001650019485875731,-1.6152071167500885e-05,0.0014755477589748385,-5.501146504601276e-05,0.14885827108222036,0.03861559739465581,3.010381700626495,0.0892866607730204,0.3582502104220845,0.15790106325076644,0.10723847616653773
332,7Networks_RH_Cont_Par_1,7networks_rh_cont_par,7Networks_RH_Cont_Par,control,parietal,R,0.0012162067407519078,0.010378839782230642,9.894430281400576e-06,0.32321635823371886,4.083733653815988e-05,-0.002165277425014318,0.07099441706303361,2.3124467012957034e-06,0.39983386360740747,7.127703705580898,0.01038903273902876,2.376757326854953e-05,3.748595824061103e-06,0.015617949879202175
333,7Networks_RH_Cont_Par_2,7networks_rh_cont_par,7Networks_RH_Cont_Par,control,parietal,R,0.0009256098064818861,0.01291278098423072,3.095196432852315e-05,0.2915562369982825,-1.7636516289411307e-05,0.002385979302327791,-0.013265410512316972,7.749606850743858e-05,0.30309440249983843,1.7947015292477448,0.1867962913648621,6.416525938424434e-05,0.00010726589970236926,0.21307918663227987
334,7Networks_RH_Cont_Par_3,7networks_rh_cont_par,7Networks_RH_Cont_Par,control,parietal,R,0.0016148122380776732,-0.012126974531254768,1.447548881014318e-10,0.5699748090422886,3.254201636125259e-05,-0.001079788398887365,0.03617571302956238,5.978253071175847e-11,0.6171233949490567,6.910865520821674,0.011539854176285084,5.055286092157695e-09,3.3099108467241883e-10,0.017233861171162594
335,7Networks_RH_Cont_Par_4,7networks_rh_cont_par,7Networks_RH_Cont_Par,control,parietal,R,0.0005421481227820336,0.024788183471685467,0.001077438312418823,0.18483646796231967,2.918456720181058e-06,0.00030048899355491826,0.029120100140577934,0.004860203145028821,0.16889100101964838,0.07908299129569286,0.7797783599557868,0.0015628018972464717,0.005821984770034524,0.7991408023023188
336,7Networks_RH_Cont_Par_5,7networks_rh_cont_par,7Networks_RH_Cont_Par,control,parietal,R,0.0011517004952146506,0.0006753530500101176,8.318864262210403e-07,0.3875794017233496,5.152356585147271e-05,-0.0031146434160187653,0.07715268855728812,1.1159297108456493e-09,0.5663427631359415,20.786690082366228,3.66833623681225e-05,2.997432043685336e-06,4.116022421832603e-09,0.00011102831010085077
337,7Networks_RH_Cont_Par_6,7networks_rh_cont_par,7Networks_RH_Cont_Par,control,parietal,R,0.0014125949875783677,-0.00684981249608814,1.527329595163568e-06,0.37233080427823784,2.985276614924512e-05,-0.0010593256760933764,0.03746117364950484,2.2815461103511725e-06,0.4001773364006127,3.228381191622851,0.0788000081891628,4.8490044489808384e-06,3.714678593868546e-06,0.09616990246741912
338,7Networks_RH_Cont_Temp_1,7networks_rh_cont_temp,7Networks_RH_Cont_Temp,control,temporal,R,0.0010610318718422872,0.01097826589557803,5.5606082611799505e-08,0.4513472036385815,2.618966396662751e-05,-0.0011075702339080635,0.04985204500808117,2.2540669961084852e-08,0.5071751993990297,6.4375181468824865,0.014551064299352694,3.8267251330622764e-07,5.472440728520066e-08,0.021241746597768885
339,7Networks_RH_Cont_Temp_2,7networks_rh_cont_temp,7Networks_RH_Cont_Temp,control,temporal,R,0.0007764272637035278,0.014578243550803782,1.9251866994448083e-05,0.3048942803140189,1.824355176973943e-05,-0.0007342070397619955,0.041657468493440174,2.8335968239693936e-05,0.33230105103219776,2.970236730949273,0.09138307073055893,4.181984505014081e-05,4.096983942936639e-05,0.10946679185138193
340,7Networks_RH_Cont_PFCv_1,7networks_rh_cont_pfcv,7Networks_RH_Cont_PFCv,control,ventral prefrontal cortex,R,0.0005631896919150539,0.031113063036241173,0.05282780384366768,0.05663756545424725,6.790879973923679e-05,-0.005059912853468663,0.1319112895511804,8.355715754151053e-05,0.3008576470906381,17.76706305913999,0.00011244460890079424,0.05981003228185817,0.00011495439249650237,0.0002774448502226119
341,7Networks_RH_Cont_PFCl_1,7networks_rh_cont_pfcl,7Networks_RH_Cont_PFCl,control,lateral prefrontal cortex,R,-0.00045227167059906713,0.06629432850585334,0.01752157132027269,0.09350466429084459,2.5965483683539753e-05,-0.0026023108106469307,0.10483535287903405,0.005795207125845157,0.16264490476006765,4.96335026966281,0.030714056126206382,0.020715607758864066,0.006887497474171994,0.041743207031972616
342,7Networks_RH_Cont_PFCl_2,7networks_rh_cont_pfcl,7Networks_RH_Cont_PFCl,control,lateral prefrontal cortex,R,7.204318207872464e-05,0.04405326987045123,0.768505856766861,-0.018973349423703656,3.132561916237037e-05,-0.002521835218423618,0.09055043766275603,0.13749103809743873,0.041859832402086794,4.047563212967533,0.04998741391023647,0.7736178691178601,0.1461848508108599,0.06465608522862495
343,7Networks_RH_Cont_PFCl_3,7networks_rh_cont_pfcl,7Networks_RH_Cont_PFCl,control,lateral prefrontal cortex,R,0.001758656104116261,0.007774195683741339,5.450581667356053e-08,0.4517939289276851,7.037059240289446e-05,-0.004068292079040122,0.11222650437208195,5.774322788072084e-11,0.6176884523247628,21.82839812577154,2.5253038168470887e-05,3.8267251330622764e-07,3.2364722787465757e-10,8.248114624809916e-05
344,7Networks_RH_Cont_PFCl_4,7networks_rh_cont_pfcl,7Networks_RH_Cont_PFCl,control,lateral prefrontal cortex,R,0.0003233675098546604,0.03371611781594427,0.07062514802210612,0.047039496845578954,5.210465851094392e-05,-0.003991093046425096,0.11105597938376863,4.493656672603509e-07,0.44024743846411096,34.71843649254908,3.916936295402915e-07,0.07820443220008824,8.3270209361714e-07,3.126522470833573e-06
345,7Networks_RH_Cont_PFCl_5,7networks_rh_cont_pfcl,7Networks_RH_Cont_PFCl,control,lateral prefrontal cortex,R,0.0008603474751147153,0.03274062358701447,0.005333997658161084,0.13304725627469915,7.506577421736517e-05,-0.0053553793186689805,0.14416207326858566,3.458101803309025e-06,0.38946812868187486,21.15980238504387,3.206788082787725e-05,0.00686015562834315,5.432450583744974e-06,9.903957752283176e-05
346,7Networks_RH_Cont_PFCl_6,7networks_rh_cont_pfcl,7Networks_RH_Cont_PFCl,control,lateral prefrontal cortex,R,0.0008621981006009011,0.021013670666064514,9.76305029449739e-05,0.2583621945879405,2.9352287547610735e-05,-0.001568281063448306,0.06458178761580721,4.581802713566764e-05,0.31850688511391334,5.236205887023905,0.026663605268954005,0.00017945039812557957,6.460057242109662e-05,0.036794154383298236
347,7Networks_RH_Cont_PFCl_7,7networks_rh_cont_pfcl,7Networks_RH_Cont_PFCl,control,lateral prefrontal cortex,R,0.001370310986263639,-0.007758947705146978,5.346780611435902e-09,0.5013861132822746,5.437160759147918e-05,-0.0031318614305402607,0.07294578627678425,6.719544044471514e-13,0.6836901750046954,28.664632177663485,2.5185508645646664e-06,6.068595993979748e-08,8.245062151865047e-12,1.203602202644588e-05
348,7Networks_RH_Cont_PFCl_8,7networks_rh_cont_pfcl,7Networks_RH_Cont_PFCl,control,lateral prefrontal cortex,R,0.0011861352266885668,0.012177016909078742,7.986035235912347e-06,0.3290215345573262,3.8098627542401155e-05,-0.001968573593551735,0.06872748023155795,2.3486512138127192e-06,0.3994369825330949,6.627954776657816,0.013249459991490051,2.003127070223318e-05,3.781161883230406e-06,0.019466844129891532
349,7Networks_RH_Cont_PFCl_9,7networks_rh_cont_pfcl,7Networks_RH_Cont_PFCl,control,lateral prefrontal cortex,R,0.001029806627606682,0.018312421058667018,9.466382361897676e-05,0.25927093760845177,5.0668652877842965e-05,-0.003165747292689499,0.09352079419439088,2.0731082843496498e-06,0.40261770196271096,12.517992266612072,0.0009194899334393618,0.00017541786091026715,3.4225133130717854e-06,0.0017393684574227928
350,7Networks_RH_Cont_PFCl_10,7networks_rh_cont_pfcl,7Networks_RH_Cont_PFCl,control,lateral prefrontal cortex,R,0.0008530615623011696,0.020444543962648463,0.003616668267312408,0.14580312152555097,4.596169014207526e-05,-0.002952738243032659,0.08866628947633878,0.0005736093832218236,0.2411306742625795,7.029658040178363,0.010893489603600683,0.004843561632329891,0.0007461852721567562,0.016322258349949537
351,7Networks_RH_Cont_PFCl_11,7networks_rh_cont_pfcl,7Networks_RH_Cont_PFCl,control,lateral prefrontal cortex,R,0.0013785059869423446,0.0036720601741184883,0.00014254272486523671,0.247140879510947,8.499309432668743e-05,-0.005659240032478117,0.12982880579536493,1.2368404472350133e-07,0.4701485546823353,21.202584144710592,3.1578905753831565e-05,0.0002451302920030965,2.5293944281292613e-07,9.835103812549645e-05
352,7Networks_RH_Cont_PFCl_12,7networks_rh_cont_pfcl,7Networks_RH_Cont_PFCl,control,lateral prefrontal cortex,R,0.0008049649585313331,0.01151292696309189,0.002756099680008278,0.15466202124387174,3.6143371498711957e-05,-0.00218784135012926,0.06516116933124266,0.0011038741754977475,0.21969388122806377,5.000390621252541,0.030127255535056782,0.0037802696517334087,0.0013882517331744526,0.04107439643518252
353,7Networks_RH_Cont_PFCl_13,7networks_rh_cont_pfcl,7Networks_RH_Cont_PFCl,control,lateral prefrontal cortex,R,-8.733570989084838e-05,0.041587098228112546,0.6307146167664782,-0.015879218879125467,-1.6511628794076464e-05,0.0012798888951224105,0.01707859703670843,0.3413623816362324,0.004055680987637533,1.9607717774358342,0.1679979607885101,0.6434706427235531,0.35063013860373193,0.19260372272218076
354,7Networks_RH_Cont_PFCl_14,7networks_rh_cont_pfcl,7Networks_RH_Cont_PFCl,control,lateral prefrontal cortex,R,0.0007873026019427601,0.016665266172212798,0.00035881360370942016,0.2191834190280605,1.5396834788698955e-05,-0.0004876128909482502,0.03951905900324251,0.0009660645819015212,0.22410918290936854,1.304729300946443,0.259136965395505,0.0005715837757336026,0.0012183147782869185,0.2897738480038406
355,7Networks_RH_Cont_PFCl_15,7networks_rh_cont_pfcl,7Networks_RH_Cont_PFCl,control,lateral prefrontal cortex,R,0.0002640273611441642,0.03091390558427344,0.10575451618864992,0.03387315883046671,1.950092851210295e-06,0.00010255238120810469,0.03380846272114325,0.26953672001348766,0.014017519478940588,0.03337969213248409,0.8558183680736388,0.1154147844943439,0.27748224690730927,0.8672802212174822
356,7Networks_RH_Cont_pCun_1,7networks_rh_cont_pcun,7Networks_RH_Cont_pCun,control,precuneus,R,0.00033924480168906013,0.030536471522864664,0.10893338876714445,0.03291856140974769,-2.569571841404231e-05,0.002466946368706747,-0.007604135513460168,0.04692679368753148,0.08470109993161545,3.715573949519612,0.05996260600075424,0.11859894124768244,0.051710593044027406,0.07625496673485273
357,7Networks_RH_Cont_pCun_2,7networks_rh_cont_pcun,7Networks_RH_Cont_pCun,control,precuneus,R,0.0011476466160225086,0.009188843728735255,0.00011981750484514341,0.2523078338478868,7.742032941586259e-05,-0.00526304615243248,0.12410520112700046,8.146189628833446e-09,0.5280635508023466,29.04673052127522,2.229083027641926e-06,0.00021500848695531663,2.1755118185237556e-08,1.0765996750525898e-05
358,7Networks_RH_Cont_Cing_1,7networks_rh_cont_cing,7Networks_RH_Cont_Cing,control,cingulate,R,0.0001810094774841298,0.02913107705378333,0.3001485514579665,0.001977771510749071,2.2771511946270413e-05,-0.0017045568597062665,0.062931232969683,0.07652916297810511,0.0654522480547971,4.260159652380137,0.04456101078487072,0.3147054096118171,0.08292181382353156,0.05830172592602683
359,7Networks_RH_Cont_Cing_2,7networks_rh_cont_cing,7Networks_RH_Cont_Cing,control,cingulate,R,0.0007440464675467985,0.014654464002642247,0.0005839473461660509,0.20410726361486886,4.431172375771478e-05,-0.002925129951549585,0.08042713537584653,6.138901396773462e-06,0.3743739181353182,14.0633930615912,0.00048418054947800613,0.0008956489701330647,9.352554476963597e-06,0.0009857308047668825
360,7Networks_RH_Cont_PFCmp_1,7networks_rh_cont_pfcmp,7Networks_RH_Cont_PFCmp,control,medial posterior prefrontal cortex,R,0.0017580122556008328,0.0105253700006301,4.190332272108921e-07,0.404373733951469,6.020427015446639e-05,-0.003227126431115622,0.09988762766825116,2.0949299896528388e-08,0.5087082424411259,11.193650372616721,0.001620592115084994,1.7453310564563763e-06,5.113431265066607e-08,0.0028628358764536473
361,7Networks_RH_Cont_PFCmp_2,7networks_rh_cont_pfcmp,7Networks_RH_Cont_PFCmp,control,medial posterior prefrontal cortex,R,0.0008313495339388898,0.02838491216237088,0.0005347196367576485,0.20684994943421886,-1.0059273436126328e-05,0.001664294988439543,0.01345375557760091,0.002115359104833589,0.19779608024590978,0.4582602872695412,0.5017565735220428,0.0008229244579253301,0.002616820255025748,0.5359940808917822
362,7Networks_RH_Default_Par_1,7networks_rh_default_par,7Networks_RH_Default_Par,default,parietal,R,0.0011834630812722778,0.00010352805434181434,0.0002040574709668175,0.23637394955615165,8.705617038255239e-05,-0.006025113349900425,0.12932253377141,3.1612158626452807e-09,0.54669564843313,33.859692377997476,5.054035064844303e-07,0.00033688033388703685,9.831769582116459e-09,3.530049106829713e-06
363,7Networks_RH_Default_Par_2,7networks_rh_default_par,7Networks_RH_Default_Par,default,parietal,R,0.0011213146852635148,0.007666995400020513,3.842251960286472e-06,0.3485040744472909,3.349071003345718e-05,-0.0016518413351488412,0.05737784567364281,1.4319747403941158e-06,0.4119495044727769,6.178774041322693,0.016542597278024276,1.050832765042204e-05,2.3989539931325777e-06,0.023918277593066944
364,7Networks_RH_Default_Par_3,7networks_rh_default_par,7Networks_RH_Default_Par,default,parietal,R,0.0021571664909746284,-0.014306926785004379,1.5810746897694359e-07,0.42749968829405927,8.764215751722773e-05,-0.005099931866092927,0.11578186994828996,3.1686876423683116e-10,0.5889635599970762,19.855422749597803,5.150197124275644e-05,8.250665622474988e-07,1.4385841896352136e-09,0.00014359536391216442
365,7Networks_RH_Default_Par_4,7networks_rh_default_par,7Networks_RH_Default_Par,default,parietal,R,0.002105447298622981,-0.03048890648905104,3.129832976839253e-10,0.5561388092764681,7.416443709832077e-05,-0.004035645411392366,0.07959467264495386,5.958698840865928e-14,0.714675733980051,27.670610572042758,3.471011115248796e-06,8.88090107178138e-09,1.153463274819003e-12,1.5449402414930917e-05
366,7Networks_RH_Default_Par_5,7networks_rh_default_par,7Networks_RH_Default_Par,default,parietal,R,0.0013185682613096274,0.015277999825474953,2.3627875789864674e-05,0.2991682912426814,4.335986391849005e-05,-0.002271790603871131,0.07963780888844785,8.562896976892217e-06,0.36545115025482633,6.013920100652039,0.01796202357603702,5.0126428077563374e-05,1.287269942883797e-05,0.025888122868320027
367,7Networks_RH_Default_Temp_1,7networks_rh_default_temp,7Networks_RH_Default_Temp,default,temporal,R,0.0009769694099688345,0.003940338539644865,4.7450329665358366e-07,0.40136152155533644,2.4546292633842822e-05,-0.001055555404474997,0.040374832662775924,2.8292480934416137e-07,0.45115978526852885,5.355214129858808,0.02508066889063571,1.9234330060779196e-06,5.37438759172591e-07,0.03475309951518007
368,7Networks_RH_Default_Temp_2,7networks_rh_default_temp,7Networks_RH_Default_Temp,default,temporal,R,0.001340433140192501,-0.003094188234550946,1.2576670522466204e-06,0.3772442546002609,1.0825394568307801e-05,0.000444049991240098,0.012974135428950172,7.207715828561761e-06,0.37008623163330123,0.45455216306044727,0.5034838114215978,4.167743370218727e-06,1.0944157144371369e-05,0.5365766440971959
369,7Networks_RH_Default_Temp_3,7networks_rh_default_temp,7Networks_RH_Default_Temp,default,temporal,R,0.0004852353519356694,0.03574479902918955,0.04178426499032047,0.06443968506154385,3.436091300603061e-05,-0.002359976728499351,0.08674730688887167,0.009495033475633423,0.1448658639060021,5.514445654301019,0.02311885177804592,0.048147351029455575,0.011081607192641578,0.03219619235347499
370,7Networks_RH_Default_Temp_4,7networks_rh_default_temp,7Networks_RH_Default_Temp,default,temporal,R,0.0017121462933644691,-0.01037984725552693,1.0165921859493258e-06,0.38258557741015087,7.542681551274592e-05,-0.004533476069695091,0.1015775023743988,2.2559542198226595e-09,0.5531571327833185,19.322849615817685,6.268187276975816e-05,3.582372048788835e-06,7.475935881748082e-09,0.00017040461220042038
371,7Networks_RH_Default_Temp_5,7networks_rh_default_temp,7Networks_RH_Default_Temp,default,temporal,R,0.0021062369584471173,-0.009231678737910656,5.5459694568102725e-08,0.4514061469916907,7.115790827469162e-05,-0.003785903922853301,0.0963892567541574,1.124199956623883e-09,0.5662064856248232,13.70285532582802,0.0005613039509020033,3.8267251330622764e-07,4.116022421832603e-09,0.0011226079018040065
372,7Networks_RH_Default_Temp_6,7networks_rh_default_temp,7Networks_RH_Default_Temp,default,temporal,R,0.0018811599033745014,-0.019693331490614183,2.1198453285882937e-06,0.3639576716415561,0.00010366157559086757,-0.006702406170562499,0.13417336939979452,3.763544542779656e-11,0.6245893338260583,34.32435892766993,4.4013839838622535e-07,6.33164328407293e-06,2.3089854357053564e-10,3.288967282512992e-06
373,7Networks_RH_Default_Temp_7,7networks_rh_default_temp,7Networks_RH_Default_Temp,default,temporal,R,0.001782885558160242,-0.0055462295842561155,1.1944540845124975e-07,0.4339940344051658,7.248666142179781e-05,-0.004219281052241121,0.10204699758751679,1.8402642828031798e-10,0.5983592171079508,20.64324616868948,3.863820681694849e-05,6.662535259274173e-07,8.983655746157458e-10,0.00011465193395355956
374,7Networks_RH_Default_Temp_8,7networks_rh_default_temp,7Networks_RH_Default_Temp,default,temporal,R,0.0021396721050597023,-0.019134595224371602,5.7807723365791984e-08,0.4504782538928317,8.756768157962833e-05,-0.005111259365891575,0.1108436555641132,3.901707637931979e-11,0.624012946303814,23.154127792011366,1.584384626969738e-05,3.917120359413367e-07,2.3618336901614913e-10,5.408350531159857e-05
375,7Networks_RH_Default_PFCv_1,7networks_rh_default_pfcv,7Networks_RH_Default_PFCv,default,ventral prefrontal cortex,R,0.0012285838223323165,0.00893143166591668,0.00013580066269520613,0.24858541156811564,8.563927930908585e-05,-0.005862668729868369,0.13604732102812825,4.516952315978429e-09,0.5397590421210436,31.367428250956188,1.076706009157134e-06,0.00023622030982231257,1.3145489432398762e-08,6.165333458633599e-06
376,7Networks_RH_Default_PFCv_2,7networks_rh_default_pfcv,7Networks_RH_Default_PFCv,default,ventral prefrontal cortex,R,0.001230641359145216,0.01714660368250555,0.00012296309422808174,0.2515387257767544,0.00010000782957663116,-0.007050380882597266,0.16558998506520256,4.306859557730328e-12,0.6576695851759137,57.94580559304726,9.71064855586292e-10,0.00021806736242011368,3.6436040727203416e-11,4.408634444361765e-08
377,7Networks_RH_Default_PFCv_3,7networks_rh_default_pfcv,7Networks_RH_Default_PFCv,default,ventral prefrontal cortex,R,0.0010528937416011425,0.011064718985245484,0.001965404466378616,0.16560729832408938,0.00010007377273849624,-0.0072335888405207615,0.15960598096356932,3.815645451662584e-09,0.5430516918114868,40.64853477457414,7.252798388456273e-08,0.002753992678197196,1.1397326135358298e-08,9.407915623883279e-07
378,7Networks_RH_Default_PFCv_4,7networks_rh_default_pfcv,7Networks_RH_Default_PFCv,default,ventral prefrontal cortex,R,0.0008623506105465714,0.019086662055274137,0.0001532964437817626,0.2449682375034944,1.5183818203252797e-05,-0.00039492631255038085,0.041624270619851106,0.0004597954418061488,0.2482391635745972,1.2088489367968251,0.2771602046273375,0.00026164129878541434,0.0006085922174343777,0.3091664199037131
379,7Networks_RH_Default_PFCdPFCm_1,7networks_rh_default_pfcdpfcm,7Networks_RH_Default_PFCdPFCm,default,dorsal prefrontal cortex medial prefrontal cortex,R,0.0014986306064510176,0.024421436403114977,1.964374951916386e-08,0.4741492316131487,4.005967750689994e-05,-0.0018184604836768573,0.0838827206985418,3.2858089919929747e-09,0.5459493748120681,8.59035817233302,0.005203803059674477,1.6515300521667395e-07,1.007944109705953e-08,0.00820321732323685
380,7Networks_RH_Default_PFCdPFCm_2,7networks_rh_default_pfcdpfcm,7Networks_RH_Default_PFCdPFCm,default,dorsal prefrontal cortex medial prefrontal cortex,R,0.0011371296603553292,0.018234220463388344,4.821638094372144e-06,0.34251376870646266,5.631256727398993e-05,-0.0035257614758652414,0.10181995505916244,5.040642940572913e-09,0.5376056517104296,21.252000092194127,3.102379473644577e-05,1.2876609969676195e-05,1.4392779213962907e-08,9.78111306274054e-05
381,7Networks_RH_Default_PFCdPFCm_3,7networks_rh_default_pfcdpfcm,7Networks_RH_Default_PFCdPFCm,default,dorsal prefrontal cortex medial prefrontal cortex,R,0.0012737027362163115,0.009688115819612722,0.0001862711907295713,0.2391228265341686,7.975731777601937e-05,-0.005330501407008811,0.12807330616728074,1.7623768525634959e-07,0.4621041790123813,20.898100154975122,3.5236574854643175e-05,0.0003109085315853874,3.433987515295395e-07,0.00010736513412085907
382,7Networks_RH_Default_PFCdPFCm_4,7networks_rh_default_pfcdpfcm,7Networks_RH_Default_PFCdPFCm,default,dorsal prefrontal cortex medial prefrontal cortex,R,0.000375863271635306,0.04907407773611414,0.047617831445895625,0.06008754057713672,1.912849173203506e-05,-0.0012080473697069528,0.07746683463799739,0.041723984703541904,0.08926666326554122,2.537879237039269,0.1178478956671377,0.054454648555255954,0.04631464316725678,0.13860866485202208
383,7Networks_RH_Default_PFCdPFCm_5,7networks_rh_default_pfcdpfcm,7Networks_RH_Default_PFCdPFCm,default,dorsal prefrontal cortex medial prefrontal cortex,R,0.0015584640781338025,-0.0024687115050517836,7.845835233654917e-07,0.38903028184297417,5.328237496069207e-05,-0.0028535158039439236,0.07661925531463942,5.41615316449563e-08,0.4884435308516929,10.328072735280157,0.0023690547954401176,2.915280873621915e-06,1.1962100878681895e-07,0.003983521767147457
384,7Networks_RH_Default_PFCdPFCm_6,7networks_rh_default_pfcdpfcm,7Networks_RH_Default_PFCdPFCm,default,dorsal prefrontal cortex medial prefrontal cortex,R,0.0004909385566941975,0.016931275501647913,0.03345474939203681,0.07186211090516614,6.831996282653269e-05,-0.005166209829753115,0.11833979862272614,1.0737498478604036e-07,0.47332717812457015,37.58879369911606,1.7048288760852117e-07,0.03894475954867875,2.2464628153392775e-07,1.6467921483886938e-06
385,7Networks_RH_Default_PFCdPFCm_7,7networks_rh_default_pfcdpfcm,7Networks_RH_Default_PFCdPFCm,default,dorsal prefrontal cortex medial prefrontal cortex,R,0.0004244062457699643,0.0353679773032447,0.06672674527698422,0.04890971401063715,2.0976529983747532e-05,-0.0013125288730637852,0.06650380990400173,0.07060583799792451,0.06865043466197929,2.0173995098398176,0.16210536059157185,0.07479985766852057,0.07668672356712375,0.18679145611313103
386,7Networks_RH_Default_PFCdPFCm_8,7networks_rh_default_pfcdpfcm,7Networks_RH_Default_PFCdPFCm,default,dorsal prefrontal cortex medial prefrontal cortex,R,0.000994599635512816,0.010327988411423114,4.332129061855907e-05,0.2819767568602414,3.555138157190003e-05,-0.0019491876936181774,0.0630975297133428,1.1482538980486366e-05,0.35747937948095143,6.640481830554185,0.01316830845924649,8.664258123711814e-05,1.6980692824562898e-05,0.01941042870291528
387,7Networks_RH_Default_PFCdPFCm_9,7networks_rh_default_pfcdpfcm,7Networks_RH_Default_PFCdPFCm,default,dorsal prefrontal cortex medial prefrontal cortex,R,0.0005806075849682263,0.034234242548847625,0.0019092182962068883,0.16654200219920445,1.1386801870385395e-05,-0.0003622621878301476,0.05113587295049197,0.005315321937438927,0.16571920461527967,0.9526606818149603,0.33404013113518805,0.002683545221293893,0.006350410946308614,0.36720150008565466
388,7Networks_RH_Default_PFCdPFCm_10,7networks_rh_default_pfcdpfcm,7Networks_RH_Default_PFCdPFCm,default,dorsal prefrontal cortex medial prefrontal cortex,R,0.0014762909975181665,-0.005913416695426339,8.641978397015817e-06,0.3268882327989565,6.635237426219851e-05,-0.004017933698525846,0.09257458009390276,8.953354933149385e-08,0.4773839727259117,14.822376543200239,0.00035594435519487445,2.1323142349158593e-05,1.8994500652569257e-07,0.0007481423021225602
389,7Networks_RH_Default_PFCdPFCm_11,7networks_rh_default_pfcdpfcm,7Networks_RH_Default_PFCdPFCm,default,dorsal prefrontal cortex medial prefrontal cortex,R,0.0008109982424778172,0.013207735985143736,0.0007788916502290843,0.19508660470429107,7.313789052919466e-05,-0.005245092573114801,0.12176759398138307,2.9859408883100563e-10,0.5900012537033485,47.23405150180475,1.2751022907452431e-08,0.0011709165867682262,1.3876102335720514e-09,2.7566497142778113e-07
390,7Networks_RH_Default_PFCdPFCm_12,7networks_rh_default_pfcdpfcm,7Networks_RH_Default_PFCdPFCm,default,dorsal prefrontal cortex medial prefrontal cortex,R,0.0018435402254935555,-0.011732808122163998,3.226977248981402e-07,0.41065699518202725,0.00010914468630606663,-0.007194047918302563,0.15027257049483367,2.011156404315557e-15,0.7529909081516688,67.52397974335462,1.209375625104525e-10,1.3952834962262445e-06,1.0242395827165948e-13,9.150942229957574e-09
391,7Networks_RH_Default_PFCdPFCm_13,7networks_rh_default_pfcdpfcm,7Networks_RH_Default_PFCdPFCm,default,dorsal prefrontal cortex medial prefrontal cortex,R,0.00021462064917591322,0.03157699725085769,0.13761271476799966,0.025456173082219813,3.128274149739772e-05,-0.0023757073203370233,0.0780105209704807,0.0006829354731514672,0.23547626282250966,14.18594023614147,0.0004605692939566915,0.14875279167779012,0.000883341039346912,0.0009461468753680449
392,7Networks_RH_Default_pCunPCC_1,7networks_rh_default_pcunpcc,7Networks_RH_Default_pCunPCC,default,precuneus posterior cingulate cortex,R,0.001469705625315043,0.0012045083665821743,9.709269712398235e-08,0.43874756220944855,6.198522039216345e-05,-0.0036629024004745554,0.0932102618132559,5.4526799482718835e-11,0.6186197295455197,23.63846533498623,1.3395294192466894e-05,5.877344599238398e-07,3.094395870644294e-10,4.825030797161222e-05
393,7Networks_RH_Default_pCunPCC_2,7networks_rh_default_pcunpcc,7Networks_RH_Default_pCunPCC,default,precuneus posterior cingulate cortex,R,5.656680530165541e-05,0.029573423261331337,0.7202157099208639,-0.01808018557378621,6.621338656185461e-06,-0.0004917047941731256,0.039401592751310985,0.7676876418501055,-0.030890311918498226,0.4035388077303169,0.5283480987409203,0.7298614560358755,0.7710844898228936,0.5591376149845636
394,7Networks_RH_Default_pCunPCC_3,7networks_rh_default_pcunpcc,7Networks_RH_Default_pCunPCC,default,precuneus posterior cingulate cortex,R,0.00022139406106932215,0.0230160420555286,0.19837168971584668,0.014105131215624955,-5.100929584368332e-06,0.0006437701042305145,0.015444642507071765,0.39844964532378346,-0.0025195182877324473,0.20402230420004341,0.6535711235981607,0.210422306380828,0.40650817747639933,0.685268568391605
395,7Networks_RH_Default_pCunPCC_4,7networks_rh_default_pcunpcc,7Networks_RH_Default_pCunPCC,default,precuneus posterior cingulate cortex,R,0.0017274370557580306,0.002821964963751561,5.073599056223104e-07,0.39973336158901696,8.890641675444395e-05,-0.0056343466935136755,0.13478732393133425,8.09227934736647e-12,0.6483575982367428,34.937782529210935,3.6717258015177487e-07,2.0029686708915557e-06,6.123158039507296e-11,3.078648416517442e-06
396,7Networks_RH_Default_pCunPCC_5,7networks_rh_default_pcunpcc,7Networks_RH_Default_pCunPCC,default,precuneus posterior cingulate cortex,R,0.0013239434483803194,0.014872670253404358,1.8060109489992037e-05,0.3066722479064514,6.823738190018552e-05,-0.0043263669285759435,0.11615861705224334,3.807118025447409e-08,0.4960599004431363,19.039063233417302,6.965042211461752e-05,3.967260756741771e-05,8.818528487515937e-08,0.00018710823455642814
397,7Networks_RH_Default_pCunPCC_6,7networks_rh_default_pcunpcc,7Networks_RH_Default_pCunPCC,default,precuneus posterior cingulate cortex,R,0.0010526150944560548,0.025592125460268844,0.002700418108541922,0.1553252101747261,8.478058357411747e-05,-0.005967534240023921,0.15143343763170208,1.8509592979870121e-06,0.4054920544265206,21.198230508934362,3.162830741480723e-05,0.0037151206705394926,3.0781520926230896e-06,9.835103812549645e-05
398,7Networks_RH_Default_pCunPCC_7,7networks_rh_default_pcunpcc,7Networks_RH_Default_pCunPCC,default,precuneus posterior cingulate cortex,R,0.0009446717529919065,0.03752747157902326,0.005663942791705735,0.13106823079410135,8.485555614767468e-05,-0.006081685590918691,0.16348006686075794,2.2828090918267055e-06,0.400163210775514,22.533455885237238,1.9683846974170548e-05,0.0072231180545910215,3.714678593868546e-06,6.522968267352868e-05
399,7Networks_RH_Default_pCunPCC_8,7networks_rh_default_pcunpcc,7Networks_RH_Default_pCunPCC,default,precuneus posterior cingulate cortex,R,0.0011956600771702206,0.01667100480728921,0.000167014357664607,0.24240138817359147,8.430931564862323e-05,-0.005785466510897215,0.1418128057035182,6.24113524163295e-09,0.533383058541909,30.9327326908333,1.2317554801262508e-06,0.0002818755330101545,1.7277289022569265e-08,6.579023387968445e-06
400,7Networks_RH_Default_pCunPCC_9,7networks_rh_default_pcunpcc,7Networks_RH_Default_pCunPCC,default,precuneus posterior cingulate cortex,R,0.0019780238621387664,-0.00988475242744144,4.359624394216669e-09,0.5055329729251583,6.652514089928308e-05,-0.003530506557470949,0.08885968492166742,1.979665750905489e-11,0.6347131432262769,17.97473659254782,0.0001039099175167562,5.661904672975536e-08,1.2839546441587028e-10,0.0002599967010484099
401,HIP-head-m1-rh,HIP-head-m1,"Hippocampus head, medial division",subcortex,Hippocampus head,R,0.0016711647161501701,-0.007563149787578632,2.402726143095555e-10,0.560930727411106,3.778977799385643e-05,-0.0014579702066095258,0.048528882714848225,4.5943190193412965e-11,0.6213894259280213,8.664914103165604,0.005027387835784108,7.27225112643588e-09,2.708858226988245e-10,0.007966193067704595
402,HIP-head-m2-rh,HIP-head-m2,"Hippocampus head, medial division",subcortex,Hippocampus head,R,0.00102379850918127,0.010560763926865231,1.924679058236784e-07,0.42290314822862407,2.2806599851659953e-05,-0.0008646732377773172,0.04441300143821358,1.747955620745176e-07,0.4622922149814287,4.516175991518008,0.03886197322365502,9.497872743907609e-07,3.42056832680306e-07,0.051140103894317036
403,THA-VAip-rh,THA-VAip,"Thalamus, inferior ventro-anterior part, posterior division",subcortex,Thalamus,R,0.000795101760803473,0.030274591312312304,0.004031872942229354,0.14224540485974957,3.137091271824783e-05,-0.0018025271154887912,0.07683898912668445,0.0031980036490236218,0.1835626611454233,3.4291249399429917,0.07034355060865176,0.005367948140094214,0.003882068600686429,0.0867825325443693
404,THA-VAia-rh,THA-VAia,"Thalamus, inferior ventro-anterior part, anterior division",subcortex,Thalamus,R,0.001647957046217574,0.0036894729502116863,6.800445839284645e-06,0.3333457773511409,6.866091665800008e-05,-0.004037423592381817,0.10560407984345803,1.6635259811510188e-07,0.46342381166855484,12.636270455182935,0.0008748005249653207,1.7344957365366452e-05,3.297994739923854e-07,0.0016836351068541754
405,HIP-head-l-rh,HIP-head-l,"Hippocampus head, lateral division",subcortex,Hippocampus head,R,0.0011788187401197392,0.0004997841004614895,6.752202251151303e-08,0.446989030111442,2.753217327315925e-05,-0.0011009481561695053,0.04136627340218642,3.981011973400014e-08,0.4951012124596742,5.573955829772523,0.022428538361975787,4.3792854600324167e-07,9.082308723234201e-08,0.031427643260299405
406,HIP-body-rh,HIP-body,Hippocampus body,subcortex,Hippocampus body,R,0.0016405821851280577,-0.020441727262890917,2.3498700048177516e-06,0.361305197601155,9.563839339420935e-05,-0.006278634402360293,0.12151602310071108,6.154689640957453e-12,0.6524292948581498,41.204644584855664,6.230223545890408e-08,6.838724244790123e-06,4.9896948160619346e-11,8.839129655732016e-07
407,HIP-tail-rh,HIP-tail,Hippocampus tail,subcortex,Hippocampus tail,R,-7.967716761412321e-05,0.028028200053236217,0.47759812893273723,-0.0100524207322088,-2.020357907051147e-05,0.0015932547253584132,-0.00196032790458075,0.013817581912173416,0.13110425408682536,8.797851955406744,0.004728339844851823,0.49279443303514253,0.01572226112312464,0.007612291806960026
408,THA-VPm-rh,THA-VPm,"Thalamus, medial ventro-posterior part",subcortex,Thalamus,R,0.0006300835266248347,0.027827472426152286,0.00422865310008059,0.14068288987972877,1.3624611153414169e-05,-0.0004980852225035803,0.04805072252766065,0.010813926895665984,0.14011981248996286,0.9685680457564383,0.3300769307624484,0.005580838684408686,0.012524292884266215,0.3637255499178436
409,THA-VPl-rh,THA-VPl,"Thalamus, lateral ventro-posterior part",subcortex,Thalamus,R,0.00047547922688563767,0.026830073867083283,0.013810655965375809,0.10146027056812279,5.244384126528355e-06,4.1224611223317914e-05,0.03461440551698787,0.045581549487121266,0.08583325830039945,0.17947508410101254,0.673757288709693,0.016413711540001617,0.05035042206119964,0.7015729565922032
410,THA-VAs-rh,THA-VAs,"Thalamus, superior ventro-anterior part",subcortex,Thalamus,R,0.0004195193459710135,0.03845227028176601,0.13551984945069362,0.025941278577565452,4.853234122244017e-05,-0.003599139981086053,0.11048967843247041,0.007776752779666253,0.15209936996371554,8.141860935138201,0.006413092867309597,0.14684012327115728,0.009146750678674816,0.009869641226300192
411,THA-DAm-rh,THA-DAm,"Thalamus, medial dorso-anterior part",subcortex,Thalamus,R,0.001098188920778103,0.01929959776232002,9.603359430166376e-05,0.2588479837002733,2.18324542439644e-05,-0.0007096199273037389,0.051705893805109496,0.00023797554078242147,0.2690156009917346,1.6676553297885468,0.20288805432949672,0.00017723273094697294,0.00031870470653457033,0.23027794166397877
412,THA-DAl-rh,THA-DAl,"Thalamus, lateral dorso-anterior part",subcortex,Thalamus,R,0.0006103853377568463,0.025023687561705796,0.007962211326965058,0.11979892793883884,3.0903634796637556e-05,-0.0019485511793640286,0.07089449653385471,0.003010669341472218,0.18565714832691915,4.881896393064833,0.03204832968577088,0.009876622793557749,0.003664460807046614,0.04307006414441021
413,PUT-VA-rh,PUT-VA,"Putamen, ventro-anterior part",subcortex,Putamen,R,0.0009018350013306345,0.012994058233409225,5.77121677991513e-05,0.273715662035094,1.8967143809597236e-05,-0.0006687154287159502,0.04114732357461061,0.0001247421042988952,0.2888337819460236,2.020394019432385,0.16180057619318672,0.00011279216498572052,0.00016955962680149228,0.18679145611313103
414,PUT-DA-rh,PUT-DA,"Putamen, dorso-anterior part",subcortex,Putamen,R,0.0007327163048887555,0.01308638637755305,0.0008905569903293103,0.19086559909219136,3.447550859947552e-05,-0.002121984719183387,0.06425899049324382,0.00014810750408246443,0.2836190071153676,7.214798590879772,0.009961735884208274,0.0013169800443306413,0.00020012144896856802,0.015075426971435187
415,PUT-VP-rh,PUT-VP,"Putamen, ventro-posterior part",subcortex,Putamen,R,0.0008513766551839843,0.0053135183753381665,0.00019290775416036664,0.23806856160063206,5.544541973231557e-05,-0.003739711422117329,0.08761213061490494,8.137563715473229e-08,0.4795043157995398,23.265153301606038,1.5243991553909399e-05,0.00032080630179049985,1.759263774678498e-07,5.32211687852817e-05
416,PUT-DP-rh,PUT-DP,"Putamen, dorso-posterior part",subcortex,Putamen,R,0.0008734127951942092,0.005844780382245979,3.424679502772146e-05,0.28868581499166823,4.539096061302882e-05,-0.0028851284710426266,0.07321938201224978,1.2615762205972555e-07,0.46970189776982507,17.384693697395473,0.00013013463857099915,6.972103200502137e-05,2.568410780946879e-07,0.0003193574373580195
417,CAU-VA-rh,CAU-VA,"Caudate, ventro-anterior part",subcortex,Caudate,R,-2.481909925232547e-05,0.027476350589594165,0.7999142119626952,-0.019453726015993045,-1.1705339258946652e-05,0.0009444267604051344,0.010101909536473993,0.17979713152645935,0.030859260826010426,3.4919222469943074,0.06790850053124799,0.8034536553784594,0.18808271362445286,0.08440282296306248
418,CAU-DA-rh,CAU-DA,"Caudate, dorso-anterior part",subcortex,Caudate,R,0.00025377594900999367,0.016710119041513382,0.02809799237027186,0.07769821287398349,1.7996963088761903e-05,-0.0012364398896175096,0.043423328065496286,0.004163303760385421,0.17434671023830817,6.618736013062555,0.01330952056380405,0.03287754777346243,0.005040373085906616,0.019492007535377547
419,CAU-body-rh,CAU-body,Caudate body,subcortex,Caudate body,R,0.0003281259664945769,0.015931677632573346,0.010376647172095823,0.11099497378495748,-1.1706076362612075e-05,0.0012974328610917353,-0.0014438575164887543,0.013689401983993045,0.13144878157899686,2.1303683113803458,0.15105803921863858,0.012698107321109174,0.015615548996816187,0.17494987195219877
420,CAU-tail-rh,CAU-tail,Caudate tail,subcortex,Caudate tail,R,0.000602296041467304,0.007532623835508193,0.0047808669610809,0.13665139256076608,-1.2031851690937387e-05,0.0015985783514003745,-0.0103264653663953,0.013116055982752542,0.1330286542298701,0.7994265430669598,0.3758207219884824,0.006219236677165411,0.015037094485276905,0.41110578027640393
421,lAMY-rh,lAMY,"Amygdala, lateral nucleus",subcortex,Amygdala,R,0.0019070139713342575,-0.014295690181441272,7.91599435697529e-13,0.6529794545865679,4.0053388592068806e-05,-0.00140955637312987,0.04515625936702937,5.640680995277533e-14,0.7153408841520634,11.515555106068737,0.001409876602895664,1.7969307190333905e-10,1.153463274819003e-12,0.0025200156602938244
422,mAMY-rh,mAMY,"Amygdala, medial nucleus",subcortex,Amygdala,R,0.002154507670585261,-0.013854385179558698,6.712624798190962e-11,0.5833441299680823,6.105509793450471e-05,-0.002901082737763564,0.0767707711348775,4.750217452089392e-13,0.6883242225286936,17.167584416704454,0.00014145482248960591,3.3861462870874406e-09,6.535147646207831e-12,0.00034159834792702706
423,THA-DP-rh,THA-DP,"Thalamus, dorso-posterior part",subcortex,Thalamus,R,0.0014336501506997906,0.0049736315980076495,1.0821963333424956e-05,0.32077537758438424,5.261020351791511e-05,-0.0029226714225088785,0.08306388251628288,1.3052116504191967e-06,0.41426433806807517,8.661254717556725,0.005035897379804447,2.5456846390543682e-05,2.2110674973519227e-06,0.007966193067704595
424,NAc-shell-rh,NAc-shell,"Nucleus Accumbens, shell",subcortex,Nucleus Accumbens,R,0.0013077327239282453,0.0019145109408632288,1.4460172062506074e-07,0.42957529391592963,1.4824581705241843e-05,8.020192613635707e-05,0.023918898449583448,6.598972151422457e-07,0.4310197216621786,1.1218540157885601,0.29493277501671034,7.723433078091479e-07,1.1748758261748216e-06,0.3273825913388423
425,NAc-core-rh,NAc-core,"Nucleus Accumbens, core",subcortex,Nucleus Accumbens,R,0.001015614314512771,0.00011771593842679201,2.2604211153562985e-06,0.36230564319501835,2.1440556985045696e-05,-0.0007597439751345749,0.03194231198317829,3.547673976454358e-06,0.3888033955358857,3.0809868756990366,0.08572881768763943,6.663838872543893e-06,5.5539447769319955e-06,0.10351298731433059
426,pGP-rh,pGP,"Pallidum, posterior part",subcortex,Pallidum,R,-0.00023530543782761547,0.0284806996944698,0.010045372649204725,0.11207517568215386,1.5485502542977492e-05,-0.0015175629523224692,0.05146610363355346,0.0008519661691193976,0.2282477638107222,8.22548503092858,0.006166838099774336,0.012325943737132285,0.0010926345784751598,0.009522940466998465
427,aGP-rh,aGP,"Pallidum, anterior part",subcortex,Pallidum,R,3.187286961577274e-05,0.023004211177101025,0.7492862354259051,-0.018640878991398102,-1.4297039449196872e-06,0.00015025770225445077,0.020882076451665017,0.9287466030497012,-0.03927898861875656,0.04681103634185913,0.8296445878803353,0.7576301801411156,0.9287466030497012,0.8426367850059782
428,HIP-head-m1-lh,HIP-head-m1,"Hippocampus head, medial division",subcortex,Hippocampus head,L,0.0019130533542611092,-0.015427179964844967,1.2520872597132522e-09,0.5301637412965063,8.211779244699389e-05,-0.00488660691809071,0.10646170447668615,1.1971793649083016e-15,0.7583836751545989,46.33864519377057,1.6029195977849553e-08,2.3685317329575688e-08,9.058657194472815e-14,3.3078431699744073e-07
429,HIP-head-m2-lh,HIP-head-m2,"Hippocampus head, medial division",subcortex,Hippocampus head,L,0.0012805478283376727,0.0009959665483803282,6.416160432264653e-08,0.44813806950031165,6.725731084867022e-05,-0.004288609000836942,0.10082717663812246,6.737805199818813e-15,0.7399502419535275,54.86270836387873,1.979670883135564e-09,4.2216475887654386e-07,2.7499952076660723e-13,6.913619853411892e-08
430,THA-VAip-lh,THA-VAip,"Thalamus, inferior ventro-anterior part, posterior division",subcortex,Thalamus,L,0.0014254190383988915,0.010256055884811571,0.0003017961035513246,0.22448667670927192,7.973365456120904e-05,-0.005176825702157611,0.1286061225063104,3.645641392917665e-06,0.3880945131166508,13.8339691600956,0.0005318633482822515,0.0004893408250439335,5.668223261591164e-06,0.0010731820449784097
431,THA-VAia-lh,THA-VAia,"Thalamus, inferior ventro-anterior part, anterior division",subcortex,Thalamus,L,0.0014429721040106964,0.006182603836447781,4.629679393327643e-05,0.2800707489760811,7.596813345612429e-05,-0.0048474734088757,0.11894344121586642,1.894497231702137e-07,0.4604469698154835,17.04672407702062,0.00014819905851048306,9.218747563906797e-05,3.6756484751827786e-07,0.0003554316862159163
432,HIP-head-l-lh,HIP-head-l,"Hippocampus head, lateral division",subcortex,Hippocampus head,L,0.0015470294055417201,-0.0020523705820531535,8.585395379823238e-09,0.4916349577591572,6.12365617256296e-05,-0.003523586883248036,0.08884213563095694,1.921920496061639e-12,0.6692241669987544,26.770570861108144,4.659404983869968e-06,8.661710005421667e-08,1.8564934153446472e-11,1.958675798774968e-05
433,HIP-body-lh,HIP-body,Hippocampus body,subcortex,Hippocampus body,L,0.0011240322513950166,0.006060671309539863,0.0010197624105931595,0.18658101742067157,0.0001000289167950032,-0.007158736090878743,0.15453535282156028,2.080451866691101e-09,0.5546944345003135,40.679369378632344,7.191749366900141e-08,0.0014934584980944982,6.996482573909332e-09,9.407915623883279e-07
434,HIP-tail-lh,HIP-tail,Hippocampus tail,subcortex,Hippocampus tail,L,0.0008296689697649643,0.002640250403033225,3.4269316784780994e-06,0.3515031070823751,3.083105341151607e-05,-0.0017232575372689847,0.048403325547956094,2.075396559361924e-07,0.45834900512168275,10.468464295978858,0.002226388951035347,9.486749890421081e-06,3.992500160806413e-07,0.003799927006654314
435,THA-VPm-lh,THA-VPm,"Thalamus, medial ventro-posterior part",subcortex,Thalamus,L,0.0008915486356001852,0.02431349600423069,0.012155421066332038,0.10572163033128568,7.807693149995634e-05,-0.005573513240607392,0.14020445943082793,5.27064689811158e-05,0.3144330412889752,15.612938384318904,0.00025959299685788167,0.014638093273513914,7.385412628835362e-05,0.0005750467093636385
436,THA-VPl-lh,THA-VPl,"Thalamus, lateral ventro-posterior part",subcortex,Thalamus,L,0.0005053009054729416,0.02746152060799114,0.06703939948618073,0.04875560261915035,4.705396970095045e-05,-0.003390943731625932,0.09730455589290249,0.004695811618460127,0.17010704048117986,8.01881965688049,0.006794543294761392,0.0749652398195223,0.005654903116129702,0.010421360323721865
437,THA-VAs-lh,THA-VAs,"Thalamus, superior ventro-anterior part",subcortex,Thalamus,L,0.0013341558178375614,0.005792540873119076,0.000627998203827536,0.20183697495011865,8.321384042995027e-05,-0.0055562613258842465,0.12930830862405168,3.6434265479613023e-06,0.3881103369685882,15.612309893569075,0.0002596576551091319,0.0009599703183087587,5.668223261591164e-06,0.0005750467093636385
438,THA-DAm-lh,THA-DAm,"Thalamus, medial dorso-anterior part",subcortex,Thalamus,L,0.0012081200651690698,0.017188832332253268,0.0008095585640781257,0.19387158600294396,6.531605703502728e-05,-0.004200293689431301,0.11413860522413666,3.791837886905459e-05,0.3239728011926398,10.237584434653686,0.00246609063082769,0.001201109765004801,5.430581705536525e-05,0.004131384304043437
439,THA-DAl-lh,THA-DAl,"Thalamus, lateral dorso-anterior part",subcortex,Thalamus,L,0.0009072690165934978,0.01681831275556083,0.006612883199969643,0.12595087851493536,6.346907052812483e-05,-0.004348207348918374,0.11102657107190049,0.00019049070731615,0.275905949207771,10.940481330265017,0.0018095142022954403,0.00836281050915381,0.00025586621633589374,0.0031718897600082237
440,PUT-VA-lh,PUT-VA,"Putamen, ventro-anterior part",subcortex,Putamen,L,0.0007104244387087269,0.014192273893067153,0.0001597284093092113,0.24373817204770998,2.073938310805241e-05,-0.0010068740320695237,0.04497610521290912,0.00016374325529518435,0.2805530212324602,3.4562098570421336,0.06928165583920116,0.0002715981191999323,0.00022059180386947683,0.08570537261852133
441,PUT-DA-lh,PUT-DA,"Putamen, dorso-anterior part",subcortex,Putamen,L,0.0012942535321892926,-0.002662114300129248,9.53572160282791e-06,0.3242200015440716,5.368224233433282e-05,-0.003150836863624047,0.07701938269914003,3.085803751712626e-07,0.44912880371897235,11.883891815132348,0.0012036392614315392,2.3150896297774715e-05,5.837312096989717e-07,0.0021858088987596756
442,PUT-VP-lh,PUT-VP,"Putamen, ventro-posterior part",subcortex,Putamen,L,0.0012082888873866156,-0.00522570882739521,1.8097439359286673e-06,0.3680101103520763,6.559246999707283e-05,-0.004223012894044209,0.09213434868837966,4.045341947431951e-11,0.6234340927745254,33.55831428450717,5.530714946365353e-07,5.627559910353527e-06,2.4165595317554024e-10,3.747678486044582e-06
443,PUT-DP-lh,PUT-DP,"Putamen, dorso-posterior part",subcortex,Putamen,L,0.0009036185762077549,0.005224376104966205,0.00012666327101197697,0.2506580054836922,6.582144924634499e-05,-0.004546643543270071,0.10292431155002224,7.878734504778308e-10,0.5727191874409405,37.17980559754521,1.9158446248300565e-07,0.00022375535034800602,3.1376714606748696e-09,1.8120697076517617e-06
444,CAU-VA-lh,CAU-VA,"Caudate, ventro-anterior part",subcortex,Caudate,L,-1.4309440289270972e-06,0.02562094670396547,0.9872014379161769,-0.02082780345613,6.176207998518918e-06,-0.0005128440606006906,0.03478840092534212,0.5761385106507709,-0.018375347823005095,1.1155937942151186,0.29626826147668894,0.9872014379161769,0.5838546514184152,0.3280629041717482
445,CAU-DA-lh,CAU-DA,"Caudate, dorso-anterior part",subcortex,Caudate,L,0.0005587136783938889,0.009619915172678694,0.00017576342046668353,0.24086879137486983,3.9007436571460434e-05,-0.0026712479277032353,0.06751933973025066,9.949722712341188e-09,0.5240300439128571,29.555878260801297,1.8963316969455324e-06,0.00029554293663657156,2.57902027364634e-08,9.565939893480798e-06
446,CAU-body-lh,CAU-body,Caudate body,subcortex,Caudate body,L,0.000535332537140208,0.009043826187644235,4.700965406285646e-05,0.2796316981841609,3.188381199311407e-05,-0.0021047663169620054,0.05636952942172381,1.5938146182193015e-08,0.5143906223040545,24.20471736196658,1.1025766576730421e-05,9.319817879710406e-05,4.01995464817535e-08,4.064400572645158e-05
447,CAU-tail-lh,CAU-tail,Caudate tail,subcortex,Caudate tail,L,0.0006000617876015622,0.006569336826551673,3.384212601410323e-05,0.28902363723388236,2.763811791977384e-05,-0.001688477721579321,0.047593081631664765,7.432209765379597e-07,0.42813340164425007,12.676269799453863,0.000860208741510611,6.952183353123469e-05,1.3180559505790379e-06,0.0016689520027599034
448,lAMY-lh,lAMY,"Amygdala, lateral nucleus",subcortex,Amygdala,L,0.0018803200734987071,-0.013478969938322649,6.312001768514344e-11,0.5843969697830551,5.766387759203914e-05,-0.0028944646099234635,0.07211253834294974,9.381420041249279e-14,0.7091114194925132,21.579335137908288,2.7595128327808943e-05,3.3861462870874406e-09,1.543463355208763e-12,8.845172056555979e-05
449,mAMY-lh,mAMY,"Amygdala, medial nucleus",subcortex,Amygdala,L,0.002119757782116197,-0.01204956444333536,2.4259718910446134e-12,0.6365780920800673,7.135064464012111e-05,-0.0037883423909283905,0.09385745302772266,9.178855398427938e-18,0.8036140111269707,41.82635507890084,5.262943511292877e-08,3.671304128447515e-10,2.082115796187656e-15,8.166712150998377e-07
450,THA-DP-lh,THA-DP,"Thalamus, dorso-posterior part",subcortex,Thalamus,L,0.0014623796257304538,0.008013685022198486,0.00012275889999089007,0.2515880714266473,7.968668775077279e-05,-0.0051359760873019794,0.1262940379804429,8.291863056401092e-07,0.4254637157924104,15.526551514614285,0.0002686406293134579,0.00021806736242011368,1.4478868567715751e-06,0.0005920526490694655
451,NAc-shell-lh,NAc-shell,"Nucleus Accumbens, shell",subcortex,Nucleus Accumbens,L,0.0013463512092299406,-0.003259515131820878,7.206992831722391e-10,0.5406846293086973,4.243445408283251e-05,-0.0021673802612333336,0.05972669182668328,3.238889377438247e-12,0.6617958691143633,18.18884833088492,9.58175297610125e-05,1.4872612480008933e-08,2.883246622268557e-11,0.0002454086478031164
452,NAc-core-lh,NAc-core,"Nucleus Accumbens, core",subcortex,Nucleus Accumbens,L,0.0009253143668414057,0.0021784373601342263,3.0430299320369903e-07,0.4120600561113794,1.883086135466001e-05,-0.0006339513663442221,0.030129416255167796,4.242088282620735e-07,0.4416180115790611,3.540880422129902,0.0660746424305161,1.341296688490091e-06,7.903207250832799e-07,0.08263880899023225
453,pGP-lh,pGP,"Pallidum, posterior part",subcortex,Pallidum,L,-0.00031921877126534393,0.03907425291773539,0.012577016673186673,0.10458404794990639,1.9171737167671865e-06,-0.0004779679237771247,0.04191994760403857,0.044698326205215244,0.0865941102724681,0.05461852367230328,0.8162281526860714,0.015105729020176586,0.049495219749189565,0.8308690164113821
454,aGP-lh,aGP,"Pallidum, anterior part",subcortex,Pallidum,L,0.00015246008889034982,0.021272100781968145,0.21722732315789156,0.011367548541217687,2.192082179002051e-06,-2.9052512241881405e-05,0.024525846936617815,0.4540247969896669,-0.008105219894126492,0.0728220958972205,0.7884526208604099,0.2298862580738526,0.4621687395365668,0.8062105627716804
