index,name,base_name,Label Name,network,component,hemisphere,beta1,intercept,pval,adj_r2,quad_beta2,quad_beta1,quad_intercept,quad_pval,quad_adj_r2,f_statistic,pval_quad_vs_linear,pval_adj,quad_pval_adj,pval_quad_vs_linear_adj
1,7Networks_LH_Vis_1,7networks_lh_vis,7Networks_LH_Vis,visual,visual,L,0.4826558196718165,183.11194162714474,0.24176938629198708,0.00819196006517231,-0.015876797720035113,1.7839220400110332,159.9386744563173,0.4290994335126209,-0.005685966142737309,0.3376257794124271,0.563979070804714,0.39201179063057906,0.5032271189191155,0.7152136819702238
2,7Networks_LH_Vis_2,7networks_lh_vis,7Networks_LH_Vis,visual,visual,L,1.8660304214870287,102.6007856522171,0.00045349818631722937,0.211961424726132,0.09600561131530694,-6.002612939130222,242.72751146548748,2.4055739429039004e-05,0.3369376974190771,10.047205769218404,0.0026841861115345753,0.003812744010889299,0.00036404352335945694,0.024372409892733943
3,7Networks_LH_Vis_3,7networks_lh_vis,7Networks_LH_Vis,visual,visual,L,0.2604307329363609,188.05365844678388,0.6486052915360166,-0.016380404254759506,-0.04604462044156751,4.034259074487945,120.84840017702037,0.43213499392258703,-0.005987689519388217,1.495881125082307,0.22740342588275297,0.7831563892482755,0.5032271189191155,0.40646124153846397
4,7Networks_LH_Vis_4,7networks_lh_vis,7Networks_LH_Vis,visual,visual,L,1.8379587290011896,139.5838955944919,3.825989821434408e-05,0.285529823805167,0.03381268608452764,-0.9333372839978757,188.9358129154052,0.0001044761161948552,0.2941788124224055,1.5881821925072448,0.21380729338300747,0.0005549988810281082,0.0009881699323430054,0.391405287080183
5,7Networks_LH_Vis_5,7networks_lh_vis,7Networks_LH_Vis,visual,visual,L,1.4138458385845576,169.7790932291798,0.001277537710706464,0.1794181405719728,0.007778694375428136,0.7763021469928884,181.13262724659197,0.005681090530432212,0.16335325714308024,0.07832736914304696,0.7808051103107307,0.00763160685079914,0.017427129059569082,0.8583184505594958
6,7Networks_LH_Vis_6,7networks_lh_vis,7Networks_LH_Vis,visual,visual,L,0.9136720528306705,165.60890311297592,0.052792034193523775,0.05666004549544168,0.015140999673410038,-0.32728797982821334,187.7082229413411,0.13876358490233148,0.04148413032521969,0.2400293503561879,0.626464108956817,0.12734468721973166,0.19936287197993194,0.7566303511081119
7,7Networks_LH_Vis_7,7networks_lh_vis,7Networks_LH_Vis,visual,visual,L,0.9821096372596139,190.36215650683482,0.015056401105420298,0.09857486026077666,0.018515527003689608,-0.535427479892995,217.38682871284854,0.04184106752239246,0.0891580587142039,0.5037487254952143,0.48136416784533087,0.04875514417231107,0.07807396171214029,0.6484846652871816
8,7Networks_LH_Vis_8,7networks_lh_vis,7Networks_LH_Vis,visual,visual,L,0.10402210839989623,220.66718454076852,0.8134348050472588,-0.01963715469511995,0.033542283602280454,-2.645111651086266,269.6244310297367,0.5054964717470596,-0.012722555806726321,1.3277311685612785,0.2550365946109232,0.900758058507557,0.5769952790964766,0.43365773016239373
9,7Networks_LH_Vis_9,7networks_lh_vis,7Networks_LH_Vis,visual,visual,L,1.0892727974705703,148.85923969238365,0.015244291294651649,0.09816035272121182,0.054301162413794624,-3.361263741459588,228.11548307913262,0.008955236263912631,0.14699305999698897,3.747890831027746,0.05890159925899043,0.04875514417231107,0.02434537283722356,0.16506991397272627
10,7Networks_LH_Vis_10,7networks_lh_vis,7Networks_LH_Vis,visual,visual,L,2.1700589693307784,91.65850800527201,0.0001391264364535361,0.24786438120051912,-0.07271355044484182,8.129679330015845,-14.471869235179739,8.244580215840388e-05,0.30125588962223093,4.667712351602682,0.0358652102585476,0.001540570784144034,0.0008317865373314526,0.11972651071603391
11,7Networks_LH_Vis_11,7networks_lh_vis,7Networks_LH_Vis,visual,visual,L,1.39454703250499,163.4250837781501,0.002612741599235075,0.1563970414751712,0.03898506235849056,-1.8006782036835904,220.32643640825836,0.004669202493893466,0.17030769780886945,1.8047700361376935,0.18558766644864305,0.013327917820817126,0.015152598073017162,0.35702034138849126
12,7Networks_LH_Vis_12,7networks_lh_vis,7Networks_LH_Vis,visual,visual,L,-0.5300968316734869,215.12470899884806,0.37297226475594003,-0.00391784143470697,0.09217891136112666,-8.08510292906195,349.66610570580036,0.03850075913491387,0.09237713946499027,6.0925987920366875,0.017268987123916595,0.5341621709753842,0.07315066092743938,0.06877298380928187
13,7Networks_LH_Vis_13,7networks_lh_vis,7Networks_LH_Vis,visual,visual,L,-0.43024930016692453,223.25760972386416,0.2602171002237214,0.006046605143100514,-0.08059848254122959,6.175622021677026,105.61863727955226,0.0018764850208820717,0.2018760300864365,12.777383904781273,0.0008244508724775682,0.4174507544225072,0.007572119485425028,0.011342445336509575
14,7Networks_LH_Vis_14,7networks_lh_vis,7Networks_LH_Vis,visual,visual,L,-0.9995217318526133,261.042809411142,0.08374572837782117,0.04145151745227338,0.1281404278819816,-11.501942509828993,448.07248775402127,0.0003542991350003865,0.25653092783956855,14.886000218664678,0.0003469535623901282,0.1760211142756056,0.002297882961288221,0.006994701895869977
15,7Networks_LH_Vis_15,7networks_lh_vis,7Networks_LH_Vis,visual,visual,L,0.4923766263107421,150.80835545522106,0.2146651965738949,0.011723089691180744,0.01763432822552219,-0.9529372236784805,176.54685805215107,0.3729170308970532,0.00030169728622353453,0.4516077160982154,0.5048626712832389,0.3559848516219939,0.45027747879590996,0.6735514275791417
16,7Networks_LH_Vis_16,7networks_lh_vis,7Networks_LH_Vis,visual,visual,L,1.8717829141053732,144.3030459147031,0.0001898072527786403,0.2385566563142767,-0.005084848538485287,2.2885383427094066,136.88136329435886,0.0010052270612968652,0.22279605681403092,0.026627717673875152,0.8710763352473935,0.0018733150600326676,0.004777903077670638,0.9196945493077131
17,7Networks_LH_Vis_17,7networks_lh_vis,7Networks_LH_Vis,visual,visual,L,-0.43454085587153557,251.2417667952668,0.4444520736647105,-0.008343956188655577,0.06937923033782073,-6.120879525904881,352.5054768377372,0.13227417560989777,0.04343566974399882,3.5982800802349098,0.06399384148446119,0.605949674005341,0.19247588374004354,0.17501930140930952
18,7Networks_LH_Vis_18,7networks_lh_vis,7Networks_LH_Vis,visual,visual,L,1.6269983883655792,146.49226874785717,0.0005165820698379061,0.20792267759316152,0.014945477734550794,0.40206338158779964,168.30621099524944,0.002261655531907324,0.19551004719391651,0.2593987568327373,0.6129165676392527,0.003972789837128447,0.008701623826151908,0.7496639921333709
19,7Networks_LH_Vis_19,7networks_lh_vis,7Networks_LH_Vis,visual,visual,L,0.033780837427137556,234.41035526003543,0.9319036102980224,-0.02067643139424402,0.09901271107384804,-8.081325154129889,378.92614789539135,0.0002485299842200183,0.26766450253138596,19.89894027569434,5.0685821688782845e-05,0.9652233308657191,0.0017885094462669463,0.0025568181163008233
20,7Networks_LH_Vis_20,7networks_lh_vis,7Networks_LH_Vis,visual,visual,L,0.25873244648990434,188.56320376669674,0.5328008889831629,-0.012506906754776281,-0.06641219939482593,5.701892535495851,91.63007738212079,0.038737327374716274,0.09214052000734907,6.532878815808233,0.013883030314322116,0.6950908149378046,0.07327811095050495,0.06129078566633871
21,7Networks_LH_Vis_21,7networks_lh_vis,7Networks_LH_Vis,visual,visual,L,0.5713263918115246,185.4806491312728,0.1184618348671488,0.030225980251669782,-0.04159874569673319,3.9807697530083335,124.7644477284409,0.06510932976982386,0.07185686864020102,3.1529897438575754,0.08226275933019962,0.23383336099863283,0.10788188217335778,0.20297441704299254
22,7Networks_LH_Vis_22,7networks_lh_vis,7Networks_LH_Vis,visual,visual,L,0.04113091639208655,183.78847679944977,0.925578563664887,-0.0206458444283093,-0.11340216553846671,9.335600111669393,18.270295733440236,0.0001393596340741183,0.2854725045174482,21.564192200151908,2.7744658555600356e-05,0.9637905227152722,0.0011824845350248254,0.001799439283463223
23,7Networks_LH_Vis_23,7networks_lh_vis,7Networks_LH_Vis,visual,visual,L,1.135751903016975,203.49310764571618,0.0244237628357454,0.08238869618478517,0.014305624521396998,-0.03674057807426223,224.37314056705947,0.07429077592491361,0.06663201894176274,0.18968667983706505,0.6651712305629259,0.07062667724476696,0.12132378514356396,0.780928425467777
24,7Networks_LH_Vis_24,7networks_lh_vis,7Networks_LH_Vis,visual,visual,L,0.4455142630887474,193.38052044510457,0.31007786514088936,0.0010699804952035707,0.09332161995461863,-7.203148509822276,329.58977814029527,0.001932117416909483,0.20088315298154125,13.002039895828489,0.0007504772202496238,0.469958953057814,0.007694572870850046,0.010990859935268684
25,7Networks_LH_Vis_25,7networks_lh_vis,7Networks_LH_Vis,visual,visual,L,1.8187846039856486,148.29792172864703,0.0009683455029366054,0.18821911746151998,-0.06744192741476185,7.346341453100738,49.861837194699774,0.0006503314825716458,0.23706605883513576,4.073206026662934,0.049296191936611354,0.0060223131278523126,0.0034370771341124527,0.14723994170540497
26,7Networks_LH_Vis_26,7networks_lh_vis,7Networks_LH_Vis,visual,visual,L,2.907345526391593,127.5286772757903,8.310985460843365e-09,0.4923096713591071,0.02060040970315996,1.2189309137874353,157.59637772129042,5.673026102797232e-08,0.4874338581893276,0.5433974017037994,0.4646923246506037,6.28864566537148e-07,4.168669952683504e-06,0.635452757202934
27,7Networks_LH_Vis_27,7networks_lh_vis,7Networks_LH_Vis,visual,visual,L,0.01650483139916048,229.5852929068445,0.9750368446659807,-0.02081229103026394,0.08911758673896314,-7.287594351978111,359.65847791160314,0.03276819299835294,0.09858249461423041,7.357708472150334,0.00930057848389165,0.9815226773355993,0.06553147385718308,0.05026741228198582
28,7Networks_LH_Vis_28,7networks_lh_vis,7Networks_LH_Vis,visual,visual,L,0.8278216938985108,184.67809425854057,0.0803672247318801,0.04279824310613112,0.044762074769165605,-2.8408888909762826,250.0113898032337,0.0769634690398002,0.06522717399784184,2.151711574037173,0.1490708545683794,0.1704986917209045,0.12331770667044398,0.3091630137879677
29,7Networks_LH_Vis_29,7networks_lh_vis,7Networks_LH_Vis,visual,visual,L,1.567205078361394,130.4059200846983,0.0034444487488069996,0.14739763001644635,-0.09348536927519585,9.229288785596207,-6.042340891992012,0.000254283514034481,0.266950943169009,8.828342425172874,0.004662439777625504,0.01628937220789977,0.0017885094462669463,0.034141091274870625
30,7Networks_LH_Vis_30,7networks_lh_vis,7Networks_LH_Vis,visual,visual,L,2.3551126462306504,127.63881411841737,1.0913580897388062e-06,0.3808090742790341,0.020702202568766204,0.6583550654901718,157.8550881813666,6.047409301020036e-06,0.37477354780593297,0.5366394532857648,0.46746652713251147,3.0967285796338625e-05,0.00011439682594429568,0.6373267366911718
31,7Networks_LH_Vis_31,7networks_lh_vis,7Networks_LH_Vis,visual,visual,L,0.7927053065231764,151.63729322820285,0.053330665565572324,0.05632317215788818,-0.04703631298986799,4.647813011635392,82.98459216938895,0.03264092553211369,0.0987317506191987,3.258608097579648,0.07745746808314169,0.12743222193036757,0.06553147385718308,0.1953649472763685
32,7Networks_LH_SomMot_1,7networks_lh_sommot,7Networks_LH_SomMot,somatomotor,somatomotor,L,-0.44274322860840076,295.17081334654836,0.31054556369459074,0.0010281331894292922,0.06120064598488564,-5.4587631267877015,384.49732272477235,0.05882142415139665,0.07585943893099412,4.886749296492479,0.031967106373211124,0.469958953057814,0.09890713542494103,0.10830646487640186
33,7Networks_LH_SomMot_2,7networks_lh_sommot,7Networks_LH_SomMot,somatomotor,somatomotor,L,0.41461618287460755,207.64320502746017,0.3683093832142367,-0.003587737401064439,0.015231161571294505,-0.8337335409642801,229.87412228404324,0.5924693682092677,-0.01958733149070957,0.24677318697152506,0.6216720851510729,0.529307270088846,0.6544552145182664,0.7546500712796447
34,7Networks_LH_SomMot_3,7networks_lh_sommot,7Networks_LH_SomMot,somatomotor,somatomotor,L,0.030134709472040555,269.0167596883199,0.9496324808404719,-0.02074758663699683,0.03437888150778448,-2.787566818756602,319.1950777762746,0.5554881232160591,-0.016794805850350425,1.1865995741396027,0.28157044075493315,0.9688385310147737,0.6211615959115538,0.4581827243825794
35,7Networks_LH_SomMot_4,7networks_lh_sommot,7Networks_LH_SomMot,somatomotor,somatomotor,L,-0.6131687798772596,301.7621283404128,0.21484548313750293,0.011697911099532776,0.07027588001478885,-6.372997076514835,404.3345596306687,0.04205108760799882,0.0889639737878618,5.0709378140181265,0.029042818062866863,0.3559848516219939,0.07807396171214029,0.10065220916443934
36,7Networks_LH_SomMot_5,7networks_lh_sommot,7Networks_LH_SomMot,somatomotor,somatomotor,L,0.05393207778401621,240.97969549660618,0.9123504133828849,-0.020572985526193133,0.06284704749732561,-5.097027290622986,332.70923996987887,0.14734473503117446,0.03903359314241328,3.977331731552528,0.05193538833948203,0.9610373263940365,0.20904534282547874,0.15073120649052313
37,7Networks_LH_SomMot_6,7networks_lh_sommot,7Networks_LH_SomMot,somatomotor,somatomotor,L,-0.5581159824897286,253.92305062174933,0.20340745669210875,0.013345602247560095,0.07708626523917686,-6.876125116111199,366.43570280061977,0.01017815812081559,0.14233401212383057,8.218945092357925,0.0061857309054110295,0.3445783035008111,0.027022712203802795,0.039004469875786214
38,7Networks_LH_SomMot_7,7networks_lh_sommot,7Networks_LH_SomMot,somatomotor,somatomotor,L,0.6384613475050127,195.20438384392043,0.18073746982215066,0.01694893388821339,0.03384820732143831,-2.135745994750202,244.6081468284032,0.23105618961017135,0.020459548316346887,1.1720291308651707,0.28450779718504887,0.31927942139788484,0.30057166212899084,0.45978802108847683
39,7Networks_LH_SomMot_8,7networks_lh_sommot,7Networks_LH_SomMot,somatomotor,somatomotor,L,-0.47143383752450685,258.2934117601743,0.3325766721473241,-0.0008560649474600446,0.015448520606249766,-1.7375983609760155,280.84157932616006,0.5609259851204595,-0.017216397271555994,0.227995189948789,0.6352274843704682,0.4950485546061808,0.6241676403056095,0.7630915030280959
40,7Networks_LH_SomMot_9,7networks_lh_sommot,7Networks_LH_SomMot,somatomotor,somatomotor,L,0.3291338143598086,212.42165486664226,0.4575708110634943,-0.00904321468815028,-0.02119334430715361,2.0661454919801745,181.48852599939875,0.5881185605380974,-0.019267595170464835,0.518506950013452,0.4750451992374206,0.6182653220917452,0.6512337231324298,0.643549079629815
41,7Networks_LH_SomMot_10,7networks_lh_sommot,7Networks_LH_SomMot,somatomotor,somatomotor,L,0.19319064561317756,224.11264458319818,0.5958361848257515,-0.014805615475180556,0.015833867111575223,-1.1045569715671828,247.22325160824374,0.7037624365586366,-0.027083411534281954,0.4262060858752421,0.5170372523240461,0.7461143144803934,0.7517838734061671,0.6803910508843969
42,7Networks_LH_SomMot_11,7networks_lh_sommot,7Networks_LH_SomMot,somatomotor,somatomotor,L,0.6208249995935531,211.80670767882117,0.14229444457988882,0.02439947534167819,0.025095539409975998,-1.4360115420839232,248.4353559615601,0.2300399030914522,0.020643273716878574,0.8159019352686269,0.37098748086738476,0.269173657663623,0.30021715684491157,0.5564005294683093
43,7Networks_LH_SomMot_12,7networks_lh_sommot,7Networks_LH_SomMot,somatomotor,somatomotor,L,0.7652917500857965,215.09079795768497,0.13066005301655162,0.027099833250164518,0.09061724572246826,-6.661719849993805,347.3528373462245,0.006070752570241328,0.16098810682878684,8.659768811480278,0.005039357057662801,0.25135450876912896,0.018268730627122823,0.03574793912779549
44,7Networks_LH_SomMot_13,7networks_lh_sommot,7Networks_LH_SomMot,somatomotor,somatomotor,L,1.0481050299837293,148.4008884223556,0.039347264873839806,0.06644393619043754,0.009592371836604358,0.2619118905351332,162.4016081702069,0.11744764075739066,0.04826261657620412,0.08304185935859718,0.7744837482687766,0.0997350410417507,0.1742225003084109,0.8534359750340403
45,7Networks_LH_SomMot_14,7networks_lh_sommot,7Networks_LH_SomMot,somatomotor,somatomotor,L,1.9767903631796981,166.33925733698337,3.5737776956095456e-05,0.28747351889513273,0.04473370344816918,-1.689594901294221,231.63114300715253,6.425256196241193e-05,0.3086299188651961,2.468833011830958,0.12283265380700074,0.0005408316912689112,0.0007114795885593907,0.2681058885979728
46,7Networks_LH_SomMot_15,7networks_lh_sommot,7Networks_LH_SomMot,somatomotor,somatomotor,L,1.9386931422373728,144.33062773474103,0.0005254232753739422,0.20739528597895207,-0.10050101144923601,10.175780596200338,-2.357440622551735,2.9031802030599036e-05,0.33161140560938496,9.92051987765713,0.0028405190679350015,0.003972789837128447,0.0004118886913091238,0.025240660957071115
47,7Networks_LH_SomMot_16,7networks_lh_sommot,7Networks_LH_SomMot,somatomotor,somatomotor,L,1.11166088015566,174.35484434152588,0.005221242330016285,0.13375121729607564,-0.018782174976199245,2.6510525302858756,146.94098126613738,0.01608375687547841,0.1254708583563413,0.5455185994600167,0.4638270571286457,0.022153682409601808,0.03843171379719578,0.635452757202934
48,7Networks_LH_SomMot_17,7networks_lh_sommot,7Networks_LH_SomMot,somatomotor,somatomotor,L,1.7503368510613884,188.5797012883113,3.9118863861012035e-05,0.2848960020411132,0.02609993099694835,-0.3888198704890584,226.67432747159856,0.00014007074710450929,0.2853177319234377,1.0283245230164495,0.3157445972358739,0.0005549988810281082,0.0011824845350248254,0.492604973007171
49,7Networks_LH_SomMot_18,7networks_lh_sommot,7Networks_LH_SomMot,somatomotor,somatomotor,L,-0.14350308488763197,265.90197858483083,0.7421958129710119,-0.018510631824679935,-0.0724704526296098,5.796192919464584,160.12641915589958,0.03497586165616027,0.0960780741509597,7.084881591587012,0.010606231840776748,0.8470051696651313,0.06893377690259701,0.05410369950238925
50,7Networks_LH_SomMot_19,7networks_lh_sommot,7Networks_LH_SomMot,somatomotor,somatomotor,L,0.33453960560182594,224.73270939088704,0.4395819129951809,-0.008076276786765701,0.07041381270324093,-5.4365936878826435,327.5064628304501,0.03118872958450585,0.1004754572431753,6.792485903128672,0.012224741255349884,0.6029310830810034,0.06349633736038411,0.05837283259694815
51,7Networks_LH_SomMot_20,7networks_lh_sommot,7Networks_LH_SomMot,somatomotor,somatomotor,L,0.24181711022502617,191.55835402030513,0.5492863967183215,-0.01315613266625748,-0.036454247436945836,3.22961613708563,138.35089806703343,0.330540855159092,0.005420009339983323,1.8965139301745328,0.17499292893977644,0.7055518048961836,0.4055825628168318,0.3469292128325699
52,7Networks_LH_SomMot_21,7networks_lh_sommot,7Networks_LH_SomMot,somatomotor,somatomotor,L,0.7600568608836351,173.4502739718175,0.08458502077058432,0.041125768824319286,0.019119761262847118,-0.807003443783108,201.35686721556993,0.18472722885158288,0.029743029036566004,0.4368795832823345,0.5118595058370357,0.17652067302098273,0.2510962931096366,0.6772159347936242
53,7Networks_LH_SomMot_22,7networks_lh_sommot,7Networks_LH_SomMot,somatomotor,somatomotor,L,0.10099426154610658,233.44192686037417,0.8152941398168622,-0.01966130088299689,0.025258544454462656,-1.969202213404797,270.3084921029865,0.66321610869233,-0.024493190146073207,0.7736142252008603,0.3835763408301096,0.900758058507557,0.7186160223062479,0.5654014894054212
54,7Networks_LH_SomMot_23,7networks_lh_sommot,7Networks_LH_SomMot,somatomotor,somatomotor,L,0.3702231480423559,193.69919631252358,0.46185060430130365,-0.009264664406796408,-0.14870581971418256,12.558188465363376,-23.347071509164138,2.4281729063949554e-06,0.39858542317539314,33.55126323560059,5.542413511635573e-07,0.6221963630646643,5.511952497516548e-05,0.00023012041095428796
55,7Networks_LH_SomMot_24,7networks_lh_sommot,7Networks_LH_SomMot,somatomotor,somatomotor,L,-0.30144695646781683,237.2956523666,0.4986743512111166,-0.011043457356440856,0.06959485490829243,-6.005458268980952,338.87408114947686,0.04369853946491147,0.08747294246074444,6.182078878818862,0.01651539870461381,0.6581341728193225,0.08032039237680084,0.06780991914800845
56,7Networks_LH_SomMot_25,7networks_lh_sommot,7Networks_LH_SomMot,somatomotor,somatomotor,L,-0.4626022237860501,251.99441758381806,0.2813578896369523,0.003803567381769679,-0.07256183305318842,5.48458334240979,146.08548220546004,0.017634314995772258,0.12203908277442188,7.464188356791212,0.008838341256803106,0.4435294510249178,0.04022970186615332,0.0483446618143206
57,7Networks_LH_SomMot_26,7networks_lh_sommot,7Networks_LH_SomMot,somatomotor,somatomotor,L,-0.1711723108290153,204.9054190722772,0.7355612513528882,-0.01838498787656828,0.06456420700296175,-5.462870491874489,299.1412747488989,0.14365122388709523,0.04007114917387977,3.923023488674954,0.053498646139112045,0.8440742322762139,0.20508696743629318,0.15180240841973042
58,7Networks_LH_SomMot_27,7networks_lh_sommot,7Networks_LH_SomMot,somatomotor,somatomotor,L,-1.103851613377191,248.56473962076694,0.025803586268363838,0.08054910640563606,-0.03635618950342506,1.8759105612934146,195.50040589728917,0.045056979532877434,0.08628342774054354,1.3012393913299898,0.2597663533636848,0.07366472060273782,0.08181466842974236,0.43841607593722265
59,7Networks_LH_SomMot_28,7networks_lh_sommot,7Networks_LH_SomMot,somatomotor,somatomotor,L,0.0465419017220734,255.9748846964261,0.9106952842499998,-0.020563019743062627,0.024111363946758918,-1.9296313785248493,291.1670618875588,0.6800957229878022,-0.025589446192292975,0.7647514115333329,0.38629253743968106,0.9610373263940365,0.7282157033878826,0.5657316516052103
60,7Networks_LH_SomMot_29,7networks_lh_sommot,7Networks_LH_SomMot,somatomotor,somatomotor,L,-0.6900832927524401,246.57408364664963,0.19102268099964737,0.015253991040435788,-0.11148951974416133,8.447624985903618,83.84753933108206,0.0014335226356777364,0.2109688288700221,12.90613572638262,0.0007811649881143743,0.33355498913015347,0.006139804496204644,0.011082778268872684
61,7Networks_LH_SomMot_30,7networks_lh_sommot,7Networks_LH_SomMot,somatomotor,somatomotor,L,-0.5340509226874248,224.70264954996932,0.17800674658617147,0.01741726881996941,0.004014126686117503,-0.8630497266599377,230.5615407316295,0.4028829549717937,-0.0029916649277317298,0.02329315970912821,0.8793505194043675,0.31568383964891344,0.4788190093120271,0.9241350339906734
62,7Networks_LH_SomMot_31,7networks_lh_sommot,7Networks_LH_SomMot,somatomotor,somatomotor,L,1.2015898131753961,162.75838779622734,0.0040386385176700125,0.142190455010194,-0.060517977717299526,6.161658053346041,74.42827923085838,0.0011251072999867687,0.2190609977008522,5.7248069801720325,0.020775852104670797,0.01815388006952659,0.005212231777489724,0.07926249458420624
63,7Networks_LH_SomMot_32,7networks_lh_sommot,7Networks_LH_SomMot,somatomotor,somatomotor,L,-0.10237594445895803,211.7353382817859,0.845834085803829,-0.02002121407487012,-0.0871072769274227,7.036957755582215,84.59633730962524,0.037381023212753904,0.09351635126666946,7.012025858391549,0.010986941784368638,0.917661732878841,0.07160752969869313,0.05460257736610023
64,7Networks_LH_SomMot_33,7networks_lh_sommot,7Networks_LH_SomMot,somatomotor,somatomotor,L,-0.20033849163829176,219.27428391059385,0.6409877557204036,-0.016170965756312272,0.007559884853166582,-0.8199485013232888,230.30845053362862,0.867463362686691,-0.03626447755707263,0.06926408525532825,0.793561658383831,0.7822807556372666,0.8950644696812675,0.8667445253616506
65,7Networks_LH_SomMot_34,7networks_lh_sommot,7Networks_LH_SomMot,somatomotor,somatomotor,L,-0.7790633460976673,220.5622676653452,0.14375031116195974,0.024078593689980443,-0.06245258032301032,4.339565396321808,129.40847488845776,0.06875546925592059,0.06970232647920571,3.354019832807703,0.07338354614307911,0.2707993413590445,0.11309776464560851,0.18822672287546846
66,7Networks_LH_SomMot_35,7networks_lh_sommot,7Networks_LH_SomMot,somatomotor,somatomotor,L,-0.43495045528963594,280.9811173545022,0.2768967292799686,0.004259342732983784,0.03644057002040968,-3.421628477748907,334.16861018717236,0.21432416721308073,0.02358787360798864,1.950182261079126,0.16912767620547672,0.4395493534723977,0.2863559856244099,0.33975205751011694
67,7Networks_LH_SomMot_36,7networks_lh_sommot,7Networks_LH_SomMot,somatomotor,somatomotor,L,0.41905964985905797,188.83283203218286,0.267141521362172,0.005288153642065918,-0.01026767900966477,1.2606011302107945,173.84645549007865,0.50020049899085,-0.0122687835756774,0.16748100887309858,0.6842193428765194,0.4255517568365828,0.5734621882369846,0.7924377083314791
68,7Networks_LH_SomMot_37,7networks_lh_sommot,7Networks_LH_SomMot,somatomotor,somatomotor,L,0.35936182310881515,169.9263747583596,0.4699842180290811,-0.009676772694341418,-0.061024122483172405,5.360913811957616,80.85751344867028,0.13421507762820317,0.04284254981786084,3.633764674877688,0.06274366779386059,0.6275671617211847,0.19467618288563654,0.17264015259644067
69,7Networks_LH_DorsAttn_Post_1,7networks_lh_dorsattn_post,7Networks_LH_DorsAttn_Post,dorsal attention,posterior,L,0.020000797267255344,245.6261661125726,0.9699598335775959,-0.020802857154525123,0.03253422483998958,-2.6465122197608206,293.11208220895304,0.6553490939236178,-0.023973104989058358,0.8513907295844262,0.3608719272855341,0.9785816987649523,0.7134975746794304,0.5443051660718686
70,7Networks_LH_DorsAttn_Post_2,7networks_lh_dorsattn_post,7Networks_LH_DorsAttn_Post,dorsal attention,posterior,L,0.17527217966912545,224.6133652577376,0.6371640714747103,-0.01606363510740305,-0.009372539981852696,0.9434478465905372,210.93350506813096,0.8342568134589661,-0.03454473729976759,0.14252823174291865,0.7074799464478607,0.7818175363500499,0.8686986085100242,0.806816973840793
71,7Networks_LH_DorsAttn_Post_3,7networks_lh_dorsattn_post,7Networks_LH_DorsAttn_Post,dorsal attention,posterior,L,-0.042165155571047386,235.35811964006638,0.9314440431664942,-0.0206743013730033,0.011003467884844131,-0.9440120719088387,251.41843013827875,0.9418672291564518,-0.03989957387583187,0.11259403954140126,0.7387032267548685,0.9652233308657191,0.962763452440779,0.8301268934324513
72,7Networks_LH_DorsAttn_Post_4,7networks_lh_dorsattn_post,7Networks_LH_DorsAttn_Post,dorsal attention,posterior,L,0.38704704924175326,191.65977615394908,0.34315833958508624,-0.0017042798828827976,-0.049078260217048836,4.409513248006176,120.02671410051934,0.1189980626785808,0.04773133451971401,3.4918487579635467,0.0679112951537157,0.5058243057520426,0.17540623524699897,0.1823522921880294
73,7Networks_LH_DorsAttn_Post_5,7networks_lh_dorsattn_post,7Networks_LH_DorsAttn_Post,dorsal attention,posterior,L,0.28305162034039855,177.6438286840347,0.5755969953883184,-0.014120412913947611,0.04883348963509293,-3.719353121721536,248.91963140902305,0.29471519273647984,0.010263455729167092,2.182562876600458,0.1462518756532759,0.7279137490426087,0.36859696281642385,0.3059831868506325
74,7Networks_LH_DorsAttn_Post_6,7networks_lh_dorsattn_post,7Networks_LH_DorsAttn_Post,dorsal attention,posterior,L,2.116825283757839,144.80474526184537,0.0001825076126757252,0.2397369669100684,-0.08477009827003804,9.0646032499929,21.077015656152128,4.39985037814426e-05,0.31968099840116826,6.640462051706109,0.013168436170188964,0.0018733150600326676,0.000512187710686537,0.06076679240075475
75,7Networks_LH_DorsAttn_Post_7,7networks_lh_dorsattn_post,7Networks_LH_DorsAttn_Post,dorsal attention,posterior,L,1.1305228622876293,168.3667009524682,0.017790470286641505,0.09299515653747525,0.0434641564165241,-2.4318100172820714,231.80559629870564,0.022793634400679597,0.11239866079323668,2.0493091471773868,0.15889186306263448,0.05494471775602206,0.04999183583530695,0.32335605960526353
76,7Networks_LH_DorsAttn_Post_8,7networks_lh_dorsattn_post,7Networks_LH_DorsAttn_Post,dorsal attention,posterior,L,1.7366200373484615,182.66409173917128,0.0003470114196450611,0.22021059173782043,-0.09146346301126859,9.232987813176015,49.16694060683102,1.1508038044508123e-05,0.35741872760379956,11.249272433676275,0.0015819386027006214,0.003150863690377155,0.00018659461686452457,0.0163227301278655
77,7Networks_LH_DorsAttn_Post_9,7networks_lh_dorsattn_post,7Networks_LH_DorsAttn_Post,dorsal attention,posterior,L,-0.5336438807934538,211.68764442972406,0.300786719329076,0.0019182913763576837,0.12586562245991978,-10.849621050570569,395.3970893894851,0.00021742962767182185,0.2718188300526241,18.79121239484542,7.639986104097064e-05,0.4613417924844612,0.0016731025586950359,0.0031532306284182427
78,7Networks_LH_DorsAttn_Post_10,7networks_lh_dorsattn_post,7Networks_LH_DorsAttn_Post,dorsal attention,posterior,L,-1.3567995021671706,248.31069193353522,0.009180113660527515,0.11507157402387036,0.095274538205897,-9.16552393211279,387.37036677188365,0.0004298748057605169,0.2503886058750133,9.664779617493231,0.0031861137478566624,0.03388432196649993,0.002637340024530739,0.027292370594847636
79,7Networks_LH_DorsAttn_Post_11,7networks_lh_dorsattn_post,7Networks_LH_DorsAttn_Post,dorsal attention,posterior,L,1.6895209170206007,184.09040168519329,0.001166581603343674,0.182311174595581,0.02630991056531834,-0.4668457812581117,222.4915073440058,0.003944074539631373,0.17624509387476583,0.6465309372556813,0.4254040887789633,0.007157135782676054,0.013668777412157582,0.6016618576499979
80,7Networks_LH_DorsAttn_Post_12,7networks_lh_dorsattn_post,7Networks_LH_DorsAttn_Post,dorsal attention,posterior,L,-2.8171571649151783,298.3807592794983,2.1877464057659545e-10,0.562617515734205,0.04759516376879802,-6.718068416413279,367.8491410969307,2.721063812268345e-10,0.5916187186280579,4.40872072840455,0.04115123904677836,4.9661843410887164e-08,6.176814853849142e-08,0.129740711994704
81,7Networks_LH_DorsAttn_Post_13,7networks_lh_dorsattn_post,7Networks_LH_DorsAttn_Post,dorsal attention,posterior,L,-2.3595026716110157,292.3548931560545,6.43623411819124e-09,0.49758925722077485,-0.029407400965458644,0.0507350966785296,249.43278937990777,2.4500789868887196e-08,0.505423422510705,1.76032701715395,0.1909941052723516,6.28864566537148e-07,2.7808396501186966e-06,0.3628088861658897
82,7Networks_LH_DorsAttn_Post_14,7networks_lh_dorsattn_post,7Networks_LH_DorsAttn_Post,dorsal attention,posterior,L,-1.149983027663208,222.50156042659393,0.01535679651242397,0.09791457432767259,-0.0068017652230089876,-0.5925086880983956,212.57392101684377,0.05336913266102527,0.0796768300421059,0.04879964529498255,0.826122182487012,0.04875514417231107,0.09123090663810737,0.8922360394294624
83,7Networks_LH_DorsAttn_Post_15,7networks_lh_dorsattn_post,7Networks_LH_DorsAttn_Post,dorsal attention,posterior,L,1.8027145756037344,157.08829201141288,0.00016773370952681834,0.24227248052206962,-0.009774445359749445,2.6038305054957736,142.82182356089572,0.0008602518788941436,0.2279298543142695,0.10831151570698068,0.7435367918190491,0.001770955909887803,0.004199509172235927,0.8313822433626082
84,7Networks_LH_DorsAttn_Post_16,7networks_lh_dorsattn_post,7Networks_LH_DorsAttn_Post,dorsal attention,posterior,L,0.3530377175029278,192.6296575644826,0.43383561906943513,-0.007754624687275946,-0.020728283810840353,2.0519329232164143,162.37531615310425,0.5821487791019568,-0.018825176757743645,0.4784321083686769,0.49253623160865334,0.5968526395682532,0.6461993782696538,0.6596207939537717
85,7Networks_LH_DorsAttn_Post_17,7networks_lh_dorsattn_post,7Networks_LH_DorsAttn_Post,dorsal attention,posterior,L,-0.07037642348696238,160.49777951146618,0.8469168856304722,-0.020032719785084252,0.05703646730884654,-4.745099219937284,243.7463866131418,0.053987188289395846,0.07922579152317466,6.174350561662537,0.01657907714852189,0.917661732878841,0.09179844001268057,0.06780991914800845
86,7Networks_LH_DorsAttn_FEF_1,7networks_lh_dorsattn_fef,7Networks_LH_DorsAttn_FEF,dorsal attention,frontal eye fields,L,0.8016023034864039,207.06254194200736,0.028766196274233873,0.07691180087578986,0.049826500397577383,-3.282189843292757,279.7877114793927,0.009685771507814,0.1441418199126031,4.7705323017856855,0.03397488655684574,0.07842747936338468,0.025866707438515033,0.11425628516154049
87,7Networks_LH_DorsAttn_FEF_2,7networks_lh_dorsattn_fef,7Networks_LH_DorsAttn_FEF,dorsal attention,frontal eye fields,L,-2.136147070385661,297.3890213293801,8.653189439476215e-07,0.3866010770079322,-0.06199228082683579,2.9447554128616193,206.9070670045229,2.6735379966045534e-07,0.4524802754698566,6.775502478720798,0.012326497146282527,2.806105718230144e-05,9.71881393333701e-06,0.05837283259694815
88,7Networks_LH_DorsAttn_FEF_3,7networks_lh_dorsattn_fef,7Networks_LH_DorsAttn_FEF,dorsal attention,frontal eye fields,L,-0.9176085684513451,246.07152209265647,0.039634815560065685,0.06620099424022352,-0.01788423112465215,0.5481873842099416,219.9682692009588,0.10204812643194473,0.05393775116954702,0.3778045069231441,0.5417449919086833,0.0997350410417507,0.15494932909733414,0.6963870906083067
89,7Networks_LH_DorsAttn_FEF_4,7networks_lh_dorsattn_fef,7Networks_LH_DorsAttn_FEF,dorsal attention,frontal eye fields,L,-0.7786673386351248,227.54136062563734,0.08254067243903053,0.04192524939851894,-0.011655609805991757,0.17662928889907992,210.52920459543614,0.20828256961657474,0.02477521627919954,0.15588528566046175,0.6947595529361013,0.17429518738288308,0.27976416155599093,0.798533764640481
90,7Networks_LH_DorsAttn_PrCv_1,7networks_lh_dorsattn_prcv,7Networks_LH_DorsAttn_PrCv,dorsal attention,precentral ventral,L,0.3409405412468667,218.8682754816657,0.37546482104297463,-0.0040919859453265595,0.024624484578730454,-1.677288231368097,254.80938716860913,0.42591741432906915,-0.0053674834227754875,0.939102984802039,0.33746931044960315,0.536040970922989,0.5022506652088243,0.5158621782630297
91,7Networks_LH_DorsAttn_PrCv_2,7networks_lh_dorsattn_prcv,7Networks_LH_DorsAttn_PrCv,dorsal attention,precentral ventral,L,-0.40427481796579734,242.36435187928856,0.44591109085289404,-0.008423282305693336,0.09789972343227824,-8.4281600704816,385.25566327915055,0.011608639655544224,0.1375210754984597,9.12231925394351,0.004074672693683162,0.606118668404832,0.030116128020669014,0.03245441057775711
92,7Networks_LH_SalVentAttn_ParOper_1,7networks_lh_salventattn_paroper,7Networks_LH_SalVentAttn_ParOper,salience / ventral attention,parietal operculum,L,0.8419813932234561,208.47805997323368,0.045688753651677835,0.06146367018988874,0.06246040198481956,-4.277288414508796,299.6432689980305,0.009287591372389738,0.14566929855956567,5.731037003504323,0.020710469178104644,0.11092349817038363,0.0250986100182437,0.07926249458420624
93,7Networks_LH_SalVentAttn_ParOper_2,7networks_lh_salventattn_paroper,7Networks_LH_SalVentAttn_ParOper,salience / ventral attention,parietal operculum,L,1.2451682908975443,186.76785557788347,0.007506878408225843,0.12175186068357446,0.08038725329169219,-5.3433906300441585,304.09852455192527,0.0005983695317340365,0.23976477786849992,8.451141252038187,0.0055509903548059255,0.029163232561548732,0.003353824288978427,0.036523907551911455
94,7Networks_LH_SalVentAttn_ParOper_3,7networks_lh_salventattn_paroper,7Networks_LH_SalVentAttn_ParOper,salience / ventral attention,parietal operculum,L,-0.6956241605139493,235.63679360221744,0.18618082999125932,0.01603870430535903,-0.11825206545099615,8.996344016578611,63.03985343083721,0.0005903637080285961,0.24020040392001318,15.161315216559657,0.0003107069357678568,0.32635558616228466,0.003350314043062283,0.006717188039933666
95,7Networks_LH_SalVentAttn_ParOper_4,7networks_lh_salventattn_paroper,7Networks_LH_SalVentAttn_ParOper,salience / ventral attention,parietal operculum,L,-0.054771795660323086,217.6661645801413,0.9076000338672146,-0.020543874089686165,0.00030221464366669837,-0.07954138169578329,218.10726742745942,0.9933123420424268,-0.04225554642868046,9.141151350934832e-05,0.9924120606460204,0.9610373263940365,0.9977075293965969,0.9928637713268276
96,7Networks_LH_SalVentAttn_TempOcc_1,7networks_lh_salventattn_tempocc,7Networks_LH_SalVentAttn_TempOcc,salience / ventral attention,temporal occipital,L,1.9769054323289827,170.0904073153732,6.367297989866581e-07,0.3941790692524919,0.05363034791634519,-2.4186509864889523,248.36755127378848,2.7829202892815227e-07,0.4515452426771672,6.020607967420002,0.017901972389723336,2.223656374922637e-05,9.71881393333701e-06,0.07067387360812516
97,7Networks_LH_SalVentAttn_FrOperIns_1,7networks_lh_salventattn_froperins,7Networks_LH_SalVentAttn_FrOperIns,salience / ventral attention,frontal operculum insula,L,-0.49010217065613837,309.7480847708865,0.1544008724814742,0.02183432045359479,0.07381443951007316,-6.539951668109488,417.48528455098824,0.0009795639653932423,0.22365088069851125,13.477884821292694,0.0006158737375419395,0.2884691197802028,0.004731085534984383,0.010355802846075575
98,7Networks_LH_SalVentAttn_FrOperIns_2,7networks_lh_salventattn_froperins,7Networks_LH_SalVentAttn_FrOperIns,salience / ventral attention,frontal operculum insula,L,-2.765755717605316,378.56223925651597,1.9511183854495587e-11,0.6039921298133852,-0.058733147435494015,2.0480273965780036,292.83721199936383,3.57283750982235e-12,0.6603806678706611,8.969657704051007,0.004369444532442696,8.858077469940995e-09,1.6220682294593466e-09,0.03252012815949154
99,7Networks_LH_SalVentAttn_FrOperIns_3,7networks_lh_salventattn_froperins,7Networks_LH_SalVentAttn_FrOperIns,salience / ventral attention,frontal operculum insula,L,0.009988749336695246,247.66446596460682,0.9784196596175139,-0.02081760885640027,0.005041546499886529,-0.40321763360355156,255.0229463115952,0.9790810115133014,-0.04161571948883025,0.04157618622868656,0.8393101053720575,0.981686409260933,0.9899839181003092,0.9001054810038812
100,7Networks_LH_SalVentAttn_FrOperIns_4,7networks_lh_salventattn_froperins,7Networks_LH_SalVentAttn_FrOperIns,salience / ventral attention,frontal operculum insula,L,-0.36213323243885487,311.289259432033,0.22789099386663983,0.009938506383299073,-0.04769767560359492,3.547179914086337,241.67125461266446,0.023237893886378935,0.111669281784602,6.49691361464157,0.014131053296446048,0.3735108708139151,0.0507211722327694,0.06168748265948563
101,7Networks_LH_SalVentAttn_FrOperIns_5,7networks_lh_salventattn_froperins,7Networks_LH_SalVentAttn_FrOperIns,salience / ventral attention,frontal operculum insula,L,-0.6834410562273057,256.4876609933345,0.06122451330768721,0.051751006768241514,-0.07744601851687832,5.66405354393393,143.44992441351445,0.0004935565900657117,0.2459690777138298,13.363508086807855,0.0006457267643501325,0.13897964520844996,0.0029483512090767517,0.01046999825053429
102,7Networks_LH_SalVentAttn_FrOperIns_6,7networks_lh_salventattn_froperins,7Networks_LH_SalVentAttn_FrOperIns,salience / ventral attention,frontal operculum insula,L,-0.42056309174523454,255.61318844416613,0.29054667013107993,0.002892345115229955,0.020157151952755747,-2.0726481908243013,285.03392402579254,0.43010246964954957,-0.005785889644344122,0.5858410097532356,0.4478585633689679,0.45084935110909957,0.5032271189191155,0.6256239623677274
103,7Networks_LH_SalVentAttn_FrOperIns_7,7networks_lh_salventattn_froperins,7Networks_LH_SalVentAttn_FrOperIns,salience / ventral attention,frontal operculum insula,L,-0.04912848551513793,275.84540506145595,0.9020531096944548,-0.020507901997821598,-0.023208704956682202,1.8530626433571165,241.97072011970442,0.6789371383084397,-0.025515038497468945,0.7656372232871415,0.3860198110381352,0.959091596724315,0.7282157033878826,0.5657316516052103
104,7Networks_LH_SalVentAttn_FrOperIns_8,7networks_lh_salventattn_froperins,7Networks_LH_SalVentAttn_FrOperIns,salience / ventral attention,frontal operculum insula,L,0.4069768039336594,253.37900473200492,0.3476043361158804,-0.0020504335619098146,0.08874169749200525,-6.866314404921264,382.90355379014545,0.0033398465305932816,0.18205353062740348,11.80387361762859,0.0012455749178972178,0.5084607270640615,0.012034050197534523,0.01409191988242104
105,7Networks_LH_SalVentAttn_FrOperIns_9,7networks_lh_salventattn_froperins,7Networks_LH_SalVentAttn_FrOperIns,salience / ventral attention,frontal operculum insula,L,0.21886690901461892,226.42017176673605,0.6468580660062945,-0.01633287787183746,-0.00645067089609247,0.747565471761888,217.00497842975636,0.8832034469966291,-0.037057735036887696,0.04075432802493143,0.840884132053093,0.7831294985782872,0.9092389227584345,0.9001054810038812
106,7Networks_LH_SalVentAttn_PFCl_1,7networks_lh_salventattn_pfcl,7Networks_LH_SalVentAttn_PFCl,salience / ventral attention,lateral prefrontal cortex,L,0.9571546606988344,204.07523439619604,0.043107852128558395,0.06340028340508774,0.026253026378177474,-1.1945497957032032,242.39331371117882,0.09212041385708003,0.058049112695791605,0.7273146641633194,0.3980802820946524,0.1058106981968219,0.14177175556309943,0.5737411049872133
107,7Networks_LH_SalVentAttn_Med_1,7networks_lh_salventattn_med,7Networks_LH_SalVentAttn_Med,salience / ventral attention,medial,L,-0.4394306407103228,273.76085896937377,0.3684165139825448,-0.00359538568571538,0.003983561559829124,-0.7659243194641903,279.57513826833076,0.6651880243380641,-0.02462262674009086,0.014947021206032573,0.9032159498206835,0.529307270088846,0.7190365786892408,0.9426667614220468
108,7Networks_LH_SalVentAttn_Med_2,7networks_lh_salventattn_med,7Networks_LH_SalVentAttn_Med,salience / ventral attention,medial,L,-1.1774547962882962,300.42578476248104,0.005137847526305029,0.13428153607761328,-0.05148930631478216,3.0426213297414,225.2736367844713,0.0031496830023230236,0.18409143498802427,3.930322404036342,0.053285583259220934,0.022005497895683804,0.011439648664437222,0.15180240841973042
109,7Networks_LH_SalVentAttn_Med_3,7networks_lh_salventattn_med,7Networks_LH_SalVentAttn_Med,salience / ventral attention,medial,L,0.33203121165896565,230.34207422758146,0.24431172381243949,0.007884878105662962,-0.014953105512603065,1.5575913929897833,208.51699871881792,0.37403896708340445,0.0001738968577238431,0.6298085249646672,0.4314140630540979,0.3947242797539058,0.4504341937821369,0.6081131878838375
110,7Networks_LH_SalVentAttn_Med_4,7networks_lh_salventattn_med,7Networks_LH_SalVentAttn_Med,salience / ventral attention,medial,L,0.5574309050406914,244.3617709943296,0.1117833390649044,0.03208763390221847,-0.06460953224806851,5.852843954249703,150.05976003671188,0.004083188550280779,0.17502911130468013,9.316888522174443,0.003729109150243652,0.2225861225239763,0.0139381022693795,0.030232420610903893
111,7Networks_LH_SalVentAttn_Med_5,7networks_lh_salventattn_med,7Networks_LH_SalVentAttn_Med,salience / ventral attention,medial,L,-0.07685797258932148,196.31431180113222,0.8959374417713653,-0.02046576216880469,-0.12620660915590926,10.267066550105131,12.107173544067493,0.002997918916201242,0.18580420444020085,13.160414547983374,0.000702540270923728,0.9570719966216467,0.011017442747535616,0.010990859935268684
112,7Networks_LH_SalVentAttn_Med_6,7networks_lh_salventattn_med,7Networks_LH_SalVentAttn_Med,salience / ventral attention,medial,L,-0.2568443809096985,263.79483525458306,0.5115277802097481,-0.011614357496557481,-0.025637047013420455,1.8443742562537686,226.37581975857012,0.4972088127568668,-0.012010410964759854,0.9812150485135961,0.3269714653340733,0.6731409049716685,0.5714754455483988,0.5049151199376506
113,7Networks_LH_SalVentAttn_Med_7,7networks_lh_salventattn_med,7Networks_LH_SalVentAttn_Med,salience / ventral attention,medial,L,-1.0979505376486158,222.1093842706993,0.014828489960170969,0.09908460612060033,-0.04881588286544314,2.9030111492711095,150.85927982468723,0.012622190534566423,0.13444345494548504,2.96084791142973,0.09188128243403092,0.04875514417231107,0.032193676981422226,0.21613524468937845
114,7Networks_LH_Limbic_OFC_1,7networks_lh_limbic_ofc,7Networks_LH_Limbic_OFC,limbic,orbital frontal cortex,L,-0.1359772564548125,192.91471824997393,0.7768789816946288,-0.01910894862571566,-0.05391137206424593,4.282611970188338,114.2274004154647,0.22504505669007935,0.02155769707222599,2.9950067445574153,0.09008312709869097,0.8773114103828862,0.29614624851390153,0.21412429163772617
115,7Networks_LH_Limbic_OFC_2,7networks_lh_limbic_ofc,7Networks_LH_Limbic_OFC,limbic,orbital frontal cortex,L,0.10250333830863223,260.1573278816675,0.7812614398815674,-0.019177718179434144,0.032426360442678215,-2.5551690863611096,307.4858085467222,0.40061877529645185,-0.0027511552243624227,1.7863117561475421,0.18781058593565023,0.8779522121441375,0.47737775324039144,0.3597721772775747
116,7Networks_LH_Limbic_OFC_3,7networks_lh_limbic_ofc,7Networks_LH_Limbic_OFC,limbic,orbital frontal cortex,L,-0.030358209208246834,270.10015827570135,0.9354587347597277,-0.02069242039549568,-0.05911272905400075,4.814535507171666,183.82110580427994,0.05227796336171404,0.080485481993407,6.2816341880014885,0.015718064937193816,0.9652233308657191,0.09024408884493602,0.06546790349987149
117,7Networks_LH_Limbic_OFC_4,7networks_lh_limbic_ofc,7Networks_LH_Limbic_OFC,limbic,orbital frontal cortex,L,1.235782851165963,235.2200184784988,0.00039009599233036103,0.21661157743086867,0.028902091841500666,-1.1330396578607136,277.40458918658726,0.0008121276002412855,0.2298188735344806,1.8231183434508078,0.18340903501320197,0.0033415769909053566,0.004051713522082897,0.35505414043748057
118,7Networks_LH_Limbic_OFC_5,7networks_lh_limbic_ofc,7Networks_LH_Limbic_OFC,limbic,orbital frontal cortex,L,0.5368545933239561,230.26533395862646,0.13502411274052914,0.026057378565927047,0.01910779556687589,-1.0292249999773713,258.15446245447936,0.23929037897948927,0.01899886738342149,0.6546298210109339,0.42253931652302457,0.2573341967252441,0.3086302047065003,0.5994776553170411
119,7Networks_LH_Limbic_TempPole_1,7networks_lh_limbic_temppole,7Networks_LH_Limbic_TempPole,limbic,temporal pole,L,-0.40417876508386685,182.86678147146043,0.3624759674302501,-0.0031666462920796334,-0.07134368320259303,5.443166941724522,78.7358187321526,0.029886615548739393,0.10210636745254897,6.627731923441545,0.01325090847505445,0.5257638633013851,0.06224093329875084,0.06076679240075475
120,7Networks_LH_Limbic_TempPole_2,7networks_lh_limbic_temppole,7Networks_LH_Limbic_TempPole,limbic,temporal pole,L,0.03858775366369782,172.17009035300202,0.9340113316281318,-0.020686015134820268,-0.07595453359091538,6.263839884875915,61.309277563487484,0.042132424271969976,0.08888905771695244,6.7727366150445585,0.012343154029310622,0.9652233308657191,0.07807396171214029,0.05837283259694815
121,7Networks_LH_Limbic_TempPole_3,7networks_lh_limbic_temppole,7Networks_LH_Limbic_TempPole,limbic,temporal pole,L,0.047826067120099625,150.7703737911026,0.9199850495650003,-0.020616506549488323,-0.07574507047796387,6.255910550416329,40.21528667526958,0.04930887821994453,0.08277049906284306,6.410397576965761,0.014747257871301652,0.9628420715454111,0.08676833609246053,0.06316278371293349
122,7Networks_LH_Limbic_TempPole_4,7networks_lh_limbic_temppole,7Networks_LH_Limbic_TempPole,limbic,temporal pole,L,0.4953259982292124,155.98522701169318,0.34493088007351347,-0.0018429944195132997,-0.11613758145678696,10.013990550520873,-13.525479815261924,0.001197587530488057,0.21698357586255956,14.41437427076987,0.00041972408627642135,0.5067916490400489,0.005383215236055227,0.007622189406779812
123,7Networks_LH_Limbic_TempPole_5,7networks_lh_limbic_temppole,7Networks_LH_Limbic_TempPole,limbic,temporal pole,L,0.2997899698201545,196.84511071459312,0.5490237943367099,-0.01314607018321201,-0.06652482259839088,5.75218068410772,99.74760309698348,0.10609848277789329,0.052369483183118626,4.318536608706069,0.043185811761679314,0.7055518048961836,0.15897264416225595,0.13521626579174076
124,7Networks_LH_Limbic_TempPole_6,7networks_lh_limbic_temppole,7Networks_LH_Limbic_TempPole,limbic,temporal pole,L,-0.667877096352155,234.39194066338587,0.19586314098400223,0.014491758504396324,-0.049671703255429064,3.403227838834872,161.89270809361136,0.14939455304458915,0.03846846729517284,2.1969259278682207,0.14496062215404615,0.33810595439823965,0.2112932307858052,0.3046857521200785
125,7Networks_LH_Limbic_TempPole_7,7networks_lh_limbic_temppole,7Networks_LH_Limbic_TempPole,limbic,temporal pole,L,-0.2110408440316771,254.04305395719928,0.6398873181264679,-0.016140228322930605,0.031151316344963792,-2.764210342919041,299.51052095615233,0.5235919143694212,-0.014239392943210083,1.0899591347579385,0.301820458836599,0.7822807556372666,0.5931670738194319,0.47911359549585997
126,7Networks_LH_Limbic_TempPole_8,7networks_lh_limbic_temppole,7Networks_LH_Limbic_TempPole,limbic,temporal pole,L,-0.2705865514058101,196.70500687777786,0.5475652556672707,-0.013090019377281603,-0.0859551977098437,6.774322454473106,71.24754395766573,0.00943687517543976,0.14508940546559912,9.881177097347052,0.002891000814466295,0.7055518048961836,0.025351132128104446,0.025240660957071115
127,7Networks_LH_Cont_Par_1,7networks_lh_cont_par,7Networks_LH_Cont_Par,control,parietal ,L,1.4104113837331065,172.24017765306033,0.00988878617887861,0.11259806762530855,0.02543455668111011,-0.6742110963192012,209.3636447234449,0.028665784847325848,0.10369848594030939,0.5233970776808236,0.4729815844082649,0.035916071401687115,0.05997357751468173,0.6429150877884797
128,7Networks_LH_Cont_Par_2,7networks_lh_cont_par,7Networks_LH_Cont_Par,control,parietal ,L,0.20757328229930394,205.92526938004596,0.6463657572232762,-0.01631943170852579,0.01993022717220916,-1.4259130063212577,235.01479279533967,0.7247933916294501,-0.028371166168077444,0.4374762020856527,0.511572781626922,0.7831294985782872,0.7724323938961746,0.6772159347936242
129,7Networks_LH_Cont_Par_3,7networks_lh_cont_par,7Networks_LH_Cont_Par,control,parietal ,L,1.4765429861022517,178.9499444093823,6.285023437051157e-05,0.2712434978835958,0.011712194089931238,0.5166086968312253,196.04468905427026,0.0003177725569779487,0.2599652542910532,0.2684726013459983,0.6067889287769807,0.0007926112890058959,0.0020908513169273727,0.7465641562730331
130,7Networks_LH_Cont_Par_4,7networks_lh_cont_par,7Networks_LH_Cont_Par,control,parietal ,L,-0.09410470904585067,191.2934475176905,0.867246573161583,-0.020233047628428702,-0.08783056029805172,7.104509472773133,63.09876522468956,0.05521885065237147,0.07834151689113322,6.133766122326335,0.016917813898255883,0.9308036506273255,0.09354238132901734,0.06857756705185866
131,7Networks_LH_Cont_Par_5,7networks_lh_cont_par,7Networks_LH_Cont_Par,control,parietal ,L,1.3871146665330505,182.5815833397699,0.0004936825737248701,0.2093304797590254,0.028636153532383274,-0.9599114737012293,224.37799898052046,0.00126822781516776,0.21507163952334807,1.3510838473464606,0.2509570878197941,0.003972789837128447,0.005644857138099637,0.4299415768686284
132,7Networks_LH_Cont_Par_6,7networks_lh_cont_par,7Networks_LH_Cont_Par,control,parietal ,L,0.985697115837044,207.95815558383106,0.0031018416827273475,0.15081585265037722,0.028307421579541275,-1.3343860732226567,249.27476455921155,0.00537671794881759,0.16531138804660916,1.8335871474163434,0.18217965104944484,0.015142323913529201,0.01671938321070675,0.3549766591263861
133,7Networks_LH_Cont_Temp_1,7networks_lh_cont_temp,7Networks_LH_Cont_Temp,control,temporal,L,0.30310538630163286,212.77364041723905,0.4046624478470483,-0.006018795708027769,-0.010590804720741559,1.1711303288830894,197.31563990129695,0.644753185142715,-0.023263085323119492,0.191091798974628,0.66401150262835,0.5670270102548146,0.7053444483248015,0.780928425467777
134,7Networks_LH_Cont_OFC_1,7networks_lh_cont_ofc,7Networks_LH_Cont_OFC,control,orbital frontal cortex,L,-0.9527487323196153,274.65378256139485,0.010492941705686362,0.11062382877368127,-0.0382335930408122,2.1808858949844545,218.84925056075278,0.010732415558184858,0.1403966192531254,2.6625038651798287,0.1094222828194166,0.0369286475533458,0.028164836204716333,0.24351821764713302
135,7Networks_LH_Cont_PFCl_1,7networks_lh_cont_pfcl,7Networks_LH_Cont_PFCl,control,lateral prefrontal cortex,L,-0.08665679068184318,239.71524356883725,0.8590067008931246,-0.020155429582222384,0.05557736570889907,-4.64179126349565,320.8341925491964,0.22117577330356322,0.02227951671273376,3.083292164760188,0.08561535343124586,0.9284159173476223,0.29275160664669886,0.20785759603093917
136,7Networks_LH_Cont_PFCl_2,7networks_lh_cont_pfcl,7Networks_LH_Cont_PFCl,control,lateral prefrontal cortex,L,-0.47309315324114154,248.04842136399282,0.4091883326894833,-0.006299859177618217,0.08164925216587002,-7.16508581025677,367.22106361225997,0.06509560433068823,0.07186519535995428,5.042432843856744,0.02947583525192818,0.5716046247416167,0.10788188217335778,0.10137900912405601
137,7Networks_LH_Cont_PFCl_3,7networks_lh_cont_pfcl,7Networks_LH_Cont_PFCl,control,lateral prefrontal cortex,L,-0.31024455901921133,260.682679067811,0.5473018849707474,-0.013079868858609345,0.1292442104868345,-10.90313162897842,449.3234032684136,0.0001969306515029578,0.27488076260753813,20.061844725123517,4.774878810489388e-05,0.7055518048961836,0.0015414916514197043,0.0025568181163008233
138,7Networks_LH_Cont_PFCl_4,7networks_lh_cont_pfcl,7Networks_LH_Cont_PFCl,control,lateral prefrontal cortex,L,-0.46258887044887365,266.43158283117475,0.21838970007449035,0.011207849554711213,0.028257224495366218,-2.7785578942248357,307.6749257447645,0.24702016812955202,0.017670812626384702,1.315802718098763,0.25715266798436087,0.3605415412138859,0.3159074826220187,0.4356242957645516
139,7Networks_LH_Cont_PFCl_5,7networks_lh_cont_pfcl,7Networks_LH_Cont_PFCl,control,lateral prefrontal cortex,L,0.4987602981137984,228.64402798091447,0.29828420544933865,0.002152453071769256,0.07020206005743115,-5.255017696782211,331.10871401771715,0.04577296427567084,0.0856702264766892,5.3844718169772605,0.02470719302349829,0.459054336522033,0.08181466842974236,0.09108833762430003
140,7Networks_LH_Cont_PFCl_6,7networks_lh_cont_pfcl,7Networks_LH_Cont_PFCl,control,lateral prefrontal cortex,L,1.0746192438997353,215.69595730231765,0.003269240416992598,0.1491019318284208,0.02851447815042804,-1.2624343523003194,257.31477943939785,0.006504681731421497,0.15851958680560174,1.5372049447813603,0.2211891072799252,0.015777315075932316,0.019052422619776514,0.4016794188203442
141,7Networks_LH_Cont_PFCl_7,7networks_lh_cont_pfcl,7Networks_LH_Cont_PFCl,control,lateral prefrontal cortex,L,1.0773569587753662,181.6273056160374,0.010243411007458621,0.11142527069146535,0.032254865680667266,-1.5662597132983844,228.70547800050963,0.01872789494274242,0.11978834625503954,1.4560580689242657,0.23359691475834482,0.036332098417079794,0.0420914074455696,0.411770970691751
142,7Networks_LH_Cont_PFCl_8,7networks_lh_cont_pfcl,7Networks_LH_Cont_PFCl,control,lateral prefrontal cortex,L,1.3109983141105666,174.44376429163174,0.0008145602990827771,0.1936776697304462,-0.04416854656101518,4.931063182027755,109.97676357435911,0.0007475605940454849,0.23252913307965828,3.42989059408264,0.07031328621348543,0.005438387879170306,0.0038133989853556195,0.1831864713881303
143,7Networks_LH_Cont_PFCv_1,7networks_lh_cont_pfcv,7Networks_LH_Cont_PFCv,control,ventral prefrontal cortex,L,-1.97130839085979,316.3369560432069,4.988070233074882e-06,0.3416141554982537,-0.01636710119665205,-0.6298567777803274,292.448057568208,2.730515813320394e-05,0.3333530926166006,0.40518584286885817,0.5275112881626447,0.00011322919429079981,0.0003998884449185351,0.6862181227101453
144,7Networks_LH_Cont_pCun_1,7networks_lh_cont_pcun,7Networks_LH_Cont_pCun,control,precuneus,L,-1.1480779693819314,228.31924094750008,0.006499753058398876,0.12652162333809525,-0.03125349751884918,1.413466323483382,182.70263356872442,0.013106557803529232,0.13305537965262926,1.3617535604200113,0.24912051722352874,0.02634721329029544,0.033242330965375814,0.42841179855864414
145,7Networks_LH_Cont_pCun_2,7networks_lh_cont_pcun,7Networks_LH_Cont_pCun,control,precuneus,L,-0.538083164654465,253.39352607842815,0.2066313104933906,0.012870592780162449,0.007349541442058821,-1.1404533769714877,264.1206821726913,0.43923757705700883,-0.0066858053827998365,0.06752721971157956,0.7961067556735866,0.3487383455910755,0.5087088264894949,0.8667445253616506
146,7Networks_LH_Cont_Cing_1,7networks_lh_cont_cing,7Networks_LH_Cont_Cing,control,cingulate,L,-2.785965594197535,310.0058380424378,1.325559369642969e-06,0.37591799351989386,0.0661310333481425,-8.206081245319336,406.52858343998315,1.315858523860865e-06,0.4140618102410535,4.124737787391689,0.04793846304246487,3.540023257752399e-05,3.733748561455204e-05,0.1460675316864366
147,7Networks_LH_Cont_Cing_2,7networks_lh_cont_cing,7Networks_LH_Cont_Cing,control,cingulate,L,-0.15238464662566065,229.0567472654812,0.7621715858072243,-0.01886706493091639,0.010139996678114022,-0.9834612518864585,243.85676275202255,0.9134008925459317,-0.03854242038751177,0.09063217507843467,0.7647028695290188,0.8650647498911996,0.9381991068231968,0.8467685433321329
148,7Networks_LH_Cont_PFCmp_1,7networks_lh_cont_pfcmp,7Networks_LH_Cont_PFCmp,control,medial posterior prefrontal cortex,L,0.14580058316873412,268.7118690661036,0.7030630650112935,-0.01771550277050027,-0.09017813300588423,7.536822397708155,137.09074458237666,0.0006933510513988511,0.23498368393176816,16.855297079215564,0.00015957873595551063,0.8290665753639668,0.0035770611060804364,0.0051306924346349505
149,7Networks_LH_Default_Temp_1,7networks_lh_default_temp,7Networks_LH_Default_Temp,default,temporal,L,0.7839611079656512,171.49804465703414,0.03185057855551023,0.07350487708907805,-0.007814118872705916,1.424408200009701,160.09280617413037,0.09707210103927597,0.05594812878123312,0.10733303490135797,0.7446560115360429,0.08407071316396306,0.14838630933276528,0.8313822433626082
150,7Networks_LH_Default_Temp_2,7networks_lh_default_temp,7Networks_LH_Default_Temp,default,temporal,L,0.7878440957811268,190.4522089429485,0.08003864329879105,0.04293236425237168,0.06027525077025933,-4.15233018450405,278.4280410041677,0.025318005381182482,0.10842259988624103,4.525808651076895,0.03866361170055018,0.1704986917209045,0.053964199263177685,0.12812027642487656
151,7Networks_LH_Default_Temp_3,7networks_lh_default_temp,7Networks_LH_Default_Temp,default,temporal,L,1.3262801955249337,175.16512047959262,0.0015985000345140738,0.1722514194574395,-0.030488612966097395,3.8251343635611583,130.6649141791914,0.0037394560437977475,0.17811041982841802,1.3421773734474896,0.2525032060598029,0.009071487695867369,0.013084467197874327,0.4309641186133478
152,7Networks_LH_Default_Temp_4,7networks_lh_default_temp,7Networks_LH_Default_Temp,default,temporal,L,0.8147282682756032,218.1487214402768,0.02884887456758864,0.07681577483476087,0.03133290136918085,-1.753323983563579,263.8812241444526,0.04052611904569836,0.09039486456927825,1.7165706105520195,0.19650238190592254,0.07842747936338468,0.07602833903614485,0.36864496440201994
153,7Networks_LH_Default_Temp_5,7networks_lh_default_temp,7Networks_LH_Default_Temp,default,temporal,L,-2.0210472384858917,309.8071768220135,1.5562330585040633e-05,0.3107981122642576,0.04160109982940498,-5.430683544971467,370.526814241746,3.243044959310933e-05,0.32845527169247635,2.2620807175279967,0.13926648995581214,0.00027108165856764904,0.00044208449394146654,0.2968403119245949
154,7Networks_LH_Default_Temp_6,7networks_lh_default_temp,7Networks_LH_Default_Temp,default,temporal,L,1.9680441929887689,178.86609788120143,4.219975447909522e-08,0.45748324911793325,0.017332114323482473,0.5474998682511796,204.16349871326736,2.4539177549475293e-07,0.45447372999898084,0.7351971377850516,0.3955549961905861,2.3948360666886536e-06,9.71881393333701e-06,0.5730452416820273
155,7Networks_LH_Default_Temp_7,7networks_lh_default_temp,7Networks_LH_Default_Temp,default,temporal,L,0.6215102937768604,207.1183916597016,0.07918127114207976,0.04328505183679099,0.06127402103750637,-4.400523441643127,296.55199692262784,0.005231406395239172,0.16628396100546228,8.081485018827754,0.0065973517026910525,0.16956743914388778,0.016379713816817822,0.03993596897362317
156,7Networks_LH_Default_Temp_8,7networks_lh_default_temp,7Networks_LH_Default_Temp,default,temporal,L,-1.452635032284955,261.5958031244074,0.005510629689490498,0.13197333034278413,-0.0362604842187816,1.5192831138724348,208.67115777951872,0.012296443947498964,0.13540594527666072,1.1905698008515757,0.2807768634624522,0.023165054435450798,0.031540031368161185,0.4581827243825794
157,7Networks_LH_Default_Temp_9,7networks_lh_default_temp,7Networks_LH_Default_Temp,default,temporal,L,0.39771235984021125,222.37743387154484,0.32590447863062755,-0.00030285890463832565,0.062154217577867904,-4.696462499087724,313.09574590924456,0.037152619621749455,0.09375273490651981,5.981718209621201,0.018254201426301134,0.48700571071525517,0.07147156486556887,0.07144316765121306
158,7Networks_LH_Default_Temp_10,7networks_lh_default_temp,7Networks_LH_Default_Temp,default,temporal,L,1.0150462470567234,182.6820625418079,0.01386136199856312,0.10133786966786151,0.08312503653188927,-5.797902057178778,304.0087125442426,0.00022553612184057198,0.2706836852083113,12.145505703191802,0.0010765905875902392,0.04661524701739005,0.0016892867551592363,0.013964917907599102
159,7Networks_LH_Default_Par_1,7networks_lh_default_par,7Networks_LH_Default_Par,default,parietal,L,-0.7765058760581112,234.01644840991497,0.060865682816283774,0.05194535438245207,0.08070899673993501,-7.391434968629895,351.8167238510824,0.0013642799852578464,0.21262934924600996,10.795681037977404,0.0019278697587753523,0.13885939697785343,0.005955606858721752,0.019027236314869782
160,7Networks_LH_Default_Par_2,7networks_lh_default_par,7Networks_LH_Default_Par,default,parietal,L,1.222444733525081,181.7076890286489,0.001794929626082654,0.16852902107751633,0.06952207479535816,-4.4756015031494805,283.17989028180125,0.00011337477441436773,0.2917194685670903,9.348586777525547,0.003675809614286653,0.009937781100506402,0.0010504519915127133,0.030232420610903893
161,7Networks_LH_Default_Par_3,7networks_lh_default_par,7Networks_LH_Default_Par,default,parietal,L,0.9662056089765194,178.2246460635445,0.023172969196710563,0.0841485045662902,0.03365032591471989,-1.7917833248353574,227.3395876630807,0.036960375779427755,0.09395277633695709,1.5194045439369208,0.22384002242888015,0.06873657932348222,0.07147156486556887,0.4032673419948873
162,7Networks_LH_Default_Par_4,7networks_lh_default_par,7Networks_LH_Default_Par,default,parietal,L,0.9820558711300409,204.88288521930758,0.012730789594753614,0.10417850035017517,0.015594108011707963,-0.29604103164446016,227.64354751520656,0.03850882810937888,0.09236904584065397,0.37545781811503715,0.5429978636020717,0.043456981022692784,0.07315066092743938,0.6963870906083067
163,7Networks_LH_Default_Par_5,7networks_lh_default_par,7Networks_LH_Default_Par,default,parietal,L,1.8413087497704828,167.429161452289,7.609518616715095e-05,0.2656741983023513,-0.012428813799441774,2.859977365526092,149.28846155362658,0.00039536866730921223,0.2530529659059805,0.18893960699557077,0.6657899215850211,0.0009091372242075403,0.002493019096644199,0.780928425467777
164,7Networks_LH_Default_Par_6,7networks_lh_default_par,7Networks_LH_Default_Par,default,parietal,L,1.0984670428170848,179.06901044991952,0.008647134284357953,0.11705929131361936,0.010316660791505089,0.2529110036580793,194.1268792373161,0.030706974238638565,0.10107112778303784,0.14628189928393212,0.7038382842892742,0.03217868004179107,0.06308129549475977,0.806816973840793
165,7Networks_LH_Default_Par_7,7networks_lh_default_par,7Networks_LH_Default_Par,default,parietal,L,0.9523133976601579,169.01002436342142,0.0043126293823496,0.1400376594136452,-0.016328976901741732,2.2906403342137587,145.17677089236264,0.013262085050999182,0.132620082083877,0.5895181517641538,0.4464459576100329,0.01900906543288076,0.033424173296170194,0.6255755085029474
166,7Networks_LH_Default_PFC_1,7networks_lh_default_pfc,7Networks_LH_Default_PFC,default,prefrontal cortex,L,-1.2594854514866465,265.39204362812956,0.0027164135468687347,0.15513334093211306,-0.07366401865713067,4.778035516107189,157.8743933236018,0.00019227553398479768,0.2756185345866745,8.983762108158109,0.00434128866280488,0.013607664810228634,0.0015314577619140025,0.03252012815949154
167,7Networks_LH_Default_PFC_2,7networks_lh_default_pfc,7Networks_LH_Default_PFC,default,prefrontal cortex,L,-0.28600455627867216,256.7469601241436,0.5223463725863611,-0.012076207916187132,0.05266817569177107,-4.602701104481306,333.6197482157402,0.16377668703441026,0.03470036835752688,3.3259883123729237,0.07455522973917342,0.6840016599942176,0.22669090217567764,0.19015772079541984
168,7Networks_LH_Default_PFC_3,7networks_lh_default_pfc,7Networks_LH_Default_PFC,default,prefrontal cortex,L,0.9676165166526527,206.40943068796304,0.012406894706185318,0.10503847362628072,-0.04511667245393,4.66539001441037,140.55857568120905,0.008486369619132243,0.14894283900998528,3.4762256109405425,0.06850830284619808,0.04299794043212316,0.023492754921256333,0.1823522921880294
169,7Networks_LH_Default_PFC_4,7networks_lh_default_pfc,7Networks_LH_Default_PFC,default,prefrontal cortex,L,0.10464779367116961,283.6500645464773,0.712020556530814,-0.01790915107203639,0.020536657187422425,-1.5785416471663218,313.6247138549604,0.5166343880084421,-0.013662211299383387,1.2011055624003582,0.2786849092017997,0.8309957137917469,0.5878496545258965,0.4581827243825794
170,7Networks_LH_Default_PFC_5,7networks_lh_default_pfc,7Networks_LH_Default_PFC,default,prefrontal cortex,L,-0.8526880208645538,257.19332706146474,0.036102846700084776,0.06931677394109814,-0.011432089894568703,0.08428886011642867,240.50741355930577,0.1038252966904473,0.053242437240121676,0.1850414594020472,0.6690420615006565,0.09366109943907708,0.1571222823248769,0.780928425467777
171,7Networks_LH_Default_PFC_6,7networks_lh_default_pfc,7Networks_LH_Default_PFC,default,prefrontal cortex,L,0.8774315299251763,224.92116308636673,0.04260320811138934,0.06379270287436234,0.06227499791796848,-4.226642515187864,315.81576225321476,0.010291370121899384,0.14193020720997807,5.370973363267394,0.024878753007518073,0.10569320482279103,0.027164430438036746,0.09108833762430003
172,7Networks_LH_Default_PFC_7,7networks_lh_default_pfc,7Networks_LH_Default_PFC,default,prefrontal cortex,L,-1.291899585099162,273.40220739434227,0.007293883090673709,0.12270579329082865,0.016834355183770994,-2.6716474491276436,297.97309487436564,0.02451389192557402,0.10964628756136474,0.2959469183350413,0.5890061236643964,0.029047569501454946,0.05299669968671717,0.7346395058891098
173,7Networks_LH_Default_PFC_8,7networks_lh_default_pfc,7Networks_LH_Default_PFC,default,prefrontal cortex,L,-1.6942418327640159,314.44109883595627,0.00010675561732316007,0.25572555199197344,0.03446012404428789,-4.518602019134601,364.7379959369598,0.0002604148677817715,0.2662073430211034,1.6856514093090886,0.20051004967453845,0.0012427448785824274,0.001791338635953398,0.373124271040316
174,7Networks_LH_Default_PFC_9,7networks_lh_default_pfc,7Networks_LH_Default_PFC,default,prefrontal cortex,L,-0.9326035462247866,316.2216192179144,0.010146590862064238,0.1117414413943334,0.01539001972153961,-2.1939733228717984,338.684400759902,0.030646199714656135,0.10114690764849843,0.43423722505122536,0.5131327787863584,0.036332098417079794,0.06308129549475977,0.6772159347936242
175,7Networks_LH_Default_PFC_10,7networks_lh_default_pfc,7Networks_LH_Default_PFC,default,prefrontal cortex,L,-1.407952990016847,265.2038688726833,0.01723193168513756,0.09406224957869747,-0.086259170071569,5.661869664899182,139.30273759607772,0.004206176497494604,0.1739866782899161,5.644443954240488,0.021639383073147656,0.05395377231070657,0.01406082978027561,0.08186899929340863
176,7Networks_LH_Default_PFC_11,7networks_lh_default_pfc,7Networks_LH_Default_PFC,default,prefrontal cortex,L,-0.0781964076817192,231.82408227930475,0.8411007413350209,-0.01996991765803191,0.0151925720924464,-1.323383328405571,253.9986755643225,0.8272689425501023,-0.03417450522281462,0.34071068309437813,0.5622102279357821,0.917661732878841,0.8653919352943467,0.7149676288034876
177,7Networks_LH_Default_PFC_12,7networks_lh_default_pfc,7Networks_LH_Default_PFC,default,prefrontal cortex,L,-0.12245687467407329,298.31852805327236,0.6963014010127536,-0.017564619340235677,-0.035129995974917755,2.7568061788021385,247.04390726437353,0.2191432782557264,0.02266353919230879,2.9757286124026927,0.09109305104918654,0.8260179924171084,0.2909094980353795,0.21539711029338898
178,7Networks_LH_Default_PFC_13,7networks_lh_default_pfc,7Networks_LH_Default_PFC,default,prefrontal cortex,L,-0.4639975700558372,302.8119497053474,0.1726631201282566,0.018357516103205018,0.04031221663919479,-3.76799669535675,361.6503743613106,0.07640464164529401,0.06551700538671434,3.4223613470304124,0.07061152531480794,0.3074643853208938,0.12330455023763442,0.1831864713881303
179,7Networks_LH_Default_PFC_14,7networks_lh_default_pfc,7Networks_LH_Default_PFC,default,prefrontal cortex,L,-0.685702667830971,266.7174504075929,0.12892518249833118,0.0275247680210281,0.05787318758722404,-5.42900326273436,351.1873077197945,0.04530462784834435,0.08607028192900246,4.0748367319908825,0.04925258944412269,0.25058522646859044,0.08181466842974236,0.14723994170540497
180,7Networks_LH_Default_PFC_15,7networks_lh_default_pfc,7Networks_LH_Default_PFC,default,prefrontal cortex,L,-1.0504210767815247,297.1582516466933,0.003965328172617399,0.1427907433030664,0.008608709326286268,-1.7559929965444496,309.72324899261514,0.015402415797048366,0.12708020282525478,0.13611084847009053,0.713835202044898,0.018002589903682992,0.03739410038427785,0.8102029543209593
181,7Networks_LH_Default_PFC_16,7networks_lh_default_pfc,7Networks_LH_Default_PFC,default,prefrontal cortex,L,2.0862593395403213,167.63803005523937,4.33699472047387e-05,0.2819445850270176,-0.002037514450195177,2.2532545217077775,164.66413900041945,0.0002560641277694967,0.26673323986371644,0.00425792149266248,0.948249526569138,0.0005791163538515109,0.0017885094462669463,0.9717952258744664
182,7Networks_LH_Default_PFC_17,7networks_lh_default_pfc,7Networks_LH_Default_PFC,default,prefrontal cortex,L,-0.9532387733169938,248.2255910944291,0.007490936687528813,0.12182233001621767,-0.04110890570026163,2.416057182085586,188.22434451493987,0.005552829759231883,0.16416585308343534,3.431689486155133,0.07024223716049204,0.029163232561548732,0.017149555855042683,0.1831864713881303
183,7Networks_LH_Default_PFC_18,7networks_lh_default_pfc,7Networks_LH_Default_PFC,default,prefrontal cortex,L,0.09279810394844157,206.12161522549792,0.8324149565017037,-0.01987153211107695,-0.07184266427680497,5.981040421516147,101.2623556375562,0.03986688999644447,0.09102945173824628,6.856347309544067,0.011850051507331354,0.912841522347279,0.07510194215097837,0.05784863854116597
184,7Networks_LH_Default_PFC_19,7networks_lh_default_pfc,7Networks_LH_Default_PFC,default,prefrontal cortex,L,-1.3650208244291733,258.64960444869405,0.02596113501418073,0.08034536271525516,-0.16573274082216116,12.218475107118469,16.75138607063718,1.9739891253632915e-06,0.4038618230805108,27.048977734954715,4.252023694130304e-06,0.07366472060273782,4.9788392384163015e-05,0.0006434729190450527
185,7Networks_LH_Default_PFC_20,7networks_lh_default_pfc,7Networks_LH_Default_PFC,default,prefrontal cortex,L,-1.1172944388317458,265.2375435752027,0.03287931218693604,0.0724420779962689,0.05942439977873973,-5.987732763962082,351.9715006880382,0.02219742371903201,0.11339920011078497,3.217392384196398,0.07929447558605994,0.08607780260748216,0.048920535769128796,0.19671962795667328
186,7Networks_LH_Default_PFC_21,7networks_lh_default_pfc,7Networks_LH_Default_PFC,default,prefrontal cortex,L,-1.3183166223683154,255.38102374936682,0.0009094349354590743,0.19020326979835167,-0.04788859899374795,2.6066446518624273,185.4843532439328,0.0006510762853164558,0.23702889782016046,3.9458915791505897,0.052834200339029115,0.005760307993440723,0.0034370771341124527,0.15180240841973042
187,7Networks_LH_Default_PFC_22,7networks_lh_default_pfc,7Networks_LH_Default_PFC,default,prefrontal cortex,L,-0.15725253801275807,240.32967308986622,0.7538569980555748,-0.018722655528973453,0.035466701276956114,-3.0641120403115814,292.09573819011143,0.5416114435453822,-0.015700788045798886,1.142807449693395,0.2905196919418693,0.8577721231008295,0.6086425627960482,0.46606339272653236
188,7Networks_LH_Default_PFC_23,7networks_lh_default_pfc,7Networks_LH_Default_PFC,default,prefrontal cortex,L,-1.6386474490006884,275.7755070835023,0.0002676558282628296,0.2281488644603602,0.0002521440493298277,-1.6593132368904335,276.1435284895598,0.0014014641906524399,0.21172785589871657,8.085169934162292e-05,0.9928637713268276,0.0025854414049218005,0.006059664214821026,0.9928637713268276
189,7Networks_LH_Default_PFC_24,7networks_lh_default_pfc,7Networks_LH_Default_PFC,default,prefrontal cortex,L,-0.5269763615220038,232.4488111878194,0.16359425918790169,0.02003017326875356,-0.018694007796220852,1.0051890849951661,205.16363411406343,0.28954702986808656,0.01100828714367108,0.5621292591489474,0.45714027505457855,0.29948303899720713,0.36508392417740615,0.6315382670912609
190,7Networks_LH_Default_pCunPCC_1,7networks_lh_default_pcunpcc,7Networks_LH_Default_pCunPCC,default,precuneus posterior cingulate cortex,L,-0.1570954350828888,234.92359709739765,0.7109178481754217,-0.01788569211003166,-0.07637620958158031,6.1027173633530705,123.44731949164526,0.018266914346515933,0.1207213498267391,8.56658655552936,0.005261419519265279,0.8309957137917469,0.04125959757869768,0.03619218881433995
191,7Networks_LH_Default_pCunPCC_2,7networks_lh_default_pcunpcc,7Networks_LH_Default_pCunPCC,default,precuneus posterior cingulate cortex,L,1.5700753782123673,167.2038697748605,0.0003218366379768941,0.22251972856990787,0.006189207881296344,1.0628063880416896,176.23744004124143,0.0016202238555885172,0.20684743384874937,0.05154420634863273,0.8213823372942964,0.0030440382008647903,0.006810941022566545,0.8899942270444167
192,7Networks_LH_Default_pCunPCC_3,7networks_lh_default_pcunpcc,7Networks_LH_Default_pCunPCC,default,precuneus posterior cingulate cortex,L,0.24887828111801724,239.8803044183457,0.60891238696606,-0.015223561058908652,0.11096694485183964,-8.845999631681524,401.84411510146833,0.0011036085805554124,0.21970187123958052,15.45142610843011,0.00027677752350898814,0.7571399220412349,0.005165343253321209,0.006717188039933666
193,7Networks_LH_Default_pCunPCC_4,7networks_lh_default_pcunpcc,7Networks_LH_Default_pCunPCC,default,precuneus posterior cingulate cortex,L,-1.1761653417111289,237.89848166854733,0.014517052814025672,0.09979388355721719,-0.0543077741696818,3.274913098347171,158.63258797394724,0.010909599212729947,0.1397974531565752,3.2322316387174155,0.07862756012721667,0.04810760567567631,0.02846527610677814,0.1961368807569031
194,7Networks_LH_Default_pCunPCC_5,7networks_lh_default_pcunpcc,7Networks_LH_Default_pCunPCC,default,precuneus posterior cingulate cortex,L,2.0777552890598083,157.16495113577534,9.567219269507238e-08,0.4390842493269965,-0.04343775591819926,5.637924377336471,93.7645891141982,1.0708471621601e-07,0.4733878423435496,4.12672702453773,0.047886876574738654,4.826130609284762e-06,5.401829018007615e-06,0.1460675316864366
195,7Networks_LH_Default_pCunPCC_6,7networks_lh_default_pcunpcc,7Networks_LH_Default_pCunPCC,default,precuneus posterior cingulate cortex,L,0.15711566419670486,261.8498419632831,0.7425287610720754,-0.01851684071710835,0.1237683639367918,-9.986969684598066,442.4981953263798,0.00011815211557868928,0.2904743940521657,21.90351517210164,2.4588212645599394e-05,0.8470051696651313,0.0010517854994651949,0.001799439283463223
196,7Networks_LH_Default_pCunPCC_7,7networks_lh_default_pcunpcc,7Networks_LH_Default_pCunPCC,default,precuneus posterior cingulate cortex,L,0.7336926798319556,228.16909823102245,0.057247556618667816,0.05397353449176856,0.07801364253988097,-5.660324523942908,342.0353207164712,0.0008481956857279898,0.22839341248023504,11.850288578221782,0.0012210661732992897,0.1340343475911189,0.004185661318701167,0.01409191988242104
197,7Networks_LH_Default_pCunPCC_8,7networks_lh_default_pcunpcc,7Networks_LH_Default_pCunPCC,default,precuneus posterior cingulate cortex,L,1.2510277597361306,228.5235826601514,0.0005186488757809558,0.20779860949982487,0.04822534195599115,-2.7015330499568506,298.9117524445651,0.0002373856174149136,0.2690928013715518,5.025300633738183,0.029739436037644416,0.003972789837128447,0.0017382753275221093,0.10151657113601928
198,7Networks_LH_Default_pCunPCC_9,7networks_lh_default_pcunpcc,7Networks_LH_Default_pCunPCC,default,precuneus posterior cingulate cortex,L,-0.926596985755221,310.1204959080577,0.027197364101480607,0.07878841351387056,-0.012400812542613132,0.08977664014915909,292.0206657500708,0.08079517536916414,0.06329252708028688,0.20593934572382375,0.6520575023640989,0.0754660636787133,0.12736461672777957,0.77350702936912
199,7Networks_LH_Default_pCunPCC_10,7networks_lh_default_pcunpcc,7Networks_LH_Default_pCunPCC,default,precuneus posterior cingulate cortex,L,-1.331218266841533,272.47653064154844,0.010829986503986987,0.10957069879347547,0.06860063851642376,-6.9537433609585175,372.60383291386165,0.004672607335291636,0.1702819611708868,4.512205903379105,0.03894404878112988,0.03782164517546225,0.015152598073017162,0.12812027642487656
200,7Networks_LH_Default_pCunPCC_11,7networks_lh_default_pcunpcc,7Networks_LH_Default_pCunPCC,default,precuneus posterior cingulate cortex,L,-0.33666519074998025,281.73591352835456,0.3393996697173266,-0.001406977038218793,0.07888653524749945,-6.802224894116611,396.87618234743957,0.0010103054965999588,0.22262937634280122,14.833485129264545,0.00035435714450442613,0.5035537583387787,0.004777903077670638,0.006994701895869977
201,7Networks_RH_Vis_1,7networks_rh_vis,7Networks_RH_Vis,visual,visual,R,1.5039226886638253,160.25379582005064,0.004116322486066565,0.1415658889316712,0.0007971139831108587,1.4385910318479134,161.41723794622425,0.017043263025139647,0.12331182750997471,0.0005625994099995595,0.9811770274952304,0.018321670673276672,0.039884749553677316,0.9928637713268276
202,7Networks_RH_Vis_2,7networks_rh_vis,7Networks_RH_Vis,visual,visual,R,1.909189788034218,100.96378188886273,0.0024831875659724932,0.15804691584953345,0.11978379603581646,-7.908319402040412,275.7963871295877,8.013011731542023e-05,0.3021024728828383,10.907853902508277,0.0018354982300144923,0.012958243160362207,0.000826797119572745,0.018518137698368436
203,7Networks_RH_Vis_3,7networks_rh_vis,7Networks_RH_Vis,visual,visual,R,1.189582603915491,151.87764529881633,0.023280333415921856,0.08399376338520492,0.021128167803978387,-0.5420871915797765,182.7156446224326,0.06469217029518266,0.07211069784647683,0.3852853518893466,0.5377866602260207,0.06873657932348222,0.10788188217335778,0.6936225674506062
204,7Networks_RH_Vis_4,7networks_rh_vis,7Networks_RH_Vis,visual,visual,R,1.3803057449320533,162.0777106701724,0.0024254614631998074,0.15880930756233624,0.050534625630647534,-2.7615245189670095,235.8364371946597,0.002210112274518988,0.19629887389370348,3.2390153820285117,0.07832475974295977,0.012804180282473402,0.008631263910261883,0.1961368807569031
205,7Networks_RH_Vis_5,7networks_rh_vis,7Networks_RH_Vis,visual,visual,R,1.0257408201938585,177.3547980801797,0.02331593219342789,0.08394261334810627,0.005461463351940921,0.5781179494602053,185.32617566084147,0.0771414728951676,0.0651352767310438,0.03434995978634402,0.8537619032482975,0.06873657932348222,0.12331770667044398,0.9077468479501805
206,7Networks_RH_Vis_6,7networks_rh_vis,7Networks_RH_Vis,visual,visual,R,1.4879914359975248,174.61511237364806,0.0012702002224527626,0.17960175966232728,0.01534746545625773,0.23010941733032375,197.01578306834853,0.005119426991402647,0.1670512520753712,0.27675698453850206,0.6013084512564253,0.00763160685079914,0.016253285692984627,0.7438529614997741
207,7Networks_RH_Vis_7,7networks_rh_vis,7Networks_RH_Vis,visual,visual,R,-0.7965478535488995,256.6363023342004,0.13546888329809106,0.025953193395007457,-0.04194415769995863,2.6412055598273962,195.41594859687916,0.1623102300738704,0.035069754024923516,1.4534990089296895,0.23400200537108315,0.2573341967252441,0.2253481481759546,0.411770970691751
208,7Networks_RH_Vis_8,7networks_rh_vis,7Networks_RH_Vis,visual,visual,R,-0.3000966636431164,204.9065357503972,0.5927439873026065,-0.014703984445861185,0.13236881271216042,-11.149076895429442,398.10782962297276,0.0006316234162243254,0.23801309458057118,16.919459648183423,0.00015566581951036387,0.7454453469124193,0.0034137741781648063,0.0051306924346349505
209,7Networks_RH_Vis_9,7networks_rh_vis,7Networks_RH_Vis,visual,visual,R,-0.36482201264907355,230.38042723459313,0.3419310517937304,-0.00160767868548084,-0.0021843680950137945,-0.1857906698712668,227.1921932873071,0.6373440404863578,-0.022759938663474033,0.007285639022533186,0.9323409799689538,0.5056569951607609,0.6989231748328658,0.9620063747861478
210,7Networks_RH_Vis_10,7networks_rh_vis,7Networks_RH_Vis,visual,visual,R,-0.0887631102313935,225.15090211626574,0.8609319409765396,-0.020173999778900997,0.05702771054216757,-4.762768199945123,308.386728120809,0.2296074934532052,0.020721680989557067,3.0045299061349495,0.08958886758971389,0.9284159173476223,0.30021715684491157,0.21407024150384268
211,7Networks_RH_Vis_11,7networks_rh_vis,7Networks_RH_Vis,visual,visual,R,2.186538387012453,133.60079213283692,4.186708572814259e-05,0.2829547401255549,0.013810916048444699,1.0545923332373164,153.75876435796613,0.0002269746521249194,0.2704863391929758,0.17961338228852072,0.6736390962603873,0.0005759896036538405,0.0016892867551592363,0.7821794110031095
212,7Networks_RH_Vis_12,7networks_rh_vis,7Networks_RH_Vis,visual,visual,R,1.5151702668442804,154.7760517727273,0.0009135290209861941,0.1900613937904091,0.03386698281792974,-1.2605759196908437,204.20721887258287,0.002161124672620648,0.19706508708230253,1.4186855903292226,0.23960044560612376,0.005760307993440723,0.008531744359737166,0.4167762540428359
213,7Networks_RH_Vis_13,7networks_rh_vis,7Networks_RH_Vis,visual,visual,R,-0.4988502279274889,199.74358434346692,0.2617529442102438,0.005876284791824227,-0.005957956155649535,-0.010534685692782375,191.04754171437074,0.5255304161667973,-0.014398899054381742,0.040605401361236144,0.8411711212142584,0.4184360446177841,0.5935094749744427,0.9001054810038812
214,7Networks_RH_Vis_14,7networks_rh_vis,7Networks_RH_Vis,visual,visual,R,0.12141413688803482,208.2533107115392,0.7282725098966703,-0.01824270460839017,-0.031179379891577486,2.6768837309128752,162.74488305572356,0.3809835035432172,-0.0006090859636844748,1.8458984700610608,0.18074642035286087,0.843458468094613,0.45758336139846717,0.353702046724995
215,7Networks_RH_Vis_15,7networks_rh_vis,7Networks_RH_Vis,visual,visual,R,1.4083788939173374,144.38899370421996,0.006153979347544231,0.1283286210659036,-0.01674360228148511,2.780688627900826,119.9505662635725,0.02148342036258799,0.11463183964619761,0.2574326279328148,0.6142621257128061,0.025399151125318917,0.047811141395171314,0.7496639921333709
216,7Networks_RH_Vis_16,7networks_rh_vis,7Networks_RH_Vis,visual,visual,R,1.2969432759235535,187.63811982379178,0.016285829244030936,0.09595082481080897,-0.05321922562923309,5.65880401163974,109.96103683277735,0.017677183222301794,0.12194836772562234,2.4211943968246032,0.12641238632373747,0.051345600533264195,0.04022970186615332,0.27459915498075027
217,7Networks_RH_Vis_17,7networks_rh_vis,7Networks_RH_Vis,visual,visual,R,0.6156773904576727,187.08587329029837,0.0977916157217907,0.036404775372031684,-0.067509700522415,6.148788940035141,88.55086929171182,0.004180261959659129,0.17420387806233684,9.009673033598903,0.0042900626013266515,0.19909145084167254,0.01406082978027561,0.03252012815949154
218,7Networks_RH_Vis_18,7networks_rh_vis,7Networks_RH_Vis,visual,visual,R,1.1827258575007482,199.9329733555907,0.0075156348231304,0.12171321617777087,0.03356970379936475,-1.5686552680380785,248.93024148898152,0.01445248567223031,0.12944161083895223,1.4261206925984677,0.2383909252407515,0.029163232561548732,0.035276497285981506,0.4167762540428359
219,7Networks_RH_Vis_19,7networks_rh_vis,7Networks_RH_Vis,visual,visual,R,2.2832636555102708,140.61793991848305,1.3265736204974288e-05,0.3151994242719868,-0.018681219401201432,3.8143809620470073,113.35142837789849,7.071775427186359e-05,0.3058035124777374,0.35032260429076234,0.5567671414799051,0.00024090576948233307,0.0007466479171959551,0.7120345978362731
220,7Networks_RH_Vis_20,7networks_rh_vis,7Networks_RH_Vis,visual,visual,R,-0.5865777117506137,202.78465149944589,0.21381086214684245,0.011842738965103461,-0.0797477128935414,5.949564321898815,86.38743527665686,0.014334376253810817,0.1297455431408875,7.5030802839701405,0.008675646415463536,0.3559848516219939,0.0351773341580006,0.04803345698317616
221,7Networks_RH_Vis_21,7networks_rh_vis,7Networks_RH_Vis,visual,visual,R,0.9620279287973945,163.72242173600074,0.023759649335062916,0.0833115344514701,-0.0345207939438911,3.791360634963235,113.33697278609296,0.036294560761834946,0.0946533820146419,1.6013262459009385,0.2119529570197867,0.06914667178281131,0.07071987375911187,0.3895815485302962
222,7Networks_RH_Vis_22,7networks_rh_vis,7Networks_RH_Vis,visual,visual,R,0.18301396029777894,219.90944700299525,0.6682730469450495,-0.016894773534910312,-0.012746808314125141,1.2277454841729831,201.30461246096385,0.8265449592637235,-0.03413597603979146,0.19973993806551266,0.6569835898498946,0.8005170535964445,0.8653919352943467,0.7767462234162816
223,7Networks_RH_Vis_23,7networks_rh_vis,7Networks_RH_Vis,visual,visual,R,1.148491670388906,180.01904326156432,0.014095568858855658,0.10077821133307951,0.025904533100149008,-0.9746501917979682,217.82847291170958,0.035159068816275174,0.09587709528544541,0.7397991256944116,0.3940915291366338,0.047054325455297565,0.06893377690259701,0.5730452416820273
224,7Networks_RH_Vis_24,7networks_rh_vis,7Networks_RH_Vis,visual,visual,R,1.2057377679810548,216.8135661276201,0.00195410415925502,0.16579317689976125,0.010562099838687888,0.3400654845464288,232.22966991396356,0.00794247448090648,0.15133822701541422,0.182433312615753,0.6712407768712887,0.010688714316888904,0.022396791393363615,0.7813931094860642
225,7Networks_RH_Vis_25,7networks_rh_vis,7Networks_RH_Vis,visual,visual,R,1.4349277061143635,187.3721938626028,0.0007689056707746312,0.1954922954431939,-0.006744450975782912,1.987704555972826,177.52820849865617,0.0035963082347741206,0.17947440440007045,0.06296796322634751,0.8029588215631056,0.005210196634801232,0.012755655770214458,0.8721131698316984
226,7Networks_RH_Vis_26,7networks_rh_vis,7Networks_RH_Vis,visual,visual,R,-0.032033415231839335,228.88974053173777,0.952881270762334,-0.020758303577131487,0.09067350667717641,-7.4636561769056495,361.2338966139406,0.03522607101630508,0.09580384397237907,7.187797907654017,0.010092169420032542,0.969973311493497,0.06893377690259701,0.05272751409733059
227,7Networks_RH_Vis_27,7networks_rh_vis,7Networks_RH_Vis,visual,visual,R,-1.2895896580979898,288.60608368045445,0.03184345738464549,0.0735123539942738,0.10052744508520448,-9.528843619323325,435.33273372905245,0.0030091693847894632,0.18567441698882714,7.611334748726295,0.00823931088491372,0.08407071316396306,0.011017442747535616,0.046304031687318156
228,7Networks_RH_Vis_28,7networks_rh_vis,7Networks_RH_Vis,visual,visual,R,0.9150278064294382,219.83870998537424,0.00351212558365949,0.14676192980119518,0.005353024417313196,0.4762926172729607,227.6518135583827,0.014264190166037553,0.1299272915755122,0.07126999041723474,0.7906644812829933,0.01643819603073617,0.0351773341580006,0.8667445253616506
229,7Networks_RH_Vis_29,7networks_rh_vis,7Networks_RH_Vis,visual,visual,R,1.8288901462176008,132.37359090994315,0.00018844186421012533,0.23877405366837268,-0.07598952670545789,8.057010321647649,21.46170328741053,3.5744495628475275e-05,0.3256690695089215,7.1853321147657665,0.010104171203673483,0.0018733150600326676,0.0004636571718665078,0.05272751409733059
230,7Networks_RH_Vis_30,7networks_rh_vis,7Networks_RH_Vis,visual,visual,R,0.9643552360798937,179.21274730691846,0.032990171043396244,0.07232955458284862,0.04923246202330392,-3.0707493804014128,251.07087739469304,0.02530328829723515,0.10844465982749041,2.944383005330194,0.09276235036070682,0.08607780260748216,0.053964199263177685,0.21683899776731383
231,7Networks_RH_SomMot_1,7networks_rh_sommot,7Networks_RH_SomMot,somatomotor,somatomotor,R,-0.7190993206207557,310.555238582564,0.057210436668229114,0.053995018585561105,0.06374954359898449,-5.944027490028086,403.6020375584853,0.00482588462339194,0.1691415753796499,7.652197970601045,0.008080715256788334,0.1340343475911189,0.01553866396468043,0.046304031687318156
232,7Networks_RH_SomMot_2,7networks_rh_sommot,7Networks_RH_SomMot,somatomotor,somatomotor,R,0.8329881173228513,210.17715112170222,0.07875835031018702,0.043460493836921965,0.03171723234151769,-1.7665639949133176,256.4706110454026,0.12869986009531004,0.04455008219313328,1.0547388618947202,0.30967491392967667,0.16946109498021283,0.18787696618415034,0.4878026179447127
233,7Networks_RH_SomMot_3,7networks_rh_sommot,7Networks_RH_SomMot,somatomotor,somatomotor,R,-0.35524467784044367,244.7880240801387,0.45741955758780983,-0.00903532933126705,0.03566859697571942,-3.2786516009394333,296.848769697865,0.4043356237755409,-0.0031452923153030277,1.2818353222928818,0.2633013643208333,0.6182653220917452,0.47929079162949234,0.44273636815429007
234,7Networks_RH_SomMot_4,7networks_rh_sommot,7Networks_RH_SomMot,somatomotor,somatomotor,R,-0.204965960380723,289.38757871255734,0.5576985185840602,-0.013473808296010414,0.003077628290447637,-0.45720912702784666,293.87958672856973,0.8363565900407093,-0.034655407830479046,0.017337782260866474,0.8958049871158398,0.7092300488435948,0.8688922010949245,0.9370863229276296
235,7Networks_RH_SomMot_5,7networks_rh_sommot,7Networks_RH_SomMot,somatomotor,somatomotor,R,0.855143358043251,231.92642072521323,0.039762207992416025,0.06609393501951577,0.044339976051345875,-2.7789719127869237,296.6436344546067,0.03159375244768755,0.0999814407330607,2.807296369060462,0.10047788491903685,0.0997350410417507,0.06374917160555621,0.23038868562243803
236,7Networks_RH_SomMot_6,7networks_rh_sommot,7Networks_RH_SomMot,somatomotor,somatomotor,R,0.6240562372119935,249.65881124879957,0.12752922559670396,0.027871203839095138,0.06404596788959108,-4.6251669394793495,343.1382616575405,0.016207056204456723,0.12518661466720793,6.339584187972207,0.015272965164461038,0.24956150181423967,0.038523578622111795,0.06480304845481599
237,7Networks_RH_SomMot_7,7networks_rh_sommot,7Networks_RH_SomMot,somatomotor,somatomotor,R,-0.18225154881919448,242.88305669088555,0.696838967171261,-0.017576764429861003,0.09654386196252482,-8.09501006399407,383.79539596807774,0.004581595172408962,0.1709761623712337,11.917105245537407,0.0011866713317617169,0.8260179924171084,0.015072784117925137,0.01409191988242104
238,7Networks_RH_SomMot_8,7networks_rh_sommot,7Networks_RH_SomMot,somatomotor,somatomotor,R,1.0173448604481097,189.12601444560653,0.0048702024395857165,0.1360424414434651,0.04694896684211308,-2.8306039330525294,257.65122785521163,0.002328625552167372,0.19451045145714563,4.484172433687829,0.03952898022759927,0.0210578276911611,0.00888400000574779,0.12910904333330986
239,7Networks_RH_SomMot_9,7networks_rh_sommot,7Networks_RH_SomMot,somatomotor,somatomotor,R,1.1782479294320845,219.528001292812,0.00774337919029621,0.12072338298238172,0.02985099038621275,-1.2683465361651933,263.097554028282,0.017225285569240165,0.12291542262127908,1.1199632343114891,0.2953353005292673,0.029792323325376943,0.040103998197102746,0.4719120430423642
240,7Networks_RH_SomMot_10,7networks_rh_sommot,7Networks_RH_SomMot,somatomotor,somatomotor,R,-0.10167597155132313,252.50940904391632,0.8259730854595984,-0.0197949820454979,0.059259560962405505,-4.958604067019545,339.00277268202325,0.14517440990379252,0.03964020612533348,3.9706460541102513,0.05212510885244963,0.9079704135560719,0.20661185610132227,0.15073120649052313
241,7Networks_RH_SomMot_11,7networks_rh_sommot,7Networks_RH_SomMot,somatomotor,somatomotor,R,0.7394691899933967,228.94010315868672,0.05301353719059314,0.05652108807334355,0.01147436149646816,-0.20097228180735094,245.68771494168138,0.1413474644938708,0.04073131876242386,0.20990965122895414,0.6489495968869432,0.12734468721973166,0.2024345390543134,0.77350702936912
242,7Networks_RH_SomMot_12,7networks_rh_sommot,7Networks_RH_SomMot,somatomotor,somatomotor,R,0.9976508598522251,186.5175962257622,0.01272886779254652,0.10418353874911213,-0.0227754051269847,2.864328628813544,153.27534188467254,0.03148731518180746,0.10011067494637105,0.7827538819621884,0.3808041100431858,0.043456981022692784,0.06374917160555621,0.5631435373277079
243,7Networks_RH_SomMot_13,7networks_rh_sommot,7Networks_RH_SomMot,somatomotor,somatomotor,R,-0.7322769655568329,259.606673146995,0.18224305185377138,0.016694110957351738,0.02747791660862678,-2.9843737245259963,299.71256314431065,0.3115046240362131,0.007927251910458843,0.5758282494290681,0.45174107774322936,0.3206912617891946,0.3864019106897288,0.6271879183346364
244,7Networks_RH_SomMot_14,7networks_rh_sommot,7Networks_RH_SomMot,somatomotor,somatomotor,R,0.14314484213267686,221.4352882598085,0.7257556384348728,-0.01819252966587781,-0.01235194659989669,1.1555134034324865,203.4067812720294,0.8493269743494327,-0.03533318266041885,0.2053269831226688,0.6525400710316585,0.8431036730511628,0.8783472582110307,0.77350702936912
245,7Networks_RH_SomMot_15,7networks_rh_sommot,7Networks_RH_SomMot,somatomotor,somatomotor,R,-2.0626585800524464,262.15387210750083,3.463307663918634e-05,0.2883669174852477,-0.03947711014298963,1.172895012776741,204.53434223711247,8.810761641075178e-05,0.2992782417861317,1.7474344278639926,0.19259761145682278,0.0005408316912689112,0.0008510820819251342,0.36433048167248977
246,7Networks_RH_SomMot_16,7networks_rh_sommot,7Networks_RH_SomMot,somatomotor,somatomotor,R,0.7712290769788601,214.5430783271675,0.06068111795196632,0.05204577713818859,0.04421761464797866,-2.8528574233345623,279.0816972579355,0.04425365276984083,0.08698263865244327,2.836733257962508,0.09876211881148975,0.13885939697785343,0.08101273531253118,0.2285081319610391
247,7Networks_RH_SomMot_17,7networks_rh_sommot,7Networks_RH_SomMot,somatomotor,somatomotor,R,-0.019462498110569104,200.01490840401482,0.9656673020911581,-0.020793519627030355,-0.05595132389170701,4.5663216787362035,118.35014199662857,0.16996451628100517,0.03317580573186352,3.6794195186518612,0.06117457036163342,0.9764208355220173,0.23277653031133183,0.17038806714221824
248,7Networks_RH_SomMot_18,7networks_rh_sommot,7Networks_RH_SomMot,somatomotor,somatomotor,R,0.512516827202103,220.1725664836158,0.2889734764774331,0.0030457936589377566,-0.06900487975326128,6.168173631859444,119.45524660523708,0.051062634461217386,0.08140539396658752,5.0945818645819285,0.028688846359930884,0.4508383447448613,0.08892931329120583,0.10052652579046832
249,7Networks_RH_SomMot_19,7networks_rh_sommot,7Networks_RH_SomMot,somatomotor,somatomotor,R,-1.0944707052945515,226.98732124857253,0.013420294469315888,0.10241776984407502,-0.0972601881422214,6.876998078589644,85.02945514435024,6.743652786639496e-05,0.30720554839825576,15.188643323967316,0.0003073323446274321,0.045468758873652336,0.0007289567536034122,0.006717188039933666
250,7Networks_RH_SomMot_20,7networks_rh_sommot,7Networks_RH_SomMot,somatomotor,somatomotor,R,0.2927681591911271,231.1222408059454,0.399022846956131,-0.005662198332801349,-0.007448743457067336,0.903268992896658,220.25029261706302,0.6679039945570495,-0.02480030291814561,0.10360192373020634,0.7489765143949488,0.5619960198237398,0.7202575143204287,0.8313822433626082
251,7Networks_RH_SomMot_21,7networks_rh_sommot,7Networks_RH_SomMot,somatomotor,somatomotor,R,-0.5266086552710645,246.70978011546492,0.11771449563770815,0.030428643956902812,0.014111431558061549,-1.6831850336398233,267.30637518608825,0.2435235835496047,0.018266558580647296,0.4053578360168214,0.5274240418067341,0.2333728428799978,0.31231555630373037,0.6862181227101453
252,7Networks_RH_SomMot_22,7networks_rh_sommot,7Networks_RH_SomMot,somatomotor,somatomotor,R,0.8018310387619114,227.06712704784508,0.03878728143699671,0.06692225323677314,-0.032841210443405544,3.4935046708524986,179.13314456357972,0.05168447129036133,0.08093212282591877,1.7316910502265601,0.1945776381477727,0.09962366987038652,0.0895601143733742,0.3665487457223602
253,7Networks_RH_SomMot_23,7networks_rh_sommot,7Networks_RH_SomMot,somatomotor,somatomotor,R,0.27614303348022284,185.91563349875736,0.4719912364293618,-0.009776731498936542,0.005621448613476909,-0.18459226837838472,194.12052046048797,0.7558250357049658,-0.030207386124871505,0.04808348760372876,0.8273818779731358,0.6283988895569803,0.7998707837064207,0.8922360394294624
254,7Networks_RH_SomMot_24,7networks_rh_sommot,7Networks_RH_SomMot,somatomotor,somatomotor,R,0.1676188806547172,267.32968999062587,0.6103815230552687,-0.015269340615153837,-0.057923938633617694,4.915079043720846,182.78575807105804,0.02073508505863024,0.1159665816708334,8.12566305653149,0.006461985042260426,0.7571399220412349,0.0463730473725031,0.039645151475489644
255,7Networks_RH_SomMot_25,7networks_rh_sommot,7Networks_RH_SomMot,somatomotor,somatomotor,R,0.9589132986729445,218.0919395738472,0.019705775459603895,0.08957369624444167,0.023730000580017674,-0.9860033468567071,252.7274909678582,0.04567258167856819,0.08575564277643011,0.7995431254056559,0.37578620608713365,0.06004310106483334,0.08181466842974236,0.5593670084051104
256,7Networks_RH_SomMot_26,7networks_rh_sommot,7Networks_RH_SomMot,somatomotor,somatomotor,R,-0.37685153110417646,234.91136668070465,0.3951267556989533,-0.005411625704317302,0.05961797541571906,-5.263155362738013,321.9278606144153,0.08350333195389006,0.06197745278092104,4.448398737195785,0.04028930658776531,0.56058608464789,0.1302766759692993,0.12939403552582754
257,7Networks_RH_SomMot_27,7networks_rh_sommot,7Networks_RH_SomMot,somatomotor,somatomotor,R,-0.3185343637942393,223.59160595479105,0.5227942203039504,-0.012094968731520384,-0.04453392211527479,3.331476773822912,158.5913147411685,0.32866995553165246,0.00566021140458195,1.8571000138059266,0.17945402016169545,0.6840016599942176,0.40437983688718215,0.353702046724995
258,7Networks_RH_SomMot_28,7networks_rh_sommot,7Networks_RH_SomMot,somatomotor,somatomotor,R,-1.1002531719211182,253.45093734161551,0.006372271508467804,0.12717659260334735,-0.041600551081349885,2.309338159040017,192.732100857023,0.006734085325823627,0.157277583925714,2.714500001322194,0.10611060007951283,0.026063164548147593,0.019473087502700166,0.2382604073539395
259,7Networks_RH_SomMot_29,7networks_rh_sommot,7Networks_RH_SomMot,somatomotor,somatomotor,R,0.5463903434828801,230.96283539361835,0.2100630012412122,0.012374240550692694,0.027010069559813332,-1.6673615570556741,270.38587077198616,0.2963735703665608,0.010027100368023456,0.8861961485915398,0.3513238046782585,0.35221344542737537,0.3696527498527984,0.5334481850298641
260,7Networks_RH_SomMot_30,7networks_rh_sommot,7Networks_RH_SomMot,somatomotor,somatomotor,R,-0.5179268351528572,264.1823227544785,0.165150011446257,0.019736001232168898,0.014011545944817183,-1.6663165642548758,284.63312797232095,0.3282905029421449,0.005709088412923946,0.3228422311041259,0.5726093180683423,0.3010807638721459,0.40437983688718215,0.7221239733417428
261,7Networks_RH_SomMot_31,7networks_rh_sommot,7Networks_RH_SomMot,somatomotor,somatomotor,R,-1.4948208090539015,266.01613746187365,0.002727527528041422,0.15500067468415335,0.07586687070970186,-7.712888069102853,376.74900030813103,0.0005722704767799795,0.24120613462397322,6.453209713366366,0.014438823246822673,0.013607664810228634,0.003330907646898855,0.06243072146721423
262,7Networks_RH_SomMot_32,7networks_rh_sommot,7Networks_RH_SomMot,somatomotor,somatomotor,R,-1.0852973534022157,246.03960970732595,0.019074637023150865,0.09066310270217293,0.02274642359456927,-2.949599788885484,279.23956352877855,0.049548425813990014,0.08258132184631606,0.5771554576784669,0.4512233834481908,0.05851273789534117,0.08685322517201338,0.6271879183346364
263,7Networks_RH_SomMot_33,7networks_rh_sommot,7Networks_RH_SomMot,somatomotor,somatomotor,R,-0.5235058842946096,234.8441548598194,0.2102419464996007,0.012348615197229629,-0.06551247652862591,4.845912698766783,139.22423525193727,0.023737080845898477,0.1108654850310552,6.318441329643808,0.015433778420487394,0.35221344542737537,0.05156284547386559,0.06487903150834516
264,7Networks_RH_SomMot_34,7networks_rh_sommot,7Networks_RH_SomMot,somatomotor,somatomotor,R,-0.793165455253245,270.483304094199,0.05879196924798669,0.0530921229538911,-0.08986893397298293,6.5725143310024485,139.3134766493792,0.0004184481331120421,0.2512474893266371,13.703072711352966,0.0005612537473345576,0.1361813981560508,0.0026024034579844807,0.009800353895764967
265,7Networks_RH_SomMot_35,7networks_rh_sommot,7Networks_RH_SomMot,somatomotor,somatomotor,R,0.5091470029528846,192.22221969814854,0.28265862073212145,0.003672353977937415,0.023418112808543834,-1.4102072446227343,226.40254965625553,0.4282497292279229,-0.005601142595584863,0.5573515018289077,0.45904763907514556,0.4440381100774503,0.5032271189191155,0.6315382670912609
266,7Networks_RH_SomMot_36,7networks_rh_sommot,7Networks_RH_SomMot,somatomotor,somatomotor,R,-1.044390463565402,216.27995614064488,0.008078327450131168,0.11931850815013245,0.0008049645269020411,-1.1103655528685579,217.45485666994819,0.031087608369939262,0.10059975541331545,0.0010007927225824428,0.974896848192144,0.03056300551966292,0.06349633736038411,0.9928637713268276
267,7Networks_RH_SomMot_37,7networks_rh_sommot,7Networks_RH_SomMot,somatomotor,somatomotor,R,-1.2590303895678088,214.48360771685682,0.0007193089478751582,0.19758623561420086,-0.03410784489128672,1.5364569113500464,164.70088602295257,0.00118320962058024,0.2173859221937201,2.2143724253989,0.14340990339874776,0.004947973671747301,0.005371771677434289,0.3028283541536348
268,7Networks_RH_SomMot_38,7networks_rh_sommot,7Networks_RH_SomMot,somatomotor,somatomotor,R,-0.8320586653266289,239.46033899005056,0.06191346286978611,0.05138112806935413,0.01631321959392508,-2.169094129081394,263.27059359758476,0.15266184114008158,0.03758285849244991,0.31181926097665513,0.5792166495187535,0.13984433901931786,0.21457732469844285,0.724419721436678
269,7Networks_RH_SomMot_39,7networks_rh_sommot,7Networks_RH_SomMot,somatomotor,somatomotor,R,-1.2857022905511872,232.26755494727234,0.009453779874474377,0.11409475772713784,-0.017943509891508932,0.18495216432534445,206.07778065962611,0.030531046031533518,0.10129088841790423,0.31614610453733083,0.5766049563309147,0.0346130327662207,0.06308129549475977,0.724419721436678
270,7Networks_RH_SomMot_40,7networks_rh_sommot,7Networks_RH_SomMot,somatomotor,somatomotor,R,-0.9418938579081071,230.14756413289257,0.057418367460034245,0.053874857452728686,-0.026388999170974606,1.220954961814238,191.63102326974,0.12046824952839727,0.04723363335315267,0.6654177058101387,0.4187687296862811,0.1340343475911189,0.1769986578831468,0.5978647901810428
271,7Networks_RH_DorsAttn_Post_1,7networks_rh_dorsattn_post,7Networks_RH_DorsAttn_Post,dorsal attention,posterior,R,0.6051425502682974,207.1574045856528,0.16016457346178764,0.02068979601118437,0.06839203585426545,-5.0002854186899555,306.9802370707986,0.017722335623856087,0.12185304652777906,6.529639436311229,0.013905178245887415,0.29439156417672707,0.04022970186615332,0.06129078566633871
272,7Networks_RH_DorsAttn_Post_2,7networks_rh_dorsattn_post,7Networks_RH_DorsAttn_Post,dorsal attention,posterior,R,-1.338851590946446,251.13559129303968,0.030554681926411302,0.07489400826654435,-0.02574249868872827,0.7710098912904346,213.56266189772452,0.0806761405502828,0.06335129376680682,0.4084758861029606,0.525846870085521,0.08208180825201616,0.12736461672777957,0.6862181227101453
273,7Networks_RH_DorsAttn_Post_3,7networks_rh_dorsattn_post,7Networks_RH_DorsAttn_Post,dorsal attention,posterior,R,1.1569689481109968,181.87734769321648,0.026573121033438795,0.07956552613793322,-0.07577904889325723,7.367838310626691,71.27266676699959,0.00640810032325607,0.15905507479523162,5.537156026741302,0.022852758414652844,0.07447035153815564,0.019014885926524547,0.08574506049795363
274,7Networks_RH_DorsAttn_Post_4,7networks_rh_dorsattn_post,7Networks_RH_DorsAttn_Post,dorsal attention,posterior,R,-0.259227959406108,208.14812199473465,0.5528289350420436,-0.013291011257905216,-0.04086080761392652,3.0897338162222043,148.508991462864,0.30909777113509074,0.008254647075018329,2.0427995421709455,0.15954131575237673,0.7069981310115149,0.38446681669953753,0.32335605960526353
275,7Networks_RH_DorsAttn_Post_5,7networks_rh_dorsattn_post,7Networks_RH_DorsAttn_Post,dorsal attention,posterior,R,0.36971173954649483,169.1395030537529,0.4247670965214423,-0.00723383890154583,0.0833224382584683,-6.45941565843094,290.7542743153143,0.014150181815222138,0.13022435177144676,8.585856382322948,0.005214662815541694,0.5879398226241915,0.03514398060305905,0.03619218881433995
276,7Networks_RH_DorsAttn_Post_6,7networks_rh_dorsattn_post,7Networks_RH_DorsAttn_Post,dorsal attention,posterior,R,-0.3566067889473912,249.3104628487322,0.28629737874824507,0.0033092217088619424,-0.022656617949243507,1.5003351539028174,216.24158648063116,0.3376460423060057,0.00451949149489328,1.058356692304049,0.30885571182941773,0.44820348259208026,0.4131841056790474,0.4878026179447127
277,7Networks_RH_DorsAttn_Post_7,7networks_rh_dorsattn_post,7Networks_RH_DorsAttn_Post,dorsal attention,posterior,R,-0.7136675776853636,190.3831565473589,0.06715877564115783,0.048696956467304986,-0.06806531786072613,4.864982504695023,91.03719121686657,0.004212054735941592,0.17393758880125976,8.277356130157498,0.0060191383559211505,0.1494611967700277,0.01406082978027561,0.038488574839270456
278,7Networks_RH_DorsAttn_Post_8,7networks_rh_dorsattn_post,7Networks_RH_DorsAttn_Post,dorsal attention,posterior,R,-0.637660567226555,259.5008221239077,0.1114187786874348,0.03219265617320033,0.04236586415198948,-4.109977144447335,321.33668513789985,0.07654851689393478,0.06544219210848201,2.7077356921282973,0.10653493985209188,0.2225861225239763,0.12330455023763442,0.2382604073539395
279,7Networks_RH_DorsAttn_Post_9,7networks_rh_dorsattn_post,7Networks_RH_DorsAttn_Post,dorsal attention,posterior,R,1.49214341182397,159.59456704192712,0.0038156154311671576,0.1440511489339018,-0.035596134818863895,4.409611318842453,107.63958487538045,0.008849585810300122,0.1474237292489835,1.189876097514807,0.28091531377309203,0.01749787278535242,0.02434537283722356,0.4581827243825794
280,7Networks_RH_DorsAttn_Post_10,7networks_rh_dorsattn_post,7Networks_RH_DorsAttn_Post,dorsal attention,posterior,R,0.10813767949839281,197.5531067998757,0.822148578024479,-0.01974808198929945,-0.0005378854325666926,0.15222290097411317,196.76802639159823,0.9751776830895527,-0.04143867338825569,0.00027873579672715745,0.9867503035844438,0.9059598408327998,0.9882380984880734,0.9928637713268276
281,7Networks_RH_DorsAttn_Post_11,7networks_rh_dorsattn_post,7Networks_RH_DorsAttn_Post,dorsal attention,posterior,R,0.31495254527774463,207.66954287798933,0.4188407869850149,-0.006884531136149397,0.05010989765059304,-3.7920669096015267,280.80834999994386,0.10467749707451507,0.052913048522758466,4.030644461050376,0.0504492667668729,0.5815098388109993,0.1575156775591095,0.14969913145202807
282,7Networks_RH_DorsAttn_Post_12,7networks_rh_dorsattn_post,7Networks_RH_DorsAttn_Post,dorsal attention,posterior,R,0.18536032586934548,203.4769459398272,0.7059506160669818,-0.017778698908798907,0.033125367103899406,-2.5296028555435974,251.82567441557453,0.5580474765538276,-0.016993719614309066,1.0370493990364198,0.31372232090049473,0.8303149733015798,0.622490305541616,0.4911377023752573
283,7Networks_RH_DorsAttn_Post_13,7networks_rh_dorsattn_post,7Networks_RH_DorsAttn_Post,dorsal attention,posterior,R,0.9719193334554479,199.0941434011153,0.02359098650521881,0.08355001586165967,0.024984134779490463,-1.0757864574877516,235.56018904119082,0.053042455652906294,0.07991725345853962,0.8104816159142019,0.37256775541490317,0.06909876047335058,0.09121695025158885,0.5564005294683093
284,7Networks_RH_DorsAttn_Post_14,7networks_rh_dorsattn_post,7Networks_RH_DorsAttn_Post,dorsal attention,posterior,R,-1.0223753595252383,248.74754109328967,0.025499554362382236,0.08094583279638734,-0.008816958333025204,-0.2997353002879226,235.87859014435617,0.08111978821876496,0.0631326881840043,0.0873510788448633,0.7688739387472221,0.07327087139570593,0.12743385415681419,0.8493157376915786
285,7Networks_RH_DorsAttn_Post_15,7networks_rh_dorsattn_post,7Networks_RH_DorsAttn_Post,dorsal attention,posterior,R,1.5197987246047737,164.26893561096713,0.000895796523186408,0.19068041318829776,-0.01817402425933548,3.0093461933903196,137.74270990997385,0.003500350046133776,0.18041815883497314,0.39897618002447605,0.5306788601834791,0.005760307993440723,0.012513062369643578,0.6883662929237129
286,7Networks_RH_DorsAttn_Post_16,7networks_rh_dorsattn_post,7Networks_RH_DorsAttn_Post,dorsal attention,posterior,R,0.5674457576891161,201.74383156522993,0.19966380496928737,0.013908158036140206,0.05910086404434625,-4.27647549960032,288.00556624728347,0.053452469528054096,0.07961572246321313,4.426789406855602,0.04075627110174744,0.3415802988788094,0.09123090663810737,0.12939403552582754
287,7Networks_RH_DorsAttn_Post_17,7networks_rh_dorsattn_post,7Networks_RH_DorsAttn_Post,dorsal attention,posterior,R,0.7522529284435939,203.30245479482073,0.1319798864130872,0.026780626967478405,-0.05295497306601582,5.092455459513216,126.01106641023671,0.08697967178569556,0.06034795528271675,2.714711065856536,0.10609739032625815,0.25282222966895185,0.13523551709145817,0.2382604073539395
288,7Networks_RH_DorsAttn_Post_18,7networks_rh_dorsattn_post,7Networks_RH_DorsAttn_Post,dorsal attention,posterior,R,1.6717616779294113,137.06960321687848,0.00033979803705168636,0.22085519216933336,-0.0034192111634043787,1.9520010603037985,132.07903174269123,0.0017362218757325915,0.20451020141287157,0.013740267061093476,0.9071860897641835,0.0031483328330911345,0.0071013038881315,0.9446387264975672
289,7Networks_RH_DorsAttn_Post_19,7networks_rh_dorsattn_post,7Networks_RH_DorsAttn_Post,dorsal attention,posterior,R,1.0665287113021642,155.2289077713458,0.02913791459565369,0.0764822316443714,-0.029815540562284,3.5102177006689033,111.71109646733578,0.06115661434259263,0.07432716889866309,0.8882510015218676,0.3507711659669738,0.07874174539539748,0.1024542542861146,0.5334481850298641
290,7Networks_RH_DorsAttn_FEF_1,7networks_rh_dorsattn_fef,7Networks_RH_DorsAttn_FEF,dorsal attention,frontal eye fields,R,-1.7106282983482322,290.172993497423,0.0006762509825682933,0.1995211128079286,0.07619161670294555,-7.955311819349166,401.3798452296505,0.00015093020494497922,0.2830432591038522,6.591778127636089,0.01348682368632073,0.004723353016707772,0.0012236127329467957,0.061230179535896115
291,7Networks_RH_DorsAttn_FEF_2,7networks_rh_dorsattn_fef,7Networks_RH_DorsAttn_FEF,dorsal attention,frontal eye fields,R,-1.380105602518491,275.7528307782257,0.0033014205555364977,0.14878231148402687,-0.07272815438219649,4.580711700440434,169.6011380969604,0.0006123195775026592,0.23901886979851794,6.691803156733705,0.012841333757945031,0.015777315075932316,0.0033901596120269185,0.06010273738254685
292,7Networks_RH_DorsAttn_FEF_3,7networks_rh_dorsattn_fef,7Networks_RH_DorsAttn_FEF,dorsal attention,frontal eye fields,R,-1.5040243192573306,210.6047441740383,0.0003878317456134066,0.21679089604128032,0.01770639789565724,-2.955245017019708,236.44843736105966,0.0015796740219483295,0.2077024235671897,0.44939036577585667,0.505905367410765,0.0033415769909053566,0.006702542111818146,0.6735514275791417
293,7Networks_RH_DorsAttn_PrCv_1,7networks_rh_dorsattn_prcv,7Networks_RH_DorsAttn_PrCv,dorsal attention,precentral ventral,R,-0.8662311070361639,273.0609775518575,0.17123903049432762,0.018613599834197858,0.15572018188323059,-13.629095261563231,500.3451844997149,0.00011625496334919691,0.2909629581855284,19.43735718998518,6.0080324184865165e-05,0.3072826871321136,0.0010517854994651949,0.0027276467179928785
294,7Networks_RH_SalVentAttn_TempOccPar_1,7networks_rh_salventattn_tempoccpar,7Networks_RH_SalVentAttn_TempOccPar,salience / ventral attention,temporal occipital parietal,R,-0.4022933900782002,249.9315594144117,0.39983417269398225,-0.0057139408395798785,0.022773649337925306,-2.2688272541390315,283.1712510618313,0.5449565081796973,-0.015966942545119434,0.5155904574680178,0.4762830192855019,0.5619960198237398,0.610889517811315,0.643549079629815
295,7Networks_RH_SalVentAttn_TempOccPar_2,7networks_rh_salventattn_tempoccpar,7Networks_RH_SalVentAttn_TempOccPar,salience / ventral attention,temporal occipital parietal,R,0.6214439078538172,215.8040589093511,0.19667506647464167,0.014366005866516152,0.04513471325848095,-3.077808218652656,281.68124569856997,0.1582685432761215,0.03610460061365828,2.082537118163585,0.15562456061318486,0.3382215158313914,0.22041079339680722,0.31915493118683474
296,7Networks_RH_SalVentAttn_TempOccPar_3,7networks_rh_salventattn_tempoccpar,7Networks_RH_SalVentAttn_TempOccPar,salience / ventral attention,temporal occipital parietal,R,1.798005272440336,141.5136035411763,0.0005337889428740865,0.20690412907195788,0.07576942270830389,-4.412075125604458,252.10423439509844,0.00015085895005178122,0.28305766571369495,6.098554770715552,0.017217701640743162,0.003972789837128447,0.0012236127329467957,0.06877298380928187
297,7Networks_RH_SalVentAttn_TempOccPar_4,7networks_rh_salventattn_tempoccpar,7Networks_RH_SalVentAttn_TempOccPar,salience / ventral attention,temporal occipital parietal,R,-0.3492338368429202,250.98187886134468,0.39854742710865154,-0.0056318086918067944,0.04590396789075826,-4.111534260964119,317.9818451575198,0.16910484860804,0.03338440162910983,2.9374590049657083,0.09313569287362598,0.5619960198237398,0.232647276569849,0.21683899776731383
298,7Networks_RH_SalVentAttn_TempOccPar_5,7networks_rh_salventattn_tempoccpar,7Networks_RH_SalVentAttn_TempOccPar,salience / ventral attention,temporal occipital parietal,R,-1.5753511496425086,314.6417604630495,0.00011616000545495772,0.2532270421846007,0.01150759009383881,-2.5185160454025226,331.4378716461206,0.0005812711179970202,0.2407020781961564,0.208218205026724,0.650269247841849,0.00131841606191377,0.0033404694629195846,0.77350702936912
299,7Networks_RH_SalVentAttn_TempOccPar_6,7networks_rh_salventattn_tempoccpar,7Networks_RH_SalVentAttn_TempOccPar,salience / ventral attention,temporal occipital parietal,R,-0.03713228741104535,243.76814508901458,0.920426121257067,-0.02061889811226414,0.0024715171129260916,-0.23969843385635414,247.3754925771549,0.9901843975963156,-0.042115673037215196,0.009855409438039297,0.9213426170474249,0.9628420715454111,0.9967709900415239,0.9535408541272449
300,7Networks_RH_SalVentAttn_TempOccPar_7,7networks_rh_salventattn_tempoccpar,7Networks_RH_SalVentAttn_TempOccPar,salience / ventral attention,temporal occipital parietal,R,0.6891419365199489,206.426160943965,0.1561183028876781,0.02148841173942384,-0.09506736079295203,8.480886055080777,67.66887564452388,0.0029871300891938777,0.18592910508045413,10.695904041808959,0.0020141501676917565,0.28929677351430966,0.011017442747535616,0.019259015671646167
301,7Networks_RH_SalVentAttn_PrC_1,7networks_rh_salventattn_prc,7Networks_RH_SalVentAttn_PrC,salience / ventral attention,precentral,R,-2.0556083911792906,297.0112525031831,0.0001538876484750886,0.2448531103786481,-0.03601321881899519,0.8960438223968472,244.44750784320473,0.0004698902928111043,0.24754410190662435,1.171661347422693,0.28458245358119383,0.0016634522001831007,0.0028444025724832177,0.45978802108847683
302,7Networks_RH_SalVentAttn_FrOperIns_1,7networks_rh_salventattn_froperins,7Networks_RH_SalVentAttn_FrOperIns,salience / ventral attention,frontal operculum insula,R,-1.613431504716627,305.7436645396672,2.127649770668505e-06,0.36386322699529483,0.021705463444425838,-3.3924165919545466,337.42426615302116,8.284363691369027e-06,0.36634344645963113,1.1878786443902294,0.28131446134597343,5.083963136228954e-05,0.00013930004132894588,0.4581827243825794
303,7Networks_RH_SalVentAttn_FrOperIns_2,7networks_rh_salventattn_froperins,7Networks_RH_SalVentAttn_FrOperIns,salience / ventral attention,frontal operculum insula,R,-1.5678542981987946,317.91321000093535,0.0013955804290100176,0.1765973324307758,-0.10708009758242268,7.208456662719554,161.62251752556432,6.989155860112616e-06,0.370911074096679,15.82629754858656,0.00023858882582035004,0.00812299377910959,0.0001269230704196451,0.006717188039933666
304,7Networks_RH_SalVentAttn_FrOperIns_3,7networks_rh_salventattn_froperins,7Networks_RH_SalVentAttn_FrOperIns,salience / ventral attention,frontal operculum insula,R,-1.842218332470007,355.6775184820623,1.0730442354556739e-06,0.3812331419160955,-0.07417821444448369,4.237446247489652,247.40936441924686,1.3364629512301006e-08,0.5180160691439979,14.621990457812302,0.00038589289054625185,3.0967285796338625e-05,2.022513932861552e-06,0.007299807179499931
305,7Networks_RH_SalVentAttn_FrOperIns_4,7networks_rh_salventattn_froperins,7Networks_RH_SalVentAttn_FrOperIns,salience / ventral attention,frontal operculum insula,R,-0.34855122250465076,292.4115029292435,0.29096665170697394,0.002851555353486468,-0.00823864118244097,0.32668982176957684,280.3866452336398,0.536866363986751,-0.0153205271193384,0.14090187739003587,0.7090748294327673,0.45084935110909957,0.6048072686103845,0.806816973840793
306,7Networks_RH_SalVentAttn_FrOperIns_5,7networks_rh_salventattn_froperins,7Networks_RH_SalVentAttn_FrOperIns,salience / ventral attention,frontal operculum insula,R,-0.7552351926493901,277.3319929166539,0.05756981889926913,0.053787616075946953,-0.0037322288242872537,-0.4493408063088573,271.8845508560447,0.1662898812721241,0.03407462260565808,0.02039670069920473,0.8870452148678478,0.1340343475911189,0.2294699273481591,0.9300658834873047
307,7Networks_RH_SalVentAttn_FrOperIns_6,7networks_rh_salventattn_froperins,7Networks_RH_SalVentAttn_FrOperIns,salience / ventral attention,frontal operculum insula,R,1.3429040532581764,198.59924753755595,0.004545232830874934,0.13831273317513726,0.010795206494645576,0.4581262913459163,214.3555863582597,0.017490690672452316,0.12234455783906917,0.1266818624811499,0.7234901806294854,0.0198416894732425,0.04022970186615332,0.8172134087217104
308,7Networks_RH_SalVentAttn_FrOperIns_7,7networks_rh_salventattn_froperins,7Networks_RH_SalVentAttn_FrOperIns,salience / ventral attention,frontal operculum insula,R,0.44237524672715534,271.98047949686065,0.23745598596899464,0.008721834831708186,0.03946092777457205,-2.791852035232438,329.57639009883746,0.1379428398101163,0.041726064350612435,2.6531838736006708,0.11002817000542327,0.38778783320116395,0.19936287197993194,0.24367214235347395
309,7Networks_RH_SalVentAttn_FrOperIns_8,7networks_rh_salventattn_froperins,7Networks_RH_SalVentAttn_FrOperIns,salience / ventral attention,frontal operculum insula,R,-0.46603076952973765,252.82889718820496,0.43364601135828007,-0.007743902335379804,0.10594878694899182,-9.149619234516797,407.46836477401985,0.015673665983569434,0.1264314897975104,8.372540043694878,0.005757766010264165,0.5968526395682532,0.03785023593904534,0.03734322526657044
310,7Networks_RH_SalVentAttn_PFCl_1,7networks_rh_salventattn_pfcl,7Networks_RH_SalVentAttn_PFCl,salience / ventral attention,lateral prefrontal cortex,R,0.3845990600397746,264.3964848837644,0.3261007402146202,-0.0003193409261219582,0.03166982520042841,-2.2110675513296254,310.62075085754833,0.2938070264702696,0.010393429604631299,1.519613552354159,0.22380867027806833,0.48700571071525517,0.36847621551796245,0.4032673419948873
311,7Networks_RH_SalVentAttn_Med_1,7networks_rh_salventattn_med,7Networks_RH_SalVentAttn_Med,salience / ventral attention,medial,R,-0.5324539480328649,293.54726649644425,0.16579337217629178,0.019615249281290104,-0.024872442430629277,1.506097510707912,257.2442434435859,0.23894896606663693,0.019058468330759526,0.9727552715807793,0.3290443484322879,0.3010807638721459,0.3086302047065003,0.5063936752144362
312,7Networks_RH_SalVentAttn_Med_2,7networks_rh_salventattn_med,7Networks_RH_SalVentAttn_Med,salience / ventral attention,medial,R,-0.06301363157763173,271.43210828592044,0.8463338005445966,-0.020026534558974518,-0.03517219037503588,2.819707685241683,220.09590189743835,0.2565365405948982,0.01608940700551731,2.761913335864788,0.1031893125537147,0.917661732878841,0.32715615008450505,0.2342397394969324
313,7Networks_RH_SalVentAttn_Med_3,7networks_rh_salventattn_med,7Networks_RH_SalVentAttn_Med,salience / ventral attention,medial,R,-0.15871003291610686,238.15159435376495,0.6706497556647797,-0.01695441104462958,-0.08516853401696403,6.821723824487529,113.842320649774,0.0011494523652492046,0.2183492808222659,15.449647307294036,0.000276973289016367,0.8012499712416052,0.005271225998213524,0.006717188039933666
314,7Networks_RH_SalVentAttn_Med_4,7networks_rh_salventattn_med,7Networks_RH_SalVentAttn_Med,salience / ventral attention,medial,R,-0.5331720345745552,267.49738728975626,0.3642609622719093,-0.0032964707598357457,-0.11868842271573124,9.194560090551619,94.26355398312647,0.0040571134852470285,0.17525397944455912,11.391588920961443,0.0014873899649883104,0.5266703085077924,0.0139381022693795,0.015704070793132394
315,7Networks_RH_SalVentAttn_Med_5,7networks_rh_salventattn_med,7Networks_RH_SalVentAttn_Med,salience / ventral attention,medial,R,0.777546693447861,191.69781229508325,0.07761080090270385,0.043941529308638816,0.09274165779918755,-6.823582239500879,327.060575740378,0.0006809566523466086,0.23557065870379645,13.03276446109546,0.0007409157837415019,0.16778716004679786,0.0035534979329351762,0.010990859935268684
316,7Networks_RH_SalVentAttn_Med_6,7networks_rh_salventattn_med,7Networks_RH_SalVentAttn_Med,salience / ventral attention,medial,R,-0.8508514473214812,261.70476817525673,0.04311669419914549,0.06339344934414015,-0.0243575986149219,1.1455032864912233,226.15319472218636,0.08919172836363223,0.05934323556117371,0.7933249736439615,0.377633537009918,0.1058106981968219,0.13773144447989466,0.5602798228839959
317,7Networks_RH_SalVentAttn_Med_7,7networks_rh_salventattn_med,7Networks_RH_SalVentAttn_Med,salience / ventral attention,medial,R,-0.06099622249963277,227.47269935202513,0.9115105715438253,-0.0205679523825828,-0.0630912695574063,5.109979645622962,135.3866961553308,0.217235258919592,0.023027159046984047,3.1418869193722596,0.08278688397619052,0.9610373263940365,0.28922230952931016,0.20316348824427297
318,7Networks_RH_SalVentAttn_Med_8,7networks_rh_salventattn_med,7Networks_RH_SalVentAttn_Med,salience / ventral attention,medial,R,-1.248706847124435,227.31224721883336,0.01778078154729369,0.09301338119820257,-0.026933822481454303,0.9587958242424293,188.00049964225715,0.04550436021081301,0.08589918749382308,0.6264292809520906,0.4326444045957698,0.05494471775602206,0.08181466842974236,0.6081131878838375
319,7Networks_RH_Limbic_OFC_1,7networks_rh_limbic_ofc,7Networks_RH_Limbic_OFC,limbic,orbital frontal cortex,R,-0.010674284477676821,209.12378186316946,0.9795241043947195,-0.020819177507576336,-0.00030304779790671366,0.014163587083027451,208.68146297051368,0.9996150388673595,-0.04253610993874979,0.00011832035481494024,0.9913672106478864,0.981686409260933,0.9996150388673595,0.9928637713268276
320,7Networks_RH_Limbic_OFC_2,7networks_rh_limbic_ofc,7Networks_RH_Limbic_OFC,limbic,orbital frontal cortex,R,0.4023775028415848,248.17049118307622,0.3483067976143681,-0.0021045874983844914,0.010794621259625964,-0.48235229306547467,263.9259758134252,0.6026317447005086,-0.02032548182731886,0.14281967532310821,0.7071952448746364,0.5084607270640615,0.6624571721405107,0.806816973840793
321,7Networks_RH_Limbic_OFC_3,7networks_rh_limbic_ofc,7Networks_RH_Limbic_OFC,limbic,orbital frontal cortex,R,-1.2693692595967958,283.29172832735054,0.0025877980021127176,0.15670839549562754,-0.08452336352216645,5.65818626641763,159.92412488396923,4.3760779311083725e-05,0.3198378202460087,12.512272544836911,0.0009217109324042241,0.013327917820817126,0.000512187710686537,0.012307551862103463
322,7Networks_RH_Limbic_OFC_4,7networks_rh_limbic_ofc,7Networks_RH_Limbic_OFC,limbic,orbital frontal cortex,R,-1.8787721475945465,302.8075473797494,2.2923656210090044e-05,0.3000168061951163,-0.0018180834911106225,-1.7297615804475654,300.15393074865426,0.00014064794028929641,0.28519265890772705,0.00454426124475273,0.9465403643430976,0.00037169071140646,0.0011824845350248254,0.9717952258744664
323,7Networks_RH_Limbic_OFC_5,7networks_rh_limbic_ofc,7Networks_RH_Limbic_OFC,limbic,orbital frontal cortex,R,-0.26419704137706246,256.61859551260494,0.34998920856179383,-0.00223369806539786,-0.018605149347511868,1.2606855449729828,229.46311339425662,0.39678227131485233,-0.002340640636467217,0.994878743609498,0.3236606151288757,0.5092791688687641,0.4753011904404827,0.5032257509195532
324,7Networks_RH_Limbic_OFC_6,7networks_rh_limbic_ofc,7Networks_RH_Limbic_OFC,limbic,orbital frontal cortex,R,-1.6725198005222035,313.4686980587935,7.289620882727152e-05,0.26692815852390794,-0.0509637534481778,2.5044818841513736,239.08363026943204,5.57565024320295e-05,0.31278992025561203,4.203335672754703,0.04594554177909547,0.000894456183988683,0.0006328363026035348,0.14287175320348866
325,7Networks_RH_Limbic_TempPole_1,7networks_rh_limbic_temppole,7Networks_RH_Limbic_TempPole,limbic,temporal pole,R,-0.16481508696288993,153.28087664123268,0.7357845462242601,-0.018389276302640534,-0.0861555271619847,6.896512969760318,27.531019247215625,0.0220995216437518,0.11356595102900613,8.145315457220555,0.006402716428078242,0.8440742322762139,0.048920535769128796,0.039645151475489644
326,7Networks_RH_Limbic_TempPole_2,7networks_rh_limbic_temppole,7Networks_RH_Limbic_TempPole,limbic,temporal pole,R,0.4698559614538689,152.2902563680286,0.3785889054268099,-0.004308015624296502,-0.09677191190652808,8.40130550575924,11.045062671834344,0.012241472967740091,0.13557077270780593,8.76718512974504,0.004795615428987247,0.5388067807641745,0.031540031368161185,0.034558879440638256
327,7Networks_RH_Limbic_TempPole_3,7networks_rh_limbic_temppole,7Networks_RH_Limbic_TempPole,limbic,temporal pole,R,-0.259354246077522,185.47246316349657,0.6300958187414355,-0.0158612998559593,0.02108303188100691,-1.9873246902979078,216.24458353466414,0.7508468070006207,-0.029917729487524136,0.3448907587494063,0.5598305406689348,0.7786259407537437,0.7964589962109387,0.7139411951227427
328,7Networks_RH_Limbic_TempPole_4,7networks_rh_limbic_temppole,7Networks_RH_Limbic_TempPole,limbic,temporal pole,R,0.6602890748401804,151.47290397219638,0.17002875112103702,0.018833112958501985,-0.054339606539774626,5.113976503728916,72.16054876628728,0.08828250029769177,0.05975328854380679,3.0889926060498114,0.08533550200912357,0.30632163892440795,0.13679267964215722,0.20785759603093917
329,7Networks_RH_Limbic_TempPole_5,7networks_rh_limbic_temppole,7Networks_RH_Limbic_TempPole,limbic,temporal pole,R,0.3363288945470462,225.10269705283986,0.4432332593987234,-0.0082773852240845,0.03579447681733214,-2.5973951711269727,277.34717286934824,0.35010529711281324,0.00298332634909404,1.5421315107332232,0.22046223754427505,0.605949674005341,0.4272790454011215,0.4016794188203442
330,7Networks_RH_Limbic_TempPole_6,7networks_rh_limbic_temppole,7Networks_RH_Limbic_TempPole,limbic,temporal pole,R,-0.730400357916777,215.47487086165435,0.06082693954351819,0.05196640879404002,0.012512776198201292,-1.755950552389221,233.738119597496,0.1559486631471991,0.03671007960005768,0.23978878445327403,0.6266365903450443,0.13885939697785343,0.2178482863656258,0.7566303511081119
331,7Networks_RH_Limbic_TempPole_7,7networks_rh_limbic_temppole,7Networks_RH_Limbic_TempPole,limbic,temporal pole,R,-0.5977269188577297,192.00173384668005,0.29405315456913045,0.0025540234126955053,-0.11703538214330021,8.994521597061736,21.180625795145644,0.0028482707435536613,0.18757639864564535,11.931580515849562,0.001179355140325676,0.45408208222580004,0.010686900145234398,0.01409191988242104
332,7Networks_RH_Cont_Par_1,7networks_rh_cont_par,7Networks_RH_Cont_Par,control,parietal,R,0.19154628481118374,242.35510189226258,0.6346002262109378,-0.01599083510669841,0.013362685456669188,-0.9036626801450467,261.8588510529844,0.790697062845398,-0.032186625526973156,0.2468436221247414,0.6216224694869974,0.7807818501348666,0.8328920337164981,0.7546500712796447
333,7Networks_RH_Cont_Par_2,7networks_rh_cont_par,7Networks_RH_Cont_Par,control,parietal,R,0.1357582851231327,233.43257772265073,0.7315536268868543,-0.0183073091874415,-0.05330025378891354,4.504260108604498,155.6372286161542,0.11365488390847991,0.04959112796134246,4.429181985802287,0.040704280646841,0.8440742322762139,0.1691780894899996,0.12939403552582754
334,7Networks_RH_Cont_Par_3,7networks_rh_cont_par,7Networks_RH_Cont_Par,control,parietal,R,1.349990299842522,161.91612894173278,0.010218541484023977,0.11150620068703032,-0.09117672932013526,8.822857312286644,28.83748515254038,0.0007724325657804476,0.2314595024165642,8.491808826108802,0.005447105548409306,0.036332098417079794,0.003896493165159147,0.03636743998496801
335,7Networks_RH_Cont_Par_4,7networks_rh_cont_par,7Networks_RH_Cont_Par,control,parietal,R,-0.2726032979299835,235.46553185287104,0.5965627668642793,-0.01482933906741346,-0.05291792634964691,4.064562875214371,158.2282156729811,0.2594229329967851,0.015620846724239246,2.4848027948737825,0.12165867276541086,0.7461143144803934,0.3289888591635208,0.26682626780433105
336,7Networks_RH_Cont_Par_5,7networks_rh_cont_par,7Networks_RH_Cont_Par,control,parietal,R,-0.0048943745289693474,216.8576888177344,0.9910101175322285,-0.020830605091393783,0.05231541169610629,-4.292678299455499,293.2155938413513,0.1873996491655502,0.029149826740540008,3.471092650556366,0.06870571246206127,0.9910101175322285,0.2539684797646561,0.1823522921880294
337,7Networks_RH_Cont_Par_6,7networks_rh_cont_par,7Networks_RH_Cont_Par,control,parietal,R,2.4413955828567717,123.74354946370545,1.3247333605853405e-05,0.31523757965059573,-0.08824845449410129,9.67426047508875,-5.061077858824092,2.151548051815103e-06,0.4016728744649941,7.934156875106265,0.007070933035983489,0.00024090576948233307,5.141067450126615e-05,0.041690955822552
338,7Networks_RH_Cont_Temp_1,7networks_rh_cont_temp,7Networks_RH_Cont_Temp,control,temporal,R,0.7453583213259845,198.04514070443872,0.08726345553515674,0.04010840438037133,-0.0264885148426367,2.9163634698125893,159.38334994343143,0.15338526024787044,0.037389228922329654,0.8644099713949039,0.35725837485488987,0.18008004005891437,0.21492872886584316,0.5406510072803999
339,7Networks_RH_Cont_Temp_2,7networks_rh_cont_temp,7Networks_RH_Cont_Temp,control,temporal,R,0.04818109672072968,213.61128418627177,0.9198611378195,-0.020615832270130863,-0.056147102995366266,4.650011376738474,131.66076484837905,0.20413045579903355,0.02561049681369787,3.277183599338852,0.07664504719838268,0.9628420715454111,0.2750006733909829,0.19439581803388678
340,7Networks_RH_Cont_PFCv_1,7networks_rh_cont_pfcv,7Networks_RH_Cont_PFCv,control,ventral prefrontal cortex,R,-1.0278816356966582,262.23616682735576,0.06585965091277472,0.04934105306083325,-0.007338446566568985,-0.42642076208539414,251.52520445920933,0.183861197242841,0.029937027518890935,0.03986313009039017,0.8426097564463645,0.1480211956158402,0.25066962026501444,0.9001054810038812
341,7Networks_RH_Cont_PFCl_1,7networks_rh_cont_pfcl,7Networks_RH_Cont_PFCl,control,lateral prefrontal cortex,R,-2.567032227840911,327.7120239718528,8.041742091546708e-09,0.4929928108610193,-0.011801102656318063,-1.5998109707454145,310.48751122139026,6.4274646847543e-08,0.48470330354630087,0.22783058023692804,0.6353493130938772,6.28864566537148e-07,4.168669952683504e-06,0.7630915030280959
342,7Networks_RH_Cont_PFCl_2,7networks_rh_cont_pfcl,7Networks_RH_Cont_PFCl,control,lateral prefrontal cortex,R,-1.6528788205455247,287.88636778528604,0.0005150033168613813,0.20801777323858206,-0.010617743441983601,-0.782645973789073,272.3890483716913,0.0024095033244799736,0.1933393296589383,0.1265654596436446,0.7236118729209859,0.003972789837128447,0.009115954244282567,0.8172134087217104
343,7Networks_RH_Cont_PFCl_3,7networks_rh_cont_pfcl,7Networks_RH_Cont_PFCl,control,lateral prefrontal cortex,R,0.581929928998159,261.9676014600624,0.0408587124082735,0.0651865682548568,-0.0012825170870975622,0.6870453428163774,260.09568045719004,0.12605785840099223,0.045393028133171254,0.004731838504275834,0.9454499127355734,0.10192228260085806,0.18461376681951766,0.9717952258744664
344,7Networks_RH_Cont_PFCl_4,7networks_rh_cont_pfcl,7Networks_RH_Cont_PFCl,control,lateral prefrontal cortex,R,-1.8294643650364097,291.44503049728945,4.1713898288235057e-07,0.4044832439358682,-0.0372665783615513,1.2249135028831057,237.05192225575558,6.230798247898853e-07,0.43240801854722133,3.3615365000649975,0.07307283910935994,1.7216463475326103e-05,2.0205588603900565e-05,0.18822672287546846
345,7Networks_RH_Cont_PFCl_5,7networks_rh_cont_pfcl,7Networks_RH_Cont_PFCl,control,lateral prefrontal cortex,R,-0.4854722569206489,282.3907355850448,0.28042140942131644,0.003898501089790951,0.039637288814221294,-3.7341541327804695,340.24405713111594,0.23012240216305996,0.020628330490250146,1.8199459267838802,0.1837835308431893,0.4435294510249178,0.30021715684491157,0.35505414043748057
346,7Networks_RH_Cont_PFCl_6,7networks_rh_cont_pfcl,7Networks_RH_Cont_PFCl,control,lateral prefrontal cortex,R,-0.23336852357128102,246.88972472460438,0.550143918355174,-0.013188929615179257,0.0027041433164255446,-0.45500077049335985,250.8366059940327,0.8335995993086743,-0.034510043457803175,0.010726410132063519,0.9179525537095325,0.7055518048961836,0.8686986085100242,0.9535408541272449
347,7Networks_RH_Cont_PFCl_7,7networks_rh_cont_pfcl,7Networks_RH_Cont_PFCl,control,lateral prefrontal cortex,R,0.9166234469090284,179.72532900707097,0.07215263300220882,0.04633570240546436,0.05484458937735828,-3.578452498731224,259.7747410438557,0.051124561165208644,0.0813580157442324,2.8299523308014076,0.09915440968353459,0.159015997004868,0.08892931329120583,0.2285081319610391
348,7Networks_RH_Cont_PFCl_8,7networks_rh_cont_pfcl,7Networks_RH_Cont_PFCl,control,lateral prefrontal cortex,R,0.10617991658354597,243.07998006238898,0.7911047738454253,-0.019326719098131218,-0.0051512013197231865,0.5283736353499666,235.5614510405038,0.9482582086565703,-0.0401988654396368,0.03685433845495106,0.8485889507660643,0.8846344022803525,0.9631078897764719,0.9043647503469324
349,7Networks_RH_Cont_PFCl_9,7networks_rh_cont_pfcl,7Networks_RH_Cont_PFCl,control,lateral prefrontal cortex,R,1.2091620884890717,199.6050595262688,0.0020632137813243576,0.16404064854330835,0.020560871637673728,-0.4760119746074096,229.61505147342396,0.006499115084748785,0.1585502432470931,0.6868031013101704,0.41144285385773893,0.011151179246681648,0.019052422619776514,0.5903138675988758
350,7Networks_RH_Cont_PFCl_10,7networks_rh_cont_pfcl,7Networks_RH_Cont_PFCl,control,lateral prefrontal cortex,R,-0.7482917769209014,269.0224015105053,0.099058200781987,0.0359877974552788,0.011926096195992691,-1.725757535067773,286.4293508417253,0.24045082386016567,0.01879689374453586,0.15902897895961127,0.6918581723326445,0.2007697462277772,0.3092483683640657,0.7972172848706106
351,7Networks_RH_Cont_PFCl_11,7networks_rh_cont_pfcl,7Networks_RH_Cont_PFCl,control,lateral prefrontal cortex,R,-0.21835545261218448,236.96836645391,0.5881614193519631,-0.014551365445829356,0.03939570136445661,-3.447236762061838,294.46907466968435,0.29029801019392865,0.010899269804746536,2.2350920939937997,0.14159314664946127,0.7417369010716424,0.36508392417740615,0.3003891989666141
352,7Networks_RH_Cont_PFCl_12,7networks_rh_cont_pfcl,7Networks_RH_Cont_PFCl,control,lateral prefrontal cortex,R,-0.7446394949237916,240.21142567970548,0.1461895913353529,0.023548846553662517,0.013600882138958492,-1.859371118159462,260.0628391147491,0.32466277070692817,0.006179123760617133,0.16106945024029692,0.6899927681730536,0.2742565060588852,0.40162642479821636,0.7970908823169627
353,7Networks_RH_Cont_PFCl_13,7networks_rh_cont_pfcl,7Networks_RH_Cont_PFCl,control,lateral prefrontal cortex,R,-1.1551255350153413,253.93025885831278,0.022973768159603922,0.08443751647265796,-0.005051874082082422,-0.7410727009147466,246.55670470200005,0.0765900510286628,0.06542061993459136,0.02329213194998846,0.8793531600968522,0.06873657932348222,0.12330455023763442,0.9241350339906734
354,7Networks_RH_Cont_PFCl_14,7networks_rh_cont_pfcl,7Networks_RH_Cont_PFCl,control,lateral prefrontal cortex,R,-0.5359209352270136,245.1703499420512,0.15914008876839097,0.02088987239392226,-0.02454458082453942,1.4757589061716345,209.34586322422425,0.23256332902787472,0.020188505541888557,0.9656407287646369,0.33080143014337837,0.29369756219857523,0.30166786108187177,0.5073778692063979
355,7Networks_RH_Cont_PFCl_15,7networks_rh_cont_pfcl,7Networks_RH_Cont_PFCl,control,lateral prefrontal cortex,R,-1.2633243623843624,260.0333754488028,0.008025942310875705,0.11953439901230423,-0.08247723248909339,5.496529764224721,139.65223954957133,0.0006237422911078256,0.23842011602550583,8.492995202095967,0.0054441060318570775,0.03056300551966292,0.0034117951826861787,0.03636743998496801
356,7Networks_RH_Cont_pCun_1,7networks_rh_cont_pcun,7Networks_RH_Cont_pCun,control,precuneus,R,0.17317586043144662,222.57660711175265,0.7261091104911997,-0.018199608783479038,-0.09759553398128532,8.172129671220944,80.12928092494508,0.007680870653287701,0.15254686988702992,10.671131871436815,0.0020361954895132513,0.8431036730511628,0.02179447047870385,0.019259015671646167
357,7Networks_RH_Cont_pCun_2,7networks_rh_cont_pcun,7Networks_RH_Cont_pCun,control,precuneus,R,0.13657250854630565,226.46361919992935,0.7901741997792741,-0.019312954312384667,0.1493503826004264,-12.104221340418228,444.4506704361738,5.5140380726303705e-06,0.3772252761094028,31.56295371356381,1.0137463037633832e-06,0.8846344022803525,0.00010884231673800819,0.00023012041095428796
358,7Networks_RH_Cont_Cing_1,7networks_rh_cont_cing,7Networks_RH_Cont_Cing,control,cingulate,R,-2.3594043459271625,282.0632847434682,1.612159643463992e-05,0.30982147673975746,-0.048942449337658844,1.6519307599795727,210.62844791456277,3.3107649326012914e-05,0.32786443636790397,2.288522894802648,0.13702966964890093,0.00027108165856764904,0.00044208449394146654,0.2934503302858539
359,7Networks_RH_Cont_Cing_2,7networks_rh_cont_cing,7Networks_RH_Cont_Cing,control,cingulate,R,-0.8378230571215428,242.09419094349653,0.02837116526298421,0.07737446774463896,0.018542327096219002,-2.357556716405954,269.15797970911643,0.07032404150620865,0.06880891339017992,0.558472353391086,0.4585990306409594,0.07806369108724141,0.11526034239645751,0.6315382670912609
360,7Networks_RH_Cont_PFCmp_1,7networks_rh_cont_pfcmp,7Networks_RH_Cont_PFCmp,control,medial posterior prefrontal cortex,R,-0.25640175484409955,296.38230711454753,0.46617936142703,-0.00948540242837037,0.025073059610152937,-2.311395846635511,332.9781445990102,0.43228761316840325,-0.0060028056715064615,1.1661671750685416,0.28570074708539095,0.6253399247073735,0.5032271189191155,0.4599579403431471
361,7Networks_RH_Cont_PFCmp_2,7networks_rh_cont_pfcmp,7Networks_RH_Cont_PFCmp,control,medial posterior prefrontal cortex,R,-0.4271135585670729,276.0109550205854,0.23936692014789315,0.00848569251481357,-0.0698902915545411,5.3011118136573625,174.00131633906537,0.004988431958222015,0.1679695019760189,10.20065174572149,0.0025068916349359387,0.38950746145929566,0.015948930345301374,0.023227118413488086
362,7Networks_RH_Default_Par_1,7networks_rh_default_par,7Networks_RH_Default_Par,default,parietal,R,-0.1725819932183028,215.5609437328813,0.7362409603114113,-0.018398028851221326,0.06589677017864362,-5.573497377730076,311.74176608581894,0.13835609053518214,0.04160407716975645,4.005126608324566,0.051154706345009196,0.8440742322762139,0.19936287197993194,0.15058482581572735
363,7Networks_RH_Default_Par_2,7networks_rh_default_par,7Networks_RH_Default_Par,default,parietal,R,-0.06958916567413986,228.7408404575415,0.8358633300965852,-0.019911254077348506,0.02498677091168247,-2.117511014655875,265.21073371201976,0.5239206973603352,-0.014266486030991787,1.2671377492570006,0.26601972559560255,0.9144143418406017,0.5931670738194319,0.4456566620679098
364,7Networks_RH_Default_Par_3,7networks_rh_default_par,7Networks_RH_Default_Par,default,parietal,R,1.2124559993576187,213.5472772436454,0.005600857652181587,0.13143771274241922,0.047395067116571876,-2.6720552816340923,282.7236043744996,0.005202767430747374,0.16647868967680357,3.017905087751476,0.08889980181002667,0.023328342881563675,0.016379713816817822,0.21407024150384268
365,7Networks_RH_Default_Par_4,7networks_rh_default_par,7Networks_RH_Default_Par,default,parietal,R,2.393171267791602,133.80193377953745,3.01182871215344e-07,0.4123061065069715,0.038309869714294065,-0.7467150143076857,189.71779677806921,8.336186666223562e-07,0.42533336199277205,2.0881234823145634,0.15508299670574333,1.3673702353176616e-05,2.5230858309769982e-05,0.31915493118683474
366,7Networks_RH_Default_Par_5,7networks_rh_default_par,7Networks_RH_Default_Par,default,parietal,R,0.6493729717635608,224.85439050579177,0.09147283155033133,0.0385739508682027,-0.010897812682357177,1.5425603618908195,208.94829096865269,0.22284485032257795,0.02196667720146306,0.18494685465057215,0.6691214923060909,0.18706606091824513,0.2941033780420069,0.780928425467777
367,7Networks_RH_Default_Temp_1,7networks_rh_default_temp,7Networks_RH_Default_Temp,default,temporal,R,0.27249337619801706,189.21075514416532,0.5576951415032669,-0.013473682562643585,0.015887586911698004,-1.0296571289258711,212.39976987475464,0.7400323120452397,-0.02928210291356681,0.2627830847380144,0.6106154531312589,0.7092300488435948,0.7868259242822924,0.7492416641124096
368,7Networks_RH_Default_Temp_2,7networks_rh_default_temp,7Networks_RH_Default_Temp,default,temporal,R,0.9147017982629229,177.79525831794325,0.03905950052186961,0.06668886622280767,-0.03204231121459289,3.540897454363579,131.027323647494,0.06564054555052234,0.07153588400143918,1.2505824935669116,0.26912465736853514,0.09962366987038652,0.10836657338158961,0.44807807807279915
369,7Networks_RH_Default_Temp_3,7networks_rh_default_temp,7Networks_RH_Default_Temp,default,temporal,R,-1.9100355141035785,311.60925919193426,0.0006107228653990332,0.2027083116236501,0.07054799648421003,-7.69216654306161,414.5788629951031,0.00036151204577425063,0.25589304919514166,4.430780213342053,0.040669591494263795,0.004401082236367636,0.0023116404053733774,0.12939403552582754
370,7Networks_RH_Default_Temp_4,7networks_rh_default_temp,7Networks_RH_Default_Temp,default,temporal,R,0.865899256210855,204.3631147859843,0.06675872887657963,0.04889391463305193,0.057105803416392875,-3.814506344554953,287.7129226570527,0.03291007938202146,0.09841674683399348,3.636579525293726,0.06264565411808116,0.14930277295550323,0.06553147385718308,0.17264015259644067
371,7Networks_RH_Default_Temp_5,7networks_rh_default_temp,7Networks_RH_Default_Temp,default,temporal,R,1.0890247298631577,232.70565292327623,0.015089900045053615,0.0985005828856439,0.028553994227960122,-1.2512676137064531,274.38215146578375,0.03310449380702791,0.0981907448156425,0.9835084556134602,0.32641256362897,0.04875514417231107,0.06563074318074529,0.5049151199376506
372,7Networks_RH_Default_Temp_6,7networks_rh_default_temp,7Networks_RH_Default_Temp,default,temporal,R,0.8659822374520592,184.40093014169958,0.0847610280144807,0.04105788560036494,0.05948602599344177,-4.009506987292523,271.22483491043033,0.04329759057138331,0.08783080387434161,3.4612759197380405,0.06908500937520057,0.17652067302098273,0.07990693544474807,0.1823522921880294
373,7Networks_RH_Default_Temp_7,7networks_rh_default_temp,7Networks_RH_Default_Temp,default,temporal,R,2.0014448993262572,177.46450146684816,1.3101822965976193e-05,0.3155410889300603,-0.03317937946822441,4.720834947316376,129.03693826818454,4.026651895910464e-05,0.322242134731374,1.474579809318149,0.230690721339504,0.00024090576948233307,0.0004940810704711759,0.410719950933862
374,7Networks_RH_Default_Temp_8,7networks_rh_default_temp,7Networks_RH_Default_Temp,default,temporal,R,1.6591592995166966,184.41286544829825,0.0014831390618058782,0.17465124688864864,0.015383578535648812,0.39831744403902647,206.86624564096235,0.0060761637107831406,0.16095629700322822,0.2165395054484932,0.6438384139936844,0.00852335612734011,0.018268730627122823,0.7712470711164451
375,7Networks_RH_Default_PFCv_1,7networks_rh_default_pfcv,7Networks_RH_Default_PFCv,default,ventral prefrontal cortex,R,0.20707757336110788,230.34843992642737,0.6539592021200074,-0.016524155854681366,0.04661365100441486,-3.613388652153473,298.38423704248135,0.2823062669201587,0.012073517920140775,2.389464060424392,0.12886300387939403,0.7854430628637125,0.35701126791574384,0.2785895417202138
376,7Networks_RH_Default_PFCv_2,7networks_rh_default_pfcv,7Networks_RH_Default_PFCv,default,ventral prefrontal cortex,R,-0.033266658193046084,269.1051544969829,0.9436071395606854,-0.02072580906134358,0.10690360483280786,-8.795112230229943,425.1382437885925,0.0013504290677673943,0.21297117602811222,15.252915449376935,0.0002995463165282954,0.9659287712156835,0.005952376667634923,0.006717188039933666
377,7Networks_RH_Default_PFCv_3,7networks_rh_default_pfcv,7Networks_RH_Default_PFCv,default,ventral prefrontal cortex,R,-0.8612562167752116,260.6719887357284,0.07376031494656708,0.0456114645019976,0.07955605560516907,-7.381689972241497,376.7894680980329,0.007033383611261361,0.15571671253942065,7.259808744636648,0.009748270769631952,0.16177383084899255,0.020209849110839607,0.05206723446368124
378,7Networks_RH_Default_PFCv_4,7networks_rh_default_pfcv,7Networks_RH_Default_PFCv,default,ventral prefrontal cortex,R,-0.9484335110828006,259.76441144050773,0.06768243951591603,0.048440962403452636,-0.07385894286823802,5.1050634924795695,151.96225597935415,0.016362739525130583,0.12483065872035437,5.189709637051434,0.027310984283037337,0.14989184165963843,0.038691061168798356,0.09919349491599161
379,7Networks_RH_Default_PFCdPFCm_1,7networks_rh_default_pfcdpfcm,7Networks_RH_Default_PFCdPFCm,default,dorsal prefrontal cortex medial prefrontal cortex,R,0.21980241225734343,281.36180799329657,0.548428573152502,-0.013123229374007339,-0.01711339244930518,1.6224202387468836,256.3836466272586,0.6546748607732371,-0.02392825399479448,0.49347898177989297,0.4858443113754436,0.7055518048961836,0.7134975746794304,0.6525837791847674
380,7Networks_RH_Default_PFCdPFCm_2,7networks_rh_default_pfcdpfcm,7Networks_RH_Default_PFCdPFCm,default,dorsal prefrontal cortex medial prefrontal cortex,R,-0.7083810420917365,286.0678065085671,0.054387582660418814,0.055672157561488134,-0.020831275682150124,0.9989554025585203,255.663141449285,0.11031053044387548,0.05079827496077616,0.7535335654552282,0.38977066222548484,0.12927729072162378,0.16474006849184036,0.5689899699368814
381,7Networks_RH_Default_PFCdPFCm_3,7networks_rh_default_pfcdpfcm,7Networks_RH_Default_PFCdPFCm,default,dorsal prefrontal cortex medial prefrontal cortex,R,-0.05168133949946796,248.8081353578569,0.9254132268419452,-0.020645008077967653,0.0471696943872385,-3.9177210165293026,317.65551564678714,0.43504220513013514,-0.006274759062774304,1.6854707886857114,0.20053374919347378,0.9637905227152722,0.505138519511717,0.373124271040316
382,7Networks_RH_Default_PFCdPFCm_4,7networks_rh_default_pfcdpfcm,7Networks_RH_Default_PFCdPFCm,default,dorsal prefrontal cortex medial prefrontal cortex,R,-1.681994225582911,332.81483583456543,4.716377523377816e-07,0.40150862119171693,-0.01084514433979214,-0.7931235456807926,316.98560932907935,3.0391998737207563e-06,0.3928136209721447,0.31263278466871824,0.5787237897614095,1.7843628296779402e-05,6.570460679377254e-05,0.724419721436678
383,7Networks_RH_Default_PFCdPFCm_5,7networks_rh_default_pfcdpfcm,7Networks_RH_Default_PFCdPFCm,default,dorsal prefrontal cortex medial prefrontal cortex,R,0.32177118615157685,223.28713571966995,0.4917272804941786,-0.010724509529115966,0.008176241598955608,-0.34835557301377484,235.220916974986,0.7648508093234825,-0.0307279204544193,0.0684605458332326,0.7947348210616545,0.6508576832197,0.8075401568206071,0.8667445253616506
384,7Networks_RH_Default_PFCdPFCm_6,7networks_rh_default_pfcdpfcm,7Networks_RH_Default_PFCdPFCm,default,dorsal prefrontal cortex medial prefrontal cortex,R,-2.025585204603411,267.4669138706445,9.547521285669316e-06,0.324186412174877,0.07049832793173512,-7.8036453868650035,370.3640230400225,1.8184192743588377e-06,0.4059405856130256,7.605737119881556,0.008261291997076587,0.00019702612107699405,4.856249120934779e-05,0.046304031687318156
385,7Networks_RH_Default_PFCdPFCm_7,7networks_rh_default_pfcdpfcm,7Networks_RH_Default_PFCdPFCm,default,dorsal prefrontal cortex medial prefrontal cortex,R,-1.0090557000512197,273.51644570631447,0.030905309161753696,0.07451238626017997,0.03694752416891764,-4.037283808387182,327.4438726323635,0.04750292870781378,0.084225700361512,1.509120071449916,0.22538942969632042,0.08253535505550692,0.08424347513026349,0.40445375921790305
386,7Networks_RH_Default_PFCdPFCm_8,7networks_rh_default_pfcdpfcm,7Networks_RH_Default_PFCdPFCm,default,dorsal prefrontal cortex medial prefrontal cortex,R,-0.5515201485088816,244.45384509600336,0.22636356879896746,0.010138348621918314,0.000528696802788664,-0.5948522676427341,245.22551407355095,0.4847254688299252,-0.010915990791130925,0.0003043763948422021,0.9861543565585386,0.37235166751714216,0.5599627553404225,0.9928637713268276
387,7Networks_RH_Default_PFCdPFCm_9,7networks_rh_default_pfcdpfcm,7Networks_RH_Default_PFCdPFCm,default,dorsal prefrontal cortex medial prefrontal cortex,R,-1.0455829203984193,288.78138295353165,0.006661945290749294,0.12570633724829006,-0.03684176970074873,1.9739775258874932,235.00831187357488,0.008483752080942835,0.14895401088546512,2.3111962794694856,0.13514461625108581,0.026765691699116634,0.023492754921256333,0.29078509847390027
388,7Networks_RH_Default_PFCdPFCm_10,7networks_rh_default_pfcdpfcm,7Networks_RH_Default_PFCdPFCm,default,dorsal prefrontal cortex medial prefrontal cortex,R,0.8502830133850248,190.5881642635743,0.11952281191156684,0.029940608034779603,-0.0778136167299798,7.2279060529079295,77.01389306550749,0.026205610016078705,0.10711433458459163,5.148727007133181,0.02789564308201107,0.23490630566169415,0.0555950791929894,0.09972143274986633
389,7Networks_RH_Default_PFCdPFCm_11,7networks_rh_default_pfcdpfcm,7Networks_RH_Default_PFCdPFCm,default,dorsal prefrontal cortex medial prefrontal cortex,R,-0.053849839210256434,216.85181904819717,0.9007121579272501,-0.02049888508758846,0.017999328293304417,-1.5290791839359787,243.12306409339837,0.8168452794712575,-0.03361663523794434,0.3908263608082022,0.5348890449546273,0.959091596724315,0.858443881666553,0.6918507874911703
390,7Networks_RH_Default_PFCdPFCm_12,7networks_rh_default_pfcdpfcm,7Networks_RH_Default_PFCdPFCm,default,dorsal prefrontal cortex medial prefrontal cortex,R,0.6061939950059916,225.43065279757633,0.13026438530667936,0.02719620747423579,0.10787521134888506,-8.235284684482885,382.88186794674294,1.1960279615337468e-05,0.3563638824631148,25.54810718194468,6.99443868275909e-06,0.25135450876912896,0.00018724023949528312,0.0007938687904931567
391,7Networks_RH_Default_PFCdPFCm_13,7networks_rh_default_pfcdpfcm,7Networks_RH_Default_PFCdPFCm,default,dorsal prefrontal cortex medial prefrontal cortex,R,-0.8892263171541042,234.94116040053635,0.03900510293427851,0.06673537199890123,-0.03817700481282313,2.2397703251576706,179.2192227711925,0.04777071318672875,0.08400661351349847,1.9050497579251737,0.17404418298913496,0.09962366987038652,0.0843887306878399,0.34656166261871607
392,7Networks_RH_Default_pCunPCC_1,7networks_rh_default_pcunpcc,7Networks_RH_Default_pCunPCC,default,precuneus posterior cingulate cortex,R,0.15536590468841016,249.93070721062116,0.6526326451973271,-0.016488801130588593,0.030821561761396804,-2.3707768279603147,294.9168749450405,0.365011096261844,0.0012128451732047463,1.850710803073396,0.18018983718384168,0.7854430628637125,0.4419067672076725,0.353702046724995
393,7Networks_RH_Default_pCunPCC_2,7networks_rh_default_pcunpcc,7Networks_RH_Default_pCunPCC,default,precuneus posterior cingulate cortex,R,-1.82338437658322,256.3079394766957,0.0008834518063647093,0.19111842320278605,-0.04686703004290167,2.0178488568344743,187.9023184038249,0.001655605452625648,0.20611799052749058,1.9069096200633224,0.17383827020925396,0.005760307993440723,0.0068958245457985705,0.34656166261871607
394,7Networks_RH_Default_pCunPCC_3,7networks_rh_default_pcunpcc,7Networks_RH_Default_pCunPCC,default,precuneus posterior cingulate cortex,R,-0.6046158809319344,218.3782459900766,0.19352741341353563,0.014856859638967879,-0.044278932057279424,3.0244962092297545,153.7501301259185,0.1513834265485077,0.03792719558628288,2.1510315231766244,0.14913370048362318,0.3353490293501724,0.21344122873609472,0.3091630137879677
395,7Networks_RH_Default_pCunPCC_4,7networks_rh_default_pcunpcc,7Networks_RH_Default_pCunPCC,default,precuneus posterior cingulate cortex,R,0.9132246228043286,223.20485213334862,0.008190359453222532,0.11886139081832392,0.0403605827326132,-2.3947385993305677,282.11387039543933,0.005757411500991281,0.1628780217802166,3.5238834257630076,0.06670504050296373,0.030730770179859746,0.0175427169224835,0.18026243088300914
396,7Networks_RH_Default_pCunPCC_5,7networks_rh_default_pcunpcc,7Networks_RH_Default_pCunPCC,default,precuneus posterior cingulate cortex,R,0.37729195306121976,250.7280738074664,0.24560678531263588,0.007729909523738865,0.041477831558465184,-3.022241255819802,311.26779279361284,0.0754354651647001,0.06602450748722688,3.995946601039071,0.0514111189458981,0.39540950543239956,0.12275161714972703,0.15058482581572735
397,7Networks_RH_Default_pCunPCC_6,7networks_rh_default_pcunpcc,7Networks_RH_Default_pCunPCC,default,precuneus posterior cingulate cortex,R,0.201668250212113,240.86086620574062,0.7003944575193404,-0.017656441127894773,0.04434629889773087,-3.4329652426526494,305.5873085598946,0.4122480217959169,-0.003972903023908847,1.6542107132703,0.20468689806872092,0.8280705305046367,0.4873974007691309,0.37929735397224207
398,7Networks_RH_Default_pCunPCC_7,7networks_rh_default_pcunpcc,7Networks_RH_Default_pCunPCC,default,precuneus posterior cingulate cortex,R,-0.19341852953304706,286.4929098364977,0.6022612924502897,-0.015013347861384974,0.05319460828469963,-4.5532616216762545,364.1340621372043,0.07808868444692212,0.06464965293585212,5.088119548220082,0.028785128530310313,0.751172051572614,0.12439390434702681,0.10052652579046832
399,7Networks_RH_Default_pCunPCC_8,7networks_rh_default_pcunpcc,7Networks_RH_Default_pCunPCC,default,precuneus posterior cingulate cortex,R,0.1366303226404959,235.8804393235599,0.7787588070138836,-0.019138631334837397,0.070305340720032,-5.625612580597014,338.4958705188153,0.08263639408515774,0.06239393590184905,5.173995217410709,0.027533591003529166,0.8773114103828862,0.12936869970572973,0.09920833583811303
400,7Networks_RH_Default_pCunPCC_9,7networks_rh_default_pcunpcc,7Networks_RH_Default_pCunPCC,default,precuneus posterior cingulate cortex,R,2.3030343927942933,169.21690811310174,2.030957528261426e-06,0.36505760754587924,0.0463798816499551,-1.498272039311523,236.9115029412162,3.7229837704073135e-06,0.3875476388589133,2.7626211792445985,0.10314639358674688,5.083963136228954e-05,7.682884689840547e-05,0.2342397394969324
401,HIP-head-m1-rh,HIP-head-m1,"Hippocampus head, medial division",subcortex,Hippocampus head,R,1.2914364924753818,179.20270750623592,0.0023522165702711145,0.15980256537780924,-0.09502338928139473,9.079576695205327,40.50960162151006,8.12137227283036e-06,0.3668790158864248,16.699479047168154,0.00016951626986679352,0.012563603798859834,0.00013930004132894588,0.0051306924346349505
402,HIP-head-m2-rh,HIP-head-m2,"Hippocampus head, medial division",subcortex,Hippocampus head,R,-0.03133844499064864,228.90898792291938,0.9425620655358686,-0.020721780101550014,-0.009472237894142504,0.745008487181412,215.0836118428534,0.9460357716042543,-0.0400950076401958,0.10593271285397576,0.7462676370820958,0.9659287712156835,0.9630050231128509,0.8313822433626082
403,THA-VAip-rh,THA-VAip,"Thalamus, inferior ventro-anterior part, posterior division",subcortex,Thalamus,R,-0.9643825080502872,267.6381534230006,0.021038991895444635,0.08738249916486218,-0.037630208118886815,2.119798543626711,212.71430279458406,0.027080977710785006,0.10586501567396556,1.9922000682096903,0.16469706297797093,0.06367801547021243,0.0571849482823088,0.3323220737422169
404,THA-VAia-rh,THA-VAia,"Thalamus, inferior ventro-anterior part, anterior division",subcortex,Thalamus,R,0.27563050225405394,243.63402500672606,0.47486464558431796,-0.00991866714792522,0.014740662295428003,-0.9325177810902776,265.14902517680423,0.6591582093670516,-0.024225666160988313,0.3295071825322911,0.5686865369953176,0.6303758745476034,0.7159278159154101,0.7191746178158055
405,HIP-head-l-rh,HIP-head-l,"Hippocampus head, lateral division",subcortex,Hippocampus head,R,0.09990025045402362,207.03732429733054,0.8131524307780984,-0.019633464956270608,-0.10113008746270075,8.388546928183803,59.43107667065003,0.0005669484910910103,0.24150776096579873,17.52591575652778,0.00012328385419176522,0.900758058507557,0.003330907646898855,0.004664239150255117
406,HIP-body-rh,HIP-body,Hippocampus body,subcortex,Hippocampus body,R,0.4507980024869398,182.13957830247404,0.313161729699868,0.0007955246520791048,0.05572493232992759,-4.116431066641596,263.47391081261685,0.0980186064435526,0.05555824283826527,3.7832425377256995,0.0577645178880545,0.4723436055938208,0.149330360152258,0.16288876472780586
407,HIP-tail-rh,HIP-tail,Hippocampus tail,subcortex,Hippocampus tail,R,-1.3792326026230957,215.65450889614627,0.0035770597615149276,0.14616315886092834,-0.09228280055089484,6.184288278142368,80.96147884390814,8.610339940653158e-05,0.2999640195895382,11.545802675234828,0.0013916162191839573,0.01657127685436507,0.0008498031158818552,0.01504270865498849
408,THA-VPm-rh,THA-VPm,"Thalamus, medial ventro-posterior part",subcortex,Thalamus,R,-1.1428077222821083,260.2566367625001,0.01526328976691919,0.09811872261421406,-0.09404625382976232,6.565246220086904,122.98972659318386,0.0002773949037406287,0.2642323135298307,11.836915660433636,0.001228075103043894,0.04875514417231107,0.0018796609895260512,0.01409191988242104
409,THA-VPl-rh,THA-VPl,"Thalamus, lateral ventro-posterior part",subcortex,Thalamus,R,-0.729755312944329,225.86779460421744,0.12915626210055103,0.027467812083258658,-0.08306389607177574,6.078181904241882,104.6303832657816,0.008079146398523784,0.1507218622457398,7.966144711370115,0.006965130147157655,0.25058522646859044,0.02264155842549258,0.04160748798433652
410,THA-VAs-rh,THA-VAs,"Thalamus, superior ventro-anterior part",subcortex,Thalamus,R,-2.029257098371178,294.52903522302074,8.283104644246598e-06,0.3280352374185108,-0.02248549611969583,-0.1863403424811816,261.70992281518284,3.842478660558833e-05,0.32359104557521867,0.6846268709446148,0.41217950667146175,0.0001790728337375217,0.00048457925330380833,0.5903138675988758
411,THA-DAm-rh,THA-DAm,"Thalamus, medial dorso-anterior part",subcortex,Thalamus,R,-0.534702683285567,256.1819734260865,0.20013295044441257,0.013837000779178377,-0.06354168475688443,4.67318932463699,163.4385585813152,0.02735858257737487,0.10547688703011027,5.9173850024295644,0.018853261364332224,0.3415802988788094,0.05750368745429718,0.07315709965304983
412,THA-DAl-rh,THA-DAl,"Thalamus, lateral dorso-anterior part",subcortex,Thalamus,R,-1.1880771686785243,251.65957675456792,0.001382513168797277,0.17689791699759005,0.004256255433098377,-1.536920903913316,257.8718713266635,0.0062464546605521835,0.15996883961059793,0.03266003346956208,0.8573637133353555,0.00812299377910959,0.018657173788754547,0.9094465557342323
413,PUT-VA-rh,PUT-VA,"Putamen, ventro-anterior part",subcortex,Putamen,R,0.061060705550292305,210.17331892972038,0.8666579663000874,-0.020227663875065804,-0.06831313744364637,5.660022141497004,110.46564404630465,0.013325496402217633,0.1324440042969801,9.446993748593483,0.003515406015426838,0.9308036506273255,0.033424173296170194,0.02955545057414416
414,PUT-DA-rh,PUT-DA,"Putamen, dorso-anterior part",subcortex,Putamen,R,-0.021317627057086508,183.5882590089712,0.9587958421617072,-0.02077597278938481,-0.038991116632405926,3.1744038189009984,126.67806975390437,0.3613080254734521,0.0016461356679583483,2.0780357991327643,0.15606254344378265,0.9738105421508167,0.4385931646121584,0.31915493118683474
415,PUT-VP-rh,PUT-VP,"Putamen, ventro-posterior part",subcortex,Putamen,R,0.4391315253362702,167.89562097267472,0.30905625887012184,0.0011616687814491877,0.00026283734742330034,0.41758931212203443,168.27924997530474,0.5993496732395357,-0.020088398090756687,8.351063009576741e-05,0.9927473809623812,0.469958953057814,0.6604484263367699,0.9928637713268276
416,PUT-DP-rh,PUT-DP,"Putamen, dorso-posterior part",subcortex,Putamen,R,0.802064365221475,151.40641194385768,0.10011381587979006,0.035644559970400724,-0.06243744992963021,5.9194530169026525,60.27470300619282,0.037055895611630696,0.09385325793222377,4.083405118018436,0.04902417526486781,0.20200743293077636,0.07147156486556887,0.14723994170540497
417,CAU-VA-rh,CAU-VA,"Caudate, ventro-anterior part",subcortex,Caudate,R,-0.22668047311170114,145.96472208425345,0.6311329211395984,-0.0158913096194655,-0.06783118893630102,5.332780345417659,46.96048385854658,0.07880781373307338,0.06428471591706575,5.112842112571941,0.028418658116173147,0.7786259407537437,0.12510051550634727,0.10052652579046832
418,CAU-DA-rh,CAU-DA,"Caudate, dorso-anterior part",subcortex,Caudate,R,-0.7351490026234488,174.40163800180096,0.08898216089665695,0.03947268232252232,0.07064313319387136,-6.525077459550286,277.5101003096653,0.008921979278748896,0.14712810042947488,7.05889357092885,0.010740397388716226,0.1827959323397387,0.02434537283722356,0.05417933793863519
419,CAU-body-rh,CAU-body,Caudate body,subcortex,Caudate body,R,-0.03535478588686658,138.95981044994392,0.9446528070919902,-0.020729765792286026,-0.0006491066862117922,0.017846156712452377,138.01239504998642,0.9974379708398211,-0.04243939007581754,0.0003620589071241781,0.9848994413947393,0.9659287712156835,0.9996150388673595,0.9928637713268276
420,CAU-tail-rh,CAU-tail,Caudate tail,subcortex,Caudate tail,R,0.4026308814480184,131.4178624725834,0.4144560343370649,-0.0066213906831311675,-0.03868082857265741,3.572921042215884,74.9605597652494,0.3571891805553725,0.0021330984974406997,1.4211137577914525,0.23920460037505334,0.5771872380031517,0.43475573182879124,0.4167762540428359
421,lAMY-rh,lAMY,"Amygdala, lateral nucleus",subcortex,Amygdala,R,1.579328177886556,176.72710107197366,0.000378157599357499,0.21756865604666087,-0.11194864927466436,10.754666825042518,13.330425948925011,9.334747409226289e-08,0.47645544082659885,24.73544992819087,9.201036212884363e-06,0.0033415769909053566,5.2974691547359185e-06,0.0008354540881299001
422,mAMY-rh,mAMY,"Amygdala, medial nucleus",subcortex,Amygdala,R,1.1727418368219307,215.44264024951735,0.0005252510220334585,0.20740547866647874,-0.01711827074751418,2.575759489824579,190.45735867512818,0.001884690532715921,0.20172782757385088,0.6586035917826734,0.42114442826003473,0.003972789837128447,0.007572119485425028,0.5993716941381059
423,THA-DP-rh,THA-DP,"Thalamus, dorso-posterior part",subcortex,Thalamus,R,0.862009520612848,206.2660678011399,0.07623558364402844,0.04452785530158443,-0.039983829865057496,4.139093985670396,147.90694599872344,0.09563786892427599,0.05654591201840453,1.6114412240679417,0.21053927686211066,0.16635790154078703,0.1466878124716936,0.3885562264040579
424,NAc-shell-rh,NAc-shell,"Nucleus Accumbens, shell",subcortex,Nucleus Accumbens,R,0.4239025735301225,207.82670159066103,0.3216373757768163,5.869986655782089e-05,-0.045072087744664174,4.118021897622951,142.04092100242408,0.1702242468355995,0.03311298153922304,2.6409420025244694,0.11082979342569978,0.4835210880883265,0.23277653031133183,0.24425595250129953
425,NAc-core-rh,NAc-core,"Nucleus Accumbens, core",subcortex,Nucleus Accumbens,R,0.22721787264476934,173.3816096984723,0.6445030920535338,-0.016268338867054144,0.035870174256161236,-2.7127103736109763,225.73657108046214,0.4938848812733342,-0.011721593059973223,1.215715272103465,0.2758171663763143,0.7831294985782872,0.569095776898715,0.4570109253096595
426,pGP-rh,pGP,"Pallidum, posterior part",subcortex,Pallidum,R,-2.1850587509116055,212.6494771524675,2.4576475949857622e-08,0.4693179082174401,0.007740564933481284,-2.819477344125075,223.9473586534895,1.9792092311569298e-07,0.45944168757891435,0.12302044061446504,0.7273486511050621,1.5939600116050515e-06,8.98560990945246e-06,0.8193952545947846
427,aGP-rh,aGP,"Pallidum, anterior part",subcortex,Pallidum,R,-1.0501413073061445,198.19458776094604,0.026262919126735684,0.07995853046719292,-0.02756532184423545,1.2091192061295652,157.9611238716738,0.05808058285536095,0.07635774030168818,0.8128735166354624,0.3718692258823152,0.07405816946296895,0.09802447812763519,0.5564005294683093
428,HIP-head-m1-lh,HIP-head-m1,"Hippocampus head, medial division",subcortex,Hippocampus head,L,1.5346120836700212,171.72818759759886,6.240395618108989e-05,0.27145033171626487,-0.012695611519109667,2.575147505716739,153.1980782633908,0.0003119176591136806,0.26055064700241526,0.2924669361817812,0.5911979741477023,0.0007926112890058959,0.002082509077023691,0.7353530966111146
429,HIP-head-m2-lh,HIP-head-m2,"Hippocampus head, medial division",subcortex,Hippocampus head,L,-0.05885246953484735,215.23722179876398,0.8914085800129442,-0.020432874802867707,0.002840846735016278,-0.29168896204562067,219.3836310144462,0.9860374648381989,-0.04192957953344045,0.009681798716637834,0.9220362003565209,0.9544799418063129,0.9948022423034273,0.9535408541272449
430,THA-VAip-lh,THA-VAip,"Thalamus, inferior ventro-anterior part, posterior division",subcortex,Thalamus,L,0.03160688490361174,236.74751513070757,0.9430224417797282,-0.02072356411652354,0.03427398468565154,-2.7774972741534203,286.7727291653441,0.5058240552431668,-0.012750474289243918,1.3778900345398715,0.24637488436128366,0.9659287712156835,0.5769952790964766,0.42530113117879387
431,THA-VAia-lh,THA-VAia,"Thalamus, inferior ventro-anterior part, anterior division",subcortex,Thalamus,L,-0.35875838183729414,253.8105506374005,0.46693884245770845,-0.009523798458684452,0.06441909606054738,-5.63856323458724,347.8346070143597,0.10477915115165433,0.052873929171665224,4.1622938260345315,0.04697467845923153,0.6253399247073735,0.1575156775591095,0.1450782586427967
432,HIP-head-l-lh,HIP-head-l,"Hippocampus head, lateral division",subcortex,Hippocampus head,L,0.4237543808803643,216.1027539110685,0.1927785787106586,0.014974974066246927,-0.0536679269448411,4.822390786055751,137.77076080216722,0.01579969828873562,0.12613372445831184,7.105762595669123,0.01049972359332613,0.33533132082237166,0.037952714407862284,0.05410369950238925
433,HIP-body-lh,HIP-body,Hippocampus body,subcortex,Hippocampus body,L,-0.8262520414259811,245.01457489793745,0.1560495193114165,0.02150218461673259,0.09528150536384367,-8.635547501339202,384.0844187776363,0.014165965749691204,0.13018308876893514,6.9974499598110595,0.011064839466258197,0.28929677351430966,0.03514398060305905,0.05460257736610023
434,HIP-tail-lh,HIP-tail,Hippocampus tail,subcortex,Hippocampus tail,L,-0.14182265440585695,191.4892955842992,0.793466522294728,-0.019361353559202765,-0.030811642258684213,2.3835070733770714,146.51760603940932,0.6720246595257795,-0.025068556304628675,0.7327537459855277,0.3963352552602568,0.8850953344516131,0.7229838754139902,0.5730452416820273
435,THA-VPm-lh,THA-VPm,"Thalamus, medial ventro-posterior part",subcortex,Thalamus,L,-1.187853754797195,277.2477666065834,0.0016659562660773968,0.1709251646624177,0.012426633587268199,-2.2063436798301446,295.3852843371456,0.006579013224975425,0.15811262067717524,0.2694959843841458,0.6061061291795871,0.00933758203455726,0.019146615411146428,0.7465641562730331
436,THA-VPl-lh,THA-VPl,"Thalamus, lateral ventro-posterior part",subcortex,Thalamus,L,-1.5404577347923043,253.19988550992502,0.0005496619078584986,0.2059924011983827,-0.01781807303918262,-0.08008411498062173,227.1931948480375,0.0022243565583714544,0.19607913011869282,0.4081046659538022,0.5260341937962175,0.00402494364786707,0.008631263910261883,0.6862181227101453
437,THA-VAs-lh,THA-VAs,"Thalamus, superior ventro-anterior part",subcortex,Thalamus,L,-0.891816594184399,255.78430712601732,0.045676548581566875,0.06147256396659073,0.05333764485307366,-5.263382998419926,333.6342310362499,0.02478830903387175,0.10922441921862225,3.5731386238573384,0.06489621894784896,0.11092349817038363,0.053335982470984714,0.1764244515109187
438,THA-DAm-lh,THA-DAm,"Thalamus, medial dorso-anterior part",subcortex,Thalamus,L,-0.15574103793925032,248.50076699692573,0.7099775143988,-0.01786560355983413,-0.0004468796809232456,-0.11911467010379617,247.84851567887756,0.9337515248482069,-0.03951669806448699,0.0002541198632541916,0.9873488303285134,0.8309957137917469,0.9569372286254761,0.9928637713268276
439,THA-DAl-lh,THA-DAl,"Thalamus, lateral dorso-anterior part",subcortex,Thalamus,L,-0.9026594624606972,245.2786863152199,0.02726086881786119,0.07871036248662677,0.031122247008710135,-3.453446431446169,290.70372463885894,0.04500537804881423,0.08632798125576491,1.4001936071339744,0.24264198735756992,0.0754660636787133,0.08181466842974236,0.42045596282571274
440,PUT-VA-lh,PUT-VA,"Putamen, ventro-anterior part",subcortex,Putamen,L,0.018011035779678775,190.99348873165098,0.9635852923744683,-0.02078854108444017,-0.06336382154081188,5.211325331055278,98.50967735973366,0.04655203189053278,0.0850133448489605,6.550343817817669,0.013764267038617491,0.9764208355220173,0.08288087246392895,0.06129078566633871
441,PUT-DA-lh,PUT-DA,"Putamen, dorso-anterior part",subcortex,Putamen,L,0.4419662858697846,175.26351098018574,0.30872978772587906,0.001191050619275158,-0.07406208063885428,6.512112510744824,67.16486211312221,0.01755749115544741,0.12220218208323963,7.617166495190704,0.008216476439042572,0.469958953057814,0.04022970186615332,0.046304031687318156
442,PUT-VP-lh,PUT-VP,"Putamen, ventro-posterior part",subcortex,Putamen,L,0.8149324646057767,151.79552158732645,0.07658326304410681,0.04437858775791437,-0.06657876024932913,6.2717439219429,54.619288296077315,0.01665645091988107,0.12416785572751343,5.3728525923447,0.024854792196597485,0.16635790154078703,0.039181495946248736,0.09108833762430003
443,PUT-DP-lh,PUT-DP,"Putamen, dorso-posterior part",subcortex,Putamen,L,0.9022898017370782,140.02780990101553,0.08518784799728002,0.04089387891755902,-0.09504702364384665,8.692367082588193,1.3002080552548136,0.0037466536029155564,0.17804316513968332,9.00913802216964,0.004291113838307631,0.17659946571125631,0.013084467197874327,0.03252012815949154
444,CAU-VA-lh,CAU-VA,"Caudate, ventro-anterior part",subcortex,Caudate,L,-0.12434658995028869,150.22001743194127,0.7700773462901449,-0.018999222365071233,-0.005048724437451385,0.289448098506746,142.85106039639737,0.94367783333953,-0.039984561955574316,0.03143148735781861,0.8600430201144753,0.871858142682608,0.962763452440779,0.9101620772307034
445,CAU-DA-lh,CAU-DA,"Caudate, dorso-anterior part",subcortex,Caudate,L,-0.2425556533184423,153.71456873448415,0.5650026730638056,-0.013742423131500647,0.08643310146780796,-7.326633767967001,279.8695647252127,0.004475296295953967,0.17180387905722017,11.753760226406493,0.0012726183153728252,0.7165117697513065,0.014830543929657672,0.01409191988242104
446,CAU-body-lh,CAU-body,Caudate body,subcortex,Caudate body,L,0.5560424764310641,121.39417253351996,0.20233618520935587,0.013505361937798832,0.03023988324226891,-1.9224257426674871,165.53134086837804,0.25783733879582654,0.015877621393061814,1.1157055832972875,0.2962443442006031,0.34404729619868,0.3278939826703228,0.4719120430423642
447,CAU-tail-lh,CAU-tail,Caudate tail,subcortex,Caudate tail,L,0.6964987182885789,118.40446225438694,0.10903422252901697,0.032888768796642376,0.03750191686722608,-2.377167551056516,173.14106306688498,0.11781125020855099,0.04813741860573173,1.7689504820792197,0.1899304928112493,0.21903334968218455,0.1742225003084109,0.3623043854466689
448,lAMY-lh,lAMY,"Amygdala, lateral nucleus",subcortex,Amygdala,L,1.3129648483738565,193.63836414305936,0.0006512277123493628,0.20070130006993292,-0.02673595094575057,3.504249920328151,154.6154235440136,0.0017201501503449606,0.2048249443325315,1.248919936803845,0.26943902051514135,0.004619646584478292,0.007099528802332837,0.44807807807279915
449,mAMY-lh,mAMY,"Amygdala, medial nucleus",subcortex,Amygdala,L,1.1112257450787029,215.94053782678526,0.002868798545301442,0.15335887752626742,-0.024142336134649584,3.0899375134128473,180.70315461882512,0.00732456975929804,0.1542580227202367,1.0510308941378919,0.31051752551987216,0.014156897169204943,0.02091418031900195,0.4878026179447127
450,THA-DP-lh,THA-DP,"Thalamus, dorso-posterior part",subcortex,Thalamus,L,-0.08898048424228566,251.75010498384404,0.8154439692656519,-0.0196632353510664,0.013694824116486398,-1.2114116149091227,271.73863313069546,0.8425948202819507,-0.034982636844543835,0.2895230842434351,0.5930653889997686,0.900758058507557,0.873374539744305,0.7356603459177457
451,NAc-shell-lh,NAc-shell,"Nucleus Accumbens, shell",subcortex,Nucleus Accumbens,L,0.562109839432118,192.96376814340496,0.1689103052555576,0.019037525891531848,0.0322034519108422,-2.0772929475047484,239.96689863054803,0.19144237853822224,0.02826767238325467,1.4559352601650197,0.23361633511355095,0.3055190381913273,0.2586751186200979,0.411770970691751
452,NAc-core-lh,NAc-core,"Nucleus Accumbens, core",subcortex,Nucleus Accumbens,L,0.189242533434677,159.74182612004478,0.6820451255977018,-0.017232976063423555,0.05196236798583659,-4.069605842738414,235.58443981317336,0.21445161919008673,0.023563172460528525,3.00547037342316,0.08954022151310993,0.8127256877200961,0.2863559856244099,0.21407024150384268
453,pGP-lh,pGP,"Pallidum, posterior part",subcortex,Pallidum,L,-2.815241535222609,255.32684546335474,5.4144087581127824e-09,0.5011296536336957,-0.008634061354464692,-2.1075917570356437,242.72484510632532,4.6733113241552295e-08,0.491644696410942,0.10440995996727666,0.7480336197676203,6.28864566537148e-07,4.168669952683504e-06,0.8313822433626082
454,aGP-lh,aGP,"Pallidum, anterior part",subcortex,Pallidum,L,-0.6960204864577202,181.7731610768567,0.17269475386966504,0.01835185447480836,-0.001338082646828373,-0.5863509057875707,179.82013835663304,0.3982763749980971,-0.0025009630659973414,0.0015618150655401428,0.9686433597986681,0.3074643853208938,0.47583545855035814,0.9904596516860255
