index,name,base_name,Label Name,network,component,hemisphere,beta1,intercept,pval,adj_r2,quad_beta2,quad_beta1,quad_intercept,quad_pval,quad_adj_r2,f_statistic,pval_quad_vs_linear,pval_adj,quad_pval_adj,pval_quad_vs_linear_adj
1,7Networks_LH_Vis_1,7networks_lh_vis,7Networks_LH_Vis,visual,visual,L,0.7220904880675516,7.178326952152844,3.071310165787771e-05,0.2917756512838954,0.01941714350377937,-0.8693433377259865,35.51896982244338,3.2151533242899534e-05,0.32870205885487336,3.6403590042052025,0.06251431691114925,0.00012231358028663578,8.586350642515522e-05,0.11307370469187954
2,7Networks_LH_Vis_2,7networks_lh_vis,7Networks_LH_Vis,visual,visual,L,1.1795776326917469,-22.667096556716192,1.833747603662678e-06,0.3676734092098227,0.05716069454806597,-3.5053268586377246,60.76282865803984,1.2616677407424909e-09,0.5640717334385046,22.62539180433455,1.905858907548105e-05,1.2425692717356057e-05,3.369395025277005e-08,0.00029836549794028957
3,7Networks_LH_Vis_3,7networks_lh_vis,7Networks_LH_Vis,visual,visual,L,0.6935346008291094,6.668866688638776,0.0003442677497967836,0.22045422716805962,0.008496549616816795,-0.0028446817416476478,19.070159302716764,0.0013819373069555525,0.21219837025078958,0.4969785323303859,0.4843098376747367,0.0009087067349287196,0.0023237019902141516,0.5681567604763061
4,7Networks_LH_Vis_4,7networks_lh_vis,7Networks_LH_Vis,visual,visual,L,1.205852202517223,-7.908049835132076,3.82801071141379e-09,0.5081575948526763,0.035002952066525025,-1.6629983011861391,43.18114172026846,1.6499337792165593e-10,0.6002207937157331,12.053685324205016,0.0011194954302430956,1.307065631093579e-07,8.618116510379056e-09,0.005566395713533045
5,7Networks_LH_Vis_5,7networks_lh_vis,7Networks_LH_Vis,visual,visual,L,1.0326585475953383,4.231585770210074,1.605312778246768e-07,0.42714532686307505,0.018659497487670595,-0.4966784256009813,31.466392699160686,3.155954521541318e-07,0.4486016179131793,2.8678001311996,0.09698702146395674,1.8544590868349962e-06,1.8852675694470504e-06,0.1601167554350413
6,7Networks_LH_Vis_6,7networks_lh_vis,7Networks_LH_Vis,visual,visual,L,0.7904209515160342,4.218929849223919,0.0002558890850459956,0.2295167707372172,0.031289206508582926,-1.7740500588726036,49.887656929595835,7.679927917467704e-05,0.3033621985980862,6.088125465182351,0.017307613274982623,0.0007127217460790307,0.00018254907196493914,0.03988658084691427
7,7Networks_LH_Vis_7,7networks_lh_vis,7Networks_LH_Vis,visual,visual,L,1.025076364590602,5.43043980180304,1.2634920383952391e-08,0.48354269171022024,0.02240781907779514,-0.8114739619661311,38.136177278701766,8.174833229023548e-09,0.52799305572941,5.5203094971797,0.023049829042648063,3.3826865802503896e-07,1.613640993902909e-07,0.05079913779302049
8,7Networks_LH_Vis_8,7networks_lh_vis,7Networks_LH_Vis,visual,visual,L,0.6125484657006264,21.042141248001045,0.0006447441873100881,0.20101426803773648,0.041396486676663166,-2.7803176967928627,81.46313184116887,1.1655810321162912e-06,0.4170777028418916,18.791470529024004,7.639248598068297e-05,0.0015487505875067724,5.399732536538736e-06,0.0007379189071325546
9,7Networks_LH_Vis_9,7networks_lh_vis,7Networks_LH_Vis,visual,visual,L,0.9109917138116299,-4.3900188000283435,2.420326339375764e-05,0.2984929240181222,0.03963739018415702,-2.3376984703530193,53.463450702367936,9.310892739024715e-07,0.4226228997781666,11.319492813609903,0.0015345209824899565,0.00010269422038099036,4.449626635281285e-06,0.006852817476930488
10,7Networks_LH_Vis_10,7networks_lh_vis,7Networks_LH_Vis,visual,visual,L,1.3924801830962739,-29.750079543456344,2.3710142387738498e-08,0.47009467843475194,-0.01076415455108281,2.2747129201272513,-45.46109593850197,1.514130809541265e-07,0.4655680555797179,0.5934414113712434,0.4449465291566196,5.12590697334918e-07,1.169945694967873e-06,0.5358242022204385
11,7Networks_LH_Vis_11,7networks_lh_vis,7Networks_LH_Vis,visual,visual,L,0.974374403666677,2.3932257792328073,6.171914990609403e-06,0.3359430217225513,0.039126341917855294,-2.232430139726583,59.50078554460107,2.4890835350444505e-07,0.45414332535233026,11.393963906169146,0.0014858635385064933,3.2965287126313746e-05,1.5695054512641395e-06,0.0068139600654742215
12,7Networks_LH_Vis_12,7networks_lh_vis,7Networks_LH_Vis,visual,visual,L,0.4230911873451255,16.583730762186565,0.0935562539395538,0.03784172508277184,0.052397307367337505,-3.871404926805314,93.0611680934555,0.0009583716193269531,0.22437310836835245,12.543573971336697,0.0009096250200881753,0.12205327381769376,0.0016799255412140413,0.004975539266506405
13,7Networks_LH_Vis_13,7networks_lh_vis,7Networks_LH_Vis,visual,visual,L,0.3601851324460578,24.217068224687665,0.01043222135717078,0.11081710321217819,-0.009761377441712203,1.1602300125827991,9.969673290215098,0.021765695970416037,0.114139903269184,1.180044685752158,0.2828870040366071,0.01722093231776353,0.02791419765697424,0.37334505765296405
14,7Networks_LH_Vis_14,7networks_lh_vis,7Networks_LH_Vis,visual,visual,L,0.1377586947196786,36.484824653560466,0.5792482344299963,-0.014247560559988992,0.0687165883097656,-5.494269672789899,136.78136354316428,2.074221153159838e-05,0.3411061428608524,26.88729213269663,4.483859580008781e-06,0.6261397581695675,5.9980662645513776e-05,0.00011974542643082274
15,7Networks_LH_Vis_15,7networks_lh_vis,7Networks_LH_Vis,visual,visual,L,0.7047187726678378,-2.5810702571675144,0.00013489162567646893,0.248785463934465,0.027921520650046598,-1.5837358819227365,38.1722900393349,3.055041319568979e-05,0.33015967381000366,6.831183822930905,0.011996210356936841,0.0004137891760616007,8.305321910684529e-05,0.030956540173571866
16,7Networks_LH_Vis_16,7networks_lh_vis,7Networks_LH_Vis,visual,visual,L,1.2856920211851934,-7.812588019655397,2.577227298669263e-08,0.4682878852462743,0.013157491450290923,0.20730080712702392,11.39166651907351,1.3154154510145262e-07,0.4687580163213573,1.0424783663514765,0.3124726989604738,5.222222208234635e-07,1.0858156632010816e-06,0.4020626843376296
17,7Networks_LH_Vis_17,7networks_lh_vis,7Networks_LH_Vis,visual,visual,L,0.3694667846501902,31.695771016320563,0.112301717764029,0.0319389277419353,0.041385035211407455,-3.02246081295298,92.10004741632731,0.005634410337393132,0.16364694726930296,8.55899068781102,0.005279971999540314,0.1432162355754752,0.008069470956392688,0.01667656988912415
18,7Networks_LH_Vis_18,7networks_lh_vis,7Networks_LH_Vis,visual,visual,L,1.0770529361668466,-2.117297733368403,2.8443916093201926e-06,0.3563606161710503,0.020432212911335443,-0.5975762262836302,27.704908043562277,6.251331739378466e-06,0.37389056931169995,2.343914832629448,0.13247681139446513,1.7218050541751567e-05,2.150079249755927e-05,0.20668203564634766
19,7Networks_LH_Vis_19,7networks_lh_vis,7Networks_LH_Vis,visual,visual,L,0.49859802983340573,28.759172121699457,0.006259167584204892,0.12776856617054877,0.049302795668095686,-3.5422711493598475,100.71995895239,3.929201564166903e-07,0.4434355962079706,28.224194250586823,2.9015496697214533e-06,0.011276436838210401,2.242974057921104e-06,8.233147187834623e-05
20,7Networks_LH_Vis_20,7networks_lh_vis,7Networks_LH_Vis,visual,visual,L,0.7007698759116531,7.628794107710892,8.918463455109476e-06,0.32603543890065634,-0.006535122333811816,1.2363900991284593,-1.9096618521044135,4.561646372380569e-05,0.3186347305474939,0.47864380989476596,0.4924410005828054,4.3662118858472994e-05,0.00011700494085089144,0.5762067377953445
21,7Networks_LH_Vis_21,7networks_lh_vis,7Networks_LH_Vis,visual,visual,L,0.8181701234342669,9.827291934861805,7.77986794521636e-07,0.3892392731442328,0.005402882239062941,0.3753485750252432,17.713166393054877,4.897857421321066e-06,0.38035772967528314,0.3119996699286217,0.5791072787818183,5.986542452759707e-06,1.7237420692091194e-05,0.6507789717003601
22,7Networks_LH_Vis_22,7networks_lh_vis,7Networks_LH_Vis,visual,visual,L,0.5905882353911485,7.2251146588235535,0.0002759049138294403,0.2272241917200407,-0.02225124724859183,2.414305896570925,-25.252095573882514,0.00011315370005847811,0.29177829399679367,5.375179245452433,0.024825160949686554,0.0007545833185455776,0.0002551231335404696,0.05392642617778801
23,7Networks_LH_Vis_23,7networks_lh_vis,7Networks_LH_Vis,visual,visual,L,1.0046962879643435,13.478759825898337,2.5919532840855745e-05,0.2965667340088407,0.02868773357590204,-1.3465573652394474,55.350460051754574,2.0727882815398912e-05,0.34112551793982915,4.246174631015868,0.04489749138523549,0.0001083461500231551,5.9980662645513776e-05,0.08673254962359217
24,7Networks_LH_Vis_24,7networks_lh_vis,7Networks_LH_Vis,visual,visual,L,0.600764281313694,17.058140189161,0.006234509334122856,0.1278990198959178,0.05624455897370762,-4.009053514500383,99.15090316228165,1.5970933432873314e-06,0.4092123252225889,23.855992486247633,1.2427583906314535e-05,0.011276436838210401,6.905527408118557e-06,0.00022166815332974547
25,7Networks_LH_Vis_25,7networks_lh_vis,7Networks_LH_Vis,visual,visual,L,1.1436380526755097,-0.5647463589949453,4.945827744453589e-07,0.400354116058126,-0.0070312821879843085,1.7199236587678746,-10.827381404726566,3.2275696779021585e-06,0.3912578762019726,0.28275127344362666,0.5974081268412428,4.158158881448017e-06,1.2741883771891998e-05,0.664762964671383
26,7Networks_LH_Vis_26,7networks_lh_vis,7Networks_LH_Vis,visual,visual,L,1.5423313164295158,-7.96309692887462,2.2724268120283091e-10,0.561934861330941,0.036115069782451784,-1.4176686269968188,44.7493061463188,3.420117186756699e-11,0.626114808730972,9.23952792766491,0.003862644621424411,2.265982350215617e-08,3.178909784537033e-09,0.01298993080093839
27,7Networks_LH_Vis_27,7networks_lh_vis,7Networks_LH_Vis,visual,visual,L,0.5226680498521492,25.559067502452464,0.0281589117539552,0.07762574249825216,0.06268109059160981,-4.614689450013938,117.04638657342505,4.309215239151609e-06,0.38372472992522644,24.84121529769007,8.876769522708051e-06,0.04233160906058166,1.5651069748598644e-05,0.000171877271481524
28,7Networks_LH_Vis_28,7networks_lh_vis,7Networks_LH_Vis,visual,visual,L,0.871806264660749,6.843332172923354,0.000191375894965989,0.2383087572074004,0.03535378288388213,-2.025798418552288,58.444585190952,4.332286942719829e-05,0.32012884737464087,6.776630340707666,0.012319711688729926,0.0005605461697713484,0.00011175331090879559,0.03124664305409713
29,7Networks_LH_Vis_29,7networks_lh_vis,7Networks_LH_Vis,visual,visual,L,1.2044237505641209,-15.081069408304376,8.640944151474191e-08,0.4414052353455884,-0.007485974253024649,1.8179760294028746,-26.00735847857119,5.923634647981385e-07,0.43362773494258466,0.3408575200864918,0.5621263024527845,1.1538201896380243e-06,3.1639178002159393e-06,0.6352661720077916
30,7Networks_LH_Vis_30,7networks_lh_vis,7Networks_LH_Vis,visual,visual,L,1.4367884036412972,-14.559419964801378,4.231820659920091e-10,0.5506089630839621,0.021855976327726637,-0.3545327562871483,17.340865448708094,8.441317341738694e-10,0.5714633019213499,3.335875244016776,0.0741396169396891,3.2020776326728686e-08,2.7373986236781194e-08,0.12897604649209296
31,7Networks_LH_Vis_31,7networks_lh_vis,7Networks_LH_Vis,visual,visual,L,0.759309701963585,-0.8441953369677151,4.9179640286139385e-06,0.34198952137553795,0.006584109307834679,0.21967449438680076,8.765760446486432,2.644131292869974e-05,0.3342644408425043,0.4430162840409579,0.5089237105041495,2.7059607097979967e-05,7.364635625539683e-05,0.5879169581905442
32,7Networks_LH_SomMot_1,7networks_lh_sommot,7Networks_LH_SomMot,somatomotor,somatomotor,L,0.17570527015851667,58.512989430171075,0.4331948030562436,-0.0077183581796858025,0.04521186895309606,-3.5298705559302546,124.50279020847063,0.004632577751828324,0.17058568012838948,11.318840214999488,0.0015349547093031857,0.4820353935968985,0.006850782733974134,0.006852817476930488
33,7Networks_LH_SomMot_2,7networks_lh_sommot,7Networks_LH_SomMot,somatomotor,somatomotor,L,0.5592826931250325,22.5015438166811,0.00849241645402901,0.11765896355166383,0.028951235404753917,-1.8135676343533067,64.75784290105125,0.003135439545821709,0.18424878404052947,4.91824286735033,0.03144537083766509,0.01427984100047841,0.004891716679735587,0.06640092260604628
34,7Networks_LH_SomMot_3,7networks_lh_sommot,7Networks_LH_SomMot,somatomotor,somatomotor,L,0.4673380271384493,47.13323112090148,0.04774235043376829,0.06000067511459073,0.039167858276720875,-2.7428692071711778,104.30138683848307,0.004629774444924553,0.17060704387598713,7.401194586168152,0.009108772999583098,0.06710534704932138,0.006850782733974134,0.025685608334228116
35,7Networks_LH_SomMot_4,7networks_lh_sommot,7Networks_LH_SomMot,somatomotor,somatomotor,L,0.2822091879650299,55.374013361033086,0.28039730232371274,0.003900950059268826,0.05457512330941687,-4.190781252907699,135.0301213263052,0.0022635289190481786,0.19548170185315605,12.430288294608957,0.000954172828273925,0.32725032199219944,0.0036701504615995464,0.005157076952813833
36,7Networks_LH_SomMot_5,7networks_lh_sommot,7Networks_LH_SomMot,somatomotor,somatomotor,L,0.48710867057932583,35.19434456808869,0.047493672858786716,0.0601743854988992,0.05264009152866778,-3.8272860927536057,112.02614191165728,0.00034047465008868596,0.25778904237690003,13.780063986822535,0.0005437661944448181,0.06696312881332041,0.0006779626804397518,0.0035267121753992485
37,7Networks_LH_SomMot_6,7networks_lh_sommot,7Networks_LH_SomMot,somatomotor,somatomotor,L,0.4082357110267142,30.4321909422641,0.017369230430384137,0.09379678267576907,0.049107266656525254,-3.6166078626042903,102.10758986887791,2.2919318125805113e-07,0.45605672310208767,32.96744564916606,6.606573978095054e-07,0.02709838699448247,1.504693204082938e-06,3.7492307325689426e-05
38,7Networks_LH_SomMot_7,7networks_lh_sommot,7Networks_LH_SomMot,somatomotor,somatomotor,L,0.7250330816733713,14.735882726705569,0.0008920928323903382,0.1908112068699943,0.033698684305111894,-2.0369193176305957,63.92140668927741,0.00017358439291573457,0.2787639939455814,6.853470631234185,0.01186666389823039,0.0020984981653119875,0.00037888131915261294,0.030956540173571866
39,7Networks_LH_SomMot_8,7networks_lh_sommot,7Networks_LH_SomMot,somatomotor,somatomotor,L,0.2753091202917126,40.124697113032795,0.2396336755998413,0.008452906043816655,0.028191258886592435,-2.0352533460717446,81.2717587296552,0.09225213041293166,0.05799183997872648,3.5242550221879014,0.06669118767789349,0.2855477394286823,0.10711628441808434,0.11967509567495511
40,7Networks_LH_SomMot_9,7networks_lh_sommot,7Networks_LH_SomMot,somatomotor,somatomotor,L,0.6328472314107152,20.0254161120732,0.0011067965273412908,0.18398304320835224,0.00898540814660296,-0.1035990157049489,33.14023103204884,0.003958330437679627,0.1761186117197422,0.5418118228872189,0.4653408153015661,0.0025250533839846533,0.006010307754871407,0.5545006040601339
41,7Networks_LH_SomMot_10,7networks_lh_sommot,7Networks_LH_SomMot,somatomotor,somatomotor,L,0.49970893310042597,28.293420762505782,0.00700885256423664,0.12402615765871272,0.031823410733963386,-2.108545586123415,74.74185527864732,0.0005844312450617135,0.24052687485756263,8.363044511280139,0.00578329244048231,0.012285787892522914,0.0010919003508560407,0.01807156090186813
42,7Networks_LH_SomMot_11,7networks_lh_sommot,7Networks_LH_SomMot,somatomotor,somatomotor,L,0.7431788509566445,19.79971462594211,0.00020634073147972998,0.23603800374623252,0.026338044304731516,-1.4154936954784212,58.2418833927844,0.00010511885016658658,0.29399458033801995,4.940360228024487,0.031084465852784036,0.0005929031145050469,0.00023981888429964977,0.065945549052168
43,7Networks_LH_SomMot_12,7networks_lh_sommot,7Networks_LH_SomMot,somatomotor,somatomotor,L,0.8318665491076133,18.58169194649585,0.0003372881176604599,0.2210825964038884,0.052653626224082484,-3.483637521168465,95.43324409946965,7.64403817612969e-07,0.4274491181147615,18.30080828712684,9.185134980833193e-05,0.0009007576789285223,3.855992591069866e-06,0.0008510308737343406
44,7Networks_LH_SomMot_13,7networks_lh_sommot,7Networks_LH_SomMot,somatomotor,somatomotor,L,0.9055445044982462,-4.362615209732418,3.7211038443554966e-05,0.2863226593920756,0.02277238684437769,-0.9608858852830617,28.875233742405925,5.025741630593514e-05,0.31581969352603734,3.0694217957354364,0.0863005806630375,0.00014316789367266062,0.00012606003869002516,0.14565228111902984
45,7Networks_LH_SomMot_14,7networks_lh_sommot,7Networks_LH_SomMot,somatomotor,somatomotor,L,1.3384270706017651,-0.7522792271203897,1.3411532697027978e-08,0.4822824569186882,0.03825244690088723,-1.7967528236805341,55.079771265877596,1.1493918330715822e-09,0.5657972100936115,10.232340845300806,0.00247184053653199,3.3826865802503896e-07,3.369395025277005e-08,0.00967427244470279
46,7Networks_LH_SomMot_15,7networks_lh_sommot,7Networks_LH_SomMot,somatomotor,somatomotor,L,1.3260213207187848,-9.452255993943822,7.679121494375037e-08,0.4440834769205203,-0.015751326235159152,2.6170038675008307,-32.442388990446545,3.329352080006594e-07,0.44734518896705144,1.2832910799073234,0.2630340446886481,1.0670665718918872e-06,1.963020577042849e-06,0.354354469699247
47,7Networks_LH_SomMot_16,7networks_lh_sommot,7Networks_LH_SomMot,somatomotor,somatomotor,L,1.014610040856908,1.8718006917813383,4.290290279695442e-08,0.4571175544241607,0.009789818390697286,0.21223413359234033,16.16070712756874,2.3172558074217858e-07,0.4558023158492718,0.8839916937662289,0.3519180245743858,7.491506873006656e-07,1.504693204082938e-06,0.44380773099103105
48,7Networks_LH_SomMot_17,7networks_lh_sommot,7Networks_LH_SomMot,somatomotor,somatomotor,L,1.1485565969733211,11.588646659048791,2.875573307610841e-07,0.41341015837707507,0.0387113382841168,-2.0242341472001835,68.09048036737033,1.5931963655878845e-08,0.5143986396021549,10.98235897616185,0.001776729727031183,2.6110205633106436e-06,2.642528434747134e-07,0.007572617261367234
49,7Networks_LH_SomMot_18,7networks_lh_sommot,7Networks_LH_SomMot,somatomotor,somatomotor,L,0.5261381215505716,38.327715264665464,0.0013669537084029112,0.17725945773751994,-0.007405878090071483,1.1331256993036716,27.518331997205383,0.0048751478675710894,0.16878241221039003,0.5104793362418312,0.4784651808126147,0.002983639344302508,0.007162838614489562,0.5656853960649142
50,7Networks_LH_SomMot_19,7networks_lh_sommot,7Networks_LH_SomMot,somatomotor,somatomotor,L,0.6736702903596146,23.34092154336531,0.00029132234210518695,0.22556560675756843,0.046753221111049945,-3.1582351351962723,91.58043073204087,7.244082152557164e-08,0.48207398351785813,24.772511309862818,9.08602316201889e-06,0.0007919781036871549,7.365479403012083e-07,0.000171877271481524
51,7Networks_LH_SomMot_20,7networks_lh_sommot,7Networks_LH_SomMot,somatomotor,somatomotor,L,0.6401512735594637,10.975508523596844,6.602117823328774e-05,0.26981347332235384,0.01357702948982998,-0.47262538072576454,30.792107393342043,0.00014459172529237383,0.28435099697602373,1.9750605847665526,0.16648765446423533,0.00022288067073611924,0.00031712388059293586,0.24863616818014092
52,7Networks_LH_SomMot_21,7networks_lh_sommot,7Networks_LH_SomMot,somatomotor,somatomotor,L,0.7757752559438799,5.589693172437805,4.6007242651010486e-05,0.28025095037328385,0.028373415877784337,-1.5497168419244076,47.00262531902263,1.1440327017478843e-05,0.35758006854326185,6.777837035258476,0.012312456363520664,0.0001670983053084701,3.5093976121185106e-05,0.03124664305409713
53,7Networks_LH_SomMot_22,7networks_lh_sommot,7Networks_LH_SomMot,somatomotor,somatomotor,L,0.6045822344824937,25.62532861931416,0.002876666390232027,0.15326977837847966,0.02925573370144814,-1.7932248477914898,68.32606369806953,0.0008319029382087281,0.22902999105420585,5.716772593278058,0.020860498426083077,0.005856531574732468,0.0014753278669795411,0.046424834732557436
54,7Networks_LH_SomMot_23,7networks_lh_sommot,7Networks_LH_SomMot,somatomotor,somatomotor,L,0.6973773303044823,10.910167795337511,3.411940352012767e-05,0.28879174550511677,-0.028237123889011527,3.0116989034725083,-30.303836914822334,3.3329498324592094e-06,0.3904250577227677,9.002951972111367,0.00430328851898656,0.0001335362861908445,1.2932984819969924e-05,0.014260532756349621
55,7Networks_LH_SomMot_24,7networks_lh_sommot,7Networks_LH_SomMot,somatomotor,somatomotor,L,0.34543660721133984,31.62996661105005,0.05664232068935636,0.054325627071752924,0.044780736375743375,-3.324803487498258,96.99050004103356,3.691934677943054e-05,0.32474045297981935,20.222107559775505,4.5032707626066865e-05,0.07816295924914221,9.744990370849689e-05,0.0005242269041598553
56,7Networks_LH_SomMot_25,7networks_lh_sommot,7Networks_LH_SomMot,somatomotor,somatomotor,L,0.4436178463461534,30.630929404120966,0.004601819652020781,0.13790619212231414,-0.0006059504506252672,0.4932816933323223,29.74650346809592,0.018806276202219783,0.11963189686304332,0.0036370362358079636,0.9521661665828516,0.008597638362211665,0.02439442684516509,0.9584998661388351
57,7Networks_LH_SomMot_26,7networks_lh_sommot,7Networks_LH_SomMot,somatomotor,somatomotor,L,0.4801532873187916,14.990209645953485,0.04637521744718163,0.06096730280313345,0.04949647767335369,-3.576590116348069,87.23368854926281,0.000577069789955129,0.24093642520762915,12.380493231780639,0.0009744738807938955,0.06558987140504816,0.0010826020026430932,0.005204836963299159
58,7Networks_LH_SomMot_27,7networks_lh_sommot,7Networks_LH_SomMot,somatomotor,somatomotor,L,0.24358679701729935,27.124084761500782,0.2559754543380109,0.006523368992396361,0.010644046129803318,-0.6288018244593125,42.6597947386627,0.3991918523693161,-0.0025989126426195774,0.5632655162904182,0.4566885308630806,0.30230154116141206,0.42245478082906646,0.5456226131890489
59,7Networks_LH_SomMot_28,7networks_lh_sommot,7Networks_LH_SomMot,somatomotor,somatomotor,L,0.5602923390237433,35.25371537534813,0.004854853840105622,0.13614628108608628,0.033006714102894005,-2.1449460134361797,83.42926171818786,0.0005399992650851733,0.24307800929646683,7.7810461542114515,0.007601498689024722,0.009033211653311281,0.0010300826317170954,0.02240961301829366
60,7Networks_LH_SomMot_29,7networks_lh_sommot,7Networks_LH_SomMot,somatomotor,somatomotor,L,0.3213906130214442,29.402838094611994,0.08581351968940895,0.040655012009357505,-0.016050199519841844,1.6368688872403152,5.976479191707135,0.09811716209069944,0.055517853071130885,1.75535188598843,0.1916109802584137,0.11292561721446859,0.11305886190146586,0.27881854178628146
61,7Networks_LH_SomMot_30,7networks_lh_sommot,7Networks_LH_SomMot,somatomotor,somatomotor,L,0.3347644695729849,23.231587060411965,0.07888783833497816,0.043406673648726746,0.029800091609872535,-2.10765831987936,66.72684956660638,0.010805694192581228,0.1401476793113582,6.400425352213224,0.01482010651354602,0.10564919942206515,0.014732087577873506,0.03541225451131523
62,7Networks_LH_SomMot_31,7networks_lh_sommot,7Networks_LH_SomMot,somatomotor,somatomotor,L,1.0414590700940627,-1.697138892215385,4.030598862403107e-09,0.5071183744837853,-0.000983477663536958,1.122065139692329,-3.132591497680963,3.6882215194677346e-08,0.4967398271771494,0.0101138583563671,0.9203214332062915,1.307065631093579e-07,4.879602152418243e-07,0.9347336256726092
63,7Networks_LH_SomMot_32,7networks_lh_sommot,7Networks_LH_SomMot,somatomotor,somatomotor,L,0.5125879314477567,18.403301122422285,0.007313717633672917,0.12261581126058496,-0.005504788145117852,0.9637617128159022,10.36868805654963,0.02576824031108987,0.10775359311214672,0.20046024773211113,0.6564065384709648,0.012721945615660936,0.03249661417009667,0.7198274600623623
64,7Networks_LH_SomMot_33,7networks_lh_sommot,7Networks_LH_SomMot,somatomotor,somatomotor,L,0.44321038080307984,22.844297566176987,0.0077462903654492085,0.1207109167259427,0.02091613257064351,-1.2710809551611915,53.372817031302034,0.004143488492195817,0.17451431378120152,4.1285376618485765,0.04783997435672699,0.013321272067855836,0.006228952898863911,0.09125776620989098
65,7Networks_LH_SomMot_34,7networks_lh_sommot,7Networks_LH_SomMot,somatomotor,somatomotor,L,0.27771315963982557,20.610936349296168,0.14709871652410092,0.02335387994279836,0.0018498414175159641,0.12609970508531898,23.310905836068876,0.3497603849784137,0.0030251430009742286,0.021259797719746683,0.8846969934924029,0.18346927830203796,0.37539294274278917,0.9025897416753954
66,7Networks_LH_SomMot_35,7networks_lh_sommot,7Networks_LH_SomMot,somatomotor,somatomotor,L,0.4091781019360716,42.79441616566772,0.016753199002485487,0.09500462377164676,0.031546041722424756,-2.1763431853320165,88.83801172608057,0.000711869498132065,0.2341251417870882,9.719159263594452,0.003109081104253355,0.026318174211516995,0.0013012177284044192,0.011665477862239862
67,7Networks_LH_SomMot_36,7networks_lh_sommot,7Networks_LH_SomMot,somatomotor,somatomotor,L,0.6470444491422365,11.899241344045997,8.371571078103274e-05,0.26288106348773055,0.020014502046231168,-0.9933490287442805,41.111769675441934,6.20835178558426e-05,0.3096394950468385,4.251061870912597,0.04477959055420304,0.0002724429335422747,0.00015318433210082902,0.08673254962359217
68,7Networks_LH_SomMot_37,7networks_lh_sommot,7Networks_LH_SomMot,somatomotor,somatomotor,L,0.6507204897123942,5.142092199737295,0.0005662008498384194,0.20506920413974516,0.00197745638164349,0.4886476815176075,8.028324414729774,0.002762268995997975,0.18863564759769103,0.027797176837925937,0.8683017768027574,0.0013894874909548237,0.004354410153413474,0.8936980779631318
69,7Networks_LH_DorsAttn_Post_1,7networks_lh_dorsattn_post,7Networks_LH_DorsAttn_Post,dorsal attention,posterior,L,0.5584983000921124,29.46759800977692,0.006408032807911677,0.1269915691461474,0.03548896204308919,-2.3501857000380815,81.26615421371665,0.0004974855184669602,0.24571462397322763,8.555106877078831,0.005289484722541581,0.011498999584157713,0.00095298913664135,0.01667656988912415
70,7Networks_LH_DorsAttn_Post_2,7networks_lh_dorsattn_post,7Networks_LH_DorsAttn_Post,dorsal attention,posterior,L,0.6171318245006087,21.913557767357705,8.532164220287007e-05,0.26232390347045853,0.015321262485509558,-0.6386025922819338,44.275983442343744,0.00013351560723907783,0.2867738714559913,2.645478784829972,0.11053194562102421,0.0002747235855326455,0.0002942528431385502,0.17858186232008894
71,7Networks_LH_DorsAttn_Post_3,7networks_lh_dorsattn_post,7Networks_LH_DorsAttn_Post,dorsal attention,posterior,L,0.5631001520777231,24.65693083649847,0.0003419229696752026,0.22066393731642975,0.019973592191277326,-1.073940344101195,53.809748449430714,0.00020279933286891064,0.2739740953247174,4.524512786554469,0.0386902328520867,0.0009077954867400116,0.0004363549626658077,0.07735922153337742
72,7Networks_LH_DorsAttn_Post_4,7networks_lh_dorsattn_post,7Networks_LH_DorsAttn_Post,dorsal attention,posterior,L,0.7634001847848747,6.90996648913082,2.7691811950934207e-06,0.35705650540091327,0.008067143273320115,0.10221515104469026,18.684511310728006,1.3477947317670615e-05,0.3530835880872607,0.7052168911722722,0.40528781840616435,1.698930084557315e-05,4.052309988226795e-05,0.49855979080564183
73,7Networks_LH_DorsAttn_Post_5,7networks_lh_dorsattn_post,7Networks_LH_DorsAttn_Post,dorsal attention,posterior,L,0.6650955067425737,3.9998756194199565,0.0013410554478365318,0.17787020952042087,0.036662597419903735,-2.339779935627684,57.51143255736412,8.815100661324815e-05,0.2992635608550942,9.31536728869809,0.003731687489358464,0.0029555299675620653,0.0002052336256534085,0.012734802910787485
74,7Networks_LH_DorsAttn_Post_6,7networks_lh_dorsattn_post,7Networks_LH_DorsAttn_Post,dorsal attention,posterior,L,1.3080222534198096,-6.895849358339223,2.3783955640178952e-07,0.4179166903465731,-0.015501092366992375,2.5784955712268376,-29.520748988235482,1.0481595927708404e-06,0.4197056731358654,1.1479786548148332,0.2894438457652773,2.3995368579202766e-06,4.956921407478766e-06,0.38089132167372725
75,7Networks_LH_DorsAttn_Post_7,7networks_lh_dorsattn_post,7Networks_LH_DorsAttn_Post,dorsal attention,posterior,L,0.9258502669512029,3.3341566898472834,2.2349973093919017e-05,0.30072683347100115,0.03344455735651475,-1.8152738255544767,52.14876506988233,4.538140240240843e-06,0.38236581599132957,7.344647466793631,0.009359021508092423,9.663702652037366e-05,1.622295802416805e-05,0.02606745867898135
76,7Networks_LH_DorsAttn_Post_8,7networks_lh_dorsattn_post,7Networks_LH_DorsAttn_Post,dorsal attention,posterior,L,1.1885617208278223,6.67268612291717,3.506789178020403e-08,0.4615640092992922,-0.012535522934108187,2.2159762433330323,-11.623763022588406,1.735875013460758e-07,0.4624508787804623,1.0791922699075236,0.3041933182632779,6.368329147285051e-07,1.231386337673725e-06,0.3941041936158746
77,7Networks_LH_DorsAttn_Post_9,7networks_lh_dorsattn_post,7Networks_LH_DorsAttn_Post,dorsal attention,posterior,L,0.36646823773831627,17.439630123531906,0.09997405143413879,0.03568978437460468,0.06054381265727923,-4.595717440425278,105.80744654265331,7.220251053611356e-06,0.37003965303675745,26.475879193265744,5.1353151927907915e-06,0.12968062671742575,2.39269633455442e-05,0.00012952406097372328
78,7Networks_LH_DorsAttn_Post_10,7networks_lh_dorsattn_post,7Networks_LH_DorsAttn_Post,dorsal attention,posterior,L,-0.03540426693267129,34.782047229960455,0.8654218290051361,-0.020216277017130357,0.05277630227468487,-4.360962896289768,111.8126534306202,0.00020607507660120117,0.27347888282054233,20.40393381397904,4.214581271481418e-05,0.8829247424007456,0.0004413117206459685,0.0005035315519085694
79,7Networks_LH_DorsAttn_Post_11,7networks_lh_dorsattn_post,7Networks_LH_DorsAttn_Post,dorsal attention,posterior,L,1.1065539422824366,9.333248844309104,1.4684839378562445e-06,0.3733274625836749,0.030732649436094613,-1.412301514460517,54.18964298676699,6.902451831608252e-07,0.42993004391371015,5.765948239921692,0.02034814049636203,1.0417057934167733e-05,3.5610376494888024e-06,0.045507663967233304
80,7Networks_LH_DorsAttn_Post_12,7networks_lh_dorsattn_post,7Networks_LH_DorsAttn_Post,dorsal attention,posterior,L,-0.45671944784304586,47.40602393613972,0.011444399080532292,0.1077316717509077,0.044558516785979246,-4.108746370680281,112.4422127460677,7.168081963456966e-06,0.3702340157827396,21.007610492314356,3.3872527505638004e-05,0.018689774037991585,2.39269633455442e-05,0.0004346567587653696
81,7Networks_LH_DorsAttn_Post_13,7networks_lh_dorsattn_post,7Networks_LH_DorsAttn_Post,dorsal attention,posterior,L,-0.35989058751207914,48.676007610730835,0.009454929281217501,0.11409071418906347,0.011464453597506113,-1.2995200054931595,65.40915814065741,0.015545948135822102,0.1267355852920783,1.6950401307119818,0.1992827796985309,0.01578138931497333,0.020398440617523796,0.2861386684106395
82,7Networks_LH_DorsAttn_Post_14,7networks_lh_dorsattn_post,7Networks_LH_DorsAttn_Post,dorsal attention,posterior,L,0.05888391943949789,24.231498268084263,0.730601826838008,-0.018288662089574137,0.018789464804588433,-1.48110520680654,51.65600134430035,0.23561535755226687,0.01964474430337959,2.857289483869759,0.09758352980719202,0.7607642875790267,0.2565212765676958,0.160517835262555
83,7Networks_LH_DorsAttn_Post_15,7networks_lh_dorsattn_post,7Networks_LH_DorsAttn_Post,dorsal attention,posterior,L,1.1900656979669901,-0.11038101573284109,7.756210764852925e-08,0.4438572499392819,0.020592022911137264,-0.49766153111389144,29.945078335834275,1.6200900391630525e-07,0.4640275813302719,2.806391286272748,0.10053116825547748,1.0670665718918872e-06,1.1845192012349815e-06,0.16417679995678697
84,7Networks_LH_DorsAttn_Post_16,7networks_lh_dorsattn_post,7Networks_LH_DorsAttn_Post,dorsal attention,posterior,L,0.5968159703096247,14.837316959911231,0.0016973845134864282,0.17032502687790696,0.019091814803451658,-0.9679538357169339,42.703120443571564,0.002123250473607957,0.197668961164446,2.6358694631317814,0.11116389294484749,0.003617899385553232,0.0034550384050824816,0.17896598367716582
85,7Networks_LH_DorsAttn_Post_17,7networks_lh_dorsattn_post,7Networks_LH_DorsAttn_Post,dorsal attention,posterior,L,0.5028852761401696,-0.28695438076778146,0.005926225556564729,0.12957419609299148,0.04311280532296467,-3.030650781955261,62.639120124304206,8.599055614605411e-06,0.36533735814840074,18.830940459397286,7.527352483542429e-05,0.010848816139840269,2.7300498244971027e-05,0.0007379189071325546
86,7Networks_LH_DorsAttn_FEF_1,7networks_lh_dorsattn_fef,7Networks_LH_DorsAttn_FEF,dorsal attention,frontal eye fields,L,0.7439113090117868,19.301110989844346,7.264575383391327e-05,0.26702856630091554,0.041286243946637324,-2.6399193323929886,79.56119481317239,2.3594562262107483e-07,0.45538422225131436,17.600825490206727,0.00011980423755249648,0.00024073848350800455,1.5087227136615208e-06,0.0010072430342376556
87,7Networks_LH_DorsAttn_FEF_2,7networks_lh_dorsattn_fef,7Networks_LH_DorsAttn_FEF,dorsal attention,frontal eye fields,L,-0.251236461309545,50.668336742229116,0.07249132820950903,0.046181741408813703,-0.000232849594967742,-0.23215205161343033,50.32847690588412,0.20270516315910514,0.025900977216126497,0.000638889394542832,0.9799416238114584,0.09765894067393797,0.2228284360150938,0.9821048503540886
88,7Networks_LH_DorsAttn_FEF_3,7networks_lh_dorsattn_fef,7Networks_LH_DorsAttn_FEF,dorsal attention,frontal eye fields,L,0.22761022438147527,30.251437476964696,0.1291785153377175,0.027462332976947,0.019909441285057138,-1.4041724478495365,59.31062247485017,0.039111189709695265,0.09176938302644577,4.398628437193311,0.04137365791637803,0.16290846100923262,0.04812054235285,0.08166800301754619
89,7Networks_LH_DorsAttn_FEF_4,7networks_lh_dorsattn_fef,7Networks_LH_DorsAttn_FEF,dorsal attention,frontal eye fields,L,0.2737474908708797,24.09788244932561,0.12004321151468947,0.02980162798484809,0.02001017973820696,-1.3662917295938923,53.30410207789554,0.06587882274503172,0.0713927133575536,3.149856162671435,0.08241030898727567,0.15180952096843736,0.07870785664801158,0.14012839056263351
90,7Networks_LH_DorsAttn_PrCv_1,7networks_lh_dorsattn_prcv,7Networks_LH_DorsAttn_PrCv,dorsal attention,precentral ventral,L,0.6194183459338871,22.736778851059853,0.00020137040239958366,0.23677400124661885,0.03277789750984178,-2.06706614265233,70.5783517984192,3.88072498321452e-06,0.3864652085117808,12.711117361900655,0.0008477047461141734,0.0005823067687223629,1.432397676731213e-05,0.00487161968020044
91,7Networks_LH_DorsAttn_PrCv_2,7networks_lh_dorsattn_prcv,7Networks_LH_DorsAttn_PrCv,dorsal attention,precentral ventral,L,0.35804111991723053,29.772094930572983,0.10850751513806847,0.03304471606689463,0.057367794222203713,-4.343837311305568,113.50429621915706,3.0041626787055593e-05,0.33063820294297774,22.340458079407107,2.106721613587225e-05,0.1391593555725511,8.265999128074691e-05,0.0003188172041895334
92,7Networks_LH_SalVentAttn_ParOper_1,7networks_lh_salventattn_paroper,7Networks_LH_SalVentAttn_ParOper,salience / ventral attention,parietal operculum,L,0.8701355650893514,16.363528219018363,4.446589995621307e-05,0.2812290217938861,0.040383221579166975,-2.439683142440561,75.30558941891691,1.2373736955366062e-06,0.415593172863307,12.035940977848416,0.0011279920829185906,0.00016412616731805474,5.674420785592113e-06,0.005566395713533045
93,7Networks_LH_SalVentAttn_ParOper_2,7networks_lh_salventattn_paroper,7Networks_LH_SalVentAttn_ParOper,salience / ventral attention,parietal operculum,L,1.0310063263727156,7.641311902509187,2.1299166654357895e-06,0.36383585690337006,0.05472881163600152,-3.4545804472978414,87.52173844359208,1.7084371936874782e-10,0.5996275941485358,29.268689905584733,2.0770929875852316e-06,1.4014234291418094e-05,8.618116510379056e-09,7.181582343164175e-05
94,7Networks_LH_SalVentAttn_ParOper_3,7networks_lh_salventattn_paroper,7Networks_LH_SalVentAttn_ParOper,salience / ventral attention,parietal operculum,L,0.3273998582338097,24.801114165761405,0.15012409551481087,0.02271446205561234,-0.02547070000865745,2.4149846542429563,-12.375106551830633,0.08231824501790895,0.06254782702049455,3.0395723359810813,0.08779608821764111,0.18571209635892136,0.09652420196428381,0.147627496484478
95,7Networks_LH_SalVentAttn_ParOper_4,7networks_lh_salventattn_paroper,7Networks_LH_SalVentAttn_ParOper,salience / ventral attention,parietal operculum,L,0.5363330567545656,19.20831923690175,0.006892417024473821,0.12458079097938646,0.01578465460777169,-0.7573810915899712,42.24709726224151,0.012457526529928348,0.1349269794920548,1.5740752940329668,0.2158195222394664,0.012175709451794222,0.016782543159013265,0.3052400719523917
96,7Networks_LH_SalVentAttn_TempOcc_1,7networks_lh_salventattn_tempocc,7Networks_LH_SalVentAttn_TempOcc,salience / ventral attention,temporal occipital,L,1.3402586743197644,1.2496832747493087,1.047013324267467e-10,0.5756606963276427,0.0444756185762439,-2.3049738909929154,66.16487650382794,4.628818881854366e-14,0.7177256463855257,25.157765363593114,7.975705484862436e-06,1.5844801640580998e-08,2.101483772361882e-11,0.000171877271481524
97,7Networks_LH_SalVentAttn_FrOperIns_1,7networks_lh_salventattn_froperins,7Networks_LH_SalVentAttn_FrOperIns,salience / ventral attention,frontal operculum insula,L,0.3686001487091395,55.92031542818768,0.03860508680594532,0.06707938635571398,0.04716088937780019,-3.496717867595869,124.7548442063957,5.30117498946567e-06,0.3782677153211801,25.02487398263175,8.341750009892315e-06,0.05635597880996519,1.8513334193980107e-05,0.000171877271481524
98,7Networks_LH_SalVentAttn_FrOperIns_2,7networks_lh_salventattn_froperins,7Networks_LH_SalVentAttn_FrOperIns,salience / ventral attention,frontal operculum insula,L,-0.512634124823009,86.21728011160492,0.0011562572163638393,0.18259384978779591,0.0036529605632488887,-0.8120316651209367,91.54902474861214,0.005043844546519146,0.16757828578540312,0.13415632988996906,0.715804612341923,0.0026116456528815076,0.007315991770350454,0.7682631063906219
99,7Networks_LH_SalVentAttn_FrOperIns_3,7networks_lh_salventattn_froperins,7Networks_LH_SalVentAttn_FrOperIns,salience / ventral attention,frontal operculum insula,L,0.5762882532436711,32.28981809601898,0.0019249023464335533,0.1662784142744741,0.024563412920716607,-1.4369350713588158,68.14179154031095,0.0008921335353553234,0.2267333497267222,4.752698892008844,0.034294864659926046,0.0040254959510082474,0.0015705997661760323,0.07045189391677115
100,7Networks_LH_SalVentAttn_FrOperIns_4,7networks_lh_salventattn_froperins,7Networks_LH_SalVentAttn_FrOperIns,salience / ventral attention,frontal operculum insula,L,0.15181219116725608,69.57777217378792,0.2960377325185782,0.0023647703077783744,0.010224814599569088,-0.6862161116597836,84.50158519113039,0.3311312533840703,0.0053444791336223485,1.1437945305083475,0.29031393218282714,0.342860026947537,0.35624073231366804,0.3809321537890275
101,7Networks_LH_SalVentAttn_FrOperIns_5,7networks_lh_salventattn_froperins,7Networks_LH_SalVentAttn_FrOperIns,salience / ventral attention,frontal operculum insula,L,0.2985660708196606,36.412709855974725,0.03747138213205711,0.0680743425067778,-0.005202383066539272,0.7249546580603634,28.81947759014016,0.10074415963904175,0.05445533905744149,0.3086395676789193,0.581151168414368,0.054877443509528806,0.11549961736395191,0.6514632850867236
102,7Networks_LH_SalVentAttn_FrOperIns_6,7networks_lh_salventattn_froperins,7Networks_LH_SalVentAttn_FrOperIns,salience / ventral attention,frontal operculum insula,L,0.34764547533749623,36.9381849576235,0.07965934805551228,0.043087902156207725,0.02726091243217682,-1.8866655683089215,76.72734258568548,0.022350451386869367,0.11313996226034273,4.7914651037479326,0.03360341166072535,0.10636865887412521,0.02850310373494015,0.06966186709575027
103,7Networks_LH_SalVentAttn_FrOperIns_7,7networks_lh_salventattn_froperins,7Networks_LH_SalVentAttn_FrOperIns,salience / ventral attention,frontal operculum insula,L,0.5351286200205609,41.57945068971023,0.004164423381428694,0.14118492711220754,0.013436994358822008,-0.5661707207122193,61.19165875210402,0.00910021437090404,0.1464099284620125,1.2938179263715621,0.2611112322779351,0.007996433348550304,0.012519688861789195,0.35281101028030515
104,7Networks_LH_SalVentAttn_FrOperIns_8,7networks_lh_salventattn_froperins,7Networks_LH_SalVentAttn_FrOperIns,salience / ventral attention,frontal operculum insula,L,0.7123204570841482,33.008577108183175,0.002329542717269364,0.16011616629533132,0.05476167836976824,-3.775960082116305,112.93697488477805,3.624628372584452e-06,0.38824501163772396,18.89962449795382,7.336705847718516e-05,0.004829280336257038,1.3945604077570686e-05,0.0007379189071325546
105,7Networks_LH_SalVentAttn_FrOperIns_9,7networks_lh_salventattn_froperins,7Networks_LH_SalVentAttn_FrOperIns,salience / ventral attention,frontal operculum insula,L,0.6040329836594612,24.33832945080838,0.00133159654515149,0.1780961425900044,0.022959177297906155,-1.277706797331859,57.848811786636404,0.0008925434794568642,0.2267182328985059,4.018124096674529,0.05079405351985328,0.0029489991780428117,0.0015705997661760323,0.09608541790838912
106,7Networks_LH_SalVentAttn_PFCl_1,7networks_lh_salventattn_pfcl,7Networks_LH_SalVentAttn_PFCl,salience / ventral attention,lateral prefrontal cortex,L,0.9322744354691423,13.142823757144974,3.8904523693295095e-05,0.2850528942303716,0.03087493920596028,-1.5982431255779028,58.2068995058634,1.6786145885594266e-05,0.34701283140549166,5.554571862119714,0.022650928586720527,0.00014842566182147877,4.948643007831037e-05,0.05016351989449326
107,7Networks_LH_SalVentAttn_Med_1,7networks_lh_salventattn_med,7Networks_LH_SalVentAttn_Med,salience / ventral attention,medial,L,0.38096664209117637,41.68861718341286,0.051033888632730166,0.05778462562321107,0.023130857931658845,-1.5148441255895269,75.4496790922856,0.028140607706552457,0.10440344905327859,3.4985620168789167,0.06765652841913802,0.07129041673618307,0.03539012714342054,0.11998462461831508
108,7Networks_LH_SalVentAttn_Med_2,7networks_lh_salventattn_med,7Networks_LH_SalVentAttn_Med,salience / ventral attention,medial,L,0.13886338730537828,50.6767266125271,0.33315560668946664,-0.0009033829558440232,0.0067377472495588064,-0.41336402351371593,60.51092743165654,0.490282023012961,-0.011406429599454038,0.5015394166587116,0.48232213024693826,0.38291808971396923,0.5116966401100788,0.5672907956790414
109,7Networks_LH_SalVentAttn_Med_3,7networks_lh_salventattn_med,7Networks_LH_SalVentAttn_Med,salience / ventral attention,medial,L,0.672316403659715,26.00950080118494,3.5358076935503095e-07,0.408465853099783,0.011116663419606612,-0.23880804636456032,42.235027888780046,9.21462574202258e-07,0.4228781914335419,2.1986936375508046,0.14480261883058748,3.147562142885962e-06,4.449626635281285e-06,0.22284877609859902
110,7Networks_LH_SalVentAttn_Med_4,7networks_lh_salventattn_med,7Networks_LH_SalVentAttn_Med,salience / ventral attention,medial,L,0.7741101431729949,30.091037092280764,1.1937181328292273e-08,0.48474009487422787,-0.002348908274134892,0.9666272392338726,26.6626455516112,1.0032117631038132e-07,0.474847857175165,0.09582886399191355,0.7582620993420142,3.3826865802503896e-07,8.593549819794927e-07,0.8081009227729447
111,7Networks_LH_SalVentAttn_Med_5,7networks_lh_salventattn_med,7Networks_LH_SalVentAttn_Med,salience / ventral attention,medial,L,0.5288647976109906,12.363759637854432,0.008020993295277088,0.11955486672226645,-0.022358111583128816,2.361341085759767,-20.269426366473027,0.006501626774162772,0.15853640784776868,3.2236422246604013,0.07901282748691187,0.013602538827095279,0.009224182985843432,0.1348564799964586
112,7Networks_LH_SalVentAttn_Med_6,7networks_lh_salventattn_med,7Networks_LH_SalVentAttn_Med,salience / ventral attention,medial,L,0.42591431289572923,39.48095399432668,0.006731042772334704,0.12536491955900908,0.014467705984803868,-0.7598624045380524,60.59755584608094,0.009315793122702646,0.14555906835925103,2.1344483937002767,0.15067578752388613,0.011983895759372374,0.012777553104854988,0.23032595129913908
113,7Networks_LH_SalVentAttn_Med_7,7networks_lh_salventattn_med,7Networks_LH_SalVentAttn_Med,salience / ventral attention,medial,L,0.11057249928416635,22.676492789061047,0.5278433403583946,-0.012304547453426906,0.008456608021714433,-0.5825331603929973,35.019487925847756,0.6316261252974208,-0.022367798064220956,0.5275320386335636,0.47124811263770705,0.5774478952354486,0.6444005862584923,0.5586074233355588
114,7Networks_LH_Limbic_OFC_1,7networks_lh_limbic_ofc,7Networks_LH_Limbic_OFC,limbic,orbital frontal cortex,L,0.4599264175036799,12.02529930059422,0.027709457469184486,0.07816416375996937,0.0027518708414232262,0.2343824109713446,16.041842142066386,0.08914133330593349,0.059365858248159764,0.04073366624097152,0.8409239156815748,0.04179433119936796,0.10403641470666788,0.8682864581786958
115,7Networks_LH_Limbic_OFC_2,7networks_lh_limbic_ofc,7Networks_LH_Limbic_OFC,limbic,orbital frontal cortex,L,0.542931222343809,38.171156306821004,0.0012706304296641658,0.17959096536577102,0.037602705588775806,-2.5389957152454197,93.0548651201558,4.383274358457699e-06,0.38327769730751937,16.85310453427702,0.00015971425359292014,0.0028277755640565257,1.579370284714123e-05,0.0012085045188530957
116,7Networks_LH_Limbic_OFC_3,7networks_lh_limbic_ofc,7Networks_LH_Limbic_OFC,limbic,orbital frontal cortex,L,0.49250845431035706,42.836022691836206,0.0005708229057248489,0.20481587980846194,0.005200724749415603,0.06625578314632818,50.4268345309297,0.0023853708973176875,0.19368478145767687,0.337364955353827,0.5641291207665415,0.0013932989204251687,0.003840277969440532,0.6355201509379897
117,7Networks_LH_Limbic_OFC_4,7networks_lh_limbic_ofc,7Networks_LH_Limbic_OFC,limbic,orbital frontal cortex,L,1.0068070828687292,28.480047107460855,4.806384986074893e-07,0.40104942969667723,0.03296616349248188,-1.6951077316540175,76.59640707370335,4.523747730185922e-08,0.4923478402444508,9.632532378870126,0.003232743350574258,4.117167516373587e-06,5.40468807764318e-07,0.011761572846838642
118,7Networks_LH_Limbic_OFC_5,7networks_lh_limbic_ofc,7Networks_LH_Limbic_OFC,limbic,orbital frontal cortex,L,0.6790366643628111,28.15473285965387,5.176125467077402e-05,0.2768596811388978,0.03160367392239884,-1.9112081720965262,74.2824465395512,1.5599194529762384e-06,0.4098041017051548,11.812227271685327,0.001241126007748564,0.00018503629622465672,6.875761472341867e-06,0.005994374548062214
119,7Networks_LH_Limbic_TempPole_1,7networks_lh_limbic_temppole,7Networks_LH_Limbic_TempPole,limbic,temporal pole,L,0.4026018281471299,7.607326586138404,0.012212017092206864,0.10556666877761878,-0.015520682622348667,1.6746807680696851,-15.046166355162939,0.014333911241499851,0.12974674449430879,2.333684909603343,0.13330437189854227,0.019660481417950057,0.018972582226358402,0.207260906992939
120,7Networks_LH_Limbic_TempPole_2,7networks_lh_limbic_temppole,7Networks_LH_Limbic_TempPole,limbic,temporal pole,L,0.6706008538674165,0.342173387529467,0.0001949842503970439,0.23774589718852412,-0.011037820709805017,1.5752633361325954,-15.768277397468065,0.0006388962116276933,0.23764178156720428,0.993444617369478,0.3240059861046122,0.000567454164617038,0.001183913796240705,0.41319864520082566
121,7Networks_LH_Limbic_TempPole_3,7networks_lh_limbic_temppole,7Networks_LH_Limbic_TempPole,limbic,temporal pole,L,0.6861150899913404,-11.239784028947286,0.00013780569478063126,0.24814870270016898,-0.016320448732407955,2.0237430557025657,-35.06059005626126,0.00025258651030872823,0.2671597867401575,2.2451991817702006,0.1407166022703018,0.0004156496006792523,0.0005212467076371028,0.2172970660908742
122,7Networks_LH_Limbic_TempPole_4,7networks_lh_limbic_temppole,7Networks_LH_Limbic_TempPole,limbic,temporal pole,L,0.6144974798814622,1.9934470865800655,0.0015426921742980025,0.17339053792702486,-0.025346052082523163,2.691866101409193,-35.000841496740435,0.0007641849624356206,0.23181049331489367,4.650346475986394,0.036195572085362025,0.0033036898449589295,0.0013767459243879832,0.0736896400302886
123,7Networks_LH_Limbic_TempPole_5,7networks_lh_limbic_temppole,7Networks_LH_Limbic_TempPole,limbic,temporal pole,L,0.6767655525378043,10.222766047766008,5.436215235822742e-05,0.27544475120684775,-0.007263313647981821,1.2720685137842116,-0.37853471062243216,0.0002468280942058028,0.26787860549348697,0.5039415635625422,0.4812807031832891,0.00019132106333825775,0.00051879608689553,0.5672907956790414
124,7Networks_LH_Limbic_TempPole_6,7networks_lh_limbic_temppole,7Networks_LH_Limbic_TempPole,limbic,temporal pole,L,0.3681073918192742,25.385537131164426,0.060996401235601974,0.051874419206365596,0.0015650052403253303,0.23983917994182402,27.669768825571964,0.17487280033798322,0.03200383302787613,0.014677775480326654,0.9040872271815521,0.0836627376464148,0.19463541826912714,0.9203040384314455
125,7Networks_LH_Limbic_TempPole_7,7networks_lh_limbic_temppole,7Networks_LH_Limbic_TempPole,limbic,temporal pole,L,0.5355585757455796,33.03234586708082,0.009804134780092724,0.11288415995116041,0.03440934372739614,-2.284639643445427,83.25512563844042,0.0010619337779412632,0.22097897900015706,7.660348276215374,0.008049472172047486,0.01630431205187581,0.0018401447907837156,0.023426027987881785
126,7Networks_LH_Limbic_TempPole_8,7networks_lh_limbic_temppole,7Networks_LH_Limbic_TempPole,limbic,temporal pole,L,0.5304772039956855,10.443542693376621,0.0003778104472656808,0.21759692270072972,-0.007607516109317494,1.1539910830727385,-0.6601449907659287,0.0013806562358837542,0.2122294606788554,0.6729527645550406,0.4161652182489668,0.0009801482460492518,0.0023237019902141516,0.5038373575600825
127,7Networks_LH_Cont_Par_1,7networks_lh_cont_par,7Networks_LH_Cont_Par,control,parietal ,L,1.1983497075427496,-2.3632754337221016,1.6572736052579076e-06,0.37025484878302795,0.020823241232355696,-0.5083282316391626,28.0296627990947,4.261124554707056e-06,0.38401896920735723,2.072561892884359,0.1565971019848326,1.1400033587683183e-05,1.5601214095459706e-05,0.2372729211794778
128,7Networks_LH_Cont_Par_2,7networks_lh_cont_par,7Networks_LH_Cont_Par,control,parietal ,L,0.5365275713853589,19.065053906447694,0.006689973156726304,0.1255674308582423,0.025870682046318684,-1.5838398501587743,56.82507563893583,0.0030453669798251623,0.18525996454401716,4.516755642569613,0.03885000552777544,0.011957668555723394,0.00476757451324353,0.07735922153337742
129,7Networks_LH_Cont_Par_3,7networks_lh_cont_par,7Networks_LH_Cont_Par,control,parietal ,L,1.0755070711831465,7.489455071054934,3.907585258376e-09,0.5077432400310125,0.027955538230247087,-1.2157356725922286,48.292466341789876,5.435293175899816e-10,0.5794163446267588,9.179844786271527,0.003969114293985337,1.307065631093579e-07,2.2432937289622878e-08,0.0132498374225687
130,7Networks_LH_Cont_Par_4,7networks_lh_cont_par,7Networks_LH_Cont_Par,control,parietal ,L,0.5505917350513009,8.066584167266178,0.011663277813857412,0.10710004056311295,-0.017075937718537104,1.9501397626555903,-16.856909469281355,0.020493477764700316,0.11640737938717505,1.505608866725413,0.22592142975261734,0.01897895386197586,0.02650723334807391,0.31462677640395176
131,7Networks_LH_Cont_Par_5,7networks_lh_cont_par,7Networks_LH_Cont_Par,control,parietal ,L,0.9567419574293545,10.655397974289457,8.169258579662582e-07,0.3880295007759995,0.02847166184451389,-1.376802403876689,52.211726797938915,2.0800288223759699e-07,0.45829761493659416,7.22642538174123,0.00990612288322067,6.1814056586113534e-06,1.4120243664734161e-06,0.027423047493793807
132,7Networks_LH_Cont_Par_6,7networks_lh_cont_par,7Networks_LH_Cont_Par,control,parietal ,L,0.8514364699726601,18.957420784111832,2.42242731849226e-06,0.36052025203696025,0.036864959572397736,-2.17002462385949,72.76433906051338,1.8446958143769145e-08,0.511360425148358,15.817318698644828,0.00023943584121421534,1.5489887360499804e-05,2.8879031025073075e-07,0.0017254582843056153
133,7Networks_LH_Cont_Temp_1,7networks_lh_cont_temp,7Networks_LH_Cont_Temp,control,temporal,L,0.6963074297534364,17.104400276492328,4.593782486805908e-06,0.3437951557390553,0.023237474169916755,-1.2082416308646238,51.0210758435769,9.078123329295048e-07,0.4232445962143353,7.612115149302793,0.008236251294208822,2.6069715612623528e-05,4.4316860123655395e-06,0.02381693049408156
134,7Networks_LH_Cont_OFC_1,7networks_lh_cont_ofc,7Networks_LH_Cont_OFC,control,orbital frontal cortex,L,0.2080210650746871,41.256238863420265,0.12997644785479343,0.02726654082775526,0.01042008101667835,-0.6460113210084169,56.46505651034591,0.16525305677970617,0.03433167094275724,1.351182942751348,0.25093995245538525,0.16346068511378453,0.18524663648885578,0.3441895420385042
135,7Networks_LH_Cont_PFCl_1,7networks_lh_cont_pfcl,7Networks_LH_Cont_PFCl,control,lateral prefrontal cortex,L,0.39513895482156314,34.233918377351216,0.1025601939671592,0.03486362444937152,0.04131015151771436,-2.99065115695006,94.52889692830259,0.007304278137986277,0.15435785736775576,7.782683703804978,0.00759560594091565,0.13227934108264283,0.010235007020511635,0.02240961301829366
136,7Networks_LH_Cont_PFCl_2,7networks_lh_cont_pfcl,7Networks_LH_Cont_PFCl,control,lateral prefrontal cortex,L,0.4084272179547831,30.402701723332697,0.1078644137156198,0.033236222010487815,0.04757925502019544,-3.4911801486209386,99.84786363910908,0.0033981570163560577,0.18145086943555244,9.69135744056963,0.0031482157859639365,0.13872646976456485,0.005212038126438008,0.011715491531373995
137,7Networks_LH_Cont_PFCl_3,7networks_lh_cont_pfcl,7Networks_LH_Cont_PFCl,control,lateral prefrontal cortex,L,0.5411584907266757,33.20960886210465,0.02998060956494771,0.07552844381359092,0.06995583055021151,-5.19243847359602,135.31490616972317,8.024810084132713e-07,0.42626351637913473,30.343233285250072,1.480191433111419e-06,0.044773673495020594,4.00358656944643e-06,7.181582343164175e-05
138,7Networks_LH_Cont_PFCl_4,7networks_lh_cont_pfcl,7Networks_LH_Cont_PFCl,control,lateral prefrontal cortex,L,0.36835738166128396,39.27723845476223,0.02599018371719892,0.08030793199997754,0.032549459477879635,-2.2994042700106543,86.7853905423243,0.0005515480785735573,0.2423961106887499,11.269525654275892,0.0015681060333327598,0.03972910238251956,0.0010477105760351255,0.006911846011000709
139,7Networks_LH_Cont_PFCl_5,7networks_lh_cont_pfcl,7Networks_LH_Cont_PFCl,control,lateral prefrontal cortex,L,0.648759176843857,27.987866413033224,0.0024998506795810152,0.15783006204614503,0.05034755805250535,-3.477738982644187,101.47355507159074,3.740594616547328e-06,0.3874246369124016,18.990504120232437,7.092184983833978e-05,0.0051587827660444585,1.4034958313326337e-05,0.0007379189071325546
140,7Networks_LH_Cont_PFCl_6,7networks_lh_cont_pfcl,7Networks_LH_Cont_PFCl,control,lateral prefrontal cortex,L,0.9370972369469732,19.33425459487576,1.0581245788110778e-06,0.381583795160215,0.03288862046799235,-1.7584621323423941,67.33743523771713,7.123618506138572e-08,0.4824434319510357,10.354074249718312,0.00234192242500141,7.74820256097144e-06,7.365479403012083e-07,0.009245502443049045
141,7Networks_LH_Cont_PFCl_7,7networks_lh_cont_pfcl,7Networks_LH_Cont_PFCl,control,lateral prefrontal cortex,L,0.9303936595082002,7.941893165877353,6.999828806888884e-06,0.33257007737879607,0.030347915822257612,-1.5569289362420546,52.236742406129125,1.8977751385482259e-06,0.4048598153245395,6.830403509532602,0.012000773283146804,3.531024753697282e-05,8.128206725480137e-06,0.030956540173571866
142,7Networks_LH_Cont_PFCl_8,7networks_lh_cont_pfcl,7Networks_LH_Cont_PFCl,control,lateral prefrontal cortex,L,1.0462547255523658,3.8177013242462863,5.436322966201652e-08,0.45185245474144,0.005592478160801467,0.5878938490733567,11.980303937979428,3.952377194574633e-07,0.44329629608762433,0.2622725293600868,0.6109613903692261,8.510657333295e-07,2.242974057921104e-06,0.6754831648089176
143,7Networks_LH_Cont_PFCv_1,7networks_lh_cont_pfcv,7Networks_LH_Cont_PFCv,control,ventral prefrontal cortex,L,-0.09444755467121879,55.656938487861424,0.5855796568940403,-0.014464318045148694,0.01971614371592844,-1.7103875109077085,84.4339925238312,0.19364979326789133,0.027793497302743386,3.086362445706105,0.08546449722288732,0.6304224562139477,0.21339079161073463,0.1447794094745927
144,7Networks_LH_Cont_pCun_1,7networks_lh_cont_pcun,7Networks_LH_Cont_pCun,control,precuneus,L,0.15899293888994448,22.5402425197554,0.35832802533775987,-0.0028615915310330475,0.004808693606404714,-0.23512876400728588,29.558858215995002,0.6039115495653354,-0.020417594944317052,0.17417323259344994,0.6783295440322055,0.4077216127903333,0.6203073382413173,0.7385170575314659
145,7Networks_LH_Cont_pCun_2,7networks_lh_cont_pcun,7Networks_LH_Cont_pCun,control,precuneus,L,0.3695745613323469,32.00758572282528,0.028696501706599088,0.07699296273604972,0.022495294771607936,-1.4741452944623585,64.84099993022187,0.0106367422502113,0.14072409850934375,4.560084149702394,0.03796664873943998,0.04299739859668642,0.014545424643361235,0.07660826012313666
146,7Networks_LH_Cont_Cing_1,7networks_lh_cont_cing,7Networks_LH_Cont_Cing,control,cingulate,L,-0.40395339359138605,51.801691870814736,0.045285387727208894,0.06175888952272768,0.04786818449913407,-4.3272414908555445,121.6685660315305,6.438309681012485e-05,0.30857020754002584,18.13397859626669,9.782636262869473e-05,0.06458931771052802,0.00015641727399525886,0.0008540993967966809
147,7Networks_LH_Cont_Cing_2,7networks_lh_cont_cing,7Networks_LH_Cont_Cing,control,cingulate,L,0.527805411412518,22.63008596192294,0.01173806490428724,0.10688690778845178,0.02221743113097871,-1.2931406725053218,55.05793926875879,0.010866983084729089,0.13994070872545894,2.844736125837505,0.09830138170146303,0.01903243380909431,0.014771288384631754,0.16111489997279502
148,7Networks_LH_Cont_PFCmp_1,7networks_lh_cont_pfcmp,7Networks_LH_Cont_PFCmp,control,medial posterior prefrontal cortex,L,0.5844375852290162,40.158040021726954,0.0002649954621607401,0.22845296888973898,-0.011143589320808153,1.4977688886946545,23.893212748202707,0.0007394763012587479,0.2328841492488124,1.2772679733149095,0.2641423081267972,0.0007291390292180364,0.0013375388078544683,0.35474834655392057
149,7Networks_LH_Default_Temp_1,7networks_lh_default_temp,7Networks_LH_Default_Temp,default,temporal,L,0.8411762574684684,4.736211566605768,5.637283509829834e-06,0.3383612982602697,0.019815349081682726,-0.7828945947842763,33.65806258783369,7.19512070876288e-06,0.3701331109696647,3.421221112922341,0.07065681273273494,3.0468175160270772e-05,2.39269633455442e-05,0.12385402695236164
150,7Networks_LH_Default_Temp_2,7networks_lh_default_temp,7Networks_LH_Default_Temp,default,temporal,L,0.8690402768184917,8.660737408835075,0.00010999768532930737,0.25484099030715157,0.04193142980995771,-2.5676699555833893,69.86251392417867,3.858593311494012e-06,0.38661450898243765,11.311833241964699,0.0015396197855658805,0.0003467982579132329,1.432397676731213e-05,0.006852817476930488
151,7Networks_LH_Default_Temp_3,7networks_lh_default_temp,7Networks_LH_Default_Temp,default,temporal,L,0.9765401030821704,7.555945279869491,3.2893221085712756e-08,0.4629683313459043,0.014335762984942761,-0.1984225338451493,28.479967340597284,9.73249049675724e-08,0.47552502034215083,2.14918937069797,0.14930409516258283,6.222300988713996e-07,8.593549819794927e-07,0.22900020001288043
152,7Networks_LH_Default_Temp_4,7networks_lh_default_temp,7Networks_LH_Default_Temp,default,temporal,L,0.8734873331684069,19.45964364182649,4.272907495956776e-06,0.3457075343377094,0.03382994958717086,-1.899223600725381,68.83675822015381,2.0838245055885218e-07,0.4582555873565345,10.972057706221301,0.0017847357862693701,2.487051286108175e-05,1.4120243664734161e-06,0.007572617261367234
153,7Networks_LH_Default_Temp_5,7networks_lh_default_temp,7Networks_LH_Default_Temp,default,temporal,L,-0.31093826609222863,58.96774349448336,0.08244314888536654,0.041963903736834895,0.03538997809188743,-3.211509517396997,110.62182588277844,0.0015334774578991224,0.20870246394451275,11.114338191756138,0.0016774367318976367,0.10880578370336165,0.002568999136111445,0.007252916916966925
154,7Networks_LH_Default_Temp_6,7networks_lh_default_temp,7Networks_LH_Default_Temp,default,temporal,L,1.3871621563013243,3.1724214770905377,2.3264840175860134e-11,0.6011141343592061,0.03529325832143479,-1.5054819189854571,54.68533477569228,5.988497868728692e-13,0.6852366997721442,13.82831618838035,0.000533098650611077,5.28111871992025e-09,1.359389016201413e-10,0.0035076345996728838
155,7Networks_LH_Default_Temp_7,7networks_lh_default_temp,7Networks_LH_Default_Temp,default,temporal,L,0.7526278765680865,17.007475328037394,6.122686091915023e-05,0.27200280370248053,0.04549432176040122,-2.976097850619608,83.40953520809401,2.7960168016281155e-08,0.502635959156333,23.258125945346745,1.5281246330190232e-05,0.0002138230373638016,4.0948117030295626e-07,0.00025695132718171727
156,7Networks_LH_Default_Temp_8,7networks_lh_default_temp,7Networks_LH_Default_Temp,default,temporal,L,0.04049154514382769,35.09722570347135,0.815950784266946,-0.019669766441300363,0.01079476833644484,-0.8442503052153327,50.85292500245159,0.6312605162049966,-0.02234260873656746,0.8745074018470527,0.35449057851231924,0.8437602256025719,0.6444005862584923,0.4458136361346065
157,7Networks_LH_Default_Temp_9,7networks_lh_default_temp,7Networks_LH_Default_Temp,default,temporal,L,0.678540461475419,21.977796012407047,0.00039866285571816575,0.2159421283300168,0.04656688417441109,-3.1380927432255272,89.94533375616861,2.320011548145499e-07,0.4557747921962011,22.15294863321927,2.250883711236561e-05,0.0010252926284726354,1.504693204082938e-06,0.0003296455499681931
158,7Networks_LH_Default_Temp_10,7networks_lh_default_temp,7Networks_LH_Default_Temp,default,temporal,L,0.8713760304445143,9.460108209081312,5.367839640973356e-05,0.2758102848739592,0.05651480642660014,-3.7605913126386605,91.9473157382483,3.043372075572663e-09,0.5474278775600182,29.807882329649754,1.7512492513528764e-06,0.0001903905622657737,6.908454611549945e-08,7.181582343164175e-05
159,7Networks_LH_Default_Par_1,7networks_lh_default_par,7Networks_LH_Default_Par,default,parietal,L,0.34307469962501436,23.03677403032622,0.08237549397759868,0.04199074745967357,0.048399467737795784,-3.6237575016892087,93.67909224783446,6.298313857110621e-05,0.3092167325911247,19.568555278449494,5.723788068415424e-05,0.10880578370336165,0.00015456402654747146,0.0006338048251367323
160,7Networks_LH_Default_Par_2,7networks_lh_default_par,7Networks_LH_Default_Par,default,parietal,L,1.0656230799833397,4.871148510374127,2.5468211894830374e-07,0.4162961611234467,0.04582978179278244,-2.6905970334218448,71.76283514593814,3.010370374488331e-10,0.5898590691155695,21.312577839175525,3.0357189459879816e-05,2.460120893670849e-06,1.3667081500177022e-08,0.0004176413337813769
161,7Networks_LH_Default_Par_3,7networks_lh_default_par,7Networks_LH_Default_Par,default,parietal,L,0.9112178407960672,4.2118865451155045,8.063848975122588e-06,0.32875981144622923,0.02877164846026342,-1.4469134968330537,46.20606625765451,2.8304140100021598e-06,0.39464974282515086,6.2246061989773365,0.01616963467488368,4.023063115061159e-05,1.1371751863194518e-05,0.038036342706721196
162,7Networks_LH_Default_Par_4,7networks_lh_default_par,7Networks_LH_Default_Par,default,parietal,L,0.8952440670826958,16.584945200549946,4.0553479643337243e-07,0.4051647303480914,0.024162832649332,-1.0851476006026521,51.85224446709888,1.6297913403998305e-07,0.46389139813695845,6.2580392183033045,0.015903243341460146,3.5406307227067515e-06,1.1845192012349815e-06,0.037761424765613054
163,7Networks_LH_Default_Par_5,7networks_lh_default_par,7Networks_LH_Default_Par,default,parietal,L,1.2266629325615148,2.56915884744555,1.3158617598285898e-08,0.48268499541744325,0.018840817225479145,-0.31753505064775567,30.06861427804469,3.3177287514704416e-08,0.4990018389893608,2.5632961403932373,0.1160713095996875,3.3826865802503896e-07,4.5643904641441834e-07,0.1860534073113233
164,7Networks_LH_Default_Par_6,7networks_lh_default_par,7Networks_LH_Default_Par,default,parietal,L,0.957587209826892,6.149911042145021,1.7673448051867712e-07,0.4249007542745944,0.024647109083628382,-1.062495872737479,42.1240447342737,7.748353119360459e-08,0.48058870644755836,6.146252569944156,0.016812814946087162,1.954577990012483e-06,7.484579396148188e-07,0.03934545353362666
165,7Networks_LH_Default_Par_7,7networks_lh_default_par,7Networks_LH_Default_Par,default,parietal,L,0.8308730479075945,6.716560671964675,5.158457786376936e-08,0.45302343069330064,0.018168418075656438,-0.6582149366937733,33.234603766207144,4.2878827175294114e-08,0.49350327299397945,4.836219124096119,0.03282385352112931,8.364070839339746e-07,5.261347983130684e-07,0.06835793347978307
166,7Networks_LH_Default_PFC_1,7networks_lh_default_pfc,7Networks_LH_Default_PFC,default,prefrontal cortex,L,0.17507735731751417,35.070752703104645,0.27470590743025486,0.0044864884171901265,-0.004697177670191344,0.5600591868358413,28.214902107815682,0.5029203364934902,-0.01250239757136229,0.1946028677003396,0.6611357066531853,0.3214342318900405,0.5236831026790013,0.7215279106263128
167,7Networks_LH_Default_PFC_2,7networks_lh_default_pfc,7Networks_LH_Default_PFC,default,prefrontal cortex,L,0.4173574686902751,35.28038652087873,0.0260941228649707,0.08017434385027056,0.04644288155330341,-3.3891124508869055,103.0669339969877,1.6019951352032638e-05,0.34830970790014937,20.749408009322003,3.718127726700393e-05,0.0397541334922708,4.753632623413606e-05,0.00045622432105999416
168,7Networks_LH_Default_PFC_3,7networks_lh_default_pfc,7Networks_LH_Default_PFC,default,prefrontal cortex,L,0.9282170541178157,15.859140067019283,4.952812216053377e-08,0.4539297731950488,0.008326193610997373,0.2458001914073975,28.01178649270212,2.836703558532507e-07,0.45109831933187705,0.7523968495290192,0.39012564316677256,8.328062022549013e-07,1.7403559669915654e-06,0.4839263442560512
169,7Networks_LH_Default_PFC_4,7networks_lh_default_pfc,7Networks_LH_Default_PFC,default,prefrontal cortex,L,0.4669112712395487,51.257745659230906,0.004174349567415026,0.1411068478539692,0.02839870286783315,-1.8606533545115318,92.70758588933943,0.00031108669125202136,0.26063458127345474,8.759804636274538,0.004811957086430714,0.007996433348550304,0.0006277038125707452,0.01563380079053794
170,7Networks_LH_Default_PFC_5,7networks_lh_default_pfc,7Networks_LH_Default_PFC,default,prefrontal cortex,L,0.16105963620114117,37.71393844056887,0.37499906654010573,-0.004059566694805117,0.021734021957405168,-1.6202661137384204,69.43622314789323,0.12779221146099493,0.04483778910201397,3.4572507700453774,0.0692412008630067,0.42456253418755113,0.14504416000822926,0.12231714082414413
171,7Networks_LH_Default_PFC_6,7networks_lh_default_pfc,7Networks_LH_Default_PFC,default,prefrontal cortex,L,0.916763058854907,22.835586994490697,6.312821873402289e-05,0.2711153779540628,0.05360226308697839,-3.476491520486179,101.07173923241993,6.287517427859787e-08,0.48518578682590185,20.959393821890043,3.446617470386191e-05,0.00021878023897134647,6.796506933924627e-07,0.0004346567587653696
172,7Networks_LH_Default_PFC_7,7networks_lh_default_pfc,7Networks_LH_Default_PFC,default,prefrontal cortex,L,-0.0074359173796412215,44.12712193372303,0.9729018385705489,-0.020808536372617814,0.022172199172249343,-1.8246747789084141,76.48895611738399,0.30960699730871083,0.00818517586380052,2.403183490991025,0.12779679332463934,0.9793734694257854,0.33467042090036836,0.2021593873497779
173,7Networks_LH_Default_PFC_8,7networks_lh_default_pfc,7Networks_LH_Default_PFC,default,prefrontal cortex,L,-0.008141226034783955,53.20573688679653,0.962496193071723,-0.020785819762676683,0.036953724038684944,-3.036877477211791,107.14221294486235,0.0032808141622420123,0.1826740032548051,12.948808117850362,0.0007673508867712546,0.9732144134845484,0.005066291257339706,0.00458391187623881
174,7Networks_LH_Default_PFC_9,7networks_lh_default_pfc,7Networks_LH_Default_PFC,default,prefrontal cortex,L,0.1120289618768966,60.7916776160061,0.5271802415892353,-0.01227722519637231,0.024865772255680214,-1.9259758076951705,97.08496509441575,0.08109494459115281,0.06314489948982926,4.864270988081552,0.03234520787964369,0.5774478952354486,0.09562884375164513,0.06798483508036221
175,7Networks_LH_Default_PFC_10,7networks_lh_default_pfc,7Networks_LH_Default_PFC,default,prefrontal cortex,L,0.03465089794512466,37.10777454786912,0.8560073891445154,-0.020125969321201254,-0.01147932059954693,0.9754988190459859,20.35292461631213,0.6553526300201757,-0.023973340098991658,0.8196497993628614,0.3699003770498288,0.8752868348459684,0.6671078341460982,0.46135926148522605
176,7Networks_LH_Default_PFC_11,7networks_lh_default_pfc,7Networks_LH_Default_PFC,default,prefrontal cortex,L,0.4568893788815802,28.1084467256155,0.010469113038992804,0.11069954398678195,0.03141016290312436,-2.117495247157145,73.95371789857768,0.0006978149325932553,0.2347747411848401,8.782818715012345,0.004761193548787644,0.01722093231776353,0.001282623398369789,0.01563380079053794
177,7Networks_LH_Default_PFC_12,7networks_lh_default_pfc,7Networks_LH_Default_PFC,default,prefrontal cortex,L,0.4440364059792713,53.11928504019616,0.0013612939677247412,0.177391962296635,0.0097885997221131,-0.3582396189103556,67.40641274621693,0.0033403836843708032,0.18204793310671663,1.2732270116178828,0.26488918388057064,0.002983639344302508,0.005140793873574049,0.35474834655392057
178,7Networks_LH_Default_PFC_13,7networks_lh_default_pfc,7Networks_LH_Default_PFC,default,prefrontal cortex,L,0.383964255116779,52.62286060651986,0.026959261001114856,0.07908269344375096,0.03530063061556987,-2.5092840551985827,104.14653427031958,0.00038676152268364263,0.25375223793525037,12.235059670255353,0.0010364071424654741,0.040934797640488775,0.0007536039969887286,0.005345843578106295
179,7Networks_LH_Default_PFC_14,7networks_lh_default_pfc,7Networks_LH_Default_PFC,default,prefrontal cortex,L,0.17405412452138047,42.89079808646364,0.38366449422756155,-0.004653778768961114,0.042906266797405945,-3.3425539855553295,105.51541555226079,0.00197544177374628,0.20012871820316247,13.28892707909294,0.0006660081333655796,0.4322175691794366,0.0032377276724939027,0.004132203819462621
180,7Networks_LH_Default_PFC_15,7networks_lh_default_pfc,7Networks_LH_Default_PFC,default,prefrontal cortex,L,0.1327286666657026,50.02989773667436,0.45516857034528,-0.00891749723173385,0.023936655846423217,-1.8291254949910662,84.96707656117448,0.0904987886001594,0.05876072224587192,4.451358875159132,0.04022579366085192,0.5027896129848105,0.10534987185762146,0.07974895337129594
181,7Networks_LH_Default_PFC_16,7networks_lh_default_pfc,7Networks_LH_Default_PFC,default,prefrontal cortex,L,1.1783823829667484,6.67564261353516,5.314580838368349e-07,0.39860246458749893,0.014942427608012093,-0.04630263469473661,28.485132993591307,2.181548043506222e-06,0.40132021256987804,1.217899294235694,0.2753917323773757,4.386944910216783e-06,9.0172818534391e-06,0.3677289602921428
182,7Networks_LH_Default_PFC_17,7networks_lh_default_pfc,7Networks_LH_Default_PFC,default,prefrontal cortex,L,0.22946148748472572,29.98274402235176,0.14865176139230624,0.023023857762319744,0.010927542199785416,-0.6661625411546948,45.93223581417294,0.2065777262355611,0.025116233240041086,1.1030215358538813,0.2989743452995956,0.18489835526604664,0.22653692683803076,0.3900412435805069
183,7Networks_LH_Default_PFC_18,7networks_lh_default_pfc,7Networks_LH_Default_PFC,default,prefrontal cortex,L,0.5895198390291533,16.00009498921434,0.0011660507949452826,0.18232564834096077,-0.002403608820045082,0.7865202051978986,12.491864277754878,0.005317422732820106,0.1657051759483016,0.043764084531588435,0.8351972495858052,0.002620728024282962,0.007688248155096587,0.8667460424203567
184,7Networks_LH_Default_PFC_19,7networks_lh_default_pfc,7Networks_LH_Default_PFC,default,prefrontal cortex,L,-0.0035061602712825324,37.64236726701289,0.9870299432948263,-0.02082765425510069,-0.033933138615849456,2.777662171625382,-11.885358723819206,0.05318605205189949,0.07981139715242092,6.249656920996661,0.01596958932818878,0.9913973324244495,0.06404898576011238,0.037761424765613054
185,7Networks_LH_Default_PFC_20,7networks_lh_default_pfc,7Networks_LH_Default_PFC,default,prefrontal cortex,L,0.10913889209603744,38.333907816692204,0.6513143250041925,-0.01645349455707623,0.04264180095277237,-3.385793532737115,100.57251937731122,0.02087415668605128,0.11571507880491028,8.174261789742465,0.006316465341104627,0.686071237939451,0.026846649108972467,0.01924614271719128
186,7Networks_LH_Default_PFC_21,7networks_lh_default_pfc,7Networks_LH_Default_PFC,default,prefrontal cortex,L,0.07328858102945479,32.8343623381144,0.6343636782723812,-0.015984084495644924,0.004559589656084134,-0.30041650123550356,39.48939385976924,0.8106776653583145,-0.03328332876786311,0.19638331331965575,0.6596892667912613,0.673413972796166,0.8178836890503884,0.7215279106263128
187,7Networks_LH_Default_PFC_22,7networks_lh_default_pfc,7Networks_LH_Default_PFC,default,prefrontal cortex,L,0.49713336255698504,28.02732976720818,0.011788979021635972,0.10674257687405186,0.038042709532595184,-2.6208564057745987,83.55325429218345,0.000321654999894399,0.2595827418830209,10.908369692905572,0.0018350844195047901,0.019046962547411856,0.000643309999788798,0.007647757702655838
188,7Networks_LH_Default_PFC_23,7networks_lh_default_pfc,7Networks_LH_Default_PFC,default,prefrontal cortex,L,-0.0012551607737262271,40.590893738306455,0.9938397652583365,-0.02083205230145868,0.030750235659764043,-2.521551988705488,85.47295617148595,0.012668472616326948,0.13430863797893966,9.60208783425283,0.003277427538423961,0.9938397652583365,0.017016232449149214,0.011761572846838642
189,7Networks_LH_Default_PFC_24,7networks_lh_default_pfc,7Networks_LH_Default_PFC,default,prefrontal cortex,L,0.38435614861735257,25.609468616713354,0.018653984854026646,0.09140932559087367,0.020718026120714522,-1.3136983343070512,55.84883823100444,0.00893021098701116,0.1470946306420028,4.133870108551609,0.047702135163704015,0.028904126702143675,0.012323148292106584,0.09125776620989098
190,7Networks_LH_Default_pCunPCC_1,7networks_lh_default_pcunpcc,7Networks_LH_Default_pCunPCC,default,precuneus posterior cingulate cortex,L,0.4920227490530271,27.860739526332193,0.0019329473949775287,0.16614401971115478,-0.0015844201304353808,0.6218822100675969,25.54817047803592,0.008508527251406953,0.14884840030527857,0.02462765530862265,0.8759706436697381,0.0040254959510082474,0.011777046866276697,0.8977216077337722
191,7Networks_LH_Default_pCunPCC_2,7networks_lh_default_pcunpcc,7Networks_LH_Default_pCunPCC,default,precuneus posterior cingulate cortex,L,1.0775196852373814,4.0997598985978385,1.9090793029607038e-07,0.42309405793740595,0.02712436032388804,-1.1455995142496915,43.68961042809337,9.731728317119206e-08,0.4755267682017691,5.798662620130928,0.02001477355256272,2.0156325663817662e-06,8.593549819794927e-07,0.044983698974571655
192,7Networks_LH_Default_pCunPCC_3,7networks_lh_default_pcunpcc,7Networks_LH_Default_pCunPCC,default,precuneus posterior cingulate cortex,L,0.6210285834475793,29.810809633418806,0.004448901869845334,0.13901635926419198,0.058967025353827945,-4.2119232220660106,115.87719763487297,2.706495379809293e-07,0.45219474773286117,28.441435773539194,2.705562922372637e-06,0.008380918875144321,1.6832176745663273e-06,8.188837111714514e-05
193,7Networks_LH_Default_pCunPCC_4,7networks_lh_default_pcunpcc,7Networks_LH_Default_pCunPCC,default,precuneus posterior cingulate cortex,L,0.08396185391843747,28.326726440216113,0.6443006096617973,-0.016262763876649933,0.002555733038473923,-0.12550665036148567,32.05699280514721,0.8802766306723157,-0.03691126131856026,0.04415361836136715,0.834476342673315,0.6802615739219906,0.8802766306723157,0.8667460424203567
194,7Networks_LH_Default_pCunPCC_5,7networks_lh_default_pcunpcc,7Networks_LH_Default_pCunPCC,default,precuneus posterior cingulate cortex,L,1.2667417094337998,-0.2484094372501673,1.7533623405625969e-12,0.6414102459007829,0.004590981845591549,0.890463715646697,6.452441122183657,1.8479773542368852e-11,0.6357815774285633,0.258203127785104,0.6137340490185519,7.96026502615419e-10,2.7966057294118197e-09,0.6762991705204431
195,7Networks_LH_Default_pCunPCC_6,7networks_lh_default_pcunpcc,7Networks_LH_Default_pCunPCC,default,precuneus posterior cingulate cortex,L,0.6304244591613177,37.5499995040641,0.0042727516032291845,0.1403425103852336,0.0686779119737583,-4.998433986399247,137.7900876481658,1.407355923161373e-09,0.5620398859521132,47.21761977392537,1.280441323388899e-08,0.008116440283958368,3.549664383973685e-08,1.9377345360618673e-06
196,7Networks_LH_Default_pCunPCC_7,7networks_lh_default_pcunpcc,7Networks_LH_Default_pCunPCC,default,precuneus posterior cingulate cortex,L,0.7927899467553055,27.55263039876747,0.0004898601949306266,0.20957162198267865,0.060679416598312635,-4.180509863547725,116.11837000179514,2.7183004003497155e-08,0.5032322055449144,29.374842669600145,2.0082679490173277e-06,0.0012219589477939807,4.0948117030295626e-07,7.181582343164175e-05
197,7Networks_LH_Default_pCunPCC_8,7networks_lh_default_pcunpcc,7Networks_LH_Default_pCunPCC,default,precuneus posterior cingulate cortex,L,1.001616845760259,26.224121536880226,2.371450556246919e-06,0.3610693223375373,0.043627516546470194,-2.5741050699739425,89.90145211439467,1.6132894043467797e-08,0.5141395918483034,16.122394855072773,0.00021234505933075476,1.538055075051573e-05,2.642528434747134e-07,0.0015549138215510106
198,7Networks_LH_Default_pCunPCC_9,7networks_lh_default_pcunpcc,7Networks_LH_Default_pCunPCC,default,precuneus posterior cingulate cortex,L,0.20766061590271723,54.27200570134724,0.22313694217446056,0.010565744774933883,0.014005180831112615,-0.940207426924967,74.71352060240037,0.22071792412623514,0.022365727673600233,1.5793569181941396,0.21506344827829096,0.26658992565053974,0.24146009048990544,0.3051212672448253
199,7Networks_LH_Default_pCunPCC_10,7networks_lh_default_pcunpcc,7Networks_LH_Default_pCunPCC,default,precuneus posterior cingulate cortex,L,0.11492122756960887,38.275133459217926,0.5859873932208941,-0.014478116683749764,0.03978744815933246,-3.1460677449043226,96.34762279238623,0.011100653838520717,0.1391617319231463,9.566896949884,0.0033298915587412796,0.6304224562139477,0.015043871172204196,0.011810709122410475
200,7Networks_LH_Default_pCunPCC_11,7networks_lh_default_pcunpcc,7Networks_LH_Default_pCunPCC,default,precuneus posterior cingulate cortex,L,0.3853172928798687,47.829621966626476,0.03335337586975051,0.07196354887640788,0.05361358930778101,-4.008865586285546,126.08230559491022,1.520414008878954e-07,0.46547387080333247,36.33689827451402,2.441355909553232e-07,0.04932388483669945,1.169945694967873e-06,2.2167511658743345e-05
201,7Networks_RH_Vis_1,7networks_rh_vis,7Networks_RH_Vis,visual,visual,R,1.17889372629998,-5.1404111270864234,6.344386195260215e-08,0.4483909743898551,0.024008174450517186,-0.7888221176226136,29.901153969103497,7.462820540496824e-08,0.4814179280036951,4.056977591534681,0.049732419669910544,9.601171108827125e-07,7.365479403012083e-07,0.09447078882903509
202,7Networks_RH_Vis_2,7networks_rh_vis,7Networks_RH_Vis,visual,visual,R,1.2134886442753388,-23.720666993962155,1.5299465484029777e-05,0.31126889844982286,0.06204462051837402,-3.8717036128785427,66.83768067399848,3.761807826754152e-08,0.4963165835732687,18.634666134014907,8.101272062391485e-05,7.016118514898503e-05,4.879602152418243e-07,0.0007662453159011946
203,7Networks_RH_Vis_3,7networks_rh_vis,7Networks_RH_Vis,visual,visual,R,0.9624168079818274,-4.509977475937134,3.1065765501899923e-06,0.3540660331328267,0.032648005572221146,-1.7134217056602954,43.1420093453726,4.625166695276673e-07,0.43955993489950296,8.322294640131762,0.005894206790098884,1.8316698101120214e-05,2.529910457416397e-06,0.01820387675309451
204,7Networks_RH_Vis_4,7networks_rh_vis,7Networks_RH_Vis,visual,visual,R,1.065205304546371,-1.0367098751145605,1.8081999026547197e-07,0.42436608057516345,0.039872236848104176,-2.20273296957587,57.159534321762905,1.9830566986951976e-09,0.5556020391564864,15.174966059580337,0.0003090164419352481,1.954577990012483e-06,4.738461795829578e-08,0.002125658555130343
205,7Networks_RH_Vis_5,7networks_rh_vis,7Networks_RH_Vis,visual,visual,R,0.8870703206681843,5.915512731829949,1.2569288407060716e-05,0.3166802753641996,0.022822150816875476,-0.9834387364579529,39.22599558977895,1.3261318728859893e-05,0.35352948696253206,3.7360291321089942,0.059288619259212756,5.8229152416383315e-05,4.013759135268261e-05,0.10810053471358469
206,7Networks_RH_Vis_6,7networks_rh_vis,7Networks_RH_Vis,visual,visual,R,1.0688988553401635,5.143096997343697,2.785054228625064e-07,0.4141717866197375,0.02202708944708645,-0.7364467776593653,37.29313365800487,3.8044122464428045e-07,0.44419945308237274,3.593246800853016,0.06417338294269435,2.5804379995832226e-06,2.214363025493632e-06,0.11561395180945729
207,7Networks_RH_Vis_7,7networks_rh_vis,7Networks_RH_Vis,visual,visual,R,0.244792540324012,33.834590810379666,0.19015323704007064,0.015393228364377842,0.0077459758508713755,-0.39006953300087943,45.14036991371212,0.35172242030734396,0.0027877931540668532,0.3932476097453146,0.5336318682045571,0.23021218564317886,0.37660844061210885,0.6102490381986623
208,7Networks_RH_Vis_8,7networks_rh_vis,7Networks_RH_Vis,visual,visual,R,0.35247169980296833,16.9362835297582,0.16194035045729416,0.020346331213240476,0.05927589762649574,-4.5057953526457695,103.45349164131295,0.0002506732036420272,0.26739686715474265,17.186698081861586,0.0001404180353941401,0.1987051867773285,0.0005212467076371028,0.0010991342770506828
209,7Networks_RH_Vis_9,7networks_rh_vis,7Networks_RH_Vis,visual,visual,R,0.47257294357043417,22.919931837085656,0.00532109634838491,0.13312705882748221,0.024860562379389592,-1.5650048232679268,59.20561514635914,0.0013617328651855153,0.2126919595386937,5.850852573410056,0.019495002657302845,0.009780476688934208,0.0023068161223665073,0.04425365603207746
210,7Networks_RH_Vis_10,7networks_rh_vis,7Networks_RH_Vis,visual,visual,R,0.5485001163792019,22.064681419713153,0.00838235948712847,0.11809212496052535,0.04531798502894724,-3.1657730092138685,88.20936583514074,4.748187384402201e-05,0.31747166803631577,15.021715465061689,0.00032856185269339446,0.014147179208759573,0.00012042888673288264,0.0021936335459235455
211,7Networks_RH_Vis_11,7networks_rh_vis,7Networks_RH_Vis,visual,visual,R,1.3382384171746193,-10.091805651101588,1.5323451872497923e-08,0.47945618402222745,0.030824617011583774,-1.1881547245260284,34.89882142897052,7.607321976204863e-09,0.5294359726291602,6.098200698716313,0.01722074591035271,3.6480866080080666e-07,1.5698746259986398e-07,0.03988658084691427
212,7Networks_RH_Vis_12,7networks_rh_vis,7Networks_RH_Vis,visual,visual,R,1.0977223982132716,-3.4727187501876244,1.607086611457298e-08,0.4784426275296707,0.026749374194527498,-1.0946628464904151,35.569813994307786,5.596957107221093e-09,0.5355411500717617,6.9009082988596955,0.011595856883881869,3.6480866080080666e-07,1.2100088222277984e-07,0.030956540173571866
213,7Networks_RH_Vis_13,7networks_rh_vis,7Networks_RH_Vis,visual,visual,R,0.37688170962635253,13.28475244183727,0.04613145483811787,0.06114270052613924,0.020511319489496894,-1.3042310472984764,43.222419655200135,0.03413043916604349,0.09701876039872925,2.9070727035754698,0.09479417976013377,0.06544900155157972,0.04233666497645831,0.15822263827610564
214,7Networks_RH_Vis_14,7networks_rh_vis,7Networks_RH_Vis,visual,visual,R,0.5666287845626418,19.20133584124439,0.0013912918207177793,0.17669567959794008,0.010898794186248027,-0.326639049863207,35.10886795013226,0.003973058666922398,0.1759883961481139,0.9587996025384248,0.3325030313987709,0.00302223199332953,0.006012562115942562,0.422846992311042
215,7Networks_RH_Vis_15,7networks_rh_vis,7Networks_RH_Vis,visual,visual,R,1.1219047739819463,-6.352374380066127,1.877542623935927e-06,0.3670698815497826,0.013472313642047956,0.01771065616632761,13.311384580746775,8.245561773769127e-06,0.3664700237444357,0.9545512039906524,0.3335657409716529,1.2535358106866337e-05,2.636257074148721e-05,0.4230135374333252
216,7Networks_RH_Vis_16,7networks_rh_vis,7Networks_RH_Vis,visual,visual,R,1.0550130769125552,7.886579926125222,6.527042073662165e-06,0.3344458615751853,0.003409844674121268,0.7755413742884176,12.863480371529604,4.183547741151115e-05,0.3211388171137224,0.05910346584477294,0.8089765276540273,3.3673603425484345e-05,0.00010853318139900607,0.846256551969881
217,7Networks_RH_Vis_17,7networks_rh_vis,7Networks_RH_Vis,visual,visual,R,0.7803577687528858,9.701513194889316,2.575404788397579e-06,0.35893690955933566,-0.009009402219762,1.5187705759671957,-3.448322708387167,1.1710717824117333e-05,0.3569411608989975,0.851030839059538,0.36097254403016843,1.6239357971284734e-05,3.56823214238206e-05,0.4514642837181721
218,7Networks_RH_Vis_18,7networks_rh_vis,7Networks_RH_Vis,visual,visual,R,0.9247833411943458,15.665296748886533,2.8829067586866362e-05,0.2935663461634668,0.03269933288974267,-1.7552619719327227,63.39219928450213,7.518578753318758e-06,0.3689533789682974,6.734247603950136,0.012577452083611607,0.00011791348364357952,2.4557084561199398e-05,0.03142661185118783
219,7Networks_RH_Vis_19,7networks_rh_vis,7Networks_RH_Vis,visual,visual,R,1.467484467960071,-8.181217814014602,2.1148250079234223e-09,0.5199636060733037,0.008506194190985139,0.7703147137339972,4.234151712668819,1.629753219667836e-08,0.5139296258224881,0.4041376158149241,0.5280435838251853,9.910959834533335e-08,2.642528434747134e-07,0.6068607521016649
220,7Networks_RH_Vis_20,7networks_rh_vis,7Networks_RH_Vis,visual,visual,R,0.41662575199992224,11.725408169345553,0.02766736350731109,0.07821503832269217,-0.006386469789984625,0.9400623764041236,2.4039207175676793,0.07946051673211071,0.06395623804153716,0.2688136588150118,0.606561191976439,0.04179433119936796,0.09394550676140173,0.6732977534408393
221,7Networks_RH_Vis_21,7networks_rh_vis,7Networks_RH_Vis,visual,visual,R,0.763215915193557,6.794408021903887,0.0001382446909748174,0.2480539068670291,0.012728236522875143,-0.2799934601330203,25.372135770230162,0.00044538270099805347,0.24925727850010448,1.0769395915983344,0.30469288977791187,0.0004156496006792523,0.000860441473417516,0.3941041936158746
222,7Networks_RH_Vis_22,7networks_rh_vis,7Networks_RH_Vis,visual,visual,R,0.5385153219593669,23.470077003591932,0.004448398262531528,0.13902007683486917,0.017106348077400385,-0.8635251460875546,48.43795662924953,0.006635792336799009,0.15780470909200794,2.070609581977782,0.15678827390714392,0.008380918875144321,0.00938520162276246,0.2372729211794778
223,7Networks_RH_Vis_23,7networks_rh_vis,7Networks_RH_Vis,visual,visual,R,0.968389026543099,7.0621883968881605,7.289631391435513e-07,0.39084803577255367,0.03298611332070226,-1.735160880774972,55.207666495610326,5.588348868036408e-08,0.4877617695968315,10.081437010088063,0.002643520029754063,5.806127459143373e-06,6.188074112411048e-07,0.010170831300918172
224,7Networks_RH_Vis_24,7networks_rh_vis,7Networks_RH_Vis,visual,visual,R,1.000645547454082,19.800671303512352,1.4565805405593542e-06,0.37353373545119317,0.023303235046248455,-0.9092932906555875,53.81332934662865,1.5850602389903865e-06,0.40940242529950743,3.9151780949865906,0.05372870200449285,1.0417057934167733e-05,6.905527408118557e-06,0.10079682111586674
225,7Networks_RH_Vis_25,7networks_rh_vis,7Networks_RH_Vis,visual,visual,R,1.0240137596224481,12.105229008686607,2.4585437591247665e-07,0.41713222566310504,0.015638798971164034,-0.25774602510857036,34.93112080249051,7.403510978330293e-07,0.4282275421546812,1.931446039920545,0.17114852904958874,2.4264757970492263e-06,3.776622454114554e-06,0.25317615488026185
226,7Networks_RH_Vis_26,7networks_rh_vis,7Networks_RH_Vis,visual,visual,R,0.49988634006813937,25.096747289583256,0.02380002973824623,0.08325468977077544,0.0448490840956765,-3.1759555504666954,90.55703886994809,0.0003549313983935912,0.25647451834039603,12.182605003372716,0.001059748726937371,0.03650409966609388,0.0007036631217060715,0.005345843578106295
227,7Networks_RH_Vis_27,7networks_rh_vis,7Networks_RH_Vis,visual,visual,R,0.009675335084117442,47.75949085325161,0.9651100330614193,-0.020792215865362396,0.06085496856524905,-4.978012757321924,136.5814605036673,2.8992034810630208e-05,0.3316503905928375,26.31196977132894,5.421745340957975e-06,0.9736887889108541,8.025843782942753e-05,0.00012955117814710107
228,7Networks_RH_Vis_28,7networks_rh_vis,7Networks_RH_Vis,visual,visual,R,0.8728086109675072,21.00011376305735,1.6137323354537778e-06,0.3709324420922513,0.026262383818408938,-1.2796627835223022,59.33185089911718,4.707962875018045e-07,0.4391366335382748,6.837074384198601,0.011961824534042152,1.127129969686177e-05,2.5445418395930863e-06,0.030956540173571866
229,7Networks_RH_Vis_29,7networks_rh_vis,7Networks_RH_Vis,visual,visual,R,1.2575385410924633,-13.552644465193698,2.5489906036703717e-09,0.516278339120827,-0.015214715893312816,2.504540373145861,-35.75955813513528,9.929351388738088e-09,0.5240715532676307,1.7859884854853674,0.18784979973490268,1.052037940060317e-07,1.8783023043696216e-07,0.274224466494038
230,7Networks_RH_Vis_30,7networks_rh_vis,7Networks_RH_Vis,visual,visual,R,0.8590863399834676,8.379245258451867,1.6739835008517246e-05,0.3087791709959137,0.041986518944463744,-2.582139011342551,69.66142811609629,9.886693250941616e-08,0.4751740646324477,16.218293068844083,0.00020450875575409936,7.524638706798841e-05,8.593549819794927e-07,0.0015220815592190348
231,7Networks_RH_SomMot_1,7networks_rh_sommot,7Networks_RH_SomMot,somatomotor,somatomotor,R,0.1504613633892482,61.1672448469558,0.405652057963218,-0.006080636752781254,0.046791629612222954,-3.6845920323071817,129.4628138579583,8.398036677244486e-05,0.30070732652850873,22.058167482863336,2.3276431396245785e-05,0.4524963988090933,0.0001965313737870617,0.00033023437043423705
232,7Networks_RH_SomMot_2,7networks_rh_sommot,7Networks_RH_SomMot,somatomotor,somatomotor,R,0.8787082876769139,17.245620585675717,0.00012898141902262803,0.2501188260955203,0.03441356588317862,-1.9418359804336367,67.47456288084608,3.098282699803491e-05,0.3297589360989045,6.703508015328871,0.012767979311937743,0.00039835077711750425,8.372740153040386e-05,0.03150360112836813
233,7Networks_RH_SomMot_3,7networks_rh_sommot,7Networks_RH_SomMot,somatomotor,somatomotor,R,0.36528290362645977,32.871289283056605,0.08663186390360424,0.0403453270782439,0.03199189292359318,-2.2567804570249774,79.56563502529437,0.015078235843099233,0.12787000480180288,5.817154041096931,0.019828934948254287,0.11367302373478706,0.019842084268890003,0.04478774361446491
234,7Networks_RH_SomMot_4,7networks_rh_sommot,7Networks_RH_SomMot,somatomotor,somatomotor,R,0.3222133709547679,54.49390160750859,0.07055103366263965,0.047074045713839,0.02506661139763358,-1.732252223763167,91.08032748680448,0.01797000092867905,0.12133430055558703,5.05671034462568,0.02925808276806247,0.09561244562041314,0.02337644819948507,0.06265646026745453
235,7Networks_RH_SomMot_5,7networks_rh_sommot,7Networks_RH_SomMot,somatomotor,somatomotor,R,0.8855320470643423,25.763054225298,4.565674336532499e-05,0.28047055321802106,0.03486683517455972,-1.9721622829158574,76.65357390998497,6.559218647615354e-06,0.3726083456855962,8.049207632952212,0.006698151477959564,0.0001670983053084701,2.222302437326396e-05,0.020273071806624278
236,7Networks_RH_SomMot_6,7networks_rh_sommot,7Networks_RH_SomMot,somatomotor,somatomotor,R,0.6795209264764744,38.70658790992882,0.0017849532693878995,0.16870828155673323,0.049439957136194625,-3.372590040155057,110.86757124131469,4.633856803080426e-06,0.3818170018499799,17.54723375551882,0.00012228297351938013,0.003769157136288867,1.6435710848425883e-05,0.0010093903632327015
237,7Networks_RH_SomMot_7,7networks_rh_sommot,7Networks_RH_SomMot,somatomotor,somatomotor,R,0.4755275298108137,28.967451534911156,0.03184176944988226,0.07351412649585398,0.05411366972671362,-3.9596420626758295,107.95003658029253,2.590926026645646e-05,0.3348400453748074,19.858086718792205,5.145161691165514e-05,0.04724236382433512,7.260990222821749e-05,0.0005839758519472859
238,7Networks_RH_SomMot_8,7networks_rh_sommot,7Networks_RH_SomMot,somatomotor,somatomotor,R,0.786028777225738,15.033059434390303,6.7198309797554994e-06,0.3336656479258012,0.03571820649027188,-2.1414441538072397,67.16621351604265,5.561128401148306e-08,0.48786819147768656,15.452767758845434,0.00027662996447139904,3.4278688368640416e-05,6.188074112411048e-07,0.001932153905692541
239,7Networks_RH_SomMot_9,7networks_rh_sommot,7Networks_RH_SomMot,somatomotor,somatomotor,R,0.9856128930586183,23.36238796959799,1.2486181237416126e-05,0.31686224164602284,0.036796942360342845,-2.0302734934547475,77.07003049436777,1.5113735378574856e-06,0.41059757777467976,8.633657352795055,0.00510056518496387,5.8229152416383315e-05,6.727093982228417e-06,0.016307440802630965
240,7Networks_RH_SomMot_10,7networks_rh_sommot,7Networks_RH_SomMot,somatomotor,somatomotor,R,0.44016212282474443,37.66472978448073,0.041369980034094526,0.06477189909452385,0.04398758091736468,-3.1650707567231064,101.86759882463487,0.0005665623155443376,0.24152975303536017,12.186169824214197,0.001058145064722585,0.05972565198903016,0.001067299963722528,0.005345843578106295
241,7Networks_RH_SomMot_11,7networks_rh_sommot,7Networks_RH_SomMot,somatomotor,somatomotor,R,0.7756157162841294,25.427852131482744,7.633655508988201e-05,0.2655816619090735,0.02939345277557652,-1.6334788549545545,68.32959757489559,1.8322829367095466e-05,0.34457434546673715,6.7850173921982675,0.012269378044116465,0.00025113620297685825,5.3668158275234466e-05,0.03124664305409713
242,7Networks_RH_SomMot_12,7networks_rh_sommot,7Networks_RH_SomMot,somatomotor,somatomotor,R,0.8664336279366907,10.20817981646099,7.435248300998172e-07,0.3903595711033989,0.013284556281404382,-0.22237185072549792,29.597894126821743,2.3315474178842367e-06,0.3996237423057535,1.74066922536347,0.19344548574042214,5.820004704574432e-06,9.536238988463454e-06,0.28058865982796055
243,7Networks_RH_SomMot_13,7networks_rh_sommot,7Networks_RH_SomMot,somatomotor,somatomotor,R,0.27209752290053923,36.33189469866243,0.21868757848636014,0.011167083017832091,0.03125709083249491,-2.289741278829035,81.95374676333599,0.0439351633075439,0.0872632194027948,5.001826840031916,0.030104747699364196,0.261963484519281,0.053619796079636906,0.06416692702118003
244,7Networks_RH_SomMot_14,7networks_rh_sommot,7Networks_RH_SomMot,somatomotor,somatomotor,R,0.5436462555906506,24.811939635253964,0.0028324713690046745,0.15377338427625287,0.02035490183673671,-1.1246464722961567,54.52130463544002,0.0025000152346926013,0.19207252444103962,3.2754006807825276,0.07672261316120046,0.005792531538414965,0.003978955217682018,0.1324413170159126
245,7Networks_RH_SomMot_15,7networks_rh_sommot,7Networks_RH_SomMot,somatomotor,somatomotor,R,-0.15990434951455879,33.844459112021624,0.39772103328725716,-0.00557886136610497,0.011024172308096485,-1.0634482054409533,49.9349891255372,0.47779020946371087,-0.010296255174554236,0.7758727683629437,0.38288857967717793,0.44616509029738627,0.5009624829019047,0.4762504525299692
246,7Networks_RH_SomMot_16,7networks_rh_sommot,7Networks_RH_SomMot,somatomotor,somatomotor,R,0.8025611329971226,19.36913249623784,4.2396778446599145e-05,0.2825947671235606,0.03647853393291139,-2.187228421006691,72.61203624380434,1.4564775771210681e-06,0.4115247918977296,11.516400867790852,0.001409362607604547,0.00015777161815373782,6.546938812009553e-06,0.006596398184046024
247,7Networks_RH_SomMot_17,7networks_rh_sommot,7Networks_RH_SomMot,somatomotor,somatomotor,R,0.4991741569843902,16.509143268214036,0.01760585366971172,0.09334413425093657,0.0001770865800265961,0.4846600976175526,16.767613187884763,0.06157762614955532,0.07405688928755882,0.0001677775540574045,0.9897201995176717,0.02737348481523672,0.07395831288861936,0.9897201995176717
248,7Networks_RH_SomMot_18,7networks_rh_sommot,7Networks_RH_SomMot,somatomotor,somatomotor,R,0.6681418616600828,23.991808302110634,0.0009068141177345958,0.19029441757888987,-0.0043331657219425335,1.0232891829602773,17.66725792736308,0.004073874426358482,0.17510927690338118,0.11638386514011317,0.7345105183992011,0.002122132007481992,0.006144647805869604,0.7864806022482012
249,7Networks_RH_SomMot_19,7networks_rh_sommot,7Networks_RH_SomMot,somatomotor,somatomotor,R,0.12508490004709738,24.972143418860153,0.44899177419284664,-0.008589482750123167,-0.02207713540504385,1.9345323119886457,-7.2509387245873675,0.0929611765429356,0.0576848727766327,4.375907881960836,0.041879181422505504,0.4983918471480498,0.10766421977166521,0.08230800158362554
250,7Networks_RH_SomMot_20,7networks_rh_sommot,7Networks_RH_SomMot,somatomotor,somatomotor,R,0.5841205118190053,28.828222959997277,0.000630261682872924,0.20172453722892936,0.0187480028102468,-0.952470379240308,56.19220943272356,0.0006421372534263165,0.2374776118460078,3.2506192713559887,0.07780980649952879,0.0015220149150229122,0.0011850825733965354,0.13330434773881536
251,7Networks_RH_SomMot_21,7networks_rh_sommot,7Networks_RH_SomMot,somatomotor,somatomotor,R,0.3655381392318918,30.693695577121517,0.013205872424949215,0.10295552965761612,0.024713539425905505,-1.6599895904165418,66.76478887640616,0.001308613943836998,0.21402387934207268,7.783006054167644,0.007594446528959154,0.021110796059601915,0.002225133822104858,0.02240961301829366
252,7Networks_RH_SomMot_22,7networks_rh_sommot,7Networks_RH_SomMot,somatomotor,somatomotor,R,0.8210414394105128,24.345424395971918,3.0713356176337776e-06,0.35436335784390594,0.011881063916444307,-0.15273346210185856,41.68664604937862,1.0981261426635946e-05,0.358698660844058,1.3244879299350725,0.2556097523225642,1.8316698101120214e-05,3.414721018967616e-05,0.3474455914803717
253,7Networks_RH_SomMot_23,7networks_rh_sommot,7Networks_RH_SomMot,somatomotor,somatomotor,R,0.6758655842649088,8.520059826558231,3.341979539606483e-05,0.28938038654614784,0.0286734208241939,-1.6742149923118257,50.37086961687875,2.067017480608436e-06,0.4026924928490556,10.105830811473638,0.0026149373786144847,0.00013193554008533417,8.689129038853981e-06,0.010146851024709197
254,7Networks_RH_SomMot_24,7networks_rh_sommot,7Networks_RH_SomMot,somatomotor,somatomotor,R,0.5312485001802214,42.55006684042359,0.00036507902279110514,0.21865135399488378,0.0031357492686546473,0.27424172395833857,47.12690638102937,0.0017653822146034227,0.2039461921619835,0.11331651073160273,0.737897944194513,0.0009525625077423088,0.002930893678340613,0.7882486274454328
255,7Networks_RH_SomMot_25,7networks_rh_sommot,7Networks_RH_SomMot,somatomotor,somatomotor,R,0.8923931395625977,21.57597215468099,4.446958162006973e-06,0.3446536971178643,0.030930175008238033,-1.6426515613349855,66.72066831729822,6.4148394196782e-07,0.43170450524300796,8.352581233806246,0.005811559232759354,2.5555936779128683e-05,3.386438484341747e-06,0.01807156090186813
256,7Networks_RH_SomMot_26,7networks_rh_sommot,7Networks_RH_SomMot,somatomotor,somatomotor,R,0.4006952299446713,27.149262084192962,0.04402889475042438,0.06269595334130473,0.047283588901378064,-3.4746792692921753,96.16287917049344,6.069683618357536e-05,0.3103027732405741,18.23238385488043,9.425439457155495e-05,0.06325670321738187,0.00015140859135902865,0.0008540993967966809
257,7Networks_RH_SomMot_27,7networks_rh_sommot,7Networks_RH_SomMot,somatomotor,somatomotor,R,0.4483912262331192,22.549838311344704,0.014190203325322854,0.10055468541827006,0.008115367226866878,-0.21674625452239216,34.39476927624828,0.040349441619799725,0.09056396282009838,0.4726900352450347,0.49513121481585,0.022447220591277267,0.04950985539294345,0.5778652224328943
258,7Networks_RH_SomMot_28,7networks_rh_sommot,7Networks_RH_SomMot,somatomotor,somatomotor,R,0.174584472920498,31.48291887183802,0.28897703170512645,0.003045445711702066,0.004011614080023512,-0.15420839724272506,37.33814273384654,0.5361924475766224,-0.015266260063888426,0.13425481393125344,0.715704989081599,0.33553854832257646,0.5545133740314045,0.7682631063906219
259,7Networks_RH_SomMot_29,7networks_rh_sommot,7Networks_RH_SomMot,somatomotor,somatomotor,R,0.7454213176496285,26.838029545704053,0.00011867650275150064,0.2525916467208915,0.02978074731450725,-1.6954160086281513,70.30505773584599,2.3937604215559108e-05,0.3370765871771426,7.1172634175521035,0.010441547434219035,0.00036903515239165266,6.849151366542715e-05,0.02855700322370748
260,7Networks_RH_SomMot_30,7networks_rh_sommot,7Networks_RH_SomMot,somatomotor,somatomotor,R,0.27945673529949966,40.77473188558858,0.08065041578014356,0.0426831079292469,0.026085822079427293,-1.858543615923737,78.84876514321388,0.00832962623820509,0.14961772095108172,7.035945893403092,0.010860368300409358,0.10737621338470728,0.011564679853654773,0.029348852430868145
261,7Networks_RH_SomMot_31,7networks_rh_sommot,7Networks_RH_SomMot,somatomotor,somatomotor,R,0.01651024294670622,37.1927715329885,0.9360619653553504,-0.020695047605506778,0.05054534722439688,-4.126198765395735,110.96714695348352,0.00036351622827442755,0.2557179710204087,18.826340523408987,7.540304394691338e-05,0.9485985095342166,0.0007175494245069134,0.0007379189071325546
262,7Networks_RH_SomMot_32,7networks_rh_sommot,7Networks_RH_SomMot,somatomotor,somatomotor,R,0.16520600257603446,28.68962405901879,0.34317290163663716,-0.0017054233346311953,0.03315822160602338,-2.5524499418584616,77.08630591736419,0.007331187272066772,0.15422552185478955,9.849504876886542,0.0029323276312373304,0.3916855792018943,0.010241104681594814,0.011187199534300404
263,7Networks_RH_SomMot_33,7networks_rh_sommot,7Networks_RH_SomMot,somatomotor,somatomotor,R,0.4073184303276417,24.642853657219177,0.006951863091268784,0.12429648164840701,-0.00598891341506292,0.898171237107638,15.901626800428861,0.022504024699363467,0.11288150296512489,0.38236100517697025,0.539327617772154,0.012233123424170652,0.028618563623280153,0.6152129107250198
264,7Networks_RH_SomMot_34,7networks_rh_sommot,7Networks_RH_SomMot,somatomotor,somatomotor,R,0.2279661829587848,41.342103233409084,0.11559513420104026,0.03101096139357984,-0.009670688278400195,1.020578157112241,27.22707530694298,0.17550548978926464,0.031855060405166724,1.0418498831106167,0.3126170210819014,0.14659271208735272,0.19481538475385365,0.4020626843376296
265,7Networks_RH_SomMot_35,7networks_rh_sommot,7Networks_RH_SomMot,somatomotor,somatomotor,R,0.6739238343297552,12.638544897652196,0.000298835244282127,0.22478795877117552,0.026989432265258476,-1.5381366285048355,52.03145873962404,8.920205862832721e-05,0.298910038437898,6.074755051513507,0.017423615579405586,0.0008027881710300926,0.00020662109498602324,0.03995111855075826
266,7Networks_RH_SomMot_36,7networks_rh_sommot,7Networks_RH_SomMot,somatomotor,somatomotor,R,0.1853281681714261,17.8443076504263,0.25635703380428115,0.006480090591085896,0.02327988779558888,-1.7226971235697153,51.82288879171492,0.0471980791665146,0.08447655581121061,5.089278493445089,0.028767835781337164,0.30230154116141206,0.057141141177593675,0.061898566088753895
267,7Networks_RH_SomMot_37,7networks_rh_sommot,7Networks_RH_SomMot,somatomotor,somatomotor,R,0.07729663305518347,19.214609117833486,0.5705157929724791,-0.013940819103257285,0.0027688592776518826,-0.1496397498612656,23.255947738560398,0.8143050913622631,-0.03347965274212861,0.09251816213565912,0.7623425678673825,0.6181722434594404,0.8179082112355476,0.810546898856655
268,7Networks_RH_SomMot_38,7networks_rh_sommot,7Networks_RH_SomMot,somatomotor,somatomotor,R,0.23094442862217102,29.241686050026022,0.14668101525726573,0.02344329370555842,0.024365727401930243,-1.7660765425597464,64.80512402114371,0.020698148335047666,0.116033651005647,6.0277221021596255,0.017838329400535764,0.18345228905454172,0.026695907227589886,0.040696490190167016
269,7Networks_RH_SomMot_39,7networks_rh_sommot,7Networks_RH_SomMot,somatomotor,somatomotor,R,0.08862457744027885,26.064561573003765,0.635363134179094,-0.016012567954623913,0.023350961511799974,-1.8252259334470842,60.14687964182802,0.14620070106095515,0.039352279962799,3.766375898891835,0.05830399460126716,0.673413972796166,0.16511223453152646,0.10747114655396878
270,7Networks_RH_SomMot_40,7networks_rh_sommot,7Networks_RH_SomMot,somatomotor,somatomotor,R,0.2312295053641591,23.07643032608385,0.1615489882707236,0.020421667383209607,0.004124320501949698,-0.10680081067788927,29.096156883989803,0.3532938563568534,0.002598607064861369,0.1422641863742216,0.7077381715511359,0.1987051867773285,0.37740096655532107,0.7642900559989149
271,7Networks_RH_DorsAttn_Post_1,7networks_rh_dorsattn_post,7Networks_RH_DorsAttn_Post,dorsal attention,posterior,R,0.7870671515864179,15.969465645639517,0.0002529882862471365,0.2298633503223113,0.04936863913327451,-3.2591985741005405,88.0263554964069,4.4725631365894887e-07,0.44035949973809696,19.054117182779446,6.926112462084591e-05,0.0007089918639271603,2.4762727609897904e-06,0.0007379189071325546
272,7Networks_RH_DorsAttn_Post_2,7networks_rh_dorsattn_post,7Networks_RH_DorsAttn_Post,dorsal attention,posterior,R,0.03642910943822486,33.61151952718177,0.8783846373179743,-0.02033028351400934,0.01596231198333079,-1.2718458808144597,56.909600587131536,0.5956932494568787,-0.0198228043876163,1.0238855200747357,0.3167801733164564,0.8941404155658303,0.613253367921594,0.4051216864385105
273,7Networks_RH_DorsAttn_Post_3,7networks_rh_dorsattn_post,7Networks_RH_DorsAttn_Post,dorsal attention,posterior,R,0.8607235527405501,10.236677514861995,1.5948736772170306e-05,0.310119803998393,-0.009968553364558291,1.6777486221333984,-4.313104783619856,7.107970348783246e-05,0.3056526879902024,0.6911897480059352,0.4099639585633077,7.240726494565319e-05,0.00016984308096566284,0.5003323580315636
274,7Networks_RH_DorsAttn_Post_4,7networks_rh_dorsattn_post,7Networks_RH_DorsAttn_Post,dorsal attention,posterior,R,0.4517419313797469,16.642840600628247,0.01244463972183399,0.10493711980361897,0.01595809192593826,-0.8561871819379587,39.93476219951083,0.017654976520203768,0.12199533382699768,1.9325625531024757,0.17102730844224945,0.019964192345274318,0.02303264178210492,0.25317615488026185
275,7Networks_RH_DorsAttn_Post_5,7networks_rh_dorsattn_post,7Networks_RH_DorsAttn_Post,dorsal attention,posterior,R,0.5990934464194678,5.179802117292446,0.003170414313487882,0.15010308536647798,0.055023552208639186,-3.910650336598943,85.49042259019029,1.6437160721983222e-07,0.46369727841802466,29.067210291367925,2.2145848635308027e-06,0.006425750438944189,1.1845192012349815e-06,7.181582343164175e-05
276,7Networks_RH_DorsAttn_Post_6,7networks_rh_dorsattn_post,7Networks_RH_DorsAttn_Post,dorsal attention,posterior,R,0.42696289490389616,32.68338596715168,0.0038410860700407294,0.14383333540219378,0.012079507125068244,-0.5630764604732561,50.31424899363401,0.00699082226339092,0.1559347507800346,1.6881789514177645,0.2001787611272453,0.007484347964800391,0.009856625178818254,0.2861386684106395
277,7Networks_RH_DorsAttn_Post_7,7networks_rh_dorsattn_post,7Networks_RH_DorsAttn_Post,dorsal attention,posterior,R,0.26456455460738026,9.853088686420117,0.04088275519328655,0.0651669504297202,-0.0057282011106857995,0.73404931722034,1.4923891872611819,0.1005063310683628,0.054550432292163054,0.4610047029391481,0.5004848021364643,0.059370825288802595,0.11549961736395191,0.5798970972619892
278,7Networks_RH_DorsAttn_Post_8,7networks_rh_dorsattn_post,7Networks_RH_DorsAttn_Post,dorsal attention,posterior,R,0.3202231029418149,34.49675565241486,0.054610742088740234,0.055536358790841955,0.0331655456609614,-2.3980331228248994,82.90412746756682,0.0009728835663037022,0.223876918304031,11.411166794545089,0.001474856161826475,0.07558925886673191,0.0016988043811610799,0.0068139600654742215
279,7Networks_RH_DorsAttn_Post_9,7networks_rh_dorsattn_post,7Networks_RH_DorsAttn_Post,dorsal attention,posterior,R,1.0978426001784172,-0.6410676902613517,4.947020680908232e-06,0.3418333234089068,0.010431645844283181,0.24286235799915,14.584629609892211,2.5435941650262996e-05,0.3353617010014347,0.532621162477837,0.4691288736401896,2.7059607097979967e-05,7.172619570943727e-05,0.5575510697189688
280,7Networks_RH_DorsAttn_Post_10,7networks_rh_dorsattn_post,7Networks_RH_DorsAttn_Post,dorsal attention,posterior,R,0.6138532653388908,12.183138439291184,0.0014559068969691956,0.1752442517407281,0.02308619899430469,-1.2782972449246852,45.87901758869839,0.0010456913048433002,0.2214897618293259,3.851323432134559,0.05564197526312066,0.0031475320534476896,0.0018189419632140163,0.10353056053056058
281,7Networks_RH_DorsAttn_Post_11,7networks_rh_dorsattn_post,7Networks_RH_DorsAttn_Post,dorsal attention,posterior,R,0.6763510342252289,14.710371863228858,0.00035311582495317536,0.21967515565767537,0.04048396432156969,-2.641724573086658,73.79947395426834,2.1848039733002225e-06,0.40128221753245696,15.559679410327316,0.00026513255405284013,0.0009266738990100671,9.0172818534391e-06,0.0018807840553123345
282,7Networks_RH_DorsAttn_Post_12,7networks_rh_dorsattn_post,7Networks_RH_DorsAttn_Post,dorsal attention,posterior,R,0.5531771501688137,17.57928394756958,0.003484194968557553,0.14702282206603257,0.034252175875344154,-2.2541395534669277,67.57266653881219,0.00018439630467113194,0.2769071604098251,9.621919481370508,0.0032482467074896266,0.006929711461320868,0.0004005546522521239,0.011761572846838642
283,7Networks_RH_DorsAttn_Post_13,7networks_rh_dorsattn_post,7Networks_RH_DorsAttn_Post,dorsal attention,posterior,R,0.8858404605224861,13.201583233650723,2.6012621921858824e-05,0.2964658100858212,0.031404023234561394,-1.6880409567807098,59.03789314235462,6.409413944089909e-06,0.3732248526452838,6.878398431086887,0.011723529065964269,0.0001083461500231551,2.1878751358021193e-05,0.030956540173571866
284,7Networks_RH_DorsAttn_Post_14,7networks_rh_dorsattn_post,7Networks_RH_DorsAttn_Post,dorsal attention,posterior,R,0.12940170903345605,32.54577403388551,0.5446142028592527,-0.012975768085251804,0.016240474510737027,-1.2016715499293698,56.24985223999553,0.4328559593755136,-0.006059052534889586,1.3300028418618877,0.2546361013313325,0.5915187753543079,0.4559550012911442,0.3471615315448197
285,7Networks_RH_DorsAttn_Post_15,7networks_rh_dorsattn_post,7Networks_RH_DorsAttn_Post,dorsal attention,posterior,R,1.0731712026863927,2.357338305092,6.885834062951536e-08,0.4465473102867674,0.01872720296017038,-0.4617149275786048,29.69096598057044,1.3900087640733882e-07,0.4675096590197958,2.8895981048842585,0.09576294599890897,1.008441504703225e-06,1.126899962302354e-06,0.15867291052373966
286,7Networks_RH_DorsAttn_Post_16,7networks_rh_dorsattn_post,7Networks_RH_DorsAttn_Post,dorsal attention,posterior,R,0.8227541734428111,11.071760988408492,6.627508931580638e-05,0.26970185096360466,0.03887707791029947,-2.3636206309880703,67.81550296476033,2.01177138547068e-06,0.4033806802583909,11.754904499117988,0.0012719939744233286,0.00022288067073611924,8.53592718695036e-06,0.006078792256717802
287,7Networks_RH_DorsAttn_Post_17,7networks_rh_dorsattn_post,7Networks_RH_DorsAttn_Post,dorsal attention,posterior,R,0.8055698323006261,16.146976230211678,0.0001574543414433731,0.24416750398095444,0.0033011983493537733,0.5350028090001793,20.96529996793455,0.0008298860007625758,0.2291096242171783,0.06241113994024762,0.8038135494093894,0.0004672174576162836,0.0014753278669795411,0.8427975783645792
288,7Networks_RH_DorsAttn_Post_18,7networks_rh_dorsattn_post,7Networks_RH_DorsAttn_Post,dorsal attention,posterior,R,1.1531513626558685,-9.111463922260043,2.645619180383185e-08,0.4677192356227241,0.021139079089899475,-0.579412724499536,21.742461166003537,4.1593887446890184e-08,0.4941585991115923,3.5088682840842504,0.0672674593174786,5.222222208234635e-07,5.245451361357818e-07,0.11998462461831508
289,7Networks_RH_DorsAttn_Post_19,7networks_rh_dorsattn_post,7Networks_RH_DorsAttn_Post,dorsal attention,posterior,R,0.9576630564036999,-3.5670785306319033,2.1431968523684794e-05,0.30190043601844185,0.013182092952776482,-0.12274450280911076,15.673083575854129,8.28431275438098e-05,0.30111292515801147,0.9459132631559889,0.33574079037998705,9.355878567070093e-05,0.000194874507279221,0.42458584633012286
290,7Networks_RH_DorsAttn_FEF_1,7networks_rh_dorsattn_fef,7Networks_RH_DorsAttn_FEF,dorsal attention,frontal eye fields,R,-0.04780799096684418,45.77444217541053,0.81774118780866,-0.01969268461988527,0.048982940894942484,-4.062461794801792,117.2683791888488,0.0007136634677812784,0.2340431101725905,16.900788036234207,0.00015679402039793448,0.8437602256025719,0.0013012177284044192,0.0012065166993332585
291,7Networks_RH_DorsAttn_FEF_2,7networks_rh_dorsattn_fef,7Networks_RH_DorsAttn_FEF,dorsal attention,frontal eye fields,R,0.028545319090659604,42.58434834232081,0.8538609464680449,-0.02010448912827134,0.0052927686280522385,-0.4052512908556678,50.30950448866659,0.8631582585377053,-0.03604511161290036,0.2614704990297035,0.6115056844415532,0.8752868348459684,0.8650636851569938,0.6754831648089176
292,7Networks_RH_DorsAttn_FEF_3,7networks_rh_dorsattn_fef,7Networks_RH_DorsAttn_FEF,dorsal attention,frontal eye fields,R,-0.001841804779213474,16.55328892675656,0.9920632250383039,-0.020831206864309948,0.029869966230861536,-2.4499915352404056,60.15053819937509,0.04526971646029113,0.08610026179924046,6.616273078221297,0.013325615759047395,0.9938397652583365,0.05510040555756616,0.03270178137625685
293,7Networks_RH_DorsAttn_PrCv_1,7networks_rh_dorsattn_prcv,7Networks_RH_DorsAttn_PrCv,dorsal attention,precentral ventral,R,0.10632991530642633,45.724609387383765,0.7185425979770499,-0.018045739088493384,0.08734080997640331,-7.052144210488615,173.20446774354892,3.025202312073235e-06,0.39293288422845607,33.4955402898769,5.635778444227324e-07,0.749927217199036,1.2047735523519725e-05,3.655204876684579e-05
294,7Networks_RH_SalVentAttn_TempOccPar_1,7networks_rh_salventattn_tempoccpar,7Networks_RH_SalVentAttn_TempOccPar,salience / ventral attention,temporal occipital parietal,R,0.415937239993565,32.39290073529328,0.03175964096580504,0.07360048421082599,0.03072357275964683,-2.1021742901300033,77.23604685053158,0.0043990946121659075,0.1724089040715454,6.730854496439085,0.01259833338527794,0.04724236382433512,0.00654816050466663,0.03142661185118783
295,7Networks_RH_SalVentAttn_TempOccPar_2,7networks_rh_salventattn_tempoccpar,7Networks_RH_SalVentAttn_TempOccPar,salience / ventral attention,temporal occipital parietal,R,0.800417506075952,19.692197324377084,0.00011558582945129102,0.25337388088214485,0.03634034589177079,-2.1780461223122582,72.7334062180044,7.935002107467952e-06,0.3675041637483374,9.661327495913381,0.0031910714256559777,0.00036190321773024915,2.5549581253832977e-05,0.011761572846838642
296,7Networks_RH_SalVentAttn_TempOccPar_3,7networks_rh_salventattn_tempoccpar,7Networks_RH_SalVentAttn_TempOccPar,salience / ventral attention,temporal occipital parietal,R,1.2711156875234941,-10.46529806221509,1.0709779106297856e-07,0.43650220060276546,0.04637202458911181,-2.529546777955961,57.217828850687916,1.231538404339159e-09,0.5645198658565023,15.110512628239773,0.00031708390466238175,1.350622142849785e-06,3.369395025277005e-08,0.0021485983987570346
297,7Networks_RH_SalVentAttn_TempOccPar_4,7networks_rh_salventattn_tempoccpar,7Networks_RH_SalVentAttn_TempOccPar,salience / ventral attention,temporal occipital parietal,R,0.39746397554666446,33.60542954061943,0.020772730441339,0.08780882247465172,0.0352352392423628,-2.490424841843467,85.03366004335399,0.0002724493311095032,0.2647953353762731,12.555085308967262,0.0009052223136323702,0.03207761775635342,0.0005571711546113264,0.004975539266506405
298,7Networks_RH_SalVentAttn_TempOccPar_5,7networks_rh_salventattn_tempoccpar,7Networks_RH_SalVentAttn_TempOccPar,salience / ventral attention,temporal occipital parietal,R,-0.08314269390803153,60.31081892542749,0.6363317055717075,-0.016040073774774566,0.02813698481115532,-2.389256843787779,101.37866383394947,0.04243114669185015,0.08861509908302023,6.51188448713586,0.014027241739370032,0.673413972796166,0.05192382910539075,0.03387429654081912
299,7Networks_RH_SalVentAttn_TempOccPar_6,7networks_rh_salventattn_tempoccpar,7Networks_RH_SalVentAttn_TempOccPar,salience / ventral attention,temporal occipital parietal,R,0.5337746729293005,28.808516464483574,0.0009540624936720521,0.18868918163704018,0.02495037246833714,-1.5111639507426529,65.22528371288105,0.0001854581272245553,0.27673046243839405,6.842886032103952,0.011928002213243395,0.0022099202659546513,0.00040094280838070525,0.030956540173571866
300,7Networks_RH_SalVentAttn_TempOccPar_7,7networks_rh_salventattn_tempoccpar,7Networks_RH_SalVentAttn_TempOccPar,salience / ventral attention,temporal occipital parietal,R,0.8108224385743021,15.64769481341773,8.94400232122905e-06,0.32595795648176584,-0.011354538797005119,1.7414432126506774,-0.9250275821363658,3.3814510317738695e-05,0.3272599389497983,1.0928964425992433,0.30117736133935535,4.3662118858472994e-05,8.977653616522438e-05,0.3917894614557803
301,7Networks_RH_SalVentAttn_PrC_1,7networks_rh_salventattn_prc,7Networks_RH_SalVentAttn_PrC,salience / ventral attention,precentral,R,-0.15742386239936168,47.75386133425484,0.3980107083049371,-0.005597438720229997,0.0072570374786240475,-0.7522124272717126,58.346001596181424,0.5918983247394798,-0.019545494512917427,0.3433282951548502,0.560717753488339,0.44616509029738627,0.6107314532539178,0.6352661720077916
302,7Networks_RH_SalVentAttn_FrOperIns_1,7networks_rh_salventattn_froperins,7Networks_RH_SalVentAttn_FrOperIns,salience / ventral attention,frontal operculum insula,R,-0.1112375561531378,56.34387533391305,0.4586802267709249,-0.00910092858706868,0.035761116526768194,-3.042227404261623,108.53965953516274,0.0004582269240305375,0.24834847029408735,17.440558766813744,0.00012737811116547528,0.5054388906650483,0.0008815043369062034,0.001023272455884408
303,7Networks_RH_SalVentAttn_FrOperIns_2,7networks_rh_salventattn_froperins,7Networks_RH_SalVentAttn_FrOperIns,salience / ventral attention,frontal operculum insula,R,-0.0411208314027709,60.30264244600184,0.8297364562621671,-0.019840074888135106,-0.010800369385750852,0.844080082326065,44.5387680342372,0.6830343170728677,-0.025777628374877626,0.722159501747799,0.3997446791640019,0.8541958075805529,0.6937306039174093,0.49450704179961
304,7Networks_RH_SalVentAttn_FrOperIns_3,7networks_rh_salventattn_froperins,7Networks_RH_SalVentAttn_FrOperIns,salience / ventral attention,frontal operculum insula,R,-0.17041255927078325,76.73743637899469,0.21143926622872047,0.012177801758019524,-0.0020398816447229767,-0.0032233612614938068,73.7600902426017,0.45029755996519916,-0.007751664040251294,0.05074395562716331,0.8227503686960778,0.25462447445050157,0.4732293801486121,0.8586865916965961
305,7Networks_RH_SalVentAttn_FrOperIns_4,7networks_rh_salventattn_froperins,7Networks_RH_SalVentAttn_FrOperIns,salience / ventral attention,frontal operculum insula,R,0.30352900470953337,55.149227703810986,0.08096767165075063,0.04255462344760774,0.015953517719252443,-1.0040252055105636,78.43447293662155,0.08249204925581964,0.06246368616358,2.0193045285426803,0.16191138788168066,0.10748340037848182,0.09652420196428381,0.24259990131446543
306,7Networks_RH_SalVentAttn_FrOperIns_5,7networks_rh_salventattn_froperins,7Networks_RH_SalVentAttn_FrOperIns,salience / ventral attention,frontal operculum insula,R,0.21740618684610336,45.517232041558316,0.24264450515287286,0.008085825309306238,0.023233405613190164,-1.6868094138685588,79.42796927311119,0.08149036323303094,0.06295096448525606,3.8104470317275743,0.0569058963680938,0.2883785480089117,0.09584617851760634,0.10545011000454933
307,7Networks_RH_SalVentAttn_FrOperIns_6,7networks_rh_salventattn_froperins,7Networks_RH_SalVentAttn_FrOperIns,salience / ventral attention,frontal operculum insula,R,0.9721995739783125,17.627523218840274,6.54413987826077e-05,0.2700699137149345,0.027907024062603925,-1.3150669367634755,58.359724759036936,6.200688495690457e-05,0.3096757780957258,3.753896545935774,0.058706705606573255,0.00022288067073611924,0.00015318433210082902,0.10747114655396878
308,7Networks_RH_SalVentAttn_FrOperIns_7,7networks_rh_salventattn_froperins,7Networks_RH_SalVentAttn_FrOperIns,salience / ventral attention,frontal operculum insula,R,0.7006821008364663,41.438362120291124,0.0007369217278995429,0.19682701290467153,0.03554043313372675,-2.2122204824583975,93.31204388518778,6.442737937690177e-05,0.3085499774324192,8.755733780177511,0.0048209958384918756,0.0017608550761389079,0.00015641727399525886,0.01563380079053794
309,7Networks_RH_SalVentAttn_FrOperIns_8,7networks_rh_salventattn_froperins,7Networks_RH_SalVentAttn_FrOperIns,salience / ventral attention,frontal operculum insula,R,0.2636493495209504,37.60906123371725,0.3023986157034097,0.001768761204379632,0.06131191537210501,-4.7614902148216025,127.097975857852,0.0003007923349971567,0.26169257955469316,17.898574950377718,0.00010695832913968312,0.3493358054181883,0.0006096416075388802,0.0009162090835738893
310,7Networks_RH_SalVentAttn_PFCl_1,7networks_rh_salventattn_pfcl,7Networks_RH_SalVentAttn_PFCl,salience / ventral attention,lateral prefrontal cortex,R,0.6186886166835008,41.92313187556143,0.00495657951151611,0.13546398389721837,0.039404907825227736,-2.6109472565404745,99.43727754761241,0.0002893415212463711,0.2629109549255203,9.299478401202338,0.0037587303745496106,0.009184845298891077,0.0005890630073805043,0.012734802910787485
311,7Networks_RH_SalVentAttn_Med_1,7networks_rh_salventattn_med,7Networks_RH_SalVentAttn_Med,salience / ventral attention,medial,R,0.3229930342899605,50.314197103197955,0.0409318685361128,0.06512691250772029,0.01724024289549804,-1.0900214857629829,75.47750533147894,0.030308969022219117,0.10157003353684446,2.9470296792128403,0.09262008515468914,0.059370825288802595,0.03780294487936121,0.15516427549899953
312,7Networks_RH_SalVentAttn_Med_2,7networks_rh_salventattn_med,7Networks_RH_SalVentAttn_Med,salience / ventral attention,medial,R,0.55414772719279,40.40069534932573,7.206361556436377e-05,0.26726324445222094,0.0092985250529517,-0.2079616580715964,53.97252571123544,0.00022810521300861098,0.27033208083548754,1.2018783374298192,0.2785322616396741,0.00024056530489868492,0.00048392414348555785,0.37041000123390666
313,7Networks_RH_SalVentAttn_Med_3,7networks_rh_salventattn_med,7Networks_RH_SalVentAttn_Med,salience / ventral attention,medial,R,0.46515132090597033,30.497713087357194,0.0010582955729795227,0.18540520303201025,-0.0026933527976463964,0.6858991742725649,26.566581314708117,0.004755088471173807,0.16966392411353293,0.0900294350329777,0.765462845237243,0.002426596919862138,0.0070091239153016495,0.8119629246208138
314,7Networks_RH_SalVentAttn_Med_4,7networks_rh_salventattn_med,7Networks_RH_SalVentAttn_Med,salience / ventral attention,medial,R,0.48180503261528285,34.520453024497876,0.02257254037154828,0.08502732479021013,-0.020742555980099775,2.1818699888083533,4.24528041043185,0.023845967208116704,0.11069230656768847,2.385256345376179,0.12919204999251754,0.034738757046382775,0.03024041651532118,0.2036569121409825
315,7Networks_RH_SalVentAttn_Med_5,7networks_rh_salventattn_med,7Networks_RH_SalVentAttn_Med,salience / ventral attention,medial,R,0.7912908172868178,12.119520542878867,8.609087476694432e-05,0.2620606068549005,0.049369290605445676,-3.2550283032184675,84.1773612616326,3.216595294566278e-08,0.4996613789441505,23.79423690343294,1.2694651952804807e-05,0.00027524828974783604,4.563544574165906e-07,0.00022166815332974547
316,7Networks_RH_SalVentAttn_Med_6,7networks_rh_salventattn_med,7Networks_RH_SalVentAttn_Med,salience / ventral attention,medial,R,0.2581757626284473,35.27207288792198,0.11433697267425338,0.03136208830882781,0.013792121851175357,-0.8722299141465206,55.40261370262031,0.12723106409736865,0.04501664217644241,1.6863141438812403,0.20042312016428054,0.14540332099190767,0.1447691807022691,0.2861386684106395
317,7Networks_RH_SalVentAttn_Med_7,7networks_rh_salventattn_med,7Networks_RH_SalVentAttn_Med,salience / ventral attention,medial,R,0.5363463853384152,23.237845990968466,0.007852398323840905,0.12025966087715279,-0.000564664458232271,0.582626422300573,22.413679771607224,0.030302849241256244,0.10157775363929833,0.0018818533830138743,0.9655821324501278,0.013420415793891298,0.03780294487936121,0.969854619761854
318,7Networks_RH_SalVentAttn_Med_8,7networks_rh_salventattn_med,7Networks_RH_SalVentAttn_Med,salience / ventral attention,medial,R,0.064562991959761,23.299070281015126,0.7690010669587966,-0.018981523732795713,0.01708239263014487,-1.3355140817770264,48.231985300507105,0.48389872148553636,-0.010842559861012457,1.3864798350984677,0.24492878328333198,0.7970924301353737,0.5061982017383261,0.33798683164326054
319,7Networks_RH_Limbic_OFC_1,7networks_rh_limbic_ofc,7Networks_RH_Limbic_OFC,limbic,orbital frontal cortex,R,0.5296605391768833,16.996799451519173,0.004982440477759145,0.13529271814850719,0.02171954724870495,-1.2504788601009835,48.697957336052234,0.003828909609575387,0.17728322113121564,3.4498639081377855,0.06952885644638422,0.009195235678466064,0.005833305244118207,0.12234922801030403
320,7Networks_RH_Limbic_OFC_2,7networks_rh_limbic_ofc,7Networks_RH_Limbic_OFC,limbic,orbital frontal cortex,R,0.645779778232443,34.162547807756624,0.0011281279280157244,0.18337665334046316,0.027648087553342193,-1.6202642329438484,74.51681388418933,0.0004073524627797946,0.2521032584506099,5.410872333061493,0.024375318242712517,0.0025608503965956946,0.000790333410692422,0.053203819625920586
321,7Networks_RH_Limbic_OFC_3,7networks_rh_limbic_ofc,7Networks_RH_Limbic_OFC,limbic,orbital frontal cortex,R,0.1601399937643596,40.76602338816916,0.2680056923897584,0.00519517635611777,-0.015256226427296932,1.4105440393254547,18.498522267823954,0.14975906114119966,0.038368752104718684,2.6558651140111933,0.10985347545605038,0.31440461071046594,0.1682935984111501,0.1781195637751674
322,7Networks_RH_Limbic_OFC_4,7networks_rh_limbic_ofc,7Networks_RH_Limbic_OFC,limbic,orbital frontal cortex,R,-0.2131802416192824,54.94618480825601,0.18737053158345351,0.015843766180323238,0.021982007900127117,-2.014830980015155,87.03042188196024,0.047039567215785345,0.0846076062585539,4.60573710937712,0.03705941243839031,0.22805957463508822,0.05710150672718328,0.07511148770995178
323,7Networks_RH_Limbic_OFC_5,7networks_rh_limbic_ofc,7Networks_RH_Limbic_OFC,limbic,orbital frontal cortex,R,0.44632885439807,36.63126727166759,0.0031972837165965785,0.14982789809382158,0.013674792719295989,-0.6744604980608369,56.59055823057608,0.0049018371020689375,0.16858927784559352,2.0831544555397423,0.15556460509855372,0.006451408032599318,0.007178819497868702,0.23700110978101807
324,7Networks_RH_Limbic_OFC_6,7networks_rh_limbic_ofc,7Networks_RH_Limbic_OFC,limbic,orbital frontal cortex,R,-0.0771734411811108,57.24894498432617,0.6024907734952216,-0.015020682088681792,0.0037893940930704,-0.3877531069182587,62.77982364655496,0.8127057177177949,-0.03339319467258495,0.14661659417376627,0.7035161932977347,0.6451198376576194,0.8179082112355476,0.7622824624276171
325,7Networks_RH_Limbic_TempPole_1,7networks_rh_limbic_temppole,7Networks_RH_Limbic_TempPole,limbic,temporal pole,R,0.6555209099760333,-12.463817536563079,0.00045322116451642014,0.21198033540596428,-0.024248549644223454,2.6429379635060712,-47.85622659280107,0.00024200614611001565,0.2684929867273095,4.708245053302553,0.035106767256375015,0.0011495106630751662,0.0005110269317858005,0.07179492042519935
326,7Networks_RH_Limbic_TempPole_2,7networks_rh_limbic_temppole,7Networks_RH_Limbic_TempPole,limbic,temporal pole,R,0.6806330246360878,-2.4675189134881563,0.0008741189611372099,0.19145353353186845,-0.014911620719483726,1.9027931021866955,-24.232044542391648,0.002122044118602653,0.19768836456214278,1.3730120270408983,0.24720086227350915,0.002066927126855694,0.0034550384050824816,0.34008845900658535
327,7Networks_RH_Limbic_TempPole_3,7networks_rh_limbic_temppole,7Networks_RH_Limbic_TempPole,limbic,temporal pole,R,0.45923768587962965,8.177389495583864,0.03503718599020055,0.07031766330980893,0.022169101117523984,-1.357747258326913,40.53470185745687,0.032079080529528,0.09939739866427955,2.5498814848462423,0.1170051355034583,0.05164572220633457,0.03990110290522113,0.18638712813533356
328,7Networks_RH_Limbic_TempPole_4,7networks_rh_limbic_temppole,7Networks_RH_Limbic_TempPole,limbic,temporal pole,R,0.8512204702163831,-6.535556981866062,1.1024299513125759e-05,0.3202697673884226,0.0030818624161051203,0.5986302735957079,-2.037368971193274,6.828715691220097e-05,0.3068359137971156,0.0697368989281535,0.7928747554827529,5.268454714693784e-05,0.00016490621935180447,0.8348326875611369
329,7Networks_RH_Limbic_TempPole_5,7networks_rh_limbic_temppole,7Networks_RH_Limbic_TempPole,limbic,temporal pole,R,0.6567279807469991,25.750634954762646,0.0004574528515423322,0.21169267717158635,0.032925865909957434,-2.0418840340660678,73.80817785583577,3.141237469659476e-05,0.32936612164021506,9.422368026364365,0.0035548400314903616,0.0011537977477789935,8.438590598966876e-05,0.012319827284707053
330,7Networks_RH_Limbic_TempPole_6,7networks_rh_limbic_temppole,7Networks_RH_Limbic_TempPole,limbic,temporal pole,R,0.18876636559754467,22.54304348698567,0.21505311947806213,0.011668943194827253,0.030016589650695737,-2.271400656178006,66.35429962303056,0.0035748459775054257,0.1796833756733034,10.83119507737179,0.0018981064696749394,0.2582913128122757,0.005464579373021762,0.00780217102004218
331,7Networks_RH_Limbic_TempPole_7,7networks_rh_limbic_temppole,7Networks_RH_Limbic_TempPole,limbic,temporal pole,R,0.238004946758548,14.642112574021047,0.18680559963693755,0.015936157756919478,-0.022704414261121606,2.0988642870083374,-18.496525765255235,0.06492896539579773,0.07196642339372128,3.8980123331329604,0.05423585330514444,0.2279831780515313,0.07777770524984741,0.1013295366277184
332,7Networks_RH_Cont_Par_1,7networks_rh_cont_par,7Networks_RH_Cont_Par,control,parietal,R,0.6950933259399237,26.392826084174054,0.0001810132242246995,0.23998422647930884,0.028001776591587438,-1.5999391252283957,67.26332539121017,4.178048661573199e-05,0.3211768125837964,6.741177091857206,0.012534922245286989,0.0005336363882987894,0.00010853318139900607,0.03142661185118783
333,7Networks_RH_Cont_Par_2,7networks_rh_cont_par,7Networks_RH_Cont_Par,control,parietal,R,0.6199333039876567,24.74294000327042,4.0810101080198035e-05,0.2836863859954206,0.004963547160620488,0.21311976595127247,31.987575004377028,0.0002097240408255657,0.2729360454185694,0.29027378618167715,0.592588022084795,0.0001543982157534159,0.0004470174391305485,0.6617880706568255
334,7Networks_RH_Cont_Par_3,7networks_rh_cont_par,7Networks_RH_Cont_Par,control,parietal,R,0.9558678290814828,2.5042270218998297,2.2581132430186435e-05,0.30043864443258217,-0.009308221032219628,1.7187718991757253,-11.081755281856971,0.00011024683266944052,0.29256218636143727,0.4655784860150053,0.49837757931240867,9.671541625759095e-05,0.00025026031015963,0.5798970972619892
335,7Networks_RH_Cont_Par_4,7networks_rh_cont_par,7Networks_RH_Cont_Par,control,parietal,R,0.4460874915715366,26.877998411981036,0.004127161920733696,0.14147966082729524,-0.002787576538935514,0.6745579457960336,22.809340674132308,0.016432940335497408,0.12467121040380569,0.07828277794943077,0.7808658682803211,0.007973325583034459,0.02150015824874877,0.8244490795331763
336,7Networks_RH_Cont_Par_5,7networks_rh_cont_par,7Networks_RH_Cont_Par,control,parietal,R,0.5362149782133205,19.58838457904759,0.0035075846279605935,0.14680420714556053,0.04612620692732794,-3.2443002116452697,86.9127238792165,1.3196294005523724e-06,0.4139904556407592,22.88520656569286,1.7401334541453894e-05,0.006929711461320868,5.991117478507771e-06,0.00028215021006500245
337,7Networks_RH_Cont_Par_6,7networks_rh_cont_par,7Networks_RH_Cont_Par,control,parietal,R,1.4229529881640908,-15.12045431412237,2.1830308005580035e-09,0.5193390590314331,-0.01060048713233104,2.2917715035650383,-30.592586968959665,1.4736401225358232e-08,0.5160078884475919,0.6696305906484628,0.4173100718416417,9.910959834533335e-08,2.642528434747134e-07,0.5038797144045355
338,7Networks_RH_Cont_Temp_1,7networks_rh_cont_temp,7Networks_RH_Cont_Temp,control,temporal,R,0.8333270618601006,11.599793136642418,1.0197368374865324e-05,0.3223957050685793,0.013980798883327768,-0.3125426305698693,32.005720924971826,3.0506221478459984e-05,0.3302009337068522,1.5593483083076305,0.21794493205392718,4.92511195977538e-05,8.305321910684529e-05,0.30728881724373586
339,7Networks_RH_Cont_Temp_2,7networks_rh_cont_temp,7Networks_RH_Cont_Temp,control,temporal,R,0.511705492298711,21.314188917479665,0.004214959426303281,0.14078929393332296,0.007272831712694008,-0.08437757185705363,31.929381939309316,0.014229188858910983,0.13001824844508114,0.4057229562441344,0.5272389150634788,0.008040300754376848,0.018889040181127446,0.6068607521016649
340,7Networks_RH_Cont_PFCv_1,7networks_rh_cont_pfcv,7Networks_RH_Cont_PFCv,control,ventral prefrontal cortex,R,0.11510920598481766,40.192311315162115,0.5933052284295054,-0.014722511287323048,0.02161559876272063,-1.656510549983858,71.74174930754818,0.2744847461138349,0.013253987283059487,2.3609094073568615,0.13111503997738388,0.6367862262576724,0.2981245807073709,0.205262855688732
341,7Networks_RH_Cont_PFCl_1,7networks_rh_cont_pfcl,7Networks_RH_Cont_PFCl,control,lateral prefrontal cortex,R,-0.4471617551793484,63.85454567027571,0.0015321164938149276,0.17361091934344053,0.021553709774926672,-2.2137090745869776,95.31365247155026,0.0003179847981863855,0.25994422819004004,6.599576386657678,0.013435276766653709,0.003296591887165768,0.0006387836211354823,0.0327936325379612
342,7Networks_RH_Cont_PFCl_2,7networks_rh_cont_pfcl,7Networks_RH_Cont_PFCl,control,lateral prefrontal cortex,R,-0.03562454161884654,45.38018389501892,0.8550826609878466,-0.02011675591208495,0.0177919456923252,-1.4938567576982331,71.34873991540559,0.38186854494038946,-0.0007078892703706874,1.9309665775509688,0.17120061574502288,0.8752868348459684,0.40506616682929164,0.25317615488026185
343,7Networks_RH_Cont_PFCl_3,7networks_rh_cont_pfcl,7Networks_RH_Cont_PFCl,control,lateral prefrontal cortex,R,0.7298065883593765,39.58362705177807,1.118308374297547e-05,0.31987921281898624,0.024072426138728675,-1.2431753396277365,74.71897186119156,3.3008091216671564e-06,0.39067636142769835,6.577107005368472,0.013584373067249994,5.288666686782149e-05,1.2918683976180078e-05,0.03298024263385828
344,7Networks_RH_Cont_PFCl_4,7networks_rh_cont_pfcl,7Networks_RH_Cont_PFCl,control,lateral prefrontal cortex,R,-0.22600155266540767,52.19724504939326,0.09076827976827583,0.03882554608964417,0.013466800420399192,-1.3297438054876176,71.85295708786657,0.07341988402141039,0.0671002535623042,2.4548036526648667,0.12387468022779656,0.11875734586396895,0.0874872108811557,0.19664022665531342
345,7Networks_RH_Cont_PFCl_5,7networks_rh_cont_pfcl,7Networks_RH_Cont_PFCl,control,lateral prefrontal cortex,R,0.2627697437866794,48.86074583789788,0.18894764546564496,0.01558749785301683,0.03747829114592678,-2.8089601556682453,103.56286330171173,0.005413859694194211,0.1650668369783732,9.593512146589942,0.003290131611340325,0.2293642541213979,0.0078028327021084825,0.011761572846838642
346,7Networks_RH_Cont_PFCl_6,7networks_rh_cont_pfcl,7Networks_RH_Cont_PFCl,control,lateral prefrontal cortex,R,0.42708250312762064,32.48918603885408,0.010866782296459447,0.10945769363785851,0.019597334867325282,-1.1791198508485916,61.09283047173625,0.007456748703369687,0.15361411152659288,3.5041864326000605,0.06744389552922424,0.01781053849311404,0.010384551875244901,0.11998462461831508
347,7Networks_RH_Cont_PFCl_7,7networks_rh_cont_pfcl,7Networks_RH_Cont_PFCl,control,lateral prefrontal cortex,R,0.763734321017188,9.602619463892943,0.0005478610880086582,0.20609454462135934,0.04405852252913193,-2.8473129503644032,73.90903261615361,9.403561220424291e-06,0.36291736277393205,12.815571217101581,0.0008113556294505651,0.0013517876845431022,2.9442874441880197e-05,0.004783837087929305
348,7Networks_RH_Cont_PFCl_8,7networks_rh_cont_pfcl,7Networks_RH_Cont_PFCl,control,lateral prefrontal cortex,R,0.6195204221288901,27.662491516158596,0.0018274674121469146,0.16795104042012043,0.014462973922660119,-0.5658684543354013,48.77218660105366,0.0042147805579516385,0.1739148475699509,1.3465293406494265,0.25174623396145834,0.003841065764419904,0.006315215753498495,0.3442553922244039
349,7Networks_RH_Cont_PFCl_9,7networks_rh_cont_pfcl,7Networks_RH_Cont_PFCl,control,lateral prefrontal cortex,R,0.9059502998103148,16.02977272992151,6.460520313604497e-07,0.3938219922157392,0.02701020519791903,-1.3078127176606187,55.453006081340696,1.504890412803895e-07,0.46570725062860363,7.458055827778032,0.008864289528471247,5.237636111386503e-06,1.169945694967873e-06,0.025152421537037162
350,7Networks_RH_Cont_PFCl_10,7networks_rh_cont_pfcl,7Networks_RH_Cont_PFCl,control,lateral prefrontal cortex,R,0.2618942138797288,39.541189053372115,0.20942535197402157,0.012465758543023342,0.025519110071723576,-1.8296582827263999,76.78806755378449,0.07901630906015945,0.06417950677835582,3.6524957866124206,0.062094608106568264,0.25286997286224944,0.0936642410269253,0.11276380832152798
351,7Networks_RH_Cont_PFCl_11,7networks_rh_cont_pfcl,7Networks_RH_Cont_PFCl,control,lateral prefrontal cortex,R,0.5685157069432116,23.43336864117945,0.007452097443527182,0.1219946361889972,0.03573327408105268,-2.3601921675116486,75.58851489738353,0.000734482399903735,0.2331053144441576,7.954426281337624,0.0070036938742764785,0.012864076955746545,0.0013338200382251829,0.02105746370146703
352,7Networks_RH_Cont_PFCl_12,7networks_rh_cont_pfcl,7Networks_RH_Cont_PFCl,control,lateral prefrontal cortex,R,0.1591201197325911,32.031568054583715,0.5038805852043517,-0.011277662010645617,0.019923763551109405,-1.4738364089234466,61.11165737483778,0.36113328290868646,0.0016666869211768853,1.622366038063312,0.20902527129924492,0.553902628771854,0.38396840852586334,0.297484241911778
353,7Networks_RH_Cont_PFCl_13,7networks_rh_cont_pfcl,7Networks_RH_Cont_PFCl,control,lateral prefrontal cortex,R,0.10817853043419079,33.78433093682733,0.5431858471637938,-0.012920060521943721,0.023556503693185137,-1.8225182678599698,68.16665181277324,0.1075006597438824,0.05183990259529603,4.2784318156142795,0.04412551250075116,0.5913821933150177,0.12293526328393604,0.08634906325578029
354,7Networks_RH_Cont_PFCl_14,7networks_rh_cont_pfcl,7Networks_RH_Cont_PFCl,control,lateral prefrontal cortex,R,0.3568312102784241,29.189991397160497,0.05305187533639556,0.05649709740452458,0.012187027929730428,-0.6420205765195863,46.977788358104604,0.0941589528916891,0.05717137595995503,1.034327946601771,0.31435124547889126,0.07365612049762564,0.10877395575782915,0.4031510323373351
355,7Networks_RH_Cont_PFCl_15,7networks_rh_cont_pfcl,7Networks_RH_Cont_PFCl,control,lateral prefrontal cortex,R,0.0775289071814742,35.91718883089004,0.608112606307829,-0.015198540265220828,-0.012287232302465007,1.084593468851945,17.98313676598773,0.4148570738105116,-0.0042424695139022806,1.5236697431426645,0.22320129160531915,0.6480824489759492,0.4380118872324936,0.3127573653975768
356,7Networks_RH_Cont_pCun_1,7networks_rh_cont_pcun,7Networks_RH_Cont_pCun,control,precuneus,R,0.6050802187019209,22.18767459801135,0.0035106467755590303,0.14677569197043994,-0.015903048223732848,1.9084979367379686,-1.0239069701059407,0.0071245172970755746,0.15525405956671678,1.481756259654303,0.22957671256611453,0.006929711461320868,0.010014027408273408,0.31873953365448315
357,7Networks_RH_Cont_pCun_2,7networks_rh_cont_pcun,7Networks_RH_Cont_pCun,control,precuneus,R,0.5530870209374137,25.733883066314803,0.01354476563320766,0.10210949508191314,0.07280104495522877,-5.413704411196589,131.99196450133624,7.770954817080425e-10,0.5729695597641149,53.92663233155248,2.468454554390359e-09,0.021576574026232552,2.7138565284265484e-08,1.1206783676932229e-06
358,7Networks_RH_Cont_Cing_1,7networks_rh_cont_cing,7Networks_RH_Cont_Cing,control,cingulate,R,-0.3414027381291251,45.19877348164603,0.06222713124943478,0.05121413005560016,0.0035690414874130494,-0.6339222504674735,50.40803251422856,0.17136401434198348,0.032838372724344755,0.08801556324684062,0.7680224084572729,0.08509372767241985,0.19162379928881898,0.8127789590666711
359,7Networks_RH_Cont_Cing_2,7networks_rh_cont_cing,7Networks_RH_Cont_Cing,control,cingulate,R,0.2299346830510931,29.89109174868336,0.15002609837743605,0.022734951411307547,0.026089347729821806,-1.9083546313399111,67.97027093308708,0.013870401835860902,0.13096317195128193,6.977830188834697,0.011170622289785073,0.18571209635892136,0.018466752004342668,0.030008653961907827
360,7Networks_RH_Cont_PFCmp_1,7networks_rh_cont_pfcmp,7Networks_RH_Cont_PFCmp,control,medial posterior prefrontal cortex,R,0.4218215864254018,52.08180815702183,0.009423714387625109,0.11420069881112338,0.026660668794676087,-1.7632933420328998,90.99486933133603,0.0011125617875760575,0.21943353754665262,7.471167417863927,0.008808909203923769,0.01578138931497333,0.0019060492511680381,0.025152421537037162
361,7Networks_RH_Cont_PFCmp_2,7networks_rh_cont_pfcmp,7Networks_RH_Cont_PFCmp,control,medial posterior prefrontal cortex,R,0.41370568779929395,41.32168269925687,0.003753181456788838,0.14459113552435277,-0.003509422557674599,0.7013388180895217,36.1994415535065,0.01457489224300968,0.1291291198696164,0.14777636000847377,0.7024033594406827,0.007376382603385855,0.019235468250948823,0.7622824624276171
362,7Networks_RH_Default_Par_1,7networks_rh_default_par,7Networks_RH_Default_Par,default,parietal,R,0.4323487857089901,20.336754943764635,0.04538324306092167,0.06168702503691326,0.03976582895717642,-2.826868271673983,78.37768957954293,0.0018531607413726364,0.20230071147818118,9.461154530660277,0.003492939256509397,0.06458931771052802,0.003048315132547743,0.012198418634271279
363,7Networks_RH_Default_Par_2,7networks_rh_default_par,7Networks_RH_Default_Par,default,parietal,R,0.5266729701062356,24.653334962489353,0.0017166573238678298,0.16996233607425526,0.031135707925617824,-2.025217258918003,70.09802041078144,7.100253324985354e-05,0.3056847831063253,10.382881577456487,0.0023122442074966706,0.0036418804908224054,0.00016984308096566284,0.009245502443049045
364,7Networks_RH_Default_Par_3,7networks_rh_default_par,7Networks_RH_Default_Par,default,parietal,R,1.0652567356781417,18.171058961340357,6.252854438357081e-06,0.33559462306214294,0.04546229194105875,-2.6608438196903403,84.52636913946446,1.2023718875804138e-07,0.47078543459859545,13.261867639315163,0.0006735310190313523,3.300925482574552e-05,1.0108830314101997e-06,0.004132203819462621
365,7Networks_RH_Default_Par_4,7networks_rh_default_par,7Networks_RH_Default_Par,default,parietal,R,1.4192665642099236,-10.590757321845096,1.588926176721996e-09,0.5255538068704675,0.03931955668245209,-1.8033739084981883,46.79881254658727,8.208674631217827e-11,0.6119226004079632,11.682668184640313,0.0013120468371503075,9.017156052897327e-08,6.211230470954822e-09,0.006204888167356663
366,7Networks_RH_Default_Par_5,7networks_rh_default_par,7Networks_RH_Default_Par,default,parietal,R,0.7996816535066262,22.759957053846257,9.072023753433604e-05,0.26052250001742283,0.014780561537050499,-0.41173678142982695,44.333192883429916,0.0002547129700992305,0.2668983032968075,1.4174571669752498,0.2398010166000238,0.0002880208939901298,0.0005232565087106364,0.3319196998061305
367,7Networks_RH_Default_Temp_1,7networks_rh_default_temp,7Networks_RH_Default_Temp,default,temporal,R,0.601939414026586,13.593692876063756,0.003357892547543038,0.1482287140395825,0.029054523971845443,-1.7793764696472496,56.000748656029046,0.0010706302200274073,0.22070856534486416,5.464354037450857,0.02371760463542579,0.006715785095086076,0.0018411595450471322,0.05201832127769715
368,7Networks_RH_Default_Temp_2,7networks_rh_default_temp,7Networks_RH_Default_Temp,default,temporal,R,0.8304084460605228,9.056104340817527,2.847839047342892e-05,0.2939120770011817,0.012639695353808739,-0.20554407341595393,27.504600224974872,9.94358247339605e-05,0.2956623599764189,1.1192802684925038,0.29548087296633013,0.00011753808431760663,0.00022915667222953335,0.3865945715467259
369,7Networks_RH_Default_Temp_3,7networks_rh_default_temp,7Networks_RH_Default_Temp,default,temporal,R,-0.20176474372972164,56.9595000751486,0.3620646163949881,-0.003136605376804047,0.047788324796652945,-4.118507520266267,126.70981356321423,0.0017688653477209867,0.20387941991102487,13.481487682060992,0.0006149572476518195,0.41094333960831153,0.002930893678340613,0.00393226183709755
370,7Networks_RH_Default_Temp_4,7networks_rh_default_temp,7Networks_RH_Default_Temp,default,temporal,R,0.8910571015008093,14.186229470747541,0.00029677176861203533,0.22499964235679992,0.03925000579917872,-2.3258829638207215,71.47428508999137,4.625887303040704e-05,0.31822913674292674,7.563811936983158,0.00842791867975784,0.0008019903747015717,0.0001179861143584539,0.024216930889937083
371,7Networks_RH_Default_Temp_5,7networks_rh_default_temp,7Networks_RH_Default_Temp,default,temporal,R,0.9562350088185095,25.271107754065554,3.499795068991051e-05,0.2880688301514762,0.034913417107463,-1.9052771877638888,76.22961694114066,7.89417431366126e-06,0.367642989711366,7.040195011250537,0.010838046726135454,0.00013580401378819978,2.5549581253832977e-05,0.029348852430868145
372,7Networks_RH_Default_Temp_6,7networks_rh_default_temp,7Networks_RH_Default_Temp,default,temporal,R,0.8760264506107585,7.907632283670907,0.00046691824437196074,0.21105847761381902,0.04708616631170161,-2.983167244939614,76.63309765973386,1.598213202566062e-05,0.34837524953710064,11.115031768875074,0.0016769306350618858,0.0011711650991429292,4.753632623413606e-05,0.007252916916966925
373,7Networks_RH_Default_Temp_7,7networks_rh_default_temp,7Networks_RH_Default_Temp,default,temporal,R,1.2230611723585634,8.07095504213072,9.001323681105112e-08,0.4404750350775192,0.017536979962147634,-0.2142739901792705,33.66737122116002,2.9244423078766063e-07,0.4503863613845729,1.865596537846232,0.1784810344590422,1.1676002717776344e-06,1.7702624103679723e-06,0.2630856806636531
374,7Networks_RH_Default_Temp_8,7networks_rh_default_temp,7Networks_RH_Default_Temp,default,temporal,R,1.2431157628015557,5.7828342405293185,4.8477462746723545e-06,0.34237068701210416,0.033118954318244256,-1.4713218251323266,54.12220281902985,3.7043471698480377e-06,0.38767841331102915,4.551680864475355,0.038136252180291715,2.7059607097979967e-05,1.4014780125925077e-05,0.07660999331793114
375,7Networks_RH_Default_PFCv_1,7networks_rh_default_pfcv,7Networks_RH_Default_PFCv,default,ventral prefrontal cortex,R,0.6015886381140736,26.98031644696092,0.0032451670389615174,0.1493430521244875,0.04143045173422074,-2.794061308795569,87.45088135398798,4.842310956108319e-05,0.31690132600536614,12.773990277640848,0.000825625312773424,0.006519052370303226,0.0001221338430040654,0.004805562717937622
376,7Networks_RH_Default_PFCv_2,7networks_rh_default_pfcv,7Networks_RH_Default_PFCv,default,ventral prefrontal cortex,R,0.5595327180528542,39.11470980070895,0.008029692523483557,0.11951889748574951,0.060775817533955584,-4.4216681364892665,127.82115313231975,7.375347547504058e-08,0.48167804541353476,34.53830364836263,4.1310758351314044e-07,0.013602538827095279,7.365479403012083e-07,3.125847381916096e-05
377,7Networks_RH_Default_PFCv_3,7networks_rh_default_pfcv,7Networks_RH_Default_PFCv,default,ventral prefrontal cortex,R,0.2348183210789544,37.37353057417848,0.2654139508160654,0.005475127113022338,0.0507989843967135,-3.928678851878157,111.51810671538493,0.0002496147710636328,0.2675287643589056,18.172789832208252,9.64009375297607e-05,0.31217081261785934,0.0005212467076371028,0.0008540993967966809
378,7Networks_RH_Default_PFCv_4,7networks_rh_default_pfcv,7Networks_RH_Default_PFCv,default,ventral prefrontal cortex,R,0.18529603815058837,35.715871485865236,0.34337193947655054,-0.0017210458922081173,-0.0034150272646194316,0.4651925071582479,30.731406696796405,0.6197305601317109,-0.02154097864673954,0.06870424965448607,0.79437824014628,0.3916855792018943,0.6351189036112793,0.8348326875611369
379,7Networks_RH_Default_PFCdPFCm_1,7networks_rh_default_pfcdpfcm,7Networks_RH_Default_PFCdPFCm,default,dorsal prefrontal cortex medial prefrontal cortex,R,0.5907873801829637,49.520376028400726,0.001236577540962797,0.1804565830483601,0.014937630274833053,-0.6335044468790105,71.32286437407726,0.0024605229303043524,0.19261976747593412,1.7231200728043041,0.1956658766165955,0.002765547800970984,0.00394727000126564,0.2820712329670784
380,7Networks_RH_Default_PFCdPFCm_2,7networks_rh_default_pfcdpfcm,7Networks_RH_Default_PFCdPFCm,default,dorsal prefrontal cortex medial prefrontal cortex,R,0.2535277981614259,47.50642388987491,0.06503891227290157,0.049754771352927274,0.017826511382098287,-1.207537430297252,73.52543088773075,0.024406373477789334,0.10981281238075857,4.23840424736484,0.04508564253561179,0.08867167018587781,0.03086488456522662,0.08673254962359217
381,7Networks_RH_Default_PFCdPFCm_3,7networks_rh_default_pfcdpfcm,7Networks_RH_Default_PFCdPFCm,default,dorsal prefrontal cortex medial prefrontal cortex,R,0.42024583846479,36.05552411247336,0.059274084313093146,0.0528218418521752,0.03970930470557228,-2.834338477446036,94.01395775484268,0.003163499538268812,0.18393945178628002,8.712228327436282,0.004918722573420828,0.08154677053983118,0.004918591747856304,0.015837588995269897
382,7Networks_RH_Default_PFCdPFCm_4,7networks_rh_default_pfcdpfcm,7Networks_RH_Default_PFCdPFCm,default,dorsal prefrontal cortex medial prefrontal cortex,R,-0.07511169761797798,64.3520590819892,0.6052866481091391,-0.015109570326340638,0.01715788933165019,-1.4813764994563599,89.39516667717203,0.17491464901718914,0.03199397669148718,3.335698541552515,0.07414702232254684,0.646588560568351,0.19463541826912714,0.12897604649209296
383,7Networks_RH_Default_PFCdPFCm_5,7networks_rh_default_pfcdpfcm,7Networks_RH_Default_PFCdPFCm,default,dorsal prefrontal cortex medial prefrontal cortex,R,0.636419841266042,24.172622261126797,0.0027921924607157696,0.15423909831173432,0.02375598487176428,-1.310626483164043,58.846099497963856,0.0024795304013610553,0.19235534023239587,3.2653274432820765,0.07716249079326724,0.005735997181741897,0.0039637563458377436,0.132696101591452
384,7Networks_RH_Default_PFCdPFCm_6,7networks_rh_default_pfcdpfcm,7Networks_RH_Default_PFCdPFCm,default,dorsal prefrontal cortex medial prefrontal cortex,R,-0.19502039881128175,37.87334370894813,0.25445477379370385,0.006696617658220272,0.04590791057170788,-3.9576439660265237,104.87906461639,2.4457282073967018e-05,0.3364704437541486,24.855973714514594,8.832480154978058e-06,0.3016252409982808,6.939753788488141e-05,0.000171877271481524
385,7Networks_RH_Default_PFCdPFCm_7,7networks_rh_default_pfcdpfcm,7Networks_RH_Default_PFCdPFCm,default,dorsal prefrontal cortex medial prefrontal cortex,R,0.0727153520249213,45.53736435394016,0.7042840333733278,-0.017742314523906177,0.04099784144660988,-3.2874777500117225,105.37650509392572,0.002927933271197707,0.18662220026140341,13.060197257470572,0.0007324868342691063,0.7367395187822369,0.004599590675168717,0.0044339869701089905
386,7Networks_RH_Default_PFCdPFCm_8,7networks_rh_default_pfcdpfcm,7Networks_RH_Default_PFCdPFCm,default,dorsal prefrontal cortex medial prefrontal cortex,R,0.3910717930499499,28.175986762663637,0.04143960435362225,0.06471583215606214,0.017520065845501254,-1.0448770843548858,53.74771563692754,0.04739830771592829,0.08431161701444967,2.02720280248161,0.1611100690050749,0.05972565198903016,0.057230935380402775,0.24219858055729807
387,7Networks_RH_Default_PFCdPFCm_9,7networks_rh_default_pfcdpfcm,7Networks_RH_Default_PFCdPFCm,default,dorsal prefrontal cortex medial prefrontal cortex,R,0.21388241865551572,44.873163737428655,0.11140501378095037,0.03219662873982765,0.008169919164797368,-0.4557261522615401,56.79771696965824,0.18625275938758706,0.029403405505453506,0.8618636042919896,0.3579611273467346,0.14247289086352527,0.20573905781499885,0.4489346735232528
388,7Networks_RH_Default_PFCdPFCm_10,7networks_rh_default_pfcdpfcm,7Networks_RH_Default_PFCdPFCm,default,dorsal prefrontal cortex medial prefrontal cortex,R,0.7308112701492017,14.476397391403282,0.0010547521852828738,0.18551157420676612,-0.0012622027226076304,0.8342617136902764,12.634126586515606,0.004938777379910682,0.16832361726977185,0.008001248914468535,0.9291046208388001,0.002426596919862138,0.007209662155882475,0.9415479862964625
389,7Networks_RH_Default_PFCdPFCm_11,7networks_rh_default_pfcdpfcm,7Networks_RH_Default_PFCdPFCm,default,dorsal prefrontal cortex medial prefrontal cortex,R,0.520883115004975,19.844247668698515,0.006210560923589212,0.1280262044785221,0.029697972865151252,-1.9131699971791658,63.190460914689226,0.0010683076979548529,0.22078057716877952,6.713679303521052,0.012704598356958854,0.011276436838210401,0.0018411595450471322,0.03150360112836813
390,7Networks_RH_Default_PFCdPFCm_12,7networks_rh_default_pfcdpfcm,7Networks_RH_Default_PFCdPFCm,default,dorsal prefrontal cortex medial prefrontal cortex,R,0.7830470430232674,23.348060705969417,8.40132394183226e-05,0.2627770641300339,0.05965681935327703,-4.106440447223717,110.42125001105782,3.5010019653491556e-11,0.6257427370213315,47.55180813358138,1.1762986715975599e-08,0.0002724429335422747,3.178909784537033e-09,1.9377345360618673e-06
391,7Networks_RH_Default_PFCdPFCm_13,7networks_rh_default_pfcdpfcm,7Networks_RH_Default_PFCdPFCm,default,dorsal prefrontal cortex medial prefrontal cortex,R,0.2596591039245335,25.237303599220255,0.09822931738764802,0.03626003533030353,0.011177165616619411,-0.6564241209495174,41.55113776236796,0.14358846884548346,0.04008899765712104,1.1914658663549647,0.2805981558635411,0.1277825504125851,0.16256649589987404,0.37140397306719436
392,7Networks_RH_Default_pCunPCC_1,7networks_rh_default_pcunpcc,7Networks_RH_Default_pCunPCC,default,precuneus posterior cingulate cortex,R,0.7060673983701259,29.316131374547936,2.9890889798633334e-05,0.2925437149140663,0.028803161953059472,-1.6546467928282942,71.35630717527309,2.5383086789493497e-06,0.3974491132069593,9.35690267565469,0.003661960343450808,0.00012009260149185429,1.028921553788397e-05,0.012594924211565658
393,7Networks_RH_Default_pCunPCC_2,7networks_rh_default_pcunpcc,7Networks_RH_Default_pCunPCC,default,precuneus posterior cingulate cortex,R,-0.17239852013513607,34.70744221630551,0.4048147312688055,-0.00602832606615622,0.0028703844490913823,-0.40765593090857966,38.89696373662046,0.6942552452096525,-0.026489135192780067,0.04322529639488648,0.8361999263879212,0.4524963988090933,0.7035533065294247,0.8667460424203567
394,7Networks_RH_Default_pCunPCC_3,7networks_rh_default_pcunpcc,7Networks_RH_Default_pCunPCC,default,precuneus posterior cingulate cortex,R,0.2979085043355547,21.77784412007369,0.13359182096097824,0.026395435215594287,-0.0008414321346230033,0.36687248767781533,20.549716634571226,0.3278405932757393,0.005767111081950271,0.004096958115694962,0.9492357287729944,0.16754333347039813,0.35353831198856445,0.9584998661388351
395,7Networks_RH_Default_pCunPCC_4,7networks_rh_default_pcunpcc,7Networks_RH_Default_pCunPCC,default,precuneus posterior cingulate cortex,R,0.826791586263969,25.496762935579078,2.65676371899971e-06,0.35813134970572713,0.03258719361072249,-1.8440627641554217,73.05999055897979,7.996451219174481e-08,0.4798916195746352,12.237067452994582,0.0010355245178163856,1.652288669076532e-05,7.563310111469197e-07,0.005345843578106295
396,7Networks_RH_Default_pCunPCC_5,7networks_rh_default_pcunpcc,7Networks_RH_Default_pCunPCC,default,precuneus posterior cingulate cortex,R,0.6757902080877024,33.24610104700199,0.00014610788787810774,0.24640351711466968,0.03271073060842182,-2.005189264847129,80.98963932899059,6.135067054320612e-06,0.3743905513853317,10.819828742349577,0.0019075792582041453,0.00043640119142540076,2.1261988111920287e-05,0.00780217102004218
397,7Networks_RH_Default_pCunPCC_6,7networks_rh_default_pcunpcc,7Networks_RH_Default_pCunPCC,default,precuneus posterior cingulate cortex,R,0.6399076325104778,29.730185585147318,0.006005086849989958,0.1291376648213608,0.037797835403881985,-2.4580121924012586,84.89869964814181,0.0007841278253916092,0.23096789342275625,7.3558477351765,0.009308880832513135,0.010949033855001771,0.0014070910384497651,0.02606745867898135
398,7Networks_RH_Default_pCunPCC_7,7networks_rh_default_pcunpcc,7Networks_RH_Default_pCunPCC,default,precuneus posterior cingulate cortex,R,0.4815850369259196,46.35506961763124,0.013715837071746083,0.10169035722162756,0.03897469806067714,-2.712790738881602,103.24129484947593,0.00025251039469024984,0.2671691854386419,11.838768780719231,0.0012271013374904659,0.021772692414589935,0.0005212467076371028,0.005990365669039478
399,7Networks_RH_Default_pCunPCC_8,7networks_rh_default_pcunpcc,7Networks_RH_Default_pCunPCC,default,precuneus posterior cingulate cortex,R,0.5679677916064585,30.01674511145086,0.007863062998183007,0.12021463871896143,0.044553105472460205,-3.083615618652605,95.0450357408941,8.277864141932408e-05,0.30113608367937617,13.42620938826061,0.0006291777902973991,0.013420415793891298,0.000194874507279221,0.003967315511041933
400,7Networks_RH_Default_pCunPCC_9,7networks_rh_default_pcunpcc,7Networks_RH_Default_pCunPCC,default,precuneus posterior cingulate cortex,R,1.4095918832640117,3.074959642248963,1.4771890931145896e-09,0.5269693581460073,0.03787907205495801,-1.6949861174186136,58.36204412811161,1.0460880633885342e-10,0.6078980532476608,10.90705962327946,0.0018361356598887363,9.017156052897327e-08,6.7846282968342076e-09,0.007647757702655838
401,HIP-head-m1-rh,HIP-head-m1,"Hippocampus head, medial division",subcortex,Hippocampus head,R,0.9368648693500891,12.643262782110497,2.037437415172622e-07,0.4215658905646871,-0.008650972733586254,1.645900708301748,0.01657911592343453,1.125927051139103e-06,0.4179356524147877,0.700632014453252,0.4068074661585154,2.102264969291751e-06,5.269802899145905e-06,0.49855979080564183
402,HIP-head-m2-rh,HIP-head-m2,"Hippocampus head, medial division",subcortex,Hippocampus head,R,0.5013804086904933,25.773069940872368,0.003796407831875546,0.14421634719039145,0.01560395902547855,-0.7775238855796354,48.54811046203118,0.005773175184283641,0.16278061645303488,2.0643386215351587,0.15740417985783178,0.0074291773951357665,0.008242206080706832,0.2374136134732745
403,THA-VAip-rh,THA-VAip,"Thalamus, inferior ventro-anterior part, posterior division",subcortex,Thalamus,R,0.15406222027300798,46.23192822346696,0.3781166876500093,-0.004275520164444213,0.008808265369954993,-0.5678653615869806,59.08819120097685,0.5110464233973289,-0.013193231015685702,0.5775237064794791,0.45107991025973493,0.4270273039629458,0.5297147858958614,0.541773225550052
404,THA-VAia-rh,THA-VAia,"Thalamus, inferior ventro-anterior part, anterior division",subcortex,Thalamus,R,0.5134804611214763,38.73466958093086,0.0071207628340699235,0.12350155719912903,0.028579916904977243,-1.8289365113902796,80.44900403537198,0.0015795090587964091,0.20770594453169855,6.101402142383039,0.017193241185813033,0.012433947410260559,0.0026363864437263596,0.03988658084691427
405,HIP-head-l-rh,HIP-head-l,"Hippocampus head, lateral division",subcortex,Hippocampus head,R,0.686579685778921,14.426339172730891,1.9742366464424756e-05,0.30419317128624557,-0.014646034485369878,1.8869722506904276,-6.950545266271597,3.866723007132633e-05,0.32340998157508405,2.3633173247391306,0.13092339821951604,8.701975121212465e-05,0.00010147354018718007,0.205262855688732
406,HIP-body-rh,HIP-body,Hippocampus body,subcortex,Hippocampus body,R,0.7435874219353462,6.654994668780699,0.0004212897986957456,0.21423886865479047,0.041150345719569506,-2.629104967574712,66.71672577770036,9.33377752053511e-06,0.3631192631686492,12.220717668773814,0.0010427349538309368,0.0010745256663363398,2.942732634946486e-05,0.005345843578106295
407,HIP-tail-rh,HIP-tail,Hippocampus tail,subcortex,Hippocampus tail,R,-0.02113428809374618,20.757938712184902,0.9009094579908506,-0.020500219631513827,-0.009434291881442234,0.7521025796058918,6.987947421035702,0.7015219539474349,-0.026944058603209697,0.6988109838601195,0.4074133973323637,0.9150176597938394,0.7093340024323729,0.49855979080564183
408,THA-VPm-rh,THA-VPm,"Thalamus, medial ventro-posterior part",subcortex,Thalamus,R,0.06966361056846526,44.16083086911068,0.6699964458990672,-0.01693807122300517,-0.011831048926166744,1.039339271257473,26.892609499053556,0.5056071097392425,-0.012731986926866945,1.1993538752807436,0.27903132251540985,0.7041166352735567,0.5252760362050711,0.37041000123390666
409,THA-VPl-rh,THA-VPl,"Thalamus, lateral ventro-posterior part",subcortex,Thalamus,R,0.311483134239554,25.356188531670984,0.10148506844642238,0.035204369215736886,-0.007300407698494299,0.9098263329292204,14.700746481182257,0.223967387824732,0.021757536322726923,0.34019631857096344,0.5625044078130665,0.13126558710733835,0.24442594728949116,0.6352661720077916
410,THA-VAs-rh,THA-VAs,"Thalamus, superior ventro-anterior part",subcortex,Thalamus,R,-0.23964837213733436,55.431197265886425,0.18671741836800929,0.015950607853064236,0.015530556423231971,-1.5125365711927392,78.09910169178872,0.18115744978809523,0.03054836946145545,1.7227720652896756,0.19571021670623281,0.2279831780515313,0.2005987370824274,0.2820712329670784
411,THA-DAm-rh,THA-DAm,"Thalamus, medial dorso-anterior part",subcortex,Thalamus,R,0.32943277678260197,40.977310089710116,0.04978938528444443,0.05860486192115766,0.0006837256549901416,0.27339445504377347,41.975254231471105,0.14871900421811662,0.03865388856334884,0.003848135669167029,0.9507993359929015,0.06976660777511658,0.1675395233623448,0.9584998661388351
412,THA-DAl-rh,THA-DAl,"Thalamus, lateral dorso-anterior part",subcortex,Thalamus,R,0.09861174604452871,38.22899685043173,0.5426851637223007,-0.012900469939194581,0.026973544752437375,-2.1121465723574127,77.59872178581281,0.029910074838654325,0.1020763874260292,7.1462791224638815,0.010296291543481747,0.5913821933150177,0.03751153032251123,0.028330402186307353
413,PUT-VA-rh,PUT-VA,"Putamen, ventro-anterior part",subcortex,Putamen,R,0.4513610393147457,24.94046889026652,0.004094888504380449,0.14173705368068035,-0.007578773567620586,1.0725191726516128,13.878732902533628,0.012768407885884375,0.13401913369228768,0.572207454164227,0.453158224689042,0.007944783679438992,0.01709987368788055,0.5428333351156334
414,PUT-DA-rh,PUT-DA,"Putamen, dorso-anterior part",subcortex,Putamen,R,0.49601077800943716,13.547506713687326,0.006821704913782316,0.12492213935979202,0.007454041844091645,-0.11492431279106263,24.427188259146632,0.021919014811066978,0.11387526053150199,0.40160774195745713,0.5293322859741394,0.012097867308035824,0.028031641476688473,0.6068607521016649
415,PUT-VP-rh,PUT-VP,"Putamen, ventro-posterior part",subcortex,Putamen,R,0.7400416068528431,1.7823001980686968,0.00024681711832880084,0.23061364860216182,0.01959951680788008,-0.8663395795043716,30.389129321738274,0.0003740460477239614,0.2548130403935357,2.5587642684989773,0.11638583188637845,0.0006959936131756248,0.0007319694209770624,0.1860534073113233
416,PUT-DP-rh,PUT-DP,"Putamen, dorso-posterior part",subcortex,Putamen,R,0.8451008239855058,-1.592348788377791,6.484090127378745e-05,0.2703378418407516,-0.0019500871500563732,1.0049304432722481,-4.438633746560505,0.0003698610637554232,0.2551697403748814,0.02250363629397351,0.8813969741109312,0.00022288067073611924,0.0007269130863418275,0.9012482573116278
417,CAU-VA-rh,CAU-VA,"Caudate, ventro-anterior part",subcortex,Caudate,R,0.3582842820074208,-1.6623143711515933,0.044507703720302196,0.062335698552818064,-0.00688529731669947,0.9226049323805454,-11.711874558537726,0.1140504835299767,0.04945059190608958,0.3493393254715956,0.5573192876450248,0.0637428942871205,0.1300977877452498,0.6341427483479731
418,CAU-DA-rh,CAU-DA,"Caudate, dorso-anterior part",subcortex,Caudate,R,0.28378018443558733,5.99357077521308,0.1531901097015655,0.02208074016449213,0.05614603464049144,-4.31796253295548,87.94253077643053,3.7037864863857082e-06,0.38768235742306634,29.659761548854387,1.8350601364119621e-06,0.18898997229486614,1.4014780125925077e-05,7.181582343164175e-05
419,CAU-body-rh,CAU-body,Caudate body,subcortex,Caudate body,R,0.6488168811447256,-11.411765318714908,0.0005472810618077833,0.20612751337424906,0.020657868563792436,-1.0443070737159603,18.73980024569938,0.0005555958569215911,0.24216034181459156,3.28224499266479,0.07642532506087155,0.0013517876845431022,0.0010510021626766765,0.13243167014364762
420,CAU-tail-rh,CAU-tail,Caudate tail,subcortex,Caudate tail,R,0.7728259531850044,-14.248898513537451,2.9630101245553888e-05,0.29279159160975543,0.009263387879843186,0.01359641921369481,-0.7283532479312882,0.00012776259614968283,0.2881093738991344,0.6842963766206906,0.41229155180656096,0.00012009260149185429,0.0002843344051566471,0.5018240335661627
421,lAMY-rh,lAMY,"Amygdala, lateral nucleus",subcortex,Amygdala,R,1.1381152174845366,7.79920919408837,2.49557527556786e-10,0.5602466083453588,-0.015509997105709133,2.4093183698525076,-14.838687508203208,6.678581841944781e-10,0.5757134603779386,2.7497818767127216,0.10392802679848365,2.265982350215617e-08,2.526730130202442e-08,0.16911585722764005
422,mAMY-rh,mAMY,"Amygdala, medial nucleus",subcortex,Amygdala,R,0.9454156201065723,24.98933505267049,1.633884658004402e-07,0.4267341525519972,0.011718634152754717,-0.015046498287055954,42.09347940769214,6.78266199948162e-07,0.43035457662641796,1.3050675884360337,0.2590760596624554,1.8544590868349962e-06,3.5394581008789146e-06,0.3511060629455366
423,THA-DP-rh,THA-DP,"Thalamus, dorso-posterior part",subcortex,Thalamus,R,0.8400264319787994,20.996737583811722,0.00021281066993174757,0.23510524102253705,0.0023205533605905743,0.649833311560049,24.383743197750377,0.0011177108113430629,0.21928015271737145,0.027046332571381164,0.8700761023341503,0.0006076480764088893,0.0019076718359013179,0.8936980779631318
424,NAc-shell-rh,NAc-shell,"Nucleus Accumbens, shell",subcortex,Nucleus Accumbens,R,0.6392483898770743,21.768481402444802,0.0006150328145283085,0.20248870685452114,0.005364561104931706,0.19956765098451923,29.598423556455728,0.0027223498881403805,0.18913808920147757,0.20969324269404732,0.6491180762616225,0.0014931812716355724,0.004306435014688964,0.7135583695466747
425,NAc-core-rh,NAc-core,"Nucleus Accumbens, core",subcortex,Nucleus Accumbens,R,0.726543511775165,1.7472962978068622,0.0009508250920426412,0.18879667755116303,0.035659087167854,-2.196083985147726,53.79416170352436,0.00012952809839172292,0.2876935080682279,7.664333287129176,0.00803424286277893,0.0022099202659546513,0.00028685734960898635,0.023426027987881785
426,pGP-rh,pGP,"Pallidum, posterior part",subcortex,Pallidum,R,-0.2484929771486969,16.704149343280015,0.07127549370763116,0.046737936389245616,0.02643503293276008,-2.4151147352343854,55.287879615752345,0.0018501465325904522,0.202355966273557,10.364660322913817,0.002330969930456373,0.09630676828352544,0.003048315132547743,0.009245502443049045
427,aGP-rh,aGP,"Pallidum, anterior part",subcortex,Pallidum,R,0.12488632748128736,14.229298924544839,0.4539469894325926,-0.008853172566246181,0.013599907702549548,-0.9897654307083088,34.07929010331141,0.3552725902753671,0.002361528844788796,1.5395799012305018,0.2208383379574716,0.5026632517131635,0.37862384034041474,0.3104043511848053
428,HIP-head-m1-lh,HIP-head-m1,"Hippocampus head, medial division",subcortex,Hippocampus head,L,1.0314712891855955,10.252582418218758,1.178079416664081e-07,0.4343119125225178,0.02341814247604873,-0.8878853899460379,44.43295567807024,9.424951964644492e-08,0.4762411465394467,4.842614247978859,0.03271406449807425,1.4455352842310615e-06,8.593549819794927e-07,0.06835793347978307
429,HIP-head-m2-lh,HIP-head-m2,"Hippocampus head, medial division",subcortex,Hippocampus head,L,0.5240591865721925,21.47981148804633,0.007366182110080889,0.12237895203331339,0.024023118653237623,-1.4448814878566998,56.54318866551319,0.004334549313158079,0.1729292814518434,3.933746483431049,0.05318595112598895,0.012764300297621082,0.0064733071979400265,0.1001926216232323
430,THA-VAip-lh,THA-VAip,"Thalamus, inferior ventro-anterior part, posterior division",subcortex,Thalamus,L,0.45277441605684976,37.23660316668114,0.036301630557720774,0.06913337996074231,0.03378221214786162,-2.316023945647375,86.54404170235327,0.005496013355801026,0.16453157246171035,6.480893220033268,0.014243050974374552,0.05333637628869007,0.007896171087131854,0.03421346636172511
431,THA-VAia-lh,THA-VAia,"Thalamus, inferior ventro-anterior part, anterior division",subcortex,Thalamus,L,0.43127776020793784,35.1079881542571,0.06762819714935227,0.04846738361201586,0.043712579324803935,-3.1514159216220303,98.90947364785566,0.0025065665027688487,0.1919825450599173,9.525468982610159,0.003392792320773394,0.091925753011395,0.003978955217682018,0.011940524911869154
432,HIP-head-l-lh,HIP-head-l,"Hippocampus head, lateral division",subcortex,Hippocampus head,L,0.7272999835035574,21.839111458031745,1.0455413871011936e-06,0.3818832534632367,0.001760139415536599,0.5830385269483234,24.408154765969343,7.429213459504638e-06,0.36927438271826685,0.04042934173671144,0.8415111048427888,7.74820256097144e-06,2.4441035584167434e-05,0.8682864581786958
433,HIP-body-lh,HIP-body,Hippocampus body,subcortex,Hippocampus body,L,0.2269833945563331,31.967682123266997,0.32514478936698576,-0.0002389388221053501,0.058616525653893845,-4.577241369912469,117.52249195051417,0.00010371994223951589,0.29439695519325415,21.04317160594267,3.3441554244167726e-05,0.3746592242959684,0.00023782249382192026,0.0004346567587653696
434,HIP-tail-lh,HIP-tail,Hippocampus tail,subcortex,Hippocampus tail,L,0.5546876543127304,7.860741688919699,0.004503006199069603,0.13861935049386853,0.01024337762125603,-0.2848620783073317,22.811648700192443,0.013197489569794931,0.13280027865517052,0.6779110493435787,0.41446533400823393,0.008447788489163634,0.017622530190255583,0.5031210204271075
435,THA-VPm-lh,THA-VPm,"Thalamus, medial ventro-posterior part",subcortex,Thalamus,L,0.07391961716475359,50.02969893413014,0.6754265883658226,-0.017072660896351843,0.025557749812894742,-2.020799802068673,87.33297476738991,0.07799414575314423,0.06469786766936425,5.196489279217066,0.027215544734916008,0.7081839979632413,0.09269461301551696,0.05883741576024699
436,THA-VPl-lh,THA-VPl,"Thalamus, lateral ventro-posterior part",subcortex,Thalamus,L,-0.06064803824610898,39.94439821291532,0.7533691567944659,-0.018714008663316184,0.019184452773279015,-1.6330104749141041,67.94541312036647,0.3081040725128367,0.008390528596855407,2.312026383377801,0.13507617102594544,0.782676423763587,0.3338406895485152,0.2092989134668233
437,THA-VAs-lh,THA-VAs,"Thalamus, superior ventro-anterior part",subcortex,Thalamus,L,0.19951212355701164,40.27165230425882,0.33900885490361454,-0.0013758152806409019,0.04388705226322255,-3.397481402935011,104.32779292966332,0.0023713929650881218,0.1938864068722017,12.626880805929495,0.0008782634162167149,0.38866166698545707,0.0038313608759786735,0.004922612234103562
438,THA-DAm-lh,THA-DAm,"Thalamus, medial dorso-anterior part",subcortex,Thalamus,L,0.38521246530958675,41.49739937297556,0.05147050338097423,0.05750169318965637,0.021448389646731528,-1.3727027906581277,72.80278427691539,0.03758085580012086,0.09331066833650548,2.895721882924599,0.09542219273150403,0.07167978078209294,0.04636333840558389,0.15867291052373966
439,THA-DAl-lh,THA-DAl,"Thalamus, lateral dorso-anterior part",subcortex,Thalamus,L,0.21453911746931542,36.621706140077954,0.2816204368206622,0.003777022207313907,0.03523119740659317,-2.6730184300735886,88.0440373083369,0.012350907257182516,0.13524333435983227,8.297293254917442,0.005963369445101908,0.327835072606617,0.016688428258216852,0.018293038703218016
440,PUT-VA-lh,PUT-VA,"Putamen, ventro-anterior part",subcortex,Putamen,L,0.5677805573582904,13.35685858882719,0.0007648291336458555,0.19565938188920906,-0.00570263312798161,1.0351697618617481,5.0334773011031615,0.003197397577691971,0.18356924589385382,0.28919075517628906,0.593276970831119,0.0018179708202891015,0.004954329352464692,0.6617880706568255
441,PUT-DA-lh,PUT-DA,"Putamen, dorso-anterior part",subcortex,Putamen,L,0.6978098294652528,9.812486261088303,0.00013749349917480209,0.2482162953716488,-0.00765624093225694,1.3253172069354426,-1.362318619338815,0.00060010651982874,0.23967099906427491,0.4605306094478172,0.5007041016006604,0.0004156496006792523,0.0011165916393534754,0.5798970972619892
442,PUT-VP-lh,PUT-VP,"Putamen, ventro-posterior part",subcortex,Putamen,L,0.8502477724373548,-2.4286861656447734,1.962805649360185e-05,0.30435504977452,-0.0045357126014102245,1.2219958854673338,-9.04886750044382,0.0001135129360686671,0.2916827610256941,0.14124656795808485,0.7087359329857779,8.701975121212465e-05,0.0002551231335404696,0.7642900559989149
443,PUT-DP-lh,PUT-DP,"Putamen, dorso-posterior part",subcortex,Putamen,L,0.8766031609784716,-6.07505013966402,4.142583251138907e-05,0.2832579832509712,-0.015816041263021594,2.1728897672560556,-29.159639125155948,0.0001169684601070269,0.2907783254137646,1.5089754540069327,0.22541131093745162,0.00015543246248074906,0.00026159448713591237,0.31462677640395176
444,CAU-VA-lh,CAU-VA,"Caudate, ventro-anterior part",subcortex,Caudate,L,0.4102754165068713,0.7191366315982464,0.01687363432136368,0.09476505218779774,0.02322999972887895,-1.4936610370974956,34.62490274312536,0.0061113117685004615,0.16075033419996976,4.773958650987337,0.033913779548382504,0.02641596545482452,0.008697603582756142,0.06998570870438935
445,CAU-DA-lh,CAU-DA,"Caudate, dorso-anterior part",subcortex,Caudate,L,0.48142845132025086,-3.235549942104459,0.016283394076926572,0.09595582522138002,0.05977056522225685,-4.4173816781400514,84.00365920262212,4.8585716367665415e-08,0.49080301611701627,38.22069407886748,1.425225420438373e-07,0.025668961496266192,5.655875700235922e-07,1.6176308521975534e-05
446,CAU-body-lh,CAU-body,Caudate body,subcortex,Caudate body,L,0.7607436082412327,-13.00466439591798,5.173872127689568e-05,0.2768722371841663,0.04108045551869522,-2.606220563328784,46.9550572066743,1.8353035841770393e-07,0.46117530100869586,17.418228563275637,0.00012847253300751378,0.00018503629622465672,1.2818889649482705e-06,0.001023272455884408
447,CAU-tail-lh,CAU-tail,Caudate tail,subcortex,Caudate tail,L,0.8809713754060375,-18.525429802600698,6.482461719217557e-06,0.33462943650648513,0.03700274051983323,-2.151782278542193,35.48258914676258,1.5715411725437152e-07,0.46472104443699624,12.665687798424111,0.000864044012046236,3.3673603425484345e-05,1.1845192012349815e-06,0.004903449768362389
448,lAMY-lh,lAMY,"Amygdala, lateral nucleus",subcortex,Amygdala,L,0.9756217141558243,16.14836360761047,1.2474195434610927e-07,0.43299377802619365,0.01404991215704926,-0.17591251907492111,36.65516692419439,4.07375097646724e-07,0.44257929854387323,1.825417828305813,0.18313815482039017,1.490338086135095e-06,2.283312275698922e-06,0.2682087815756682
449,mAMY-lh,mAMY,"Amygdala, medial nucleus",subcortex,Amygdala,L,0.9289884386495916,24.621714559153403,2.6705928356859475e-07,0.4151696965963565,0.013901515066064407,-0.2103831327459149,44.91192221851437,8.387172492087681e-07,0.4251842331148289,1.8362640355039306,0.18186687239435878,2.5259357237529584e-06,4.138887295008486e-06,0.2672089322557893
450,THA-DP-lh,THA-DP,"Thalamus, dorso-posterior part",subcortex,Thalamus,L,0.5082654084032174,37.86193751086403,0.010097447127601234,0.11190306433108732,0.02521746149136636,-1.5585638968545235,74.66853937189501,0.004960682525730529,0.16816698084832404,4.2466467796404395,0.04488608642914296,0.016730806554492553,0.007218429059877116,0.08673254962359217
451,NAc-shell-lh,NAc-shell,"Nucleus Accumbens, shell",subcortex,Nucleus Accumbens,L,0.6913513452046928,16.831254462823253,0.0003997286238758953,0.21585982221283062,0.034786508360813546,-2.1597593794944907,67.60453169416758,2.3987116019389685e-05,0.33701829719787746,9.771896380703007,0.003036250308451543,0.0010252926284726354,6.849151366542715e-05,0.011487147000308336
452,NAc-core-lh,NAc-core,"Nucleus Accumbens, core",subcortex,Nucleus Accumbens,L,0.7494142701023347,-4.042024104571286,0.0002648088472886459,0.2284744115268632,0.03782200471317329,-2.3504864773042593,51.161766710789905,1.1213817646410389e-05,0.35812651717743293,10.695526046443106,0.002014484659029474,0.0007291390292180364,3.4633151098437526e-05,0.008165857457137334
453,pGP-lh,pGP,"Pallidum, posterior part",subcortex,Pallidum,L,-0.5577436315659711,34.85797368383091,0.00021969768293159673,0.23414203983296555,0.007847616208992846,-1.2009361734764623,46.31210380955558,0.000821107419879751,0.22945839457017803,0.7082377239209724,0.40429117703754147,0.0006233921753184057,0.001467648695375618,0.49855979080564183
454,aGP-lh,aGP,"Pallidum, anterior part",subcortex,Pallidum,L,0.332037961774347,5.316435215217194,0.07876634694891589,0.043457167455336565,0.023227482426996827,-1.5716921731527027,39.21852715326842,0.035529758387043954,0.09547349627453106,3.7603213095888806,0.05849899710540189,0.10564919942206515,0.043952344162719224,0.10747114655396878
