index,name,base_name,Label Name,network,component,hemisphere,degree,strength,betweenness,global_efficiency,group,median_age,mean_age,sd_age,n_participants
1,7Networks_LH_Vis_1,7networks_lh_vis,7Networks_LH_Vis,visual,visual,L,159.0,0.285611080694985,165207.0,-8.70839562444413e-06,Q26,28.314999999999998,28.308400000000002,0.10702584086212599,50
2,7Networks_LH_Vis_2,7networks_lh_vis,7Networks_LH_Vis,visual,visual,L,164.0,9.102498945924332,105867.0,-8.70839562444413e-06,Q26,28.314999999999998,28.308400000000002,0.10702584086212599,50
3,7Networks_LH_Vis_3,7networks_lh_vis,7Networks_LH_Vis,visual,visual,L,90.0,-21.913747821052578,138981.0,-8.70839562444413e-06,Q26,28.314999999999998,28.308400000000002,0.10702584086212599,50
4,7Networks_LH_Vis_4,7networks_lh_vis,7Networks_LH_Vis,visual,visual,L,160.0,9.456442290144553,167336.0,-8.70839562444413e-06,Q26,28.314999999999998,28.308400000000002,0.10702584086212599,50
5,7Networks_LH_Vis_5,7networks_lh_vis,7Networks_LH_Vis,visual,visual,L,194.0,20.804604580037395,111839.0,-8.70839562444413e-06,Q26,28.314999999999998,28.308400000000002,0.10702584086212599,50
6,7Networks_LH_Vis_6,7networks_lh_vis,7Networks_LH_Vis,visual,visual,L,142.0,6.602786850170231,155679.0,-8.70839562444413e-06,Q26,28.314999999999998,28.308400000000002,0.10702584086212599,50
7,7Networks_LH_Vis_7,7networks_lh_vis,7Networks_LH_Vis,visual,visual,L,268.0,47.68151497416731,35409.0,-8.70839562444413e-06,Q26,28.314999999999998,28.308400000000002,0.10702584086212599,50
8,7Networks_LH_Vis_8,7networks_lh_vis,7Networks_LH_Vis,visual,visual,L,243.0,43.826044164196695,118254.0,-8.70839562444413e-06,Q26,28.314999999999998,28.308400000000002,0.10702584086212599,50
9,7Networks_LH_Vis_9,7networks_lh_vis,7Networks_LH_Vis,visual,visual,L,172.0,10.063606071475755,126778.0,-8.70839562444413e-06,Q26,28.314999999999998,28.308400000000002,0.10702584086212599,50
10,7Networks_LH_Vis_10,7networks_lh_vis,7Networks_LH_Vis,visual,visual,L,174.0,18.36648527125929,71086.0,-8.70839562444413e-06,Q26,28.314999999999998,28.308400000000002,0.10702584086212599,50
11,7Networks_LH_Vis_11,7networks_lh_vis,7Networks_LH_Vis,visual,visual,L,184.0,19.54763808391072,181887.0,-8.70839562444413e-06,Q26,28.314999999999998,28.308400000000002,0.10702584086212599,50
12,7Networks_LH_Vis_12,7networks_lh_vis,7Networks_LH_Vis,visual,visual,L,257.0,42.769474126375876,106016.0,-8.70839562444413e-06,Q26,28.314999999999998,28.308400000000002,0.10702584086212599,50
13,7Networks_LH_Vis_13,7networks_lh_vis,7Networks_LH_Vis,visual,visual,L,240.0,35.945156443706075,109998.0,-8.70839562444413e-06,Q26,28.314999999999998,28.308400000000002,0.10702584086212599,50
14,7Networks_LH_Vis_14,7networks_lh_vis,7Networks_LH_Vis,visual,visual,L,227.0,34.22783640745849,70021.0,-8.70839562444413e-06,Q26,28.314999999999998,28.308400000000002,0.10702584086212599,50
15,7Networks_LH_Vis_15,7networks_lh_vis,7Networks_LH_Vis,visual,visual,L,201.0,20.599761653042368,149993.0,-8.70839562444413e-06,Q26,28.314999999999998,28.308400000000002,0.10702584086212599,50
16,7Networks_LH_Vis_16,7networks_lh_vis,7Networks_LH_Vis,visual,visual,L,130.0,-1.8839727010138005,187296.0,-8.70839562444413e-06,Q26,28.314999999999998,28.308400000000002,0.10702584086212599,50
17,7Networks_LH_Vis_17,7networks_lh_vis,7Networks_LH_Vis,visual,visual,L,243.0,34.359879678050646,74763.0,-8.70839562444413e-06,Q26,28.314999999999998,28.308400000000002,0.10702584086212599,50
18,7Networks_LH_Vis_18,7networks_lh_vis,7Networks_LH_Vis,visual,visual,L,243.0,43.96072781564061,37847.0,-8.70839562444413e-06,Q26,28.314999999999998,28.308400000000002,0.10702584086212599,50
19,7Networks_LH_Vis_19,7networks_lh_vis,7Networks_LH_Vis,visual,visual,L,278.0,52.61898169998802,30390.0,-8.70839562444413e-06,Q26,28.314999999999998,28.308400000000002,0.10702584086212599,50
20,7Networks_LH_Vis_20,7networks_lh_vis,7Networks_LH_Vis,visual,visual,L,107.0,-10.616719842423555,144210.0,-8.70839562444413e-06,Q26,28.314999999999998,28.308400000000002,0.10702584086212599,50
21,7Networks_LH_Vis_21,7networks_lh_vis,7Networks_LH_Vis,visual,visual,L,243.0,39.0985340482169,90917.0,-8.70839562444413e-06,Q26,28.314999999999998,28.308400000000002,0.10702584086212599,50
22,7Networks_LH_Vis_22,7networks_lh_vis,7Networks_LH_Vis,visual,visual,L,120.0,-10.077368995701898,189037.0,-8.70839562444413e-06,Q26,28.314999999999998,28.308400000000002,0.10702584086212599,50
23,7Networks_LH_Vis_23,7networks_lh_vis,7Networks_LH_Vis,visual,visual,L,292.0,50.988376377377946,141726.0,-8.70839562444413e-06,Q26,28.314999999999998,28.308400000000002,0.10702584086212599,50
24,7Networks_LH_Vis_24,7networks_lh_vis,7Networks_LH_Vis,visual,visual,L,201.0,27.748282171332896,151207.0,-8.70839562444413e-06,Q26,28.314999999999998,28.308400000000002,0.10702584086212599,50
25,7Networks_LH_Vis_25,7networks_lh_vis,7Networks_LH_Vis,visual,visual,L,266.0,50.61227683487826,54501.0,-8.70839562444413e-06,Q26,28.314999999999998,28.308400000000002,0.10702584086212599,50
26,7Networks_LH_Vis_26,7networks_lh_vis,7Networks_LH_Vis,visual,visual,L,277.0,52.38036634635358,12354.0,-8.70839562444413e-06,Q26,28.314999999999998,28.308400000000002,0.10702584086212599,50
27,7Networks_LH_Vis_27,7networks_lh_vis,7Networks_LH_Vis,visual,visual,L,232.0,35.38087481986318,68728.0,-8.70839562444413e-06,Q26,28.314999999999998,28.308400000000002,0.10702584086212599,50
28,7Networks_LH_Vis_28,7networks_lh_vis,7Networks_LH_Vis,visual,visual,L,237.0,35.97474623521932,166555.0,-8.70839562444413e-06,Q26,28.314999999999998,28.308400000000002,0.10702584086212599,50
29,7Networks_LH_Vis_29,7networks_lh_vis,7Networks_LH_Vis,visual,visual,L,175.0,14.545854965482954,137833.0,-8.70839562444413e-06,Q26,28.314999999999998,28.308400000000002,0.10702584086212599,50
30,7Networks_LH_Vis_30,7networks_lh_vis,7Networks_LH_Vis,visual,visual,L,290.0,54.746195888161,4599.0,-8.70839562444413e-06,Q26,28.314999999999998,28.308400000000002,0.10702584086212599,50
31,7Networks_LH_Vis_31,7networks_lh_vis,7Networks_LH_Vis,visual,visual,L,181.0,16.41141894315542,123184.0,-8.70839562444413e-06,Q26,28.314999999999998,28.308400000000002,0.10702584086212599,50
32,7Networks_LH_SomMot_1,7networks_lh_sommot,7Networks_LH_SomMot,somatomotor,somatomotor,L,302.0,66.51000506585612,3195.0,-8.70839562444413e-06,Q26,28.314999999999998,28.308400000000002,0.10702584086212599,50
33,7Networks_LH_SomMot_2,7networks_lh_sommot,7Networks_LH_SomMot,somatomotor,somatomotor,L,253.0,39.25582589187388,70433.0,-8.70839562444413e-06,Q26,28.314999999999998,28.308400000000002,0.10702584086212599,50
34,7Networks_LH_SomMot_3,7networks_lh_sommot,7Networks_LH_SomMot,somatomotor,somatomotor,L,274.0,49.66384929549989,29312.0,-8.70839562444413e-06,Q26,28.314999999999998,28.308400000000002,0.10702584086212599,50
35,7Networks_LH_SomMot_4,7networks_lh_sommot,7Networks_LH_SomMot,somatomotor,somatomotor,L,212.0,27.290193949920415,92510.0,-8.70839562444413e-06,Q26,28.314999999999998,28.308400000000002,0.10702584086212599,50
36,7Networks_LH_SomMot_5,7networks_lh_sommot,7Networks_LH_SomMot,somatomotor,somatomotor,L,265.0,45.134785912514864,95852.0,-8.70839562444413e-06,Q26,28.314999999999998,28.308400000000002,0.10702584086212599,50
37,7Networks_LH_SomMot_6,7networks_lh_sommot,7Networks_LH_SomMot,somatomotor,somatomotor,L,263.0,43.34383192685031,88187.0,-8.70839562444413e-06,Q26,28.314999999999998,28.308400000000002,0.10702584086212599,50
38,7Networks_LH_SomMot_7,7networks_lh_sommot,7Networks_LH_SomMot,somatomotor,somatomotor,L,249.0,43.13992822846069,155003.0,-8.70839562444413e-06,Q26,28.314999999999998,28.308400000000002,0.10702584086212599,50
39,7Networks_LH_SomMot_8,7networks_lh_sommot,7Networks_LH_SomMot,somatomotor,somatomotor,L,150.0,7.952069921400574,100488.0,-8.70839562444413e-06,Q26,28.314999999999998,28.308400000000002,0.10702584086212599,50
40,7Networks_LH_SomMot_9,7networks_lh_sommot,7Networks_LH_SomMot,somatomotor,somatomotor,L,135.0,-5.498484018954484,181316.0,-8.70839562444413e-06,Q26,28.314999999999998,28.308400000000002,0.10702584086212599,50
41,7Networks_LH_SomMot_10,7networks_lh_sommot,7Networks_LH_SomMot,somatomotor,somatomotor,L,236.0,40.7194779021692,119929.0,-8.70839562444413e-06,Q26,28.314999999999998,28.308400000000002,0.10702584086212599,50
42,7Networks_LH_SomMot_11,7networks_lh_sommot,7Networks_LH_SomMot,somatomotor,somatomotor,L,202.0,27.31941292705795,113070.0,-8.70839562444413e-06,Q26,28.314999999999998,28.308400000000002,0.10702584086212599,50
43,7Networks_LH_SomMot_12,7networks_lh_sommot,7Networks_LH_SomMot,somatomotor,somatomotor,L,262.0,50.98229105703337,22782.0,-8.70839562444413e-06,Q26,28.314999999999998,28.308400000000002,0.10702584086212599,50
44,7Networks_LH_SomMot_13,7networks_lh_sommot,7Networks_LH_SomMot,somatomotor,somatomotor,L,149.0,-0.7394077982719429,193018.0,-8.70839562444413e-06,Q26,28.314999999999998,28.308400000000002,0.10702584086212599,50
45,7Networks_LH_SomMot_14,7networks_lh_sommot,7Networks_LH_SomMot,somatomotor,somatomotor,L,200.0,28.238745303856984,72930.0,-8.70839562444413e-06,Q26,28.314999999999998,28.308400000000002,0.10702584086212599,50
46,7Networks_LH_SomMot_15,7networks_lh_sommot,7Networks_LH_SomMot,somatomotor,somatomotor,L,258.0,48.07051073898564,47285.0,-8.70839562444413e-06,Q26,28.314999999999998,28.308400000000002,0.10702584086212599,50
47,7Networks_LH_SomMot_16,7networks_lh_sommot,7Networks_LH_SomMot,somatomotor,somatomotor,L,255.0,44.81047499480823,175256.0,-8.70839562444413e-06,Q26,28.314999999999998,28.308400000000002,0.10702584086212599,50
48,7Networks_LH_SomMot_17,7networks_lh_sommot,7Networks_LH_SomMot,somatomotor,somatomotor,L,246.0,39.76750331955166,43646.0,-8.70839562444413e-06,Q26,28.314999999999998,28.308400000000002,0.10702584086212599,50
49,7Networks_LH_SomMot_18,7networks_lh_sommot,7Networks_LH_SomMot,somatomotor,somatomotor,L,228.0,39.90316616008106,174621.0,-8.70839562444413e-06,Q26,28.314999999999998,28.308400000000002,0.10702584086212599,50
50,7Networks_LH_SomMot_19,7networks_lh_sommot,7Networks_LH_SomMot,somatomotor,somatomotor,L,302.0,58.12415736877544,89222.0,-8.70839562444413e-06,Q26,28.314999999999998,28.308400000000002,0.10702584086212599,50
51,7Networks_LH_SomMot_20,7networks_lh_sommot,7Networks_LH_SomMot,somatomotor,somatomotor,L,287.0,53.29934065207959,80952.0,-8.70839562444413e-06,Q26,28.314999999999998,28.308400000000002,0.10702584086212599,50
52,7Networks_LH_SomMot_21,7networks_lh_sommot,7Networks_LH_SomMot,somatomotor,somatomotor,L,258.0,43.46285689113755,28179.0,-8.70839562444413e-06,Q26,28.314999999999998,28.308400000000002,0.10702584086212599,50
53,7Networks_LH_SomMot_22,7networks_lh_sommot,7Networks_LH_SomMot,somatomotor,somatomotor,L,250.0,46.6813252405495,85179.0,-8.70839562444413e-06,Q26,28.314999999999998,28.308400000000002,0.10702584086212599,50
54,7Networks_LH_SomMot_23,7networks_lh_sommot,7Networks_LH_SomMot,somatomotor,somatomotor,L,247.0,41.47778559157242,167615.0,-8.70839562444413e-06,Q26,28.314999999999998,28.308400000000002,0.10702584086212599,50
55,7Networks_LH_SomMot_24,7networks_lh_sommot,7Networks_LH_SomMot,somatomotor,somatomotor,L,279.0,55.07162695790619,96555.0,-8.70839562444413e-06,Q26,28.314999999999998,28.308400000000002,0.10702584086212599,50
56,7Networks_LH_SomMot_25,7networks_lh_sommot,7Networks_LH_SomMot,somatomotor,somatomotor,L,226.0,27.563986325334955,104013.0,-8.70839562444413e-06,Q26,28.314999999999998,28.308400000000002,0.10702584086212599,50
57,7Networks_LH_SomMot_26,7networks_lh_sommot,7Networks_LH_SomMot,somatomotor,somatomotor,L,223.0,32.884089907933564,126151.0,-8.70839562444413e-06,Q26,28.314999999999998,28.308400000000002,0.10702584086212599,50
58,7Networks_LH_SomMot_27,7networks_lh_sommot,7Networks_LH_SomMot,somatomotor,somatomotor,L,191.0,18.68555507309307,75093.0,-8.70839562444413e-06,Q26,28.314999999999998,28.308400000000002,0.10702584086212599,50
59,7Networks_LH_SomMot_28,7networks_lh_sommot,7Networks_LH_SomMot,somatomotor,somatomotor,L,255.0,42.55809530102516,77582.0,-8.70839562444413e-06,Q26,28.314999999999998,28.308400000000002,0.10702584086212599,50
60,7Networks_LH_SomMot_29,7networks_lh_sommot,7Networks_LH_SomMot,somatomotor,somatomotor,L,252.0,39.82561073458062,186544.0,-8.70839562444413e-06,Q26,28.314999999999998,28.308400000000002,0.10702584086212599,50
61,7Networks_LH_SomMot_30,7networks_lh_sommot,7Networks_LH_SomMot,somatomotor,somatomotor,L,217.0,25.2954031288741,128471.0,-8.70839562444413e-06,Q26,28.314999999999998,28.308400000000002,0.10702584086212599,50
62,7Networks_LH_SomMot_31,7networks_lh_sommot,7Networks_LH_SomMot,somatomotor,somatomotor,L,203.0,22.375474491369147,181564.0,-8.70839562444413e-06,Q26,28.314999999999998,28.308400000000002,0.10702584086212599,50
63,7Networks_LH_SomMot_32,7networks_lh_sommot,7Networks_LH_SomMot,somatomotor,somatomotor,L,177.0,19.088533387453037,75404.0,-8.70839562444413e-06,Q26,28.314999999999998,28.308400000000002,0.10702584086212599,50
64,7Networks_LH_SomMot_33,7networks_lh_sommot,7Networks_LH_SomMot,somatomotor,somatomotor,L,218.0,30.80806776919834,110565.0,-8.70839562444413e-06,Q26,28.314999999999998,28.308400000000002,0.10702584086212599,50
65,7Networks_LH_SomMot_34,7networks_lh_sommot,7Networks_LH_SomMot,somatomotor,somatomotor,L,231.0,33.39724351350166,92148.0,-8.70839562444413e-06,Q26,28.314999999999998,28.308400000000002,0.10702584086212599,50
66,7Networks_LH_SomMot_35,7networks_lh_sommot,7Networks_LH_SomMot,somatomotor,somatomotor,L,240.0,39.57104957616718,159092.0,-8.70839562444413e-06,Q26,28.314999999999998,28.308400000000002,0.10702584086212599,50
67,7Networks_LH_SomMot_36,7networks_lh_sommot,7Networks_LH_SomMot,somatomotor,somatomotor,L,198.0,22.992882629462517,174513.0,-8.70839562444413e-06,Q26,28.314999999999998,28.308400000000002,0.10702584086212599,50
68,7Networks_LH_SomMot_37,7networks_lh_sommot,7Networks_LH_SomMot,somatomotor,somatomotor,L,209.0,22.58168221034946,188599.0,-8.70839562444413e-06,Q26,28.314999999999998,28.308400000000002,0.10702584086212599,50
69,7Networks_LH_DorsAttn_Post_1,7networks_lh_dorsattn_post,7Networks_LH_DorsAttn_Post,dorsal attention,posterior,L,232.0,32.604492722158284,76330.0,-8.70839562444413e-06,Q26,28.314999999999998,28.308400000000002,0.10702584086212599,50
70,7Networks_LH_DorsAttn_Post_2,7networks_lh_dorsattn_post,7Networks_LH_DorsAttn_Post,dorsal attention,posterior,L,228.0,35.05305225698049,100078.0,-8.70839562444413e-06,Q26,28.314999999999998,28.308400000000002,0.10702584086212599,50
71,7Networks_LH_DorsAttn_Post_3,7networks_lh_dorsattn_post,7Networks_LH_DorsAttn_Post,dorsal attention,posterior,L,286.0,54.82237251977566,5395.0,-8.70839562444413e-06,Q26,28.314999999999998,28.308400000000002,0.10702584086212599,50
72,7Networks_LH_DorsAttn_Post_4,7networks_lh_dorsattn_post,7Networks_LH_DorsAttn_Post,dorsal attention,posterior,L,232.0,31.944448639770446,171105.0,-8.70839562444413e-06,Q26,28.314999999999998,28.308400000000002,0.10702584086212599,50
73,7Networks_LH_DorsAttn_Post_5,7networks_lh_dorsattn_post,7Networks_LH_DorsAttn_Post,dorsal attention,posterior,L,250.0,40.41870716834373,40530.0,-8.70839562444413e-06,Q26,28.314999999999998,28.308400000000002,0.10702584086212599,50
74,7Networks_LH_DorsAttn_Post_6,7networks_lh_dorsattn_post,7Networks_LH_DorsAttn_Post,dorsal attention,posterior,L,299.0,57.25700409673582,13027.0,-8.70839562444413e-06,Q26,28.314999999999998,28.308400000000002,0.10702584086212599,50
75,7Networks_LH_DorsAttn_Post_7,7networks_lh_dorsattn_post,7Networks_LH_DorsAttn_Post,dorsal attention,posterior,L,264.0,49.34710160660009,103543.0,-8.70839562444413e-06,Q26,28.314999999999998,28.308400000000002,0.10702584086212599,50
76,7Networks_LH_DorsAttn_Post_8,7networks_lh_dorsattn_post,7Networks_LH_DorsAttn_Post,dorsal attention,posterior,L,281.0,57.37789084181311,59188.0,-8.70839562444413e-06,Q26,28.314999999999998,28.308400000000002,0.10702584086212599,50
77,7Networks_LH_DorsAttn_Post_9,7networks_lh_dorsattn_post,7Networks_LH_DorsAttn_Post,dorsal attention,posterior,L,120.0,-4.7522111990031926,126523.0,-8.70839562444413e-06,Q26,28.314999999999998,28.308400000000002,0.10702584086212599,50
78,7Networks_LH_DorsAttn_Post_10,7networks_lh_dorsattn_post,7Networks_LH_DorsAttn_Post,dorsal attention,posterior,L,201.0,20.665762049500643,139626.0,-8.70839562444413e-06,Q26,28.314999999999998,28.308400000000002,0.10702584086212599,50
79,7Networks_LH_DorsAttn_Post_11,7networks_lh_dorsattn_post,7Networks_LH_DorsAttn_Post,dorsal attention,posterior,L,326.0,69.93603570012648,8034.0,-8.70839562444413e-06,Q26,28.314999999999998,28.308400000000002,0.10702584086212599,50
80,7Networks_LH_DorsAttn_Post_12,7networks_lh_dorsattn_post,7Networks_LH_DorsAttn_Post,dorsal attention,posterior,L,208.0,23.541996261964552,154255.0,-8.70839562444413e-06,Q26,28.314999999999998,28.308400000000002,0.10702584086212599,50
81,7Networks_LH_DorsAttn_Post_13,7networks_lh_dorsattn_post,7Networks_LH_DorsAttn_Post,dorsal attention,posterior,L,234.0,34.894154442535566,53017.0,-8.70839562444413e-06,Q26,28.314999999999998,28.308400000000002,0.10702584086212599,50
82,7Networks_LH_DorsAttn_Post_14,7networks_lh_dorsattn_post,7Networks_LH_DorsAttn_Post,dorsal attention,posterior,L,198.0,24.52852202860792,168867.0,-8.70839562444413e-06,Q26,28.314999999999998,28.308400000000002,0.10702584086212599,50
83,7Networks_LH_DorsAttn_Post_15,7networks_lh_dorsattn_post,7Networks_LH_DorsAttn_Post,dorsal attention,posterior,L,220.0,24.21801399560749,155225.0,-8.70839562444413e-06,Q26,28.314999999999998,28.308400000000002,0.10702584086212599,50
84,7Networks_LH_DorsAttn_Post_16,7networks_lh_dorsattn_post,7Networks_LH_DorsAttn_Post,dorsal attention,posterior,L,174.0,13.607173850113575,100502.0,-8.70839562444413e-06,Q26,28.314999999999998,28.308400000000002,0.10702584086212599,50
85,7Networks_LH_DorsAttn_Post_17,7networks_lh_dorsattn_post,7Networks_LH_DorsAttn_Post,dorsal attention,posterior,L,151.0,8.480275727312216,83550.0,-8.70839562444413e-06,Q26,28.314999999999998,28.308400000000002,0.10702584086212599,50
86,7Networks_LH_DorsAttn_FEF_1,7networks_lh_dorsattn_fef,7Networks_LH_DorsAttn_FEF,dorsal attention,frontal eye fields,L,159.0,12.967130302629844,120739.0,-8.70839562444413e-06,Q26,28.314999999999998,28.308400000000002,0.10702584086212599,50
87,7Networks_LH_DorsAttn_FEF_2,7networks_lh_dorsattn_fef,7Networks_LH_DorsAttn_FEF,dorsal attention,frontal eye fields,L,162.0,12.264311830189987,101887.0,-8.70839562444413e-06,Q26,28.314999999999998,28.308400000000002,0.10702584086212599,50
88,7Networks_LH_DorsAttn_FEF_3,7networks_lh_dorsattn_fef,7Networks_LH_DorsAttn_FEF,dorsal attention,frontal eye fields,L,214.0,29.37837728986135,56361.0,-8.70839562444413e-06,Q26,28.314999999999998,28.308400000000002,0.10702584086212599,50
89,7Networks_LH_DorsAttn_FEF_4,7networks_lh_dorsattn_fef,7Networks_LH_DorsAttn_FEF,dorsal attention,frontal eye fields,L,177.0,13.897585065478552,105082.0,-8.70839562444413e-06,Q26,28.314999999999998,28.308400000000002,0.10702584086212599,50
90,7Networks_LH_DorsAttn_PrCv_1,7networks_lh_dorsattn_prcv,7Networks_LH_DorsAttn_PrCv,dorsal attention,precentral ventral,L,223.0,32.377795975004254,80891.0,-8.70839562444413e-06,Q26,28.314999999999998,28.308400000000002,0.10702584086212599,50
91,7Networks_LH_DorsAttn_PrCv_2,7networks_lh_dorsattn_prcv,7Networks_LH_DorsAttn_PrCv,dorsal attention,precentral ventral,L,263.0,45.1084167154373,58471.0,-8.70839562444413e-06,Q26,28.314999999999998,28.308400000000002,0.10702584086212599,50
92,7Networks_LH_SalVentAttn_ParOper_1,7networks_lh_salventattn_paroper,7Networks_LH_SalVentAttn_ParOper,salience / ventral attention,parietal operculum,L,297.0,57.05186335403722,42162.0,-8.70839562444413e-06,Q26,28.314999999999998,28.308400000000002,0.10702584086212599,50
93,7Networks_LH_SalVentAttn_ParOper_2,7networks_lh_salventattn_paroper,7Networks_LH_SalVentAttn_ParOper,salience / ventral attention,parietal operculum,L,289.0,52.84347354112786,173264.0,-8.70839562444413e-06,Q26,28.314999999999998,28.308400000000002,0.10702584086212599,50
94,7Networks_LH_SalVentAttn_ParOper_3,7networks_lh_salventattn_paroper,7Networks_LH_SalVentAttn_ParOper,salience / ventral attention,parietal operculum,L,313.0,60.28567353861055,14768.0,-8.70839562444413e-06,Q26,28.314999999999998,28.308400000000002,0.10702584086212599,50
95,7Networks_LH_SalVentAttn_ParOper_4,7networks_lh_salventattn_paroper,7Networks_LH_SalVentAttn_ParOper,salience / ventral attention,parietal operculum,L,285.0,49.441553078215584,74857.0,-8.70839562444413e-06,Q26,28.314999999999998,28.308400000000002,0.10702584086212599,50
96,7Networks_LH_SalVentAttn_TempOcc_1,7networks_lh_salventattn_tempocc,7Networks_LH_SalVentAttn_TempOcc,salience / ventral attention,temporal occipital,L,263.0,46.784791418880204,150659.0,-8.70839562444413e-06,Q26,28.314999999999998,28.308400000000002,0.10702584086212599,50
97,7Networks_LH_SalVentAttn_FrOperIns_1,7networks_lh_salventattn_froperins,7Networks_LH_SalVentAttn_FrOperIns,salience / ventral attention,frontal operculum insula,L,292.0,51.55430361783934,120141.0,-8.70839562444413e-06,Q26,28.314999999999998,28.308400000000002,0.10702584086212599,50
98,7Networks_LH_SalVentAttn_FrOperIns_2,7networks_lh_salventattn_froperins,7Networks_LH_SalVentAttn_FrOperIns,salience / ventral attention,frontal operculum insula,L,220.0,31.027083294002114,185611.0,-8.70839562444413e-06,Q26,28.314999999999998,28.308400000000002,0.10702584086212599,50
99,7Networks_LH_SalVentAttn_FrOperIns_3,7networks_lh_salventattn_froperins,7Networks_LH_SalVentAttn_FrOperIns,salience / ventral attention,frontal operculum insula,L,161.0,7.9975521846111235,154591.0,-8.70839562444413e-06,Q26,28.314999999999998,28.308400000000002,0.10702584086212599,50
100,7Networks_LH_SalVentAttn_FrOperIns_4,7networks_lh_salventattn_froperins,7Networks_LH_SalVentAttn_FrOperIns,salience / ventral attention,frontal operculum insula,L,306.0,65.81379265859901,19377.0,-8.70839562444413e-06,Q26,28.314999999999998,28.308400000000002,0.10702584086212599,50
101,7Networks_LH_SalVentAttn_FrOperIns_5,7networks_lh_salventattn_froperins,7Networks_LH_SalVentAttn_FrOperIns,salience / ventral attention,frontal operculum insula,L,226.0,31.94339849723421,162172.0,-8.70839562444413e-06,Q26,28.314999999999998,28.308400000000002,0.10702584086212599,50
102,7Networks_LH_SalVentAttn_FrOperIns_6,7networks_lh_salventattn_froperins,7Networks_LH_SalVentAttn_FrOperIns,salience / ventral attention,frontal operculum insula,L,170.0,12.89674794061935,96604.0,-8.70839562444413e-06,Q26,28.314999999999998,28.308400000000002,0.10702584086212599,50
103,7Networks_LH_SalVentAttn_FrOperIns_7,7networks_lh_salventattn_froperins,7Networks_LH_SalVentAttn_FrOperIns,salience / ventral attention,frontal operculum insula,L,213.0,26.820685998728834,65725.0,-8.70839562444413e-06,Q26,28.314999999999998,28.308400000000002,0.10702584086212599,50
104,7Networks_LH_SalVentAttn_FrOperIns_8,7networks_lh_salventattn_froperins,7Networks_LH_SalVentAttn_FrOperIns,salience / ventral attention,frontal operculum insula,L,195.0,23.510089549233186,123649.0,-8.70839562444413e-06,Q26,28.314999999999998,28.308400000000002,0.10702584086212599,50
105,7Networks_LH_SalVentAttn_FrOperIns_9,7networks_lh_salventattn_froperins,7Networks_LH_SalVentAttn_FrOperIns,salience / ventral attention,frontal operculum insula,L,221.0,35.20261772609138,52125.0,-8.70839562444413e-06,Q26,28.314999999999998,28.308400000000002,0.10702584086212599,50
106,7Networks_LH_SalVentAttn_PFCl_1,7networks_lh_salventattn_pfcl,7Networks_LH_SalVentAttn_PFCl,salience / ventral attention,lateral prefrontal cortex,L,252.0,44.493891238271424,121769.0,-8.70839562444413e-06,Q26,28.314999999999998,28.308400000000002,0.10702584086212599,50
107,7Networks_LH_SalVentAttn_Med_1,7networks_lh_salventattn_med,7Networks_LH_SalVentAttn_Med,salience / ventral attention,medial,L,235.0,34.627321640959785,147228.0,-8.70839562444413e-06,Q26,28.314999999999998,28.308400000000002,0.10702584086212599,50
108,7Networks_LH_SalVentAttn_Med_2,7networks_lh_salventattn_med,7Networks_LH_SalVentAttn_Med,salience / ventral attention,medial,L,216.0,29.837646547980892,97180.0,-8.70839562444413e-06,Q26,28.314999999999998,28.308400000000002,0.10702584086212599,50
109,7Networks_LH_SalVentAttn_Med_3,7networks_lh_salventattn_med,7Networks_LH_SalVentAttn_Med,salience / ventral attention,medial,L,224.0,31.977680970630615,94874.0,-8.70839562444413e-06,Q26,28.314999999999998,28.308400000000002,0.10702584086212599,50
110,7Networks_LH_SalVentAttn_Med_4,7networks_lh_salventattn_med,7Networks_LH_SalVentAttn_Med,salience / ventral attention,medial,L,264.0,46.72127738236836,80257.0,-8.70839562444413e-06,Q26,28.314999999999998,28.308400000000002,0.10702584086212599,50
111,7Networks_LH_SalVentAttn_Med_5,7networks_lh_salventattn_med,7Networks_LH_SalVentAttn_Med,salience / ventral attention,medial,L,300.0,54.96801100643778,43400.0,-8.70839562444413e-06,Q26,28.314999999999998,28.308400000000002,0.10702584086212599,50
112,7Networks_LH_SalVentAttn_Med_6,7networks_lh_salventattn_med,7Networks_LH_SalVentAttn_Med,salience / ventral attention,medial,L,262.0,47.15787551838498,154271.0,-8.70839562444413e-06,Q26,28.314999999999998,28.308400000000002,0.10702584086212599,50
113,7Networks_LH_SalVentAttn_Med_7,7networks_lh_salventattn_med,7Networks_LH_SalVentAttn_Med,salience / ventral attention,medial,L,170.0,10.201207939234896,151111.0,-8.70839562444413e-06,Q26,28.314999999999998,28.308400000000002,0.10702584086212599,50
114,7Networks_LH_Limbic_OFC_1,7networks_lh_limbic_ofc,7Networks_LH_Limbic_OFC,limbic,orbital frontal cortex,L,212.0,29.487609891320098,110767.0,-8.70839562444413e-06,Q26,28.314999999999998,28.308400000000002,0.10702584086212599,50
115,7Networks_LH_Limbic_OFC_2,7networks_lh_limbic_ofc,7Networks_LH_Limbic_OFC,limbic,orbital frontal cortex,L,180.0,21.601473818019343,86305.0,-8.70839562444413e-06,Q26,28.314999999999998,28.308400000000002,0.10702584086212599,50
116,7Networks_LH_Limbic_OFC_3,7networks_lh_limbic_ofc,7Networks_LH_Limbic_OFC,limbic,orbital frontal cortex,L,271.0,49.487030149710186,24301.0,-8.70839562444413e-06,Q26,28.314999999999998,28.308400000000002,0.10702584086212599,50
117,7Networks_LH_Limbic_OFC_4,7networks_lh_limbic_ofc,7Networks_LH_Limbic_OFC,limbic,orbital frontal cortex,L,273.0,46.752893830982906,28781.0,-8.70839562444413e-06,Q26,28.314999999999998,28.308400000000002,0.10702584086212599,50
118,7Networks_LH_Limbic_OFC_5,7networks_lh_limbic_ofc,7Networks_LH_Limbic_OFC,limbic,orbital frontal cortex,L,218.0,33.29863992775648,70292.0,-8.70839562444413e-06,Q26,28.314999999999998,28.308400000000002,0.10702584086212599,50
119,7Networks_LH_Limbic_TempPole_1,7networks_lh_limbic_temppole,7Networks_LH_Limbic_TempPole,limbic,temporal pole,L,208.0,18.174528655125314,136603.0,-8.70839562444413e-06,Q26,28.314999999999998,28.308400000000002,0.10702584086212599,50
120,7Networks_LH_Limbic_TempPole_2,7networks_lh_limbic_temppole,7Networks_LH_Limbic_TempPole,limbic,temporal pole,L,247.0,37.978927926397205,57802.0,-8.70839562444413e-06,Q26,28.314999999999998,28.308400000000002,0.10702584086212599,50
121,7Networks_LH_Limbic_TempPole_3,7networks_lh_limbic_temppole,7Networks_LH_Limbic_TempPole,limbic,temporal pole,L,220.0,26.00066013454412,88126.0,-8.70839562444413e-06,Q26,28.314999999999998,28.308400000000002,0.10702584086212599,50
122,7Networks_LH_Limbic_TempPole_4,7networks_lh_limbic_temppole,7Networks_LH_Limbic_TempPole,limbic,temporal pole,L,180.0,12.749573492671802,167169.0,-8.70839562444413e-06,Q26,28.314999999999998,28.308400000000002,0.10702584086212599,50
123,7Networks_LH_Limbic_TempPole_5,7networks_lh_limbic_temppole,7Networks_LH_Limbic_TempPole,limbic,temporal pole,L,208.0,24.28955961663113,131233.0,-8.70839562444413e-06,Q26,28.314999999999998,28.308400000000002,0.10702584086212599,50
124,7Networks_LH_Limbic_TempPole_6,7networks_lh_limbic_temppole,7Networks_LH_Limbic_TempPole,limbic,temporal pole,L,224.0,30.773086459375623,112896.0,-8.70839562444413e-06,Q26,28.314999999999998,28.308400000000002,0.10702584086212599,50
125,7Networks_LH_Limbic_TempPole_7,7networks_lh_limbic_temppole,7Networks_LH_Limbic_TempPole,limbic,temporal pole,L,254.0,44.84822616373097,29331.0,-8.70839562444413e-06,Q26,28.314999999999998,28.308400000000002,0.10702584086212599,50
126,7Networks_LH_Limbic_TempPole_8,7networks_lh_limbic_temppole,7Networks_LH_Limbic_TempPole,limbic,temporal pole,L,163.0,11.212894649071467,162326.0,-8.70839562444413e-06,Q26,28.314999999999998,28.308400000000002,0.10702584086212599,50
127,7Networks_LH_Cont_Par_1,7networks_lh_cont_par,7Networks_LH_Cont_Par,control,parietal ,L,256.0,44.11853316719844,51615.0,-8.70839562444413e-06,Q26,28.314999999999998,28.308400000000002,0.10702584086212599,50
128,7Networks_LH_Cont_Par_2,7networks_lh_cont_par,7Networks_LH_Cont_Par,control,parietal ,L,260.0,41.23996221060114,63262.0,-8.70839562444413e-06,Q26,28.314999999999998,28.308400000000002,0.10702584086212599,50
129,7Networks_LH_Cont_Par_3,7networks_lh_cont_par,7Networks_LH_Cont_Par,control,parietal ,L,234.0,32.94324715084925,175345.0,-8.70839562444413e-06,Q26,28.314999999999998,28.308400000000002,0.10702584086212599,50
130,7Networks_LH_Cont_Par_4,7networks_lh_cont_par,7Networks_LH_Cont_Par,control,parietal ,L,247.0,36.617377617096764,27096.0,-8.70839562444413e-06,Q26,28.314999999999998,28.308400000000002,0.10702584086212599,50
131,7Networks_LH_Cont_Par_5,7networks_lh_cont_par,7Networks_LH_Cont_Par,control,parietal ,L,158.0,3.941396382789932,165923.0,-8.70839562444413e-06,Q26,28.314999999999998,28.308400000000002,0.10702584086212599,50
132,7Networks_LH_Cont_Par_6,7networks_lh_cont_par,7Networks_LH_Cont_Par,control,parietal ,L,125.0,4.551604240215977,169317.0,-8.70839562444413e-06,Q26,28.314999999999998,28.308400000000002,0.10702584086212599,50
133,7Networks_LH_Cont_Temp_1,7networks_lh_cont_temp,7Networks_LH_Cont_Temp,control,temporal,L,219.0,32.16916403934376,38460.0,-8.70839562444413e-06,Q26,28.314999999999998,28.308400000000002,0.10702584086212599,50
134,7Networks_LH_Cont_OFC_1,7networks_lh_cont_ofc,7Networks_LH_Cont_OFC,control,orbital frontal cortex,L,244.0,40.36891011723839,30759.0,-8.70839562444413e-06,Q26,28.314999999999998,28.308400000000002,0.10702584086212599,50
135,7Networks_LH_Cont_PFCl_1,7networks_lh_cont_pfcl,7Networks_LH_Cont_PFCl,control,lateral prefrontal cortex,L,239.0,37.47775632917363,67747.0,-8.70839562444413e-06,Q26,28.314999999999998,28.308400000000002,0.10702584086212599,50
136,7Networks_LH_Cont_PFCl_2,7networks_lh_cont_pfcl,7Networks_LH_Cont_PFCl,control,lateral prefrontal cortex,L,158.0,13.26198751470986,106534.0,-8.70839562444413e-06,Q26,28.314999999999998,28.308400000000002,0.10702584086212599,50
137,7Networks_LH_Cont_PFCl_3,7networks_lh_cont_pfcl,7Networks_LH_Cont_PFCl,control,lateral prefrontal cortex,L,221.0,29.026394841007647,175300.0,-8.70839562444413e-06,Q26,28.314999999999998,28.308400000000002,0.10702584086212599,50
138,7Networks_LH_Cont_PFCl_4,7networks_lh_cont_pfcl,7Networks_LH_Cont_PFCl,control,lateral prefrontal cortex,L,286.0,57.719391216245995,39164.0,-8.70839562444413e-06,Q26,28.314999999999998,28.308400000000002,0.10702584086212599,50
139,7Networks_LH_Cont_PFCl_5,7networks_lh_cont_pfcl,7Networks_LH_Cont_PFCl,control,lateral prefrontal cortex,L,260.0,44.59929785975443,150119.0,-8.70839562444413e-06,Q26,28.314999999999998,28.308400000000002,0.10702584086212599,50
140,7Networks_LH_Cont_PFCl_6,7networks_lh_cont_pfcl,7Networks_LH_Cont_PFCl,control,lateral prefrontal cortex,L,213.0,29.0133919525257,49490.0,-8.70839562444413e-06,Q26,28.314999999999998,28.308400000000002,0.10702584086212599,50
141,7Networks_LH_Cont_PFCl_7,7networks_lh_cont_pfcl,7Networks_LH_Cont_PFCl,control,lateral prefrontal cortex,L,256.0,40.17968324239967,17883.0,-8.70839562444413e-06,Q26,28.314999999999998,28.308400000000002,0.10702584086212599,50
142,7Networks_LH_Cont_PFCl_8,7networks_lh_cont_pfcl,7Networks_LH_Cont_PFCl,control,lateral prefrontal cortex,L,215.0,28.43812103935007,114476.0,-8.70839562444413e-06,Q26,28.314999999999998,28.308400000000002,0.10702584086212599,50
143,7Networks_LH_Cont_PFCv_1,7networks_lh_cont_pfcv,7Networks_LH_Cont_PFCv,control,ventral prefrontal cortex,L,241.0,42.60008715789739,38508.0,-8.70839562444413e-06,Q26,28.314999999999998,28.308400000000002,0.10702584086212599,50
144,7Networks_LH_Cont_pCun_1,7networks_lh_cont_pcun,7Networks_LH_Cont_pCun,control,precuneus,L,244.0,33.46245964620817,77878.0,-8.70839562444413e-06,Q26,28.314999999999998,28.308400000000002,0.10702584086212599,50
145,7Networks_LH_Cont_pCun_2,7networks_lh_cont_pcun,7Networks_LH_Cont_pCun,control,precuneus,L,218.0,32.80534966993272,74995.0,-8.70839562444413e-06,Q26,28.314999999999998,28.308400000000002,0.10702584086212599,50
146,7Networks_LH_Cont_Cing_1,7networks_lh_cont_cing,7Networks_LH_Cont_Cing,control,cingulate,L,221.0,31.73293624572862,121643.0,-8.70839562444413e-06,Q26,28.314999999999998,28.308400000000002,0.10702584086212599,50
147,7Networks_LH_Cont_Cing_2,7networks_lh_cont_cing,7Networks_LH_Cont_Cing,control,cingulate,L,161.0,8.579675061513969,95218.0,-8.70839562444413e-06,Q26,28.314999999999998,28.308400000000002,0.10702584086212599,50
148,7Networks_LH_Cont_PFCmp_1,7networks_lh_cont_pfcmp,7Networks_LH_Cont_PFCmp,control,medial posterior prefrontal cortex,L,282.0,58.15247896568432,21727.0,-8.70839562444413e-06,Q26,28.314999999999998,28.308400000000002,0.10702584086212599,50
149,7Networks_LH_Default_Temp_1,7networks_lh_default_temp,7Networks_LH_Default_Temp,default,temporal,L,165.0,-0.73325907606336,193408.0,-8.70839562444413e-06,Q26,28.314999999999998,28.308400000000002,0.10702584086212599,50
150,7Networks_LH_Default_Temp_2,7networks_lh_default_temp,7Networks_LH_Default_Temp,default,temporal,L,235.0,31.828014184397173,80114.0,-8.70839562444413e-06,Q26,28.314999999999998,28.308400000000002,0.10702584086212599,50
151,7Networks_LH_Default_Temp_3,7networks_lh_default_temp,7Networks_LH_Default_Temp,default,temporal,L,232.0,33.33313085641285,62627.0,-8.70839562444413e-06,Q26,28.314999999999998,28.308400000000002,0.10702584086212599,50
152,7Networks_LH_Default_Temp_4,7networks_lh_default_temp,7Networks_LH_Default_Temp,default,temporal,L,197.0,22.533482005197996,182016.0,-8.70839562444413e-06,Q26,28.314999999999998,28.308400000000002,0.10702584086212599,50
153,7Networks_LH_Default_Temp_5,7networks_lh_default_temp,7Networks_LH_Default_Temp,default,temporal,L,281.0,54.83299508517563,20044.0,-8.70839562444413e-06,Q26,28.314999999999998,28.308400000000002,0.10702584086212599,50
154,7Networks_LH_Default_Temp_6,7networks_lh_default_temp,7Networks_LH_Default_Temp,default,temporal,L,244.0,42.95050784421074,111540.0,-8.70839562444413e-06,Q26,28.314999999999998,28.308400000000002,0.10702584086212599,50
155,7Networks_LH_Default_Temp_7,7networks_lh_default_temp,7Networks_LH_Default_Temp,default,temporal,L,215.0,26.001378636561004,111167.0,-8.70839562444413e-06,Q26,28.314999999999998,28.308400000000002,0.10702584086212599,50
156,7Networks_LH_Default_Temp_8,7networks_lh_default_temp,7Networks_LH_Default_Temp,default,temporal,L,232.0,32.77371497165007,174063.0,-8.70839562444413e-06,Q26,28.314999999999998,28.308400000000002,0.10702584086212599,50
157,7Networks_LH_Default_Temp_9,7networks_lh_default_temp,7Networks_LH_Default_Temp,default,temporal,L,173.0,17.738923710094582,188105.0,-8.70839562444413e-06,Q26,28.314999999999998,28.308400000000002,0.10702584086212599,50
158,7Networks_LH_Default_Temp_10,7networks_lh_default_temp,7Networks_LH_Default_Temp,default,temporal,L,246.0,42.16110523765472,72045.0,-8.70839562444413e-06,Q26,28.314999999999998,28.308400000000002,0.10702584086212599,50
159,7Networks_LH_Default_Par_1,7networks_lh_default_par,7Networks_LH_Default_Par,default,parietal,L,312.0,67.71220336423187,2203.0,-8.70839562444413e-06,Q26,28.314999999999998,28.308400000000002,0.10702584086212599,50
160,7Networks_LH_Default_Par_2,7networks_lh_default_par,7Networks_LH_Default_Par,default,parietal,L,211.0,25.335806320678145,103669.0,-8.70839562444413e-06,Q26,28.314999999999998,28.308400000000002,0.10702584086212599,50
161,7Networks_LH_Default_Par_3,7networks_lh_default_par,7Networks_LH_Default_Par,default,parietal,L,240.0,37.24707863719032,98483.0,-8.70839562444413e-06,Q26,28.314999999999998,28.308400000000002,0.10702584086212599,50
162,7Networks_LH_Default_Par_4,7networks_lh_default_par,7Networks_LH_Default_Par,default,parietal,L,263.0,44.25788936296072,22247.0,-8.70839562444413e-06,Q26,28.314999999999998,28.308400000000002,0.10702584086212599,50
163,7Networks_LH_Default_Par_5,7networks_lh_default_par,7Networks_LH_Default_Par,default,parietal,L,258.0,49.096942708628305,52993.0,-8.70839562444413e-06,Q26,28.314999999999998,28.308400000000002,0.10702584086212599,50
164,7Networks_LH_Default_Par_6,7networks_lh_default_par,7Networks_LH_Default_Par,default,parietal,L,192.0,21.631998433045744,138245.0,-8.70839562444413e-06,Q26,28.314999999999998,28.308400000000002,0.10702584086212599,50
165,7Networks_LH_Default_Par_7,7networks_lh_default_par,7Networks_LH_Default_Par,default,parietal,L,179.0,9.716658328456269,137282.0,-8.70839562444413e-06,Q26,28.314999999999998,28.308400000000002,0.10702584086212599,50
166,7Networks_LH_Default_PFC_1,7networks_lh_default_pfc,7Networks_LH_Default_PFC,default,prefrontal cortex,L,193.0,14.540137155694845,191644.0,-8.70839562444413e-06,Q26,28.314999999999998,28.308400000000002,0.10702584086212599,50
167,7Networks_LH_Default_PFC_2,7networks_lh_default_pfc,7Networks_LH_Default_PFC,default,prefrontal cortex,L,260.0,44.94382280201624,35012.0,-8.70839562444413e-06,Q26,28.314999999999998,28.308400000000002,0.10702584086212599,50
168,7Networks_LH_Default_PFC_3,7networks_lh_default_pfc,7Networks_LH_Default_PFC,default,prefrontal cortex,L,285.0,52.46556256174999,28565.0,-8.70839562444413e-06,Q26,28.314999999999998,28.308400000000002,0.10702584086212599,50
169,7Networks_LH_Default_PFC_4,7networks_lh_default_pfc,7Networks_LH_Default_PFC,default,prefrontal cortex,L,244.0,42.275032094243805,184326.0,-8.70839562444413e-06,Q26,28.314999999999998,28.308400000000002,0.10702584086212599,50
170,7Networks_LH_Default_PFC_5,7networks_lh_default_pfc,7Networks_LH_Default_PFC,default,prefrontal cortex,L,132.0,-2.535479242575846,185582.0,-8.70839562444413e-06,Q26,28.314999999999998,28.308400000000002,0.10702584086212599,50
171,7Networks_LH_Default_PFC_6,7networks_lh_default_pfc,7Networks_LH_Default_PFC,default,prefrontal cortex,L,251.0,46.295079354591074,167036.0,-8.70839562444413e-06,Q26,28.314999999999998,28.308400000000002,0.10702584086212599,50
172,7Networks_LH_Default_PFC_7,7networks_lh_default_pfc,7Networks_LH_Default_PFC,default,prefrontal cortex,L,211.0,25.162560334031845,183472.0,-8.70839562444413e-06,Q26,28.314999999999998,28.308400000000002,0.10702584086212599,50
173,7Networks_LH_Default_PFC_8,7networks_lh_default_pfc,7Networks_LH_Default_PFC,default,prefrontal cortex,L,309.0,65.45224109070092,12119.0,-8.70839562444413e-06,Q26,28.314999999999998,28.308400000000002,0.10702584086212599,50
174,7Networks_LH_Default_PFC_9,7networks_lh_default_pfc,7Networks_LH_Default_PFC,default,prefrontal cortex,L,256.0,42.61184655175668,149537.0,-8.70839562444413e-06,Q26,28.314999999999998,28.308400000000002,0.10702584086212599,50
175,7Networks_LH_Default_PFC_10,7networks_lh_default_pfc,7Networks_LH_Default_PFC,default,prefrontal cortex,L,228.0,31.48374599608575,72316.0,-8.70839562444413e-06,Q26,28.314999999999998,28.308400000000002,0.10702584086212599,50
176,7Networks_LH_Default_PFC_11,7networks_lh_default_pfc,7Networks_LH_Default_PFC,default,prefrontal cortex,L,284.0,56.10359880307346,64583.0,-8.70839562444413e-06,Q26,28.314999999999998,28.308400000000002,0.10702584086212599,50
177,7Networks_LH_Default_PFC_12,7networks_lh_default_pfc,7Networks_LH_Default_PFC,default,prefrontal cortex,L,259.0,43.43910793734702,148392.0,-8.70839562444413e-06,Q26,28.314999999999998,28.308400000000002,0.10702584086212599,50
178,7Networks_LH_Default_PFC_13,7networks_lh_default_pfc,7Networks_LH_Default_PFC,default,prefrontal cortex,L,282.0,54.564497630689665,75165.0,-8.70839562444413e-06,Q26,28.314999999999998,28.308400000000002,0.10702584086212599,50
179,7Networks_LH_Default_PFC_14,7networks_lh_default_pfc,7Networks_LH_Default_PFC,default,prefrontal cortex,L,337.0,72.25678982046102,0.0,-8.70839562444413e-06,Q26,28.314999999999998,28.308400000000002,0.10702584086212599,50
180,7Networks_LH_Default_PFC_15,7networks_lh_default_pfc,7Networks_LH_Default_PFC,default,prefrontal cortex,L,271.0,49.45225493527665,57781.0,-8.70839562444413e-06,Q26,28.314999999999998,28.308400000000002,0.10702584086212599,50
181,7Networks_LH_Default_PFC_16,7networks_lh_default_pfc,7Networks_LH_Default_PFC,default,prefrontal cortex,L,209.0,21.44232601458716,104359.0,-8.70839562444413e-06,Q26,28.314999999999998,28.308400000000002,0.10702584086212599,50
182,7Networks_LH_Default_PFC_17,7networks_lh_default_pfc,7Networks_LH_Default_PFC,default,prefrontal cortex,L,224.0,33.96584464498102,65927.0,-8.70839562444413e-06,Q26,28.314999999999998,28.308400000000002,0.10702584086212599,50
183,7Networks_LH_Default_PFC_18,7networks_lh_default_pfc,7Networks_LH_Default_PFC,default,prefrontal cortex,L,264.0,45.558120001006884,143703.0,-8.70839562444413e-06,Q26,28.314999999999998,28.308400000000002,0.10702584086212599,50
184,7Networks_LH_Default_PFC_19,7networks_lh_default_pfc,7Networks_LH_Default_PFC,default,prefrontal cortex,L,259.0,45.02239360128883,71223.0,-8.70839562444413e-06,Q26,28.314999999999998,28.308400000000002,0.10702584086212599,50
185,7Networks_LH_Default_PFC_20,7networks_lh_default_pfc,7Networks_LH_Default_PFC,default,prefrontal cortex,L,212.0,31.029577205535336,159852.0,-8.70839562444413e-06,Q26,28.314999999999998,28.308400000000002,0.10702584086212599,50
186,7Networks_LH_Default_PFC_21,7networks_lh_default_pfc,7Networks_LH_Default_PFC,default,prefrontal cortex,L,209.0,25.75000534904065,45705.0,-8.70839562444413e-06,Q26,28.314999999999998,28.308400000000002,0.10702584086212599,50
187,7Networks_LH_Default_PFC_22,7networks_lh_default_pfc,7Networks_LH_Default_PFC,default,prefrontal cortex,L,294.0,59.368990982146755,31092.0,-8.70839562444413e-06,Q26,28.314999999999998,28.308400000000002,0.10702584086212599,50
188,7Networks_LH_Default_PFC_23,7networks_lh_default_pfc,7Networks_LH_Default_PFC,default,prefrontal cortex,L,220.0,32.675238504282405,126794.0,-8.70839562444413e-06,Q26,28.314999999999998,28.308400000000002,0.10702584086212599,50
189,7Networks_LH_Default_PFC_24,7networks_lh_default_pfc,7Networks_LH_Default_PFC,default,prefrontal cortex,L,248.0,43.300882591704564,124986.0,-8.70839562444413e-06,Q26,28.314999999999998,28.308400000000002,0.10702584086212599,50
190,7Networks_LH_Default_pCunPCC_1,7networks_lh_default_pcunpcc,7Networks_LH_Default_pCunPCC,default,precuneus posterior cingulate cortex,L,150.0,-0.7697522764887695,186415.0,-8.70839562444413e-06,Q26,28.314999999999998,28.308400000000002,0.10702584086212599,50
191,7Networks_LH_Default_pCunPCC_2,7networks_lh_default_pcunpcc,7Networks_LH_Default_pCunPCC,default,precuneus posterior cingulate cortex,L,260.0,46.12670791720946,75720.0,-8.70839562444413e-06,Q26,28.314999999999998,28.308400000000002,0.10702584086212599,50
192,7Networks_LH_Default_pCunPCC_3,7networks_lh_default_pcunpcc,7Networks_LH_Default_pCunPCC,default,precuneus posterior cingulate cortex,L,149.0,-1.9976151145009424,182463.0,-8.70839562444413e-06,Q26,28.314999999999998,28.308400000000002,0.10702584086212599,50
193,7Networks_LH_Default_pCunPCC_4,7networks_lh_default_pcunpcc,7Networks_LH_Default_pCunPCC,default,precuneus posterior cingulate cortex,L,144.0,2.960157670838919,174894.0,-8.70839562444413e-06,Q26,28.314999999999998,28.308400000000002,0.10702584086212599,50
194,7Networks_LH_Default_pCunPCC_5,7networks_lh_default_pcunpcc,7Networks_LH_Default_pCunPCC,default,precuneus posterior cingulate cortex,L,227.0,37.4083009244401,133865.0,-8.70839562444413e-06,Q26,28.314999999999998,28.308400000000002,0.10702584086212599,50
195,7Networks_LH_Default_pCunPCC_6,7networks_lh_default_pcunpcc,7Networks_LH_Default_pCunPCC,default,precuneus posterior cingulate cortex,L,261.0,44.13184456946515,18255.0,-8.70839562444413e-06,Q26,28.314999999999998,28.308400000000002,0.10702584086212599,50
196,7Networks_LH_Default_pCunPCC_7,7networks_lh_default_pcunpcc,7Networks_LH_Default_pCunPCC,default,precuneus posterior cingulate cortex,L,153.0,3.728720415085556,146567.0,-8.70839562444413e-06,Q26,28.314999999999998,28.308400000000002,0.10702584086212599,50
197,7Networks_LH_Default_pCunPCC_8,7networks_lh_default_pcunpcc,7Networks_LH_Default_pCunPCC,default,precuneus posterior cingulate cortex,L,254.0,47.1988929059135,56584.0,-8.70839562444413e-06,Q26,28.314999999999998,28.308400000000002,0.10702584086212599,50
198,7Networks_LH_Default_pCunPCC_9,7networks_lh_default_pcunpcc,7Networks_LH_Default_pCunPCC,default,precuneus posterior cingulate cortex,L,244.0,36.59902442938325,41060.0,-8.70839562444413e-06,Q26,28.314999999999998,28.308400000000002,0.10702584086212599,50
199,7Networks_LH_Default_pCunPCC_10,7networks_lh_default_pcunpcc,7Networks_LH_Default_pCunPCC,default,precuneus posterior cingulate cortex,L,227.0,33.60758084917593,86376.0,-8.70839562444413e-06,Q26,28.314999999999998,28.308400000000002,0.10702584086212599,50
200,7Networks_LH_Default_pCunPCC_11,7networks_lh_default_pcunpcc,7Networks_LH_Default_pCunPCC,default,precuneus posterior cingulate cortex,L,243.0,43.991352174542314,25340.0,-8.70839562444413e-06,Q26,28.314999999999998,28.308400000000002,0.10702584086212599,50
201,7Networks_RH_Vis_1,7networks_rh_vis,7Networks_RH_Vis,visual,visual,R,177.0,11.289284298363194,159638.0,-8.70839562444413e-06,Q26,28.314999999999998,28.308400000000002,0.10702584086212599,50
202,7Networks_RH_Vis_2,7networks_rh_vis,7Networks_RH_Vis,visual,visual,R,223.0,27.578575204364824,131093.0,-8.70839562444413e-06,Q26,28.314999999999998,28.308400000000002,0.10702584086212599,50
203,7Networks_RH_Vis_3,7networks_rh_vis,7Networks_RH_Vis,visual,visual,R,119.0,-6.628972921268413,186012.0,-8.70839562444413e-06,Q26,28.314999999999998,28.308400000000002,0.10702584086212599,50
204,7Networks_RH_Vis_4,7networks_rh_vis,7Networks_RH_Vis,visual,visual,R,118.0,-8.732084332345334,143872.0,-8.70839562444413e-06,Q26,28.314999999999998,28.308400000000002,0.10702584086212599,50
205,7Networks_RH_Vis_5,7networks_rh_vis,7Networks_RH_Vis,visual,visual,R,264.0,43.46605341489047,127796.0,-8.70839562444413e-06,Q26,28.314999999999998,28.308400000000002,0.10702584086212599,50
206,7Networks_RH_Vis_6,7networks_rh_vis,7Networks_RH_Vis,visual,visual,R,177.0,12.392948705846804,145136.0,-8.70839562444413e-06,Q26,28.314999999999998,28.308400000000002,0.10702584086212599,50
207,7Networks_RH_Vis_7,7networks_rh_vis,7Networks_RH_Vis,visual,visual,R,195.0,18.642410812613665,159864.0,-8.70839562444413e-06,Q26,28.314999999999998,28.308400000000002,0.10702584086212599,50
208,7Networks_RH_Vis_8,7networks_rh_vis,7Networks_RH_Vis,visual,visual,R,159.0,5.043645025077557,154089.0,-8.70839562444413e-06,Q26,28.314999999999998,28.308400000000002,0.10702584086212599,50
209,7Networks_RH_Vis_9,7networks_rh_vis,7Networks_RH_Vis,visual,visual,R,265.0,37.56116423442639,168153.0,-8.70839562444413e-06,Q26,28.314999999999998,28.308400000000002,0.10702584086212599,50
210,7Networks_RH_Vis_10,7networks_rh_vis,7Networks_RH_Vis,visual,visual,R,206.0,25.003500317795936,102920.0,-8.70839562444413e-06,Q26,28.314999999999998,28.308400000000002,0.10702584086212599,50
211,7Networks_RH_Vis_11,7networks_rh_vis,7Networks_RH_Vis,visual,visual,R,289.0,59.179645484465716,83081.0,-8.70839562444413e-06,Q26,28.314999999999998,28.308400000000002,0.10702584086212599,50
212,7Networks_RH_Vis_12,7networks_rh_vis,7Networks_RH_Vis,visual,visual,R,190.0,21.987354867941644,73418.0,-8.70839562444413e-06,Q26,28.314999999999998,28.308400000000002,0.10702584086212599,50
213,7Networks_RH_Vis_13,7networks_rh_vis,7Networks_RH_Vis,visual,visual,R,224.0,31.172740030332225,114252.0,-8.70839562444413e-06,Q26,28.314999999999998,28.308400000000002,0.10702584086212599,50
214,7Networks_RH_Vis_14,7networks_rh_vis,7Networks_RH_Vis,visual,visual,R,104.0,-19.948930191873213,177644.0,-8.70839562444413e-06,Q26,28.314999999999998,28.308400000000002,0.10702584086212599,50
215,7Networks_RH_Vis_15,7networks_rh_vis,7Networks_RH_Vis,visual,visual,R,214.0,29.446044699100735,184726.0,-8.70839562444413e-06,Q26,28.314999999999998,28.308400000000002,0.10702584086212599,50
216,7Networks_RH_Vis_16,7networks_rh_vis,7Networks_RH_Vis,visual,visual,R,274.0,56.76050583045429,13123.0,-8.70839562444413e-06,Q26,28.314999999999998,28.308400000000002,0.10702584086212599,50
217,7Networks_RH_Vis_17,7networks_rh_vis,7Networks_RH_Vis,visual,visual,R,119.0,-9.150566526333016,173464.0,-8.70839562444413e-06,Q26,28.314999999999998,28.308400000000002,0.10702584086212599,50
218,7Networks_RH_Vis_18,7networks_rh_vis,7Networks_RH_Vis,visual,visual,R,238.0,39.651313189475644,191192.0,-8.70839562444413e-06,Q26,28.314999999999998,28.308400000000002,0.10702584086212599,50
219,7Networks_RH_Vis_19,7networks_rh_vis,7Networks_RH_Vis,visual,visual,R,266.0,50.68371012604856,27977.0,-8.70839562444413e-06,Q26,28.314999999999998,28.308400000000002,0.10702584086212599,50
220,7Networks_RH_Vis_20,7networks_rh_vis,7Networks_RH_Vis,visual,visual,R,110.0,-12.759155040369528,171265.0,-8.70839562444413e-06,Q26,28.314999999999998,28.308400000000002,0.10702584086212599,50
221,7Networks_RH_Vis_21,7networks_rh_vis,7Networks_RH_Vis,visual,visual,R,227.0,32.774067379033085,99269.0,-8.70839562444413e-06,Q26,28.314999999999998,28.308400000000002,0.10702584086212599,50
222,7Networks_RH_Vis_22,7networks_rh_vis,7Networks_RH_Vis,visual,visual,R,271.0,51.067218561800225,17791.0,-8.70839562444413e-06,Q26,28.314999999999998,28.308400000000002,0.10702584086212599,50
223,7Networks_RH_Vis_23,7networks_rh_vis,7Networks_RH_Vis,visual,visual,R,275.0,52.68907788832463,35567.0,-8.70839562444413e-06,Q26,28.314999999999998,28.308400000000002,0.10702584086212599,50
224,7Networks_RH_Vis_24,7networks_rh_vis,7Networks_RH_Vis,visual,visual,R,271.0,45.92415611017764,78551.0,-8.70839562444413e-06,Q26,28.314999999999998,28.308400000000002,0.10702584086212599,50
225,7Networks_RH_Vis_25,7networks_rh_vis,7Networks_RH_Vis,visual,visual,R,301.0,60.491854984361936,7207.0,-8.70839562444413e-06,Q26,28.314999999999998,28.308400000000002,0.10702584086212599,50
226,7Networks_RH_Vis_26,7networks_rh_vis,7Networks_RH_Vis,visual,visual,R,260.0,46.70246197461406,185159.0,-8.70839562444413e-06,Q26,28.314999999999998,28.308400000000002,0.10702584086212599,50
227,7Networks_RH_Vis_27,7networks_rh_vis,7Networks_RH_Vis,visual,visual,R,279.0,58.712217208807665,26259.0,-8.70839562444413e-06,Q26,28.314999999999998,28.308400000000002,0.10702584086212599,50
228,7Networks_RH_Vis_28,7networks_rh_vis,7Networks_RH_Vis,visual,visual,R,240.0,38.797646579445846,49625.0,-8.70839562444413e-06,Q26,28.314999999999998,28.308400000000002,0.10702584086212599,50
229,7Networks_RH_Vis_29,7networks_rh_vis,7Networks_RH_Vis,visual,visual,R,159.0,13.538247213779137,145141.0,-8.70839562444413e-06,Q26,28.314999999999998,28.308400000000002,0.10702584086212599,50
230,7Networks_RH_Vis_30,7networks_rh_vis,7Networks_RH_Vis,visual,visual,R,283.0,51.81982165669234,22823.0,-8.70839562444413e-06,Q26,28.314999999999998,28.308400000000002,0.10702584086212599,50
231,7Networks_RH_SomMot_1,7networks_rh_sommot,7Networks_RH_SomMot,somatomotor,somatomotor,R,317.0,71.82381691807156,274.0,-8.70839562444413e-06,Q26,28.314999999999998,28.308400000000002,0.10702584086212599,50
232,7Networks_RH_SomMot_2,7networks_rh_sommot,7Networks_RH_SomMot,somatomotor,somatomotor,R,255.0,52.3036880061923,56380.0,-8.70839562444413e-06,Q26,28.314999999999998,28.308400000000002,0.10702584086212599,50
233,7Networks_RH_SomMot_3,7networks_rh_sommot,7Networks_RH_SomMot,somatomotor,somatomotor,R,243.0,42.16226959794093,88189.0,-8.70839562444413e-06,Q26,28.314999999999998,28.308400000000002,0.10702584086212599,50
234,7Networks_RH_SomMot_4,7networks_rh_sommot,7Networks_RH_SomMot,somatomotor,somatomotor,R,231.0,35.93215481382189,134602.0,-8.70839562444413e-06,Q26,28.314999999999998,28.308400000000002,0.10702584086212599,50
235,7Networks_RH_SomMot_5,7networks_rh_sommot,7Networks_RH_SomMot,somatomotor,somatomotor,R,296.0,63.85124333729789,42814.0,-8.70839562444413e-06,Q26,28.314999999999998,28.308400000000002,0.10702584086212599,50
236,7Networks_RH_SomMot_6,7networks_rh_sommot,7Networks_RH_SomMot,somatomotor,somatomotor,R,212.0,29.641329047807837,70427.0,-8.70839562444413e-06,Q26,28.314999999999998,28.308400000000002,0.10702584086212599,50
237,7Networks_RH_SomMot_7,7networks_rh_sommot,7Networks_RH_SomMot,somatomotor,somatomotor,R,262.0,44.179827823821476,130407.0,-8.70839562444413e-06,Q26,28.314999999999998,28.308400000000002,0.10702584086212599,50
238,7Networks_RH_SomMot_8,7networks_rh_sommot,7Networks_RH_SomMot,somatomotor,somatomotor,R,255.0,50.4932979667353,152310.0,-8.70839562444413e-06,Q26,28.314999999999998,28.308400000000002,0.10702584086212599,50
239,7Networks_RH_SomMot_9,7networks_rh_sommot,7Networks_RH_SomMot,somatomotor,somatomotor,R,220.0,37.973787026373905,70693.0,-8.70839562444413e-06,Q26,28.314999999999998,28.308400000000002,0.10702584086212599,50
240,7Networks_RH_SomMot_10,7networks_rh_sommot,7Networks_RH_SomMot,somatomotor,somatomotor,R,213.0,27.06707020458507,92082.0,-8.70839562444413e-06,Q26,28.314999999999998,28.308400000000002,0.10702584086212599,50
241,7Networks_RH_SomMot_11,7networks_rh_sommot,7Networks_RH_SomMot,somatomotor,somatomotor,R,245.0,43.71985862800251,26059.0,-8.70839562444413e-06,Q26,28.314999999999998,28.308400000000002,0.10702584086212599,50
242,7Networks_RH_SomMot_12,7networks_rh_sommot,7Networks_RH_SomMot,somatomotor,somatomotor,R,164.0,8.634702845060335,90906.0,-8.70839562444413e-06,Q26,28.314999999999998,28.308400000000002,0.10702584086212599,50
243,7Networks_RH_SomMot_13,7networks_rh_sommot,7Networks_RH_SomMot,somatomotor,somatomotor,R,148.0,0.6596940348757483,176331.0,-8.70839562444413e-06,Q26,28.314999999999998,28.308400000000002,0.10702584086212599,50
244,7Networks_RH_SomMot_14,7networks_rh_sommot,7Networks_RH_SomMot,somatomotor,somatomotor,R,171.0,14.674076818516498,149939.0,-8.70839562444413e-06,Q26,28.314999999999998,28.308400000000002,0.10702584086212599,50
245,7Networks_RH_SomMot_15,7networks_rh_sommot,7Networks_RH_SomMot,somatomotor,somatomotor,R,235.0,36.890530467506174,52789.0,-8.70839562444413e-06,Q26,28.314999999999998,28.308400000000002,0.10702584086212599,50
246,7Networks_RH_SomMot_16,7networks_rh_sommot,7Networks_RH_SomMot,somatomotor,somatomotor,R,200.0,23.312606587500873,93207.0,-8.70839562444413e-06,Q26,28.314999999999998,28.308400000000002,0.10702584086212599,50
247,7Networks_RH_SomMot_17,7networks_rh_sommot,7Networks_RH_SomMot,somatomotor,somatomotor,R,218.0,31.105359738715073,104452.0,-8.70839562444413e-06,Q26,28.314999999999998,28.308400000000002,0.10702584086212599,50
248,7Networks_RH_SomMot_18,7networks_rh_sommot,7Networks_RH_SomMot,somatomotor,somatomotor,R,281.0,51.94792189771381,33865.0,-8.70839562444413e-06,Q26,28.314999999999998,28.308400000000002,0.10702584086212599,50
249,7Networks_RH_SomMot_19,7networks_rh_sommot,7Networks_RH_SomMot,somatomotor,somatomotor,R,178.0,17.891849635321282,147140.0,-8.70839562444413e-06,Q26,28.314999999999998,28.308400000000002,0.10702584086212599,50
250,7Networks_RH_SomMot_20,7networks_rh_sommot,7Networks_RH_SomMot,somatomotor,somatomotor,R,196.0,22.678905428961574,87283.0,-8.70839562444413e-06,Q26,28.314999999999998,28.308400000000002,0.10702584086212599,50
251,7Networks_RH_SomMot_21,7networks_rh_sommot,7Networks_RH_SomMot,somatomotor,somatomotor,R,242.0,41.29856677175955,28511.0,-8.70839562444413e-06,Q26,28.314999999999998,28.308400000000002,0.10702584086212599,50
252,7Networks_RH_SomMot_22,7networks_rh_sommot,7Networks_RH_SomMot,somatomotor,somatomotor,R,234.0,38.892259938202834,180864.0,-8.70839562444413e-06,Q26,28.314999999999998,28.308400000000002,0.10702584086212599,50
253,7Networks_RH_SomMot_23,7networks_rh_sommot,7Networks_RH_SomMot,somatomotor,somatomotor,R,197.0,23.993497926460144,62337.0,-8.70839562444413e-06,Q26,28.314999999999998,28.308400000000002,0.10702584086212599,50
254,7Networks_RH_SomMot_24,7networks_rh_sommot,7Networks_RH_SomMot,somatomotor,somatomotor,R,250.0,42.250559918694556,64865.0,-8.70839562444413e-06,Q26,28.314999999999998,28.308400000000002,0.10702584086212599,50
255,7Networks_RH_SomMot_25,7networks_rh_sommot,7Networks_RH_SomMot,somatomotor,somatomotor,R,233.0,34.34680520681911,68893.0,-8.70839562444413e-06,Q26,28.314999999999998,28.308400000000002,0.10702584086212599,50
256,7Networks_RH_SomMot_26,7networks_rh_sommot,7Networks_RH_SomMot,somatomotor,somatomotor,R,215.0,27.57955077498158,116941.0,-8.70839562444413e-06,Q26,28.314999999999998,28.308400000000002,0.10702584086212599,50
257,7Networks_RH_SomMot_27,7networks_rh_sommot,7Networks_RH_SomMot,somatomotor,somatomotor,R,203.0,26.737874196857295,89188.0,-8.70839562444413e-06,Q26,28.314999999999998,28.308400000000002,0.10702584086212599,50
258,7Networks_RH_SomMot_28,7networks_rh_sommot,7Networks_RH_SomMot,somatomotor,somatomotor,R,234.0,35.095416658800424,151202.0,-8.70839562444413e-06,Q26,28.314999999999998,28.308400000000002,0.10702584086212599,50
259,7Networks_RH_SomMot_29,7networks_rh_sommot,7Networks_RH_SomMot,somatomotor,somatomotor,R,262.0,45.05359486995541,24239.0,-8.70839562444413e-06,Q26,28.314999999999998,28.308400000000002,0.10702584086212599,50
260,7Networks_RH_SomMot_30,7networks_rh_sommot,7Networks_RH_SomMot,somatomotor,somatomotor,R,250.0,44.66837316795359,47220.0,-8.70839562444413e-06,Q26,28.314999999999998,28.308400000000002,0.10702584086212599,50
261,7Networks_RH_SomMot_31,7networks_rh_sommot,7Networks_RH_SomMot,somatomotor,somatomotor,R,141.0,5.921564342665827,166929.0,-8.70839562444413e-06,Q26,28.314999999999998,28.308400000000002,0.10702584086212599,50
262,7Networks_RH_SomMot_32,7networks_rh_sommot,7Networks_RH_SomMot,somatomotor,somatomotor,R,220.0,26.697263808391067,114565.0,-8.70839562444413e-06,Q26,28.314999999999998,28.308400000000002,0.10702584086212599,50
263,7Networks_RH_SomMot_33,7networks_rh_sommot,7Networks_RH_SomMot,somatomotor,somatomotor,R,242.0,39.86343836331947,138731.0,-8.70839562444413e-06,Q26,28.314999999999998,28.308400000000002,0.10702584086212599,50
264,7Networks_RH_SomMot_34,7networks_rh_sommot,7Networks_RH_SomMot,somatomotor,somatomotor,R,258.0,46.22110133600156,13246.0,-8.70839562444413e-06,Q26,28.314999999999998,28.308400000000002,0.10702584086212599,50
265,7Networks_RH_SomMot_35,7networks_rh_sommot,7Networks_RH_SomMot,somatomotor,somatomotor,R,225.0,32.909067410497954,77045.0,-8.70839562444413e-06,Q26,28.314999999999998,28.308400000000002,0.10702584086212599,50
266,7Networks_RH_SomMot_36,7networks_rh_sommot,7Networks_RH_SomMot,somatomotor,somatomotor,R,170.0,10.092721371619866,100180.0,-8.70839562444413e-06,Q26,28.314999999999998,28.308400000000002,0.10702584086212599,50
267,7Networks_RH_SomMot_37,7networks_rh_sommot,7Networks_RH_SomMot,somatomotor,somatomotor,R,161.0,5.608362910381545,166561.0,-8.70839562444413e-06,Q26,28.314999999999998,28.308400000000002,0.10702584086212599,50
268,7Networks_RH_SomMot_38,7networks_rh_sommot,7Networks_RH_SomMot,somatomotor,somatomotor,R,238.0,38.54108299193866,186276.0,-8.70839562444413e-06,Q26,28.314999999999998,28.308400000000002,0.10702584086212599,50
269,7Networks_RH_SomMot_39,7networks_rh_sommot,7Networks_RH_SomMot,somatomotor,somatomotor,R,206.0,30.077459929392674,40473.0,-8.70839562444413e-06,Q26,28.314999999999998,28.308400000000002,0.10702584086212599,50
270,7Networks_RH_SomMot_40,7networks_rh_sommot,7Networks_RH_SomMot,somatomotor,somatomotor,R,161.0,9.143819340872334,138936.0,-8.70839562444413e-06,Q26,28.314999999999998,28.308400000000002,0.10702584086212599,50
271,7Networks_RH_DorsAttn_Post_1,7networks_rh_dorsattn_post,7Networks_RH_DorsAttn_Post,dorsal attention,posterior,R,296.0,57.36312686036481,27381.0,-8.70839562444413e-06,Q26,28.314999999999998,28.308400000000002,0.10702584086212599,50
272,7Networks_RH_DorsAttn_Post_2,7networks_rh_dorsattn_post,7Networks_RH_DorsAttn_Post,dorsal attention,posterior,R,216.0,26.704693625831442,172348.0,-8.70839562444413e-06,Q26,28.314999999999998,28.308400000000002,0.10702584086212599,50
273,7Networks_RH_DorsAttn_Post_3,7networks_rh_dorsattn_post,7Networks_RH_DorsAttn_Post,dorsal attention,posterior,R,225.0,29.24190642954684,134157.0,-8.70839562444413e-06,Q26,28.314999999999998,28.308400000000002,0.10702584086212599,50
274,7Networks_RH_DorsAttn_Post_4,7networks_rh_dorsattn_post,7Networks_RH_DorsAttn_Post,dorsal attention,posterior,R,253.0,43.085247503256646,138529.0,-8.70839562444413e-06,Q26,28.314999999999998,28.308400000000002,0.10702584086212599,50
275,7Networks_RH_DorsAttn_Post_5,7networks_rh_dorsattn_post,7Networks_RH_DorsAttn_Post,dorsal attention,posterior,R,142.0,7.924043465674892,139216.0,-8.70839562444413e-06,Q26,28.314999999999998,28.308400000000002,0.10702584086212599,50
276,7Networks_RH_DorsAttn_Post_6,7networks_rh_dorsattn_post,7Networks_RH_DorsAttn_Post,dorsal attention,posterior,R,245.0,42.754005330161654,25926.0,-8.70839562444413e-06,Q26,28.314999999999998,28.308400000000002,0.10702584086212599,50
277,7Networks_RH_DorsAttn_Post_7,7networks_rh_dorsattn_post,7Networks_RH_DorsAttn_Post,dorsal attention,posterior,R,190.0,12.731333736084624,166417.0,-8.70839562444413e-06,Q26,28.314999999999998,28.308400000000002,0.10702584086212599,50
278,7Networks_RH_DorsAttn_Post_8,7networks_rh_dorsattn_post,7Networks_RH_DorsAttn_Post,dorsal attention,posterior,R,286.0,54.791872132756886,49263.0,-8.70839562444413e-06,Q26,28.314999999999998,28.308400000000002,0.10702584086212599,50
279,7Networks_RH_DorsAttn_Post_9,7networks_rh_dorsattn_post,7Networks_RH_DorsAttn_Post,dorsal attention,posterior,R,146.0,7.632008344503384,127552.0,-8.70839562444413e-06,Q26,28.314999999999998,28.308400000000002,0.10702584086212599,50
280,7Networks_RH_DorsAttn_Post_10,7networks_rh_dorsattn_post,7Networks_RH_DorsAttn_Post,dorsal attention,posterior,R,154.0,5.243244948303086,144533.0,-8.70839562444413e-06,Q26,28.314999999999998,28.308400000000002,0.10702584086212599,50
281,7Networks_RH_DorsAttn_Post_11,7networks_rh_dorsattn_post,7Networks_RH_DorsAttn_Post,dorsal attention,posterior,R,282.0,53.49650880703806,16390.0,-8.70839562444413e-06,Q26,28.314999999999998,28.308400000000002,0.10702584086212599,50
282,7Networks_RH_DorsAttn_Post_12,7networks_rh_dorsattn_post,7Networks_RH_DorsAttn_Post,dorsal attention,posterior,R,253.0,40.61654662790188,51869.0,-8.70839562444413e-06,Q26,28.314999999999998,28.308400000000002,0.10702584086212599,50
283,7Networks_RH_DorsAttn_Post_13,7networks_rh_dorsattn_post,7Networks_RH_DorsAttn_Post,dorsal attention,posterior,R,150.0,3.529980114154821,152443.0,-8.70839562444413e-06,Q26,28.314999999999998,28.308400000000002,0.10702584086212599,50
284,7Networks_RH_DorsAttn_Post_14,7networks_rh_dorsattn_post,7Networks_RH_DorsAttn_Post,dorsal attention,posterior,R,255.0,43.841500374432805,50592.0,-8.70839562444413e-06,Q26,28.314999999999998,28.308400000000002,0.10702584086212599,50
285,7Networks_RH_DorsAttn_Post_15,7networks_rh_dorsattn_post,7Networks_RH_DorsAttn_Post,dorsal attention,posterior,R,192.0,22.252408012233573,165471.0,-8.70839562444413e-06,Q26,28.314999999999998,28.308400000000002,0.10702584086212599,50
286,7Networks_RH_DorsAttn_Post_16,7networks_rh_dorsattn_post,7Networks_RH_DorsAttn_Post,dorsal attention,posterior,R,239.0,37.16578643483299,97117.0,-8.70839562444413e-06,Q26,28.314999999999998,28.308400000000002,0.10702584086212599,50
287,7Networks_RH_DorsAttn_Post_17,7networks_rh_dorsattn_post,7Networks_RH_DorsAttn_Post,dorsal attention,posterior,R,233.0,34.55332977779453,55044.0,-8.70839562444413e-06,Q26,28.314999999999998,28.308400000000002,0.10702584086212599,50
288,7Networks_RH_DorsAttn_Post_18,7networks_rh_dorsattn_post,7Networks_RH_DorsAttn_Post,dorsal attention,posterior,R,214.0,24.07246958913075,167745.0,-8.70839562444413e-06,Q26,28.314999999999998,28.308400000000002,0.10702584086212599,50
289,7Networks_RH_DorsAttn_Post_19,7networks_rh_dorsattn_post,7Networks_RH_DorsAttn_Post,dorsal attention,posterior,R,197.0,23.230514074269855,106081.0,-8.70839562444413e-06,Q26,28.314999999999998,28.308400000000002,0.10702584086212599,50
290,7Networks_RH_DorsAttn_FEF_1,7networks_rh_dorsattn_fef,7Networks_RH_DorsAttn_FEF,dorsal attention,frontal eye fields,R,195.0,20.336402738708806,108821.0,-8.70839562444413e-06,Q26,28.314999999999998,28.308400000000002,0.10702584086212599,50
291,7Networks_RH_DorsAttn_FEF_2,7networks_rh_dorsattn_fef,7Networks_RH_DorsAttn_FEF,dorsal attention,frontal eye fields,R,164.0,7.502075427765927,151655.0,-8.70839562444413e-06,Q26,28.314999999999998,28.308400000000002,0.10702584086212599,50
292,7Networks_RH_DorsAttn_FEF_3,7networks_rh_dorsattn_fef,7Networks_RH_DorsAttn_FEF,dorsal attention,frontal eye fields,R,102.0,-15.019900948353433,139576.0,-8.70839562444413e-06,Q26,28.314999999999998,28.308400000000002,0.10702584086212599,50
293,7Networks_RH_DorsAttn_PrCv_1,7networks_rh_dorsattn_prcv,7Networks_RH_DorsAttn_PrCv,dorsal attention,precentral ventral,R,250.0,42.45630636158255,88531.0,-8.70839562444413e-06,Q26,28.314999999999998,28.308400000000002,0.10702584086212599,50
294,7Networks_RH_SalVentAttn_TempOccPar_1,7networks_rh_salventattn_tempoccpar,7Networks_RH_SalVentAttn_TempOccPar,salience / ventral attention,temporal occipital parietal,R,166.0,8.929242575846247,112702.0,-8.70839562444413e-06,Q26,28.314999999999998,28.308400000000002,0.10702584086212599,50
295,7Networks_RH_SalVentAttn_TempOccPar_2,7networks_rh_salventattn_tempoccpar,7Networks_RH_SalVentAttn_TempOccPar,salience / ventral attention,temporal occipital parietal,R,166.0,10.225388277420135,176370.0,-8.70839562444413e-06,Q26,28.314999999999998,28.308400000000002,0.10702584086212599,50
296,7Networks_RH_SalVentAttn_TempOccPar_3,7networks_rh_salventattn_tempoccpar,7Networks_RH_SalVentAttn_TempOccPar,salience / ventral attention,temporal occipital parietal,R,262.0,48.59772335391139,177782.0,-8.70839562444413e-06,Q26,28.314999999999998,28.308400000000002,0.10702584086212599,50
297,7Networks_RH_SalVentAttn_TempOccPar_4,7networks_rh_salventattn_tempoccpar,7Networks_RH_SalVentAttn_TempOccPar,salience / ventral attention,temporal occipital parietal,R,250.0,37.73780670455044,46691.0,-8.70839562444413e-06,Q26,28.314999999999998,28.308400000000002,0.10702584086212599,50
298,7Networks_RH_SalVentAttn_TempOccPar_5,7networks_rh_salventattn_tempoccpar,7Networks_RH_SalVentAttn_TempOccPar,salience / ventral attention,temporal occipital parietal,R,193.0,20.972859754447573,142118.0,-8.70839562444413e-06,Q26,28.314999999999998,28.308400000000002,0.10702584086212599,50
299,7Networks_RH_SalVentAttn_TempOccPar_6,7networks_rh_salventattn_tempoccpar,7Networks_RH_SalVentAttn_TempOccPar,salience / ventral attention,temporal occipital parietal,R,260.0,46.47095093356489,108371.0,-8.70839562444413e-06,Q26,28.314999999999998,28.308400000000002,0.10702584086212599,50
300,7Networks_RH_SalVentAttn_TempOccPar_7,7networks_rh_salventattn_tempoccpar,7Networks_RH_SalVentAttn_TempOccPar,salience / ventral attention,temporal occipital parietal,R,319.0,66.30409705047605,4371.0,-8.70839562444413e-06,Q26,28.314999999999998,28.308400000000002,0.10702584086212599,50
301,7Networks_RH_SalVentAttn_PrC_1,7networks_rh_salventattn_prc,7Networks_RH_SalVentAttn_PrC,salience / ventral attention,precentral,R,192.0,19.33530067901351,148165.0,-8.70839562444413e-06,Q26,28.314999999999998,28.308400000000002,0.10702584086212599,50
302,7Networks_RH_SalVentAttn_FrOperIns_1,7networks_rh_salventattn_froperins,7Networks_RH_SalVentAttn_FrOperIns,salience / ventral attention,frontal operculum insula,R,220.0,32.439986753258225,149441.0,-8.70839562444413e-06,Q26,28.314999999999998,28.308400000000002,0.10702584086212599,50
303,7Networks_RH_SalVentAttn_FrOperIns_2,7networks_rh_salventattn_froperins,7Networks_RH_SalVentAttn_FrOperIns,salience / ventral attention,frontal operculum insula,R,261.0,47.79062989673205,40077.0,-8.70839562444413e-06,Q26,28.314999999999998,28.308400000000002,0.10702584086212599,50
304,7Networks_RH_SalVentAttn_FrOperIns_3,7networks_rh_salventattn_froperins,7Networks_RH_SalVentAttn_FrOperIns,salience / ventral attention,frontal operculum insula,R,226.0,35.34985463195454,185363.0,-8.70839562444413e-06,Q26,28.314999999999998,28.308400000000002,0.10702584086212599,50
305,7Networks_RH_SalVentAttn_FrOperIns_4,7networks_rh_salventattn_froperins,7Networks_RH_SalVentAttn_FrOperIns,salience / ventral attention,frontal operculum insula,R,256.0,48.35014080562848,17646.0,-8.70839562444413e-06,Q26,28.314999999999998,28.308400000000002,0.10702584086212599,50
306,7Networks_RH_SalVentAttn_FrOperIns_5,7networks_rh_salventattn_froperins,7Networks_RH_SalVentAttn_FrOperIns,salience / ventral attention,frontal operculum insula,R,219.0,26.058721925402885,147949.0,-8.70839562444413e-06,Q26,28.314999999999998,28.308400000000002,0.10702584086212599,50
307,7Networks_RH_SalVentAttn_FrOperIns_6,7networks_rh_salventattn_froperins,7Networks_RH_SalVentAttn_FrOperIns,salience / ventral attention,frontal operculum insula,R,237.0,41.22060418987205,63754.0,-8.70839562444413e-06,Q26,28.314999999999998,28.308400000000002,0.10702584086212599,50
308,7Networks_RH_SalVentAttn_FrOperIns_7,7networks_rh_salventattn_froperins,7Networks_RH_SalVentAttn_FrOperIns,salience / ventral attention,frontal operculum insula,R,265.0,46.97599334831068,67586.0,-8.70839562444413e-06,Q26,28.314999999999998,28.308400000000002,0.10702584086212599,50
309,7Networks_RH_SalVentAttn_FrOperIns_8,7networks_rh_salventattn_froperins,7Networks_RH_SalVentAttn_FrOperIns,salience / ventral attention,frontal operculum insula,R,194.0,21.130489374288125,174538.0,-8.70839562444413e-06,Q26,28.314999999999998,28.308400000000002,0.10702584086212599,50
310,7Networks_RH_SalVentAttn_PFCl_1,7networks_rh_salventattn_pfcl,7Networks_RH_SalVentAttn_PFCl,salience / ventral attention,lateral prefrontal cortex,R,299.0,60.76538415551238,366.0,-8.70839562444413e-06,Q26,28.314999999999998,28.308400000000002,0.10702584086212599,50
311,7Networks_RH_SalVentAttn_Med_1,7networks_rh_salventattn_med,7Networks_RH_SalVentAttn_Med,salience / ventral attention,medial,R,269.0,43.55766784974856,121532.0,-8.70839562444413e-06,Q26,28.314999999999998,28.308400000000002,0.10702584086212599,50
312,7Networks_RH_SalVentAttn_Med_2,7networks_rh_salventattn_med,7Networks_RH_SalVentAttn_Med,salience / ventral attention,medial,R,183.0,18.237598878589374,110096.0,-8.70839562444413e-06,Q26,28.314999999999998,28.308400000000002,0.10702584086212599,50
313,7Networks_RH_SalVentAttn_Med_3,7networks_rh_salventattn_med,7Networks_RH_SalVentAttn_Med,salience / ventral attention,medial,R,230.0,32.13429993644081,85917.0,-8.70839562444413e-06,Q26,28.314999999999998,28.308400000000002,0.10702584086212599,50
314,7Networks_RH_SalVentAttn_Med_4,7networks_rh_salventattn_med,7Networks_RH_SalVentAttn_Med,salience / ventral attention,medial,R,307.0,64.83559346032591,19828.0,-8.70839562444413e-06,Q26,28.314999999999998,28.308400000000002,0.10702584086212599,50
315,7Networks_RH_SalVentAttn_Med_5,7networks_rh_salventattn_med,7Networks_RH_SalVentAttn_Med,salience / ventral attention,medial,R,219.0,27.170623698137923,82698.0,-8.70839562444413e-06,Q26,28.314999999999998,28.308400000000002,0.10702584086212599,50
316,7Networks_RH_SalVentAttn_Med_6,7networks_rh_salventattn_med,7Networks_RH_SalVentAttn_Med,salience / ventral attention,medial,R,185.0,11.818049865644689,171223.0,-8.70839562444413e-06,Q26,28.314999999999998,28.308400000000002,0.10702584086212599,50
317,7Networks_RH_SalVentAttn_Med_7,7networks_rh_salventattn_med,7Networks_RH_SalVentAttn_Med,salience / ventral attention,medial,R,284.0,54.485764629626125,26299.0,-8.70839562444413e-06,Q26,28.314999999999998,28.308400000000002,0.10702584086212599,50
318,7Networks_RH_SalVentAttn_Med_8,7networks_rh_salventattn_med,7Networks_RH_SalVentAttn_Med,salience / ventral attention,medial,R,170.0,10.767148709622607,155078.0,-8.70839562444413e-06,Q26,28.314999999999998,28.308400000000002,0.10702584086212599,50
319,7Networks_RH_Limbic_OFC_1,7networks_rh_limbic_ofc,7Networks_RH_Limbic_OFC,limbic,orbital frontal cortex,R,260.0,43.45292608255139,74854.0,-8.70839562444413e-06,Q26,28.314999999999998,28.308400000000002,0.10702584086212599,50
320,7Networks_RH_Limbic_OFC_2,7networks_rh_limbic_ofc,7Networks_RH_Limbic_OFC,limbic,orbital frontal cortex,R,242.0,37.01865037411821,175920.0,-8.70839562444413e-06,Q26,28.314999999999998,28.308400000000002,0.10702584086212599,50
321,7Networks_RH_Limbic_OFC_3,7networks_rh_limbic_ofc,7Networks_RH_Limbic_OFC,limbic,orbital frontal cortex,R,224.0,35.77181385967892,144686.0,-8.70839562444413e-06,Q26,28.314999999999998,28.308400000000002,0.10702584086212599,50
322,7Networks_RH_Limbic_OFC_4,7networks_rh_limbic_ofc,7Networks_RH_Limbic_OFC,limbic,orbital frontal cortex,R,235.0,37.596707350840425,55539.0,-8.70839562444413e-06,Q26,28.314999999999998,28.308400000000002,0.10702584086212599,50
323,7Networks_RH_Limbic_OFC_5,7networks_rh_limbic_ofc,7Networks_RH_Limbic_OFC,limbic,orbital frontal cortex,R,269.0,47.61503316405199,100654.0,-8.70839562444413e-06,Q26,28.314999999999998,28.308400000000002,0.10702584086212599,50
324,7Networks_RH_Limbic_OFC_6,7networks_rh_limbic_ofc,7Networks_RH_Limbic_OFC,limbic,orbital frontal cortex,R,283.0,51.61119648599498,170330.0,-8.70839562444413e-06,Q26,28.314999999999998,28.308400000000002,0.10702584086212599,50
325,7Networks_RH_Limbic_TempPole_1,7networks_rh_limbic_temppole,7Networks_RH_Limbic_TempPole,limbic,temporal pole,R,178.0,13.746120844267415,161199.0,-8.70839562444413e-06,Q26,28.314999999999998,28.308400000000002,0.10702584086212599,50
326,7Networks_RH_Limbic_TempPole_2,7networks_rh_limbic_temppole,7Networks_RH_Limbic_TempPole,limbic,temporal pole,R,190.0,16.068768367661583,145402.0,-8.70839562444413e-06,Q26,28.314999999999998,28.308400000000002,0.10702584086212599,50
327,7Networks_RH_Limbic_TempPole_3,7networks_rh_limbic_temppole,7Networks_RH_Limbic_TempPole,limbic,temporal pole,R,174.0,17.093092972619193,114374.0,-8.70839562444413e-06,Q26,28.314999999999998,28.308400000000002,0.10702584086212599,50
328,7Networks_RH_Limbic_TempPole_4,7networks_rh_limbic_temppole,7Networks_RH_Limbic_TempPole,limbic,temporal pole,R,203.0,22.955228057920678,152457.0,-8.70839562444413e-06,Q26,28.314999999999998,28.308400000000002,0.10702584086212599,50
329,7Networks_RH_Limbic_TempPole_5,7networks_rh_limbic_temppole,7Networks_RH_Limbic_TempPole,limbic,temporal pole,R,171.0,12.082245432863253,104657.0,-8.70839562444413e-06,Q26,28.314999999999998,28.308400000000002,0.10702584086212599,50
330,7Networks_RH_Limbic_TempPole_6,7networks_rh_limbic_temppole,7Networks_RH_Limbic_TempPole,limbic,temporal pole,R,193.0,22.258320118056464,130665.0,-8.70839562444413e-06,Q26,28.314999999999998,28.308400000000002,0.10702584086212599,50
331,7Networks_RH_Limbic_TempPole_7,7networks_rh_limbic_temppole,7Networks_RH_Limbic_TempPole,limbic,temporal pole,R,111.0,-17.843499814356825,168443.0,-8.70839562444413e-06,Q26,28.314999999999998,28.308400000000002,0.10702584086212599,50
332,7Networks_RH_Cont_Par_1,7networks_rh_cont_par,7Networks_RH_Cont_Par,control,parietal,R,290.0,56.0904063382985,23648.0,-8.70839562444413e-06,Q26,28.314999999999998,28.308400000000002,0.10702584086212599,50
333,7Networks_RH_Cont_Par_2,7networks_rh_cont_par,7Networks_RH_Cont_Par,control,parietal,R,295.0,57.42490371726862,39092.0,-8.70839562444413e-06,Q26,28.314999999999998,28.308400000000002,0.10702584086212599,50
334,7Networks_RH_Cont_Par_3,7networks_rh_cont_par,7Networks_RH_Cont_Par,control,parietal,R,201.0,23.74434464812754,80746.0,-8.70839562444413e-06,Q26,28.314999999999998,28.308400000000002,0.10702584086212599,50
335,7Networks_RH_Cont_Par_4,7networks_rh_cont_par,7Networks_RH_Cont_Par,control,parietal,R,252.0,38.98398780418738,100444.0,-8.70839562444413e-06,Q26,28.314999999999998,28.308400000000002,0.10702584086212599,50
336,7Networks_RH_Cont_Par_5,7networks_rh_cont_par,7Networks_RH_Cont_Par,control,parietal,R,251.0,42.14608670480217,33036.0,-8.70839562444413e-06,Q26,28.314999999999998,28.308400000000002,0.10702584086212599,50
337,7Networks_RH_Cont_Par_6,7networks_rh_cont_par,7Networks_RH_Cont_Par,control,parietal,R,215.0,29.49089970863461,113976.0,-8.70839562444413e-06,Q26,28.314999999999998,28.308400000000002,0.10702584086212599,50
338,7Networks_RH_Cont_Temp_1,7networks_rh_cont_temp,7Networks_RH_Cont_Temp,control,temporal,R,193.0,21.390472572007535,161579.0,-8.70839562444413e-06,Q26,28.314999999999998,28.308400000000002,0.10702584086212599,50
339,7Networks_RH_Cont_Temp_2,7networks_rh_cont_temp,7Networks_RH_Cont_Temp,control,temporal,R,241.0,35.515840554538165,60213.0,-8.70839562444413e-06,Q26,28.314999999999998,28.308400000000002,0.10702584086212599,50
340,7Networks_RH_Cont_PFCv_1,7networks_rh_cont_pfcv,7Networks_RH_Cont_PFCv,control,ventral prefrontal cortex,R,204.0,26.882621596279574,69215.0,-8.70839562444413e-06,Q26,28.314999999999998,28.308400000000002,0.10702584086212599,50
341,7Networks_RH_Cont_PFCl_1,7networks_rh_cont_pfcl,7Networks_RH_Cont_PFCl,control,lateral prefrontal cortex,R,265.0,49.63174230839422,59496.0,-8.70839562444413e-06,Q26,28.314999999999998,28.308400000000002,0.10702584086212599,50
342,7Networks_RH_Cont_PFCl_2,7networks_rh_cont_pfcl,7Networks_RH_Cont_PFCl,control,lateral prefrontal cortex,R,224.0,34.293284908783136,42376.0,-8.70839562444413e-06,Q26,28.314999999999998,28.308400000000002,0.10702584086212599,50
343,7Networks_RH_Cont_PFCl_3,7networks_rh_cont_pfcl,7Networks_RH_Cont_PFCl,control,lateral prefrontal cortex,R,270.0,54.464290906001615,19558.0,-8.70839562444413e-06,Q26,28.314999999999998,28.308400000000002,0.10702584086212599,50
344,7Networks_RH_Cont_PFCl_4,7networks_rh_cont_pfcl,7Networks_RH_Cont_PFCl,control,lateral prefrontal cortex,R,215.0,25.955191558584588,154490.0,-8.70839562444413e-06,Q26,28.314999999999998,28.308400000000002,0.10702584086212599,50
345,7Networks_RH_Cont_PFCl_5,7networks_rh_cont_pfcl,7Networks_RH_Cont_PFCl,control,lateral prefrontal cortex,R,265.0,44.24954171307748,182207.0,-8.70839562444413e-06,Q26,28.314999999999998,28.308400000000002,0.10702584086212599,50
346,7Networks_RH_Cont_PFCl_6,7networks_rh_cont_pfcl,7Networks_RH_Cont_PFCl,control,lateral prefrontal cortex,R,186.0,11.894724901986692,137384.0,-8.70839562444413e-06,Q26,28.314999999999998,28.308400000000002,0.10702584086212599,50
347,7Networks_RH_Cont_PFCl_7,7networks_rh_cont_pfcl,7Networks_RH_Cont_PFCl,control,lateral prefrontal cortex,R,164.0,9.095874001774618,188547.0,-8.70839562444413e-06,Q26,28.314999999999998,28.308400000000002,0.10702584086212599,50
348,7Networks_RH_Cont_PFCl_8,7networks_rh_cont_pfcl,7Networks_RH_Cont_PFCl,control,lateral prefrontal cortex,R,233.0,41.7715656012636,77843.0,-8.70839562444413e-06,Q26,28.314999999999998,28.308400000000002,0.10702584086212599,50
349,7Networks_RH_Cont_PFCl_9,7networks_rh_cont_pfcl,7Networks_RH_Cont_PFCl,control,lateral prefrontal cortex,R,235.0,33.036740357567616,114613.0,-8.70839562444413e-06,Q26,28.314999999999998,28.308400000000002,0.10702584086212599,50
350,7Networks_RH_Cont_PFCl_10,7networks_rh_cont_pfcl,7Networks_RH_Cont_PFCl,control,lateral prefrontal cortex,R,242.0,34.31956506006661,89190.0,-8.70839562444413e-06,Q26,28.314999999999998,28.308400000000002,0.10702584086212599,50
351,7Networks_RH_Cont_PFCl_11,7networks_rh_cont_pfcl,7Networks_RH_Cont_PFCl,control,lateral prefrontal cortex,R,248.0,42.24344616662577,41344.0,-8.70839562444413e-06,Q26,28.314999999999998,28.308400000000002,0.10702584086212599,50
352,7Networks_RH_Cont_PFCl_12,7networks_rh_cont_pfcl,7Networks_RH_Cont_PFCl,control,lateral prefrontal cortex,R,191.0,17.028406394935406,135054.0,-8.70839562444413e-06,Q26,28.314999999999998,28.308400000000002,0.10702584086212599,50
353,7Networks_RH_Cont_PFCl_13,7networks_rh_cont_pfcl,7Networks_RH_Cont_PFCl,control,lateral prefrontal cortex,R,212.0,32.196018268547014,149549.0,-8.70839562444413e-06,Q26,28.314999999999998,28.308400000000002,0.10702584086212599,50
354,7Networks_RH_Cont_PFCl_14,7networks_rh_cont_pfcl,7Networks_RH_Cont_PFCl,control,lateral prefrontal cortex,R,225.0,28.498929719899063,106062.0,-8.70839562444413e-06,Q26,28.314999999999998,28.308400000000002,0.10702584086212599,50
355,7Networks_RH_Cont_PFCl_15,7networks_rh_cont_pfcl,7Networks_RH_Cont_PFCl,control,lateral prefrontal cortex,R,200.0,30.335166638348223,47081.0,-8.70839562444413e-06,Q26,28.314999999999998,28.308400000000002,0.10702584086212599,50
356,7Networks_RH_Cont_pCun_1,7networks_rh_cont_pcun,7Networks_RH_Cont_pCun,control,precuneus,R,195.0,24.269063666169505,45747.0,-8.70839562444413e-06,Q26,28.314999999999998,28.308400000000002,0.10702584086212599,50
357,7Networks_RH_Cont_pCun_2,7networks_rh_cont_pcun,7Networks_RH_Cont_pCun,control,precuneus,R,202.0,22.313987898582194,158839.0,-8.70839562444413e-06,Q26,28.314999999999998,28.308400000000002,0.10702584086212599,50
358,7Networks_RH_Cont_Cing_1,7networks_rh_cont_cing,7Networks_RH_Cont_Cing,control,cingulate,R,216.0,29.912467827093845,82893.0,-8.70839562444413e-06,Q26,28.314999999999998,28.308400000000002,0.10702584086212599,50
359,7Networks_RH_Cont_Cing_2,7networks_rh_cont_cing,7Networks_RH_Cont_Cing,control,cingulate,R,281.0,54.99175083539428,27466.0,-8.70839562444413e-06,Q26,28.314999999999998,28.308400000000002,0.10702584086212599,50
360,7Networks_RH_Cont_PFCmp_1,7networks_rh_cont_pfcmp,7Networks_RH_Cont_PFCmp,control,medial posterior prefrontal cortex,R,224.0,31.946948372318438,179896.0,-8.70839562444413e-06,Q26,28.314999999999998,28.308400000000002,0.10702584086212599,50
361,7Networks_RH_Cont_PFCmp_2,7networks_rh_cont_pfcmp,7Networks_RH_Cont_PFCmp,control,medial posterior prefrontal cortex,R,267.0,49.587280610671684,59861.0,-8.70839562444413e-06,Q26,28.314999999999998,28.308400000000002,0.10702584086212599,50
362,7Networks_RH_Default_Par_1,7networks_rh_default_par,7Networks_RH_Default_Par,default,parietal,R,197.0,21.03992287942004,120955.0,-8.70839562444413e-06,Q26,28.314999999999998,28.308400000000002,0.10702584086212599,50
363,7Networks_RH_Default_Par_2,7networks_rh_default_par,7Networks_RH_Default_Par,default,parietal,R,311.0,64.7709134902805,34221.0,-8.70839562444413e-06,Q26,28.314999999999998,28.308400000000002,0.10702584086212599,50
364,7Networks_RH_Default_Par_3,7networks_rh_default_par,7Networks_RH_Default_Par,default,parietal,R,268.0,50.018013366308594,23167.0,-8.70839562444413e-06,Q26,28.314999999999998,28.308400000000002,0.10702584086212599,50
365,7Networks_RH_Default_Par_4,7networks_rh_default_par,7Networks_RH_Default_Par,default,parietal,R,238.0,39.011209386622376,138518.0,-8.70839562444413e-06,Q26,28.314999999999998,28.308400000000002,0.10702584086212599,50
366,7Networks_RH_Default_Par_5,7networks_rh_default_par,7Networks_RH_Default_Par,default,parietal,R,290.0,58.46740923936636,13160.0,-8.70839562444413e-06,Q26,28.314999999999998,28.308400000000002,0.10702584086212599,50
367,7Networks_RH_Default_Temp_1,7networks_rh_default_temp,7Networks_RH_Default_Temp,default,temporal,R,212.0,27.709008571050997,92645.0,-8.70839562444413e-06,Q26,28.314999999999998,28.308400000000002,0.10702584086212599,50
368,7Networks_RH_Default_Temp_2,7networks_rh_default_temp,7Networks_RH_Default_Temp,default,temporal,R,229.0,34.36138134254626,80262.0,-8.70839562444413e-06,Q26,28.314999999999998,28.308400000000002,0.10702584086212599,50
369,7Networks_RH_Default_Temp_3,7networks_rh_default_temp,7Networks_RH_Default_Temp,default,temporal,R,261.0,47.726633817264165,31935.0,-8.70839562444413e-06,Q26,28.314999999999998,28.308400000000002,0.10702584086212599,50
370,7Networks_RH_Default_Temp_4,7networks_rh_default_temp,7Networks_RH_Default_Temp,default,temporal,R,280.0,51.88250423203512,37254.0,-8.70839562444413e-06,Q26,28.314999999999998,28.308400000000002,0.10702584086212599,50
371,7Networks_RH_Default_Temp_5,7networks_rh_default_temp,7Networks_RH_Default_Temp,default,temporal,R,291.0,59.86825895020362,1849.0,-8.70839562444413e-06,Q26,28.314999999999998,28.308400000000002,0.10702584086212599,50
372,7Networks_RH_Default_Temp_6,7networks_rh_default_temp,7Networks_RH_Default_Temp,default,temporal,R,269.0,52.34243409667283,126000.0,-8.70839562444413e-06,Q26,28.314999999999998,28.308400000000002,0.10702584086212599,50
373,7Networks_RH_Default_Temp_7,7networks_rh_default_temp,7Networks_RH_Default_Temp,default,temporal,R,232.0,35.77779440175696,184927.0,-8.70839562444413e-06,Q26,28.314999999999998,28.308400000000002,0.10702584086212599,50
374,7Networks_RH_Default_Temp_8,7networks_rh_default_temp,7Networks_RH_Default_Temp,default,temporal,R,264.0,47.94283307217431,145903.0,-8.70839562444413e-06,Q26,28.314999999999998,28.308400000000002,0.10702584086212599,50
375,7Networks_RH_Default_PFCv_1,7networks_rh_default_pfcv,7Networks_RH_Default_PFCv,default,ventral prefrontal cortex,R,261.0,41.60603371783495,39494.0,-8.70839562444413e-06,Q26,28.314999999999998,28.308400000000002,0.10702584086212599,50
376,7Networks_RH_Default_PFCv_2,7networks_rh_default_pfcv,7Networks_RH_Default_PFCv,default,ventral prefrontal cortex,R,232.0,36.63567243733751,185926.0,-8.70839562444413e-06,Q26,28.314999999999998,28.308400000000002,0.10702584086212599,50
377,7Networks_RH_Default_PFCv_3,7networks_rh_default_pfcv,7Networks_RH_Default_PFCv,default,ventral prefrontal cortex,R,240.0,40.90923386005652,13539.0,-8.70839562444413e-06,Q26,28.314999999999998,28.308400000000002,0.10702584086212599,50
378,7Networks_RH_Default_PFCv_4,7networks_rh_default_pfcv,7Networks_RH_Default_PFCv,default,ventral prefrontal cortex,R,172.0,7.369877664294211,128674.0,-8.70839562444413e-06,Q26,28.314999999999998,28.308400000000002,0.10702584086212599,50
379,7Networks_RH_Default_PFCdPFCm_1,7networks_rh_default_pfcdpfcm,7Networks_RH_Default_PFCdPFCm,default,dorsal prefrontal cortex medial prefrontal cortex,R,329.0,73.96000176203691,273.0,-8.70839562444413e-06,Q26,28.314999999999998,28.308400000000002,0.10702584086212599,50
380,7Networks_RH_Default_PFCdPFCm_2,7networks_rh_default_pfcdpfcm,7Networks_RH_Default_PFCdPFCm,default,dorsal prefrontal cortex medial prefrontal cortex,R,296.0,58.511879589948826,20257.0,-8.70839562444413e-06,Q26,28.314999999999998,28.308400000000002,0.10702584086212599,50
381,7Networks_RH_Default_PFCdPFCm_3,7networks_rh_default_pfcdpfcm,7Networks_RH_Default_PFCdPFCm,default,dorsal prefrontal cortex medial prefrontal cortex,R,176.0,13.717733013649488,101001.0,-8.70839562444413e-06,Q26,28.314999999999998,28.308400000000002,0.10702584086212599,50
382,7Networks_RH_Default_PFCdPFCm_4,7networks_rh_default_pfcdpfcm,7Networks_RH_Default_PFCdPFCm,default,dorsal prefrontal cortex medial prefrontal cortex,R,265.0,56.135870037191545,31548.0,-8.70839562444413e-06,Q26,28.314999999999998,28.308400000000002,0.10702584086212599,50
383,7Networks_RH_Default_PFCdPFCm_5,7networks_rh_default_pfcdpfcm,7Networks_RH_Default_PFCdPFCm,default,dorsal prefrontal cortex medial prefrontal cortex,R,221.0,31.614639537591195,105182.0,-8.70839562444413e-06,Q26,28.314999999999998,28.308400000000002,0.10702584086212599,50
384,7Networks_RH_Default_PFCdPFCm_6,7networks_rh_default_pfcdpfcm,7Networks_RH_Default_PFCdPFCm,default,dorsal prefrontal cortex medial prefrontal cortex,R,188.0,19.984629217089235,175879.0,-8.70839562444413e-06,Q26,28.314999999999998,28.308400000000002,0.10702584086212599,50
385,7Networks_RH_Default_PFCdPFCm_7,7networks_rh_default_pfcdpfcm,7Networks_RH_Default_PFCdPFCm,default,dorsal prefrontal cortex medial prefrontal cortex,R,208.0,33.201971908097214,155778.0,-8.70839562444413e-06,Q26,28.314999999999998,28.308400000000002,0.10702584086212599,50
386,7Networks_RH_Default_PFCdPFCm_8,7networks_rh_default_pfcdpfcm,7Networks_RH_Default_PFCdPFCm,default,dorsal prefrontal cortex medial prefrontal cortex,R,223.0,31.040444882856008,158874.0,-8.70839562444413e-06,Q26,28.314999999999998,28.308400000000002,0.10702584086212599,50
387,7Networks_RH_Default_PFCdPFCm_9,7networks_rh_default_pfcdpfcm,7Networks_RH_Default_PFCdPFCm,default,dorsal prefrontal cortex medial prefrontal cortex,R,223.0,30.07513325404167,81207.0,-8.70839562444413e-06,Q26,28.314999999999998,28.308400000000002,0.10702584086212599,50
388,7Networks_RH_Default_PFCdPFCm_10,7networks_rh_default_pfcdpfcm,7Networks_RH_Default_PFCdPFCm,default,dorsal prefrontal cortex medial prefrontal cortex,R,262.0,51.128572687169275,80442.0,-8.70839562444413e-06,Q26,28.314999999999998,28.308400000000002,0.10702584086212599,50
389,7Networks_RH_Default_PFCdPFCm_11,7networks_rh_default_pfcdpfcm,7Networks_RH_Default_PFCdPFCm,default,dorsal prefrontal cortex medial prefrontal cortex,R,184.0,21.107862775082314,123869.0,-8.70839562444413e-06,Q26,28.314999999999998,28.308400000000002,0.10702584086212599,50
390,7Networks_RH_Default_PFCdPFCm_12,7networks_rh_default_pfcdpfcm,7Networks_RH_Default_PFCdPFCm,default,dorsal prefrontal cortex medial prefrontal cortex,R,249.0,44.872602371198234,31478.0,-8.70839562444413e-06,Q26,28.314999999999998,28.308400000000002,0.10702584086212599,50
391,7Networks_RH_Default_PFCdPFCm_13,7networks_rh_default_pfcdpfcm,7Networks_RH_Default_PFCdPFCm,default,dorsal prefrontal cortex medial prefrontal cortex,R,221.0,29.84530527289545,71623.0,-8.70839562444413e-06,Q26,28.314999999999998,28.308400000000002,0.10702584086212599,50
392,7Networks_RH_Default_pCunPCC_1,7networks_rh_default_pcunpcc,7Networks_RH_Default_pCunPCC,default,precuneus posterior cingulate cortex,R,265.0,44.43896398522406,77107.0,-8.70839562444413e-06,Q26,28.314999999999998,28.308400000000002,0.10702584086212599,50
393,7Networks_RH_Default_pCunPCC_2,7networks_rh_default_pcunpcc,7Networks_RH_Default_pCunPCC,default,precuneus posterior cingulate cortex,R,180.0,16.133788473761385,118188.0,-8.70839562444413e-06,Q26,28.314999999999998,28.308400000000002,0.10702584086212599,50
394,7Networks_RH_Default_pCunPCC_3,7networks_rh_default_pcunpcc,7Networks_RH_Default_pCunPCC,default,precuneus posterior cingulate cortex,R,299.0,56.66434109258876,82071.0,-8.70839562444413e-06,Q26,28.314999999999998,28.308400000000002,0.10702584086212599,50
395,7Networks_RH_Default_pCunPCC_4,7networks_rh_default_pcunpcc,7Networks_RH_Default_pCunPCC,default,precuneus posterior cingulate cortex,R,159.0,12.225716299470763,75305.0,-8.70839562444413e-06,Q26,28.314999999999998,28.308400000000002,0.10702584086212599,50
396,7Networks_RH_Default_pCunPCC_5,7networks_rh_default_pcunpcc,7Networks_RH_Default_pCunPCC,default,precuneus posterior cingulate cortex,R,217.0,34.067078857444905,57813.0,-8.70839562444413e-06,Q26,28.314999999999998,28.308400000000002,0.10702584086212599,50
397,7Networks_RH_Default_pCunPCC_6,7networks_rh_default_pcunpcc,7Networks_RH_Default_pCunPCC,default,precuneus posterior cingulate cortex,R,179.0,18.801294153183953,172545.0,-8.70839562444413e-06,Q26,28.314999999999998,28.308400000000002,0.10702584086212599,50
398,7Networks_RH_Default_pCunPCC_7,7networks_rh_default_pcunpcc,7Networks_RH_Default_pCunPCC,default,precuneus posterior cingulate cortex,R,260.0,40.6926828270624,60553.0,-8.70839562444413e-06,Q26,28.314999999999998,28.308400000000002,0.10702584086212599,50
399,7Networks_RH_Default_pCunPCC_8,7networks_rh_default_pcunpcc,7Networks_RH_Default_pCunPCC,default,precuneus posterior cingulate cortex,R,200.0,24.49548902817368,81068.0,-8.70839562444413e-06,Q26,28.314999999999998,28.308400000000002,0.10702584086212599,50
400,7Networks_RH_Default_pCunPCC_9,7networks_rh_default_pcunpcc,7Networks_RH_Default_pCunPCC,default,precuneus posterior cingulate cortex,R,246.0,42.71314731257904,27410.0,-8.70839562444413e-06,Q26,28.314999999999998,28.308400000000002,0.10702584086212599,50
401,HIP-head-m1-rh,HIP-head-m1,"Hippocampus head, medial division",subcortex,Hippocampus head,R,155.0,11.373022270888002,102162.0,-8.70839562444413e-06,Q26,28.314999999999998,28.308400000000002,0.10702584086212599,50
402,HIP-head-m2-rh,HIP-head-m2,"Hippocampus head, medial division",subcortex,Hippocampus head,R,202.0,23.112110857293903,76379.0,-8.70839562444413e-06,Q26,28.314999999999998,28.308400000000002,0.10702584086212599,50
403,THA-VAip-rh,THA-VAip,"Thalamus, inferior ventro-anterior part, posterior division",subcortex,Thalamus,R,223.0,40.116688849452835,47148.0,-8.70839562444413e-06,Q26,28.314999999999998,28.308400000000002,0.10702584086212599,50
404,THA-VAia-rh,THA-VAia,"Thalamus, inferior ventro-anterior part, anterior division",subcortex,Thalamus,R,238.0,43.572590257194456,73661.0,-8.70839562444413e-06,Q26,28.314999999999998,28.308400000000002,0.10702584086212599,50
405,HIP-head-l-rh,HIP-head-l,"Hippocampus head, lateral division",subcortex,Hippocampus head,R,210.0,27.976037241908784,55525.0,-8.70839562444413e-06,Q26,28.314999999999998,28.308400000000002,0.10702584086212599,50
406,HIP-body-rh,HIP-body,Hippocampus body,subcortex,Hippocampus body,R,146.0,0.06537424405469958,156111.0,-8.70839562444413e-06,Q26,28.314999999999998,28.308400000000002,0.10702584086212599,50
407,HIP-tail-rh,HIP-tail,Hippocampus tail,subcortex,Hippocampus tail,R,103.0,-9.105078756757095,191802.0,-8.70839562444413e-06,Q26,28.314999999999998,28.308400000000002,0.10702584086212599,50
408,THA-VPm-rh,THA-VPm,"Thalamus, medial ventro-posterior part",subcortex,Thalamus,R,233.0,40.92324032295618,75650.0,-8.70839562444413e-06,Q26,28.314999999999998,28.308400000000002,0.10702584086212599,50
409,THA-VPl-rh,THA-VPl,"Thalamus, lateral ventro-posterior part",subcortex,Thalamus,R,195.0,22.59962226333642,165005.0,-8.70839562444413e-06,Q26,28.314999999999998,28.308400000000002,0.10702584086212599,50
410,THA-VAs-rh,THA-VAs,"Thalamus, superior ventro-anterior part",subcortex,Thalamus,R,207.0,34.18821732208146,41264.0,-8.70839562444413e-06,Q26,28.314999999999998,28.308400000000002,0.10702584086212599,50
411,THA-DAm-rh,THA-DAm,"Thalamus, medial dorso-anterior part",subcortex,Thalamus,R,250.0,46.42812069323566,161127.0,-8.70839562444413e-06,Q26,28.314999999999998,28.308400000000002,0.10702584086212599,50
412,THA-DAl-rh,THA-DAl,"Thalamus, lateral dorso-anterior part",subcortex,Thalamus,R,216.0,30.00866450187847,168067.0,-8.70839562444413e-06,Q26,28.314999999999998,28.308400000000002,0.10702584086212599,50
413,PUT-VA-rh,PUT-VA,"Putamen, ventro-anterior part",subcortex,Putamen,R,284.0,55.16972002492023,101927.0,-8.70839562444413e-06,Q26,28.314999999999998,28.308400000000002,0.10702584086212599,50
414,PUT-DA-rh,PUT-DA,"Putamen, dorso-anterior part",subcortex,Putamen,R,223.0,31.983234061432174,134549.0,-8.70839562444413e-06,Q26,28.314999999999998,28.308400000000002,0.10702584086212599,50
415,PUT-VP-rh,PUT-VP,"Putamen, ventro-posterior part",subcortex,Putamen,R,172.0,10.614611848439655,122221.0,-8.70839562444413e-06,Q26,28.314999999999998,28.308400000000002,0.10702584086212599,50
416,PUT-DP-rh,PUT-DP,"Putamen, dorso-posterior part",subcortex,Putamen,R,198.0,23.63934691360356,67832.0,-8.70839562444413e-06,Q26,28.314999999999998,28.308400000000002,0.10702584086212599,50
417,CAU-VA-rh,CAU-VA,"Caudate, ventro-anterior part",subcortex,Caudate,R,197.0,29.607341715594657,83940.0,-8.70839562444413e-06,Q26,28.314999999999998,28.308400000000002,0.10702584086212599,50
418,CAU-DA-rh,CAU-DA,"Caudate, dorso-anterior part",subcortex,Caudate,R,226.0,35.95642451245067,77550.0,-8.70839562444413e-06,Q26,28.314999999999998,28.308400000000002,0.10702584086212599,50
419,CAU-body-rh,CAU-body,Caudate body,subcortex,Caudate body,R,162.0,12.97841961021226,174879.0,-8.70839562444413e-06,Q26,28.314999999999998,28.308400000000002,0.10702584086212599,50
420,CAU-tail-rh,CAU-tail,Caudate tail,subcortex,Caudate tail,R,133.0,0.5119584096358228,179538.0,-8.70839562444413e-06,Q26,28.314999999999998,28.308400000000002,0.10702584086212599,50
421,lAMY-rh,lAMY,"Amygdala, lateral nucleus",subcortex,Amygdala,R,199.0,30.392265129918744,70099.0,-8.70839562444413e-06,Q26,28.314999999999998,28.308400000000002,0.10702584086212599,50
422,mAMY-rh,mAMY,"Amygdala, medial nucleus",subcortex,Amygdala,R,149.0,12.729272624868635,77068.0,-8.70839562444413e-06,Q26,28.314999999999998,28.308400000000002,0.10702584086212599,50
423,THA-DP-rh,THA-DP,"Thalamus, dorso-posterior part",subcortex,Thalamus,R,229.0,38.825062615240334,111675.0,-8.70839562444413e-06,Q26,28.314999999999998,28.308400000000002,0.10702584086212599,50
424,NAc-shell-rh,NAc-shell,"Nucleus Accumbens, shell",subcortex,Nucleus Accumbens,R,328.0,72.28199214005674,595.0,-8.70839562444413e-06,Q26,28.314999999999998,28.308400000000002,0.10702584086212599,50
425,NAc-core-rh,NAc-core,"Nucleus Accumbens, core",subcortex,Nucleus Accumbens,R,254.0,46.02293448369177,96666.0,-8.70839562444413e-06,Q26,28.314999999999998,28.308400000000002,0.10702584086212599,50
426,pGP-rh,pGP,"Pallidum, posterior part",subcortex,Pallidum,R,120.0,-5.534989805357842,186996.0,-8.70839562444413e-06,Q26,28.314999999999998,28.308400000000002,0.10702584086212599,50
427,aGP-rh,aGP,"Pallidum, anterior part",subcortex,Pallidum,R,174.0,9.04562542870987,191732.0,-8.70839562444413e-06,Q26,28.314999999999998,28.308400000000002,0.10702584086212599,50
428,HIP-head-m1-lh,HIP-head-m1,"Hippocampus head, medial division",subcortex,Hippocampus head,L,172.0,19.13764576135726,63480.0,-8.70839562444413e-06,Q26,28.314999999999998,28.308400000000002,0.10702584086212599,50
429,HIP-head-m2-lh,HIP-head-m2,"Hippocampus head, medial division",subcortex,Hippocampus head,L,163.0,8.495132844997384,100864.0,-8.70839562444413e-06,Q26,28.314999999999998,28.308400000000002,0.10702584086212599,50
430,THA-VAip-lh,THA-VAip,"Thalamus, inferior ventro-anterior part, posterior division",subcortex,Thalamus,L,218.0,39.58855100782219,110861.0,-8.70839562444413e-06,Q26,28.314999999999998,28.308400000000002,0.10702584086212599,50
431,THA-VAia-lh,THA-VAia,"Thalamus, inferior ventro-anterior part, anterior division",subcortex,Thalamus,L,197.0,30.2960284946541,128259.0,-8.70839562444413e-06,Q26,28.314999999999998,28.308400000000002,0.10702584086212599,50
432,HIP-head-l-lh,HIP-head-l,"Hippocampus head, lateral division",subcortex,Hippocampus head,L,161.0,16.5508917165386,174974.0,-8.70839562444413e-06,Q26,28.314999999999998,28.308400000000002,0.10702584086212599,50
433,HIP-body-lh,HIP-body,Hippocampus body,subcortex,Hippocampus body,L,133.0,-6.319131945099964,153721.0,-8.70839562444413e-06,Q26,28.314999999999998,28.308400000000002,0.10702584086212599,50
434,HIP-tail-lh,HIP-tail,Hippocampus tail,subcortex,Hippocampus tail,L,147.0,0.7744087736852354,175257.0,-8.70839562444413e-06,Q26,28.314999999999998,28.308400000000002,0.10702584086212599,50
435,THA-VPm-lh,THA-VPm,"Thalamus, medial ventro-posterior part",subcortex,Thalamus,L,243.0,44.66825863555413,147336.0,-8.70839562444413e-06,Q26,28.314999999999998,28.308400000000002,0.10702584086212599,50
436,THA-VPl-lh,THA-VPl,"Thalamus, lateral ventro-posterior part",subcortex,Thalamus,L,198.0,25.755992341432417,190854.0,-8.70839562444413e-06,Q26,28.314999999999998,28.308400000000002,0.10702584086212599,50
437,THA-VAs-lh,THA-VAs,"Thalamus, superior ventro-anterior part",subcortex,Thalamus,L,249.0,45.13038365207317,92645.0,-8.70839562444413e-06,Q26,28.314999999999998,28.308400000000002,0.10702584086212599,50
438,THA-DAm-lh,THA-DAm,"Thalamus, medial dorso-anterior part",subcortex,Thalamus,L,242.0,46.864933734825996,82914.0,-8.70839562444413e-06,Q26,28.314999999999998,28.308400000000002,0.10702584086212599,50
439,THA-DAl-lh,THA-DAl,"Thalamus, lateral dorso-anterior part",subcortex,Thalamus,L,252.0,47.94928448715283,62543.0,-8.70839562444413e-06,Q26,28.314999999999998,28.308400000000002,0.10702584086212599,50
440,PUT-VA-lh,PUT-VA,"Putamen, ventro-anterior part",subcortex,Putamen,L,296.0,59.89661610250022,2445.0,-8.70839562444413e-06,Q26,28.314999999999998,28.308400000000002,0.10702584086212599,50
441,PUT-DA-lh,PUT-DA,"Putamen, dorso-anterior part",subcortex,Putamen,L,255.0,41.67649505685715,72542.0,-8.70839562444413e-06,Q26,28.314999999999998,28.308400000000002,0.10702584086212599,50
442,PUT-VP-lh,PUT-VP,"Putamen, ventro-posterior part",subcortex,Putamen,L,189.0,20.00927743900521,134201.0,-8.70839562444413e-06,Q26,28.314999999999998,28.308400000000002,0.10702584086212599,50
443,PUT-DP-lh,PUT-DP,"Putamen, dorso-posterior part",subcortex,Putamen,L,189.0,19.150358228397756,154959.0,-8.70839562444413e-06,Q26,28.314999999999998,28.308400000000002,0.10702584086212599,50
444,CAU-VA-lh,CAU-VA,"Caudate, ventro-anterior part",subcortex,Caudate,L,201.0,24.834451597475237,101128.0,-8.70839562444413e-06,Q26,28.314999999999998,28.308400000000002,0.10702584086212599,50
445,CAU-DA-lh,CAU-DA,"Caudate, dorso-anterior part",subcortex,Caudate,L,189.0,22.73180759815489,153643.0,-8.70839562444413e-06,Q26,28.314999999999998,28.308400000000002,0.10702584086212599,50
446,CAU-body-lh,CAU-body,Caudate body,subcortex,Caudate body,L,164.0,9.558745209462138,121016.0,-8.70839562444413e-06,Q26,28.314999999999998,28.308400000000002,0.10702584086212599,50
447,CAU-tail-lh,CAU-tail,Caudate tail,subcortex,Caudate tail,L,170.0,15.93781346951362,134295.0,-8.70839562444413e-06,Q26,28.314999999999998,28.308400000000002,0.10702584086212599,50
448,lAMY-lh,lAMY,"Amygdala, lateral nucleus",subcortex,Amygdala,L,199.0,27.148305455392133,77240.0,-8.70839562444413e-06,Q26,28.314999999999998,28.308400000000002,0.10702584086212599,50
449,mAMY-lh,mAMY,"Amygdala, medial nucleus",subcortex,Amygdala,L,205.0,29.39167752207266,97722.0,-8.70839562444413e-06,Q26,28.314999999999998,28.308400000000002,0.10702584086212599,50
450,THA-DP-lh,THA-DP,"Thalamus, dorso-posterior part",subcortex,Thalamus,L,239.0,40.90400973525398,105724.0,-8.70839562444413e-06,Q26,28.314999999999998,28.308400000000002,0.10702584086212599,50
451,NAc-shell-lh,NAc-shell,"Nucleus Accumbens, shell",subcortex,Nucleus Accumbens,L,245.0,41.64136224332468,66411.0,-8.70839562444413e-06,Q26,28.314999999999998,28.308400000000002,0.10702584086212599,50
452,NAc-core-lh,NAc-core,"Nucleus Accumbens, core",subcortex,Nucleus Accumbens,L,211.0,29.275146626643263,160903.0,-8.70839562444413e-06,Q26,28.314999999999998,28.308400000000002,0.10702584086212599,50
453,pGP-lh,pGP,"Pallidum, posterior part",subcortex,Pallidum,L,135.0,-2.0828544368718838,174985.0,-8.70839562444413e-06,Q26,28.314999999999998,28.308400000000002,0.10702584086212599,50
454,aGP-lh,aGP,"Pallidum, anterior part",subcortex,Pallidum,L,208.0,19.51909277124356,186268.0,-8.70839562444413e-06,Q26,28.314999999999998,28.308400000000002,0.10702584086212599,50
