index,name,base_name,Label Name,network,component,hemisphere,degree,strength,betweenness,global_efficiency,group,median_age,mean_age,sd_age,n_participants
1,7Networks_LH_Vis_1,7networks_lh_vis,7Networks_LH_Vis,visual,visual,L,277.0,56.59248805905338,102895.0,-9.491030299422367e-06,Q32,30.729999999999997,30.72520833333333,0.148596119523992,48
2,7Networks_LH_Vis_2,7networks_lh_vis,7Networks_LH_Vis,visual,visual,L,117.0,3.580981328701691,145146.0,-9.491030299422367e-06,Q32,30.729999999999997,30.72520833333333,0.148596119523992,48
3,7Networks_LH_Vis_3,7networks_lh_vis,7Networks_LH_Vis,visual,visual,L,297.0,68.53180633955711,40667.0,-9.491030299422367e-06,Q32,30.729999999999997,30.72520833333333,0.148596119523992,48
4,7Networks_LH_Vis_4,7networks_lh_vis,7Networks_LH_Vis,visual,visual,L,148.0,13.543638732088597,159407.0,-9.491030299422367e-06,Q32,30.729999999999997,30.72520833333333,0.148596119523992,48
5,7Networks_LH_Vis_5,7networks_lh_vis,7Networks_LH_Vis,visual,visual,L,172.0,21.626899696048632,151666.0,-9.491030299422367e-06,Q32,30.729999999999997,30.72520833333333,0.148596119523992,48
6,7Networks_LH_Vis_6,7networks_lh_vis,7Networks_LH_Vis,visual,visual,L,206.0,33.54689535388622,152285.0,-9.491030299422367e-06,Q32,30.729999999999997,30.72520833333333,0.148596119523992,48
7,7Networks_LH_Vis_7,7networks_lh_vis,7Networks_LH_Vis,visual,visual,L,229.0,41.44116369952239,129560.0,-9.491030299422367e-06,Q32,30.729999999999997,30.72520833333333,0.148596119523992,48
8,7Networks_LH_Vis_8,7networks_lh_vis,7Networks_LH_Vis,visual,visual,L,207.0,41.00249674337816,157461.0,-9.491030299422367e-06,Q32,30.729999999999997,30.72520833333333,0.148596119523992,48
9,7Networks_LH_Vis_9,7networks_lh_vis,7Networks_LH_Vis,visual,visual,L,182.0,30.790599218410797,101227.0,-9.491030299422367e-06,Q32,30.729999999999997,30.72520833333333,0.148596119523992,48
10,7Networks_LH_Vis_10,7networks_lh_vis,7Networks_LH_Vis,visual,visual,L,134.0,10.511072514112035,155724.0,-9.491030299422367e-06,Q32,30.729999999999997,30.72520833333333,0.148596119523992,48
11,7Networks_LH_Vis_11,7networks_lh_vis,7Networks_LH_Vis,visual,visual,L,152.0,20.61799826313504,136445.0,-9.491030299422367e-06,Q32,30.729999999999997,30.72520833333333,0.148596119523992,48
12,7Networks_LH_Vis_12,7networks_lh_vis,7Networks_LH_Vis,visual,visual,L,133.0,10.504125054277038,152347.0,-9.491030299422367e-06,Q32,30.729999999999997,30.72520833333333,0.148596119523992,48
13,7Networks_LH_Vis_13,7networks_lh_vis,7Networks_LH_Vis,visual,visual,L,260.0,57.51020408163268,54268.0,-9.491030299422367e-06,Q32,30.729999999999997,30.72520833333333,0.148596119523992,48
14,7Networks_LH_Vis_14,7networks_lh_vis,7Networks_LH_Vis,visual,visual,L,114.0,4.070017368649585,140923.0,-9.491030299422367e-06,Q32,30.729999999999997,30.72520833333333,0.148596119523992,48
15,7Networks_LH_Vis_15,7networks_lh_vis,7Networks_LH_Vis,visual,visual,L,127.0,7.208315240990021,126851.0,-9.491030299422367e-06,Q32,30.729999999999997,30.72520833333333,0.148596119523992,48
16,7Networks_LH_Vis_16,7networks_lh_vis,7Networks_LH_Vis,visual,visual,L,245.0,55.39947894051245,74193.0,-9.491030299422367e-06,Q32,30.729999999999997,30.72520833333333,0.148596119523992,48
17,7Networks_LH_Vis_17,7networks_lh_vis,7Networks_LH_Vis,visual,visual,L,104.0,1.7695397307859309,141287.0,-9.491030299422367e-06,Q32,30.729999999999997,30.72520833333333,0.148596119523992,48
18,7Networks_LH_Vis_18,7networks_lh_vis,7Networks_LH_Vis,visual,visual,L,236.0,51.13265306122459,72528.0,-9.491030299422367e-06,Q32,30.729999999999997,30.72520833333333,0.148596119523992,48
19,7Networks_LH_Vis_19,7networks_lh_vis,7Networks_LH_Vis,visual,visual,L,138.0,15.43410768562745,140374.0,-9.491030299422367e-06,Q32,30.729999999999997,30.72520833333333,0.148596119523992,48
20,7Networks_LH_Vis_20,7networks_lh_vis,7Networks_LH_Vis,visual,visual,L,208.0,43.91337386018239,56582.0,-9.491030299422367e-06,Q32,30.729999999999997,30.72520833333333,0.148596119523992,48
21,7Networks_LH_Vis_21,7networks_lh_vis,7Networks_LH_Vis,visual,visual,L,206.0,43.72894051237517,148235.0,-9.491030299422367e-06,Q32,30.729999999999997,30.72520833333333,0.148596119523992,48
22,7Networks_LH_Vis_22,7networks_lh_vis,7Networks_LH_Vis,visual,visual,L,239.0,53.59910985670871,79175.0,-9.491030299422367e-06,Q32,30.729999999999997,30.72520833333333,0.148596119523992,48
23,7Networks_LH_Vis_23,7networks_lh_vis,7Networks_LH_Vis,visual,visual,L,224.0,44.741207121146374,87662.0,-9.491030299422367e-06,Q32,30.729999999999997,30.72520833333333,0.148596119523992,48
24,7Networks_LH_Vis_24,7networks_lh_vis,7Networks_LH_Vis,visual,visual,L,147.0,17.764546244029532,188403.0,-9.491030299422367e-06,Q32,30.729999999999997,30.72520833333333,0.148596119523992,48
25,7Networks_LH_Vis_25,7networks_lh_vis,7Networks_LH_Vis,visual,visual,L,296.0,70.84324793747295,45790.5,-9.491030299422367e-06,Q32,30.729999999999997,30.72520833333333,0.148596119523992,48
26,7Networks_LH_Vis_26,7networks_lh_vis,7Networks_LH_Vis,visual,visual,L,303.0,74.91673903603991,491.0,-9.491030299422367e-06,Q32,30.729999999999997,30.72520833333333,0.148596119523992,48
27,7Networks_LH_Vis_27,7networks_lh_vis,7Networks_LH_Vis,visual,visual,L,245.0,50.45570994355191,104708.0,-9.491030299422367e-06,Q32,30.729999999999997,30.72520833333333,0.148596119523992,48
28,7Networks_LH_Vis_28,7networks_lh_vis,7Networks_LH_Vis,visual,visual,L,181.0,29.638732088580092,165961.0,-9.491030299422367e-06,Q32,30.729999999999997,30.72520833333333,0.148596119523992,48
29,7Networks_LH_Vis_29,7networks_lh_vis,7Networks_LH_Vis,visual,visual,L,132.0,9.229483282674757,156781.0,-9.491030299422367e-06,Q32,30.729999999999997,30.72520833333333,0.148596119523992,48
30,7Networks_LH_Vis_30,7networks_lh_vis,7Networks_LH_Vis,visual,visual,L,288.0,65.02095093356492,24380.5,-9.491030299422367e-06,Q32,30.729999999999997,30.72520833333333,0.148596119523992,48
31,7Networks_LH_Vis_31,7networks_lh_vis,7Networks_LH_Vis,visual,visual,L,195.0,38.253039513677805,109230.0,-9.491030299422367e-06,Q32,30.729999999999997,30.72520833333333,0.148596119523992,48
32,7Networks_LH_SomMot_1,7networks_lh_sommot,7Networks_LH_SomMot,somatomotor,somatomotor,L,336.0,92.71526270082504,1004.0,-9.491030299422367e-06,Q32,30.729999999999997,30.72520833333333,0.148596119523992,48
33,7Networks_LH_SomMot_2,7networks_lh_sommot,7Networks_LH_SomMot,somatomotor,somatomotor,L,280.0,69.11235345201915,189586.0,-9.491030299422367e-06,Q32,30.729999999999997,30.72520833333333,0.148596119523992,48
34,7Networks_LH_SomMot_3,7networks_lh_sommot,7Networks_LH_SomMot,somatomotor,somatomotor,L,335.0,87.00976986539294,1.0,-9.491030299422367e-06,Q32,30.729999999999997,30.72520833333333,0.148596119523992,48
35,7Networks_LH_SomMot_4,7networks_lh_sommot,7Networks_LH_SomMot,somatomotor,somatomotor,L,300.0,75.51867129830646,31403.5,-9.491030299422367e-06,Q32,30.729999999999997,30.72520833333333,0.148596119523992,48
36,7Networks_LH_SomMot_5,7networks_lh_sommot,7Networks_LH_SomMot,somatomotor,somatomotor,L,244.0,51.74359531046459,185162.0,-9.491030299422367e-06,Q32,30.729999999999997,30.72520833333333,0.148596119523992,48
37,7Networks_LH_SomMot_6,7networks_lh_sommot,7Networks_LH_SomMot,somatomotor,somatomotor,L,246.0,55.30970473295702,63636.0,-9.491030299422367e-06,Q32,30.729999999999997,30.72520833333333,0.148596119523992,48
38,7Networks_LH_SomMot_7,7networks_lh_sommot,7Networks_LH_SomMot,somatomotor,somatomotor,L,288.0,69.76476335214939,13483.5,-9.491030299422367e-06,Q32,30.729999999999997,30.72520833333333,0.148596119523992,48
39,7Networks_LH_SomMot_8,7networks_lh_sommot,7Networks_LH_SomMot,somatomotor,somatomotor,L,222.0,45.248805905340845,78776.0,-9.491030299422367e-06,Q32,30.729999999999997,30.72520833333333,0.148596119523992,48
40,7Networks_LH_SomMot_9,7networks_lh_sommot,7Networks_LH_SomMot,somatomotor,somatomotor,L,184.0,27.46689101172384,83127.0,-9.491030299422367e-06,Q32,30.729999999999997,30.72520833333333,0.148596119523992,48
41,7Networks_LH_SomMot_10,7networks_lh_sommot,7Networks_LH_SomMot,somatomotor,somatomotor,L,232.0,45.46092053842817,134281.0,-9.491030299422367e-06,Q32,30.729999999999997,30.72520833333333,0.148596119523992,48
42,7Networks_LH_SomMot_11,7networks_lh_sommot,7Networks_LH_SomMot,somatomotor,somatomotor,L,171.0,24.914785062961364,165255.0,-9.491030299422367e-06,Q32,30.729999999999997,30.72520833333333,0.148596119523992,48
43,7Networks_LH_SomMot_12,7networks_lh_sommot,7Networks_LH_SomMot,somatomotor,somatomotor,L,191.0,29.21092053842812,188853.0,-9.491030299422367e-06,Q32,30.729999999999997,30.72520833333333,0.148596119523992,48
44,7Networks_LH_SomMot_13,7networks_lh_sommot,7Networks_LH_SomMot,somatomotor,somatomotor,L,141.0,15.970473295701266,165523.0,-9.491030299422367e-06,Q32,30.729999999999997,30.72520833333333,0.148596119523992,48
45,7Networks_LH_SomMot_14,7networks_lh_sommot,7Networks_LH_SomMot,somatomotor,somatomotor,L,214.0,39.2910334346505,133533.0,-9.491030299422367e-06,Q32,30.729999999999997,30.72520833333333,0.148596119523992,48
46,7Networks_LH_SomMot_15,7networks_lh_sommot,7Networks_LH_SomMot,somatomotor,somatomotor,L,205.0,38.61962657403389,163378.0,-9.491030299422367e-06,Q32,30.729999999999997,30.72520833333333,0.148596119523992,48
47,7Networks_LH_SomMot_16,7networks_lh_sommot,7Networks_LH_SomMot,somatomotor,somatomotor,L,150.0,14.769214068606166,125511.0,-9.491030299422367e-06,Q32,30.729999999999997,30.72520833333333,0.148596119523992,48
48,7Networks_LH_SomMot_17,7networks_lh_sommot,7Networks_LH_SomMot,somatomotor,somatomotor,L,150.0,13.684976118106825,136621.0,-9.491030299422367e-06,Q32,30.729999999999997,30.72520833333333,0.148596119523992,48
49,7Networks_LH_SomMot_18,7networks_lh_sommot,7Networks_LH_SomMot,somatomotor,somatomotor,L,295.0,68.38818931828057,52772.0,-9.491030299422367e-06,Q32,30.729999999999997,30.72520833333333,0.148596119523992,48
50,7Networks_LH_SomMot_19,7networks_lh_sommot,7Networks_LH_SomMot,somatomotor,somatomotor,L,129.0,8.161745549283532,132026.0,-9.491030299422367e-06,Q32,30.729999999999997,30.72520833333333,0.148596119523992,48
51,7Networks_LH_SomMot_20,7networks_lh_sommot,7Networks_LH_SomMot,somatomotor,somatomotor,L,229.0,43.91706469821974,149708.0,-9.491030299422367e-06,Q32,30.729999999999997,30.72520833333333,0.148596119523992,48
52,7Networks_LH_SomMot_21,7networks_lh_sommot,7Networks_LH_SomMot,somatomotor,somatomotor,L,218.0,34.39904472427268,170919.0,-9.491030299422367e-06,Q32,30.729999999999997,30.72520833333333,0.148596119523992,48
53,7Networks_LH_SomMot_22,7networks_lh_sommot,7Networks_LH_SomMot,somatomotor,somatomotor,L,244.0,52.09194528875374,54326.0,-9.491030299422367e-06,Q32,30.729999999999997,30.72520833333333,0.148596119523992,48
54,7Networks_LH_SomMot_23,7networks_lh_sommot,7Networks_LH_SomMot,somatomotor,somatomotor,L,129.0,5.812201476335216,163826.0,-9.491030299422367e-06,Q32,30.729999999999997,30.72520833333333,0.148596119523992,48
55,7Networks_LH_SomMot_24,7networks_lh_sommot,7Networks_LH_SomMot,somatomotor,somatomotor,L,199.0,35.58022145028221,112734.0,-9.491030299422367e-06,Q32,30.729999999999997,30.72520833333333,0.148596119523992,48
56,7Networks_LH_SomMot_25,7networks_lh_sommot,7Networks_LH_SomMot,somatomotor,somatomotor,L,301.0,65.69604863221882,20211.5,-9.491030299422367e-06,Q32,30.729999999999997,30.72520833333333,0.148596119523992,48
57,7Networks_LH_SomMot_26,7networks_lh_sommot,7Networks_LH_SomMot,somatomotor,somatomotor,L,225.0,45.010421189752506,84235.0,-9.491030299422367e-06,Q32,30.729999999999997,30.72520833333333,0.148596119523992,48
58,7Networks_LH_SomMot_27,7networks_lh_sommot,7Networks_LH_SomMot,somatomotor,somatomotor,L,138.0,12.01780286582718,160893.0,-9.491030299422367e-06,Q32,30.729999999999997,30.72520833333333,0.148596119523992,48
59,7Networks_LH_SomMot_28,7networks_lh_sommot,7Networks_LH_SomMot,somatomotor,somatomotor,L,294.0,71.28907946157183,194604.0,-9.491030299422367e-06,Q32,30.729999999999997,30.72520833333333,0.148596119523992,48
60,7Networks_LH_SomMot_29,7networks_lh_sommot,7Networks_LH_SomMot,somatomotor,somatomotor,L,167.0,24.865067303517165,101118.0,-9.491030299422367e-06,Q32,30.729999999999997,30.72520833333333,0.148596119523992,48
61,7Networks_LH_SomMot_30,7networks_lh_sommot,7Networks_LH_SomMot,somatomotor,somatomotor,L,319.0,77.39709075119413,3658.5,-9.491030299422367e-06,Q32,30.729999999999997,30.72520833333333,0.148596119523992,48
62,7Networks_LH_SomMot_31,7networks_lh_sommot,7Networks_LH_SomMot,somatomotor,somatomotor,L,206.0,35.252930959617906,121375.0,-9.491030299422367e-06,Q32,30.729999999999997,30.72520833333333,0.148596119523992,48
63,7Networks_LH_SomMot_32,7networks_lh_sommot,7Networks_LH_SomMot,somatomotor,somatomotor,L,135.0,13.156643508467212,166369.0,-9.491030299422367e-06,Q32,30.729999999999997,30.72520833333333,0.148596119523992,48
64,7Networks_LH_SomMot_33,7networks_lh_sommot,7Networks_LH_SomMot,somatomotor,somatomotor,L,182.0,31.550477637863665,169369.0,-9.491030299422367e-06,Q32,30.729999999999997,30.72520833333333,0.148596119523992,48
65,7Networks_LH_SomMot_34,7networks_lh_sommot,7Networks_LH_SomMot,somatomotor,somatomotor,L,272.0,65.35182370820667,25578.0,-9.491030299422367e-06,Q32,30.729999999999997,30.72520833333333,0.148596119523992,48
66,7Networks_LH_SomMot_35,7networks_lh_sommot,7Networks_LH_SomMot,somatomotor,somatomotor,L,207.0,34.382761615284416,136219.0,-9.491030299422367e-06,Q32,30.729999999999997,30.72520833333333,0.148596119523992,48
67,7Networks_LH_SomMot_36,7networks_lh_sommot,7Networks_LH_SomMot,somatomotor,somatomotor,L,119.0,9.974598349978294,117527.0,-9.491030299422367e-06,Q32,30.729999999999997,30.72520833333333,0.148596119523992,48
68,7Networks_LH_SomMot_37,7networks_lh_sommot,7Networks_LH_SomMot,somatomotor,somatomotor,L,102.0,1.6101823708206657,142317.0,-9.491030299422367e-06,Q32,30.729999999999997,30.72520833333333,0.148596119523992,48
69,7Networks_LH_DorsAttn_Post_1,7networks_lh_dorsattn_post,7Networks_LH_DorsAttn_Post,dorsal attention,posterior,L,206.0,36.08206686930092,156556.0,-9.491030299422367e-06,Q32,30.729999999999997,30.72520833333333,0.148596119523992,48
70,7Networks_LH_DorsAttn_Post_2,7networks_lh_dorsattn_post,7Networks_LH_DorsAttn_Post,dorsal attention,posterior,L,226.0,43.6858445505862,139421.0,-9.491030299422367e-06,Q32,30.729999999999997,30.72520833333333,0.148596119523992,48
71,7Networks_LH_DorsAttn_Post_3,7networks_lh_dorsattn_post,7Networks_LH_DorsAttn_Post,dorsal attention,posterior,L,165.0,20.905775075987822,162884.0,-9.491030299422367e-06,Q32,30.729999999999997,30.72520833333333,0.148596119523992,48
72,7Networks_LH_DorsAttn_Post_4,7networks_lh_dorsattn_post,7Networks_LH_DorsAttn_Post,dorsal attention,posterior,L,116.0,3.2394702561875883,168819.0,-9.491030299422367e-06,Q32,30.729999999999997,30.72520833333333,0.148596119523992,48
73,7Networks_LH_DorsAttn_Post_5,7networks_lh_dorsattn_post,7Networks_LH_DorsAttn_Post,dorsal attention,posterior,L,220.0,39.081958315240996,121197.0,-9.491030299422367e-06,Q32,30.729999999999997,30.72520833333333,0.148596119523992,48
74,7Networks_LH_DorsAttn_Post_6,7networks_lh_dorsattn_post,7Networks_LH_DorsAttn_Post,dorsal attention,posterior,L,211.0,35.85920538428138,103570.0,-9.491030299422367e-06,Q32,30.729999999999997,30.72520833333333,0.148596119523992,48
75,7Networks_LH_DorsAttn_Post_7,7networks_lh_dorsattn_post,7Networks_LH_DorsAttn_Post,dorsal attention,posterior,L,191.0,35.328701693443364,118681.0,-9.491030299422367e-06,Q32,30.729999999999997,30.72520833333333,0.148596119523992,48
76,7Networks_LH_DorsAttn_Post_8,7networks_lh_dorsattn_post,7Networks_LH_DorsAttn_Post,dorsal attention,posterior,L,263.0,56.90935735996527,56582.0,-9.491030299422367e-06,Q32,30.729999999999997,30.72520833333333,0.148596119523992,48
77,7Networks_LH_DorsAttn_Post_9,7networks_lh_dorsattn_post,7Networks_LH_DorsAttn_Post,dorsal attention,posterior,L,169.0,23.594007815892322,152495.0,-9.491030299422367e-06,Q32,30.729999999999997,30.72520833333333,0.148596119523992,48
78,7Networks_LH_DorsAttn_Post_10,7networks_lh_dorsattn_post,7Networks_LH_DorsAttn_Post,dorsal attention,posterior,L,170.0,20.88970907511941,190367.0,-9.491030299422367e-06,Q32,30.729999999999997,30.72520833333333,0.148596119523992,48
79,7Networks_LH_DorsAttn_Post_11,7networks_lh_dorsattn_post,7Networks_LH_DorsAttn_Post,dorsal attention,posterior,L,208.0,39.686170212765894,107588.0,-9.491030299422367e-06,Q32,30.729999999999997,30.72520833333333,0.148596119523992,48
80,7Networks_LH_DorsAttn_Post_12,7networks_lh_dorsattn_post,7Networks_LH_DorsAttn_Post,dorsal attention,posterior,L,146.0,11.054711246200613,170858.0,-9.491030299422367e-06,Q32,30.729999999999997,30.72520833333333,0.148596119523992,48
81,7Networks_LH_DorsAttn_Post_13,7networks_lh_dorsattn_post,7Networks_LH_DorsAttn_Post,dorsal attention,posterior,L,150.0,14.344224924012147,163122.0,-9.491030299422367e-06,Q32,30.729999999999997,30.72520833333333,0.148596119523992,48
82,7Networks_LH_DorsAttn_Post_14,7networks_lh_dorsattn_post,7Networks_LH_DorsAttn_Post,dorsal attention,posterior,L,91.0,-11.203755970473296,188487.0,-9.491030299422367e-06,Q32,30.729999999999997,30.72520833333333,0.148596119523992,48
83,7Networks_LH_DorsAttn_Post_15,7networks_lh_dorsattn_post,7Networks_LH_DorsAttn_Post,dorsal attention,posterior,L,123.0,8.308619192357803,188811.0,-9.491030299422367e-06,Q32,30.729999999999997,30.72520833333333,0.148596119523992,48
84,7Networks_LH_DorsAttn_Post_16,7networks_lh_dorsattn_post,7Networks_LH_DorsAttn_Post,dorsal attention,posterior,L,89.0,-12.032674772036467,190034.0,-9.491030299422367e-06,Q32,30.729999999999997,30.72520833333333,0.148596119523992,48
85,7Networks_LH_DorsAttn_Post_17,7networks_lh_dorsattn_post,7Networks_LH_DorsAttn_Post,dorsal attention,posterior,L,89.0,-6.0708858011289575,188986.0,-9.491030299422367e-06,Q32,30.729999999999997,30.72520833333333,0.148596119523992,48
86,7Networks_LH_DorsAttn_FEF_1,7networks_lh_dorsattn_fef,7Networks_LH_DorsAttn_FEF,dorsal attention,frontal eye fields,L,227.0,45.39882761615284,97877.0,-9.491030299422367e-06,Q32,30.729999999999997,30.72520833333333,0.148596119523992,48
87,7Networks_LH_DorsAttn_FEF_2,7networks_lh_dorsattn_fef,7Networks_LH_DorsAttn_FEF,dorsal attention,frontal eye fields,L,241.0,46.5785931393834,156439.0,-9.491030299422367e-06,Q32,30.729999999999997,30.72520833333333,0.148596119523992,48
88,7Networks_LH_DorsAttn_FEF_3,7networks_lh_dorsattn_fef,7Networks_LH_DorsAttn_FEF,dorsal attention,frontal eye fields,L,220.0,43.74109856708644,78872.0,-9.491030299422367e-06,Q32,30.729999999999997,30.72520833333333,0.148596119523992,48
89,7Networks_LH_DorsAttn_FEF_4,7networks_lh_dorsattn_fef,7Networks_LH_DorsAttn_FEF,dorsal attention,frontal eye fields,L,220.0,42.3384715588363,126397.0,-9.491030299422367e-06,Q32,30.729999999999997,30.72520833333333,0.148596119523992,48
90,7Networks_LH_DorsAttn_PrCv_1,7networks_lh_dorsattn_prcv,7Networks_LH_DorsAttn_PrCv,dorsal attention,precentral ventral,L,234.0,48.82327399044723,127068.0,-9.491030299422367e-06,Q32,30.729999999999997,30.72520833333333,0.148596119523992,48
91,7Networks_LH_DorsAttn_PrCv_2,7networks_lh_dorsattn_prcv,7Networks_LH_DorsAttn_PrCv,dorsal attention,precentral ventral,L,170.0,22.824468085106382,136542.0,-9.491030299422367e-06,Q32,30.729999999999997,30.72520833333333,0.148596119523992,48
92,7Networks_LH_SalVentAttn_ParOper_1,7networks_lh_salventattn_paroper,7Networks_LH_SalVentAttn_ParOper,salience / ventral attention,parietal operculum,L,280.0,68.71656534954415,48980.0,-9.491030299422367e-06,Q32,30.729999999999997,30.72520833333333,0.148596119523992,48
93,7Networks_LH_SalVentAttn_ParOper_2,7networks_lh_salventattn_paroper,7Networks_LH_SalVentAttn_ParOper,salience / ventral attention,parietal operculum,L,228.0,44.65175857577074,98840.0,-9.491030299422367e-06,Q32,30.729999999999997,30.72520833333333,0.148596119523992,48
94,7Networks_LH_SalVentAttn_ParOper_3,7networks_lh_salventattn_paroper,7Networks_LH_SalVentAttn_ParOper,salience / ventral attention,parietal operculum,L,150.0,21.616044290056447,156495.0,-9.491030299422367e-06,Q32,30.729999999999997,30.72520833333333,0.148596119523992,48
95,7Networks_LH_SalVentAttn_ParOper_4,7networks_lh_salventattn_paroper,7Networks_LH_SalVentAttn_ParOper,salience / ventral attention,parietal operculum,L,149.0,14.411528441163686,139193.0,-9.491030299422367e-06,Q32,30.729999999999997,30.72520833333333,0.148596119523992,48
96,7Networks_LH_SalVentAttn_TempOcc_1,7networks_lh_salventattn_tempocc,7Networks_LH_SalVentAttn_TempOcc,salience / ventral attention,temporal occipital,L,242.0,46.963525835866236,137347.0,-9.491030299422367e-06,Q32,30.729999999999997,30.72520833333333,0.148596119523992,48
97,7Networks_LH_SalVentAttn_FrOperIns_1,7networks_lh_salventattn_froperins,7Networks_LH_SalVentAttn_FrOperIns,salience / ventral attention,frontal operculum insula,L,300.0,76.7203647416413,35506.0,-9.491030299422367e-06,Q32,30.729999999999997,30.72520833333333,0.148596119523992,48
98,7Networks_LH_SalVentAttn_FrOperIns_2,7networks_lh_salventattn_froperins,7Networks_LH_SalVentAttn_FrOperIns,salience / ventral attention,frontal operculum insula,L,326.0,91.73664785062967,5.0,-9.491030299422367e-06,Q32,30.729999999999997,30.72520833333333,0.148596119523992,48
99,7Networks_LH_SalVentAttn_FrOperIns_3,7networks_lh_salventattn_froperins,7Networks_LH_SalVentAttn_FrOperIns,salience / ventral attention,frontal operculum insula,L,218.0,42.24652627008252,157004.0,-9.491030299422367e-06,Q32,30.729999999999997,30.72520833333333,0.148596119523992,48
100,7Networks_LH_SalVentAttn_FrOperIns_4,7networks_lh_salventattn_froperins,7Networks_LH_SalVentAttn_FrOperIns,salience / ventral attention,frontal operculum insula,L,351.0,98.79776378636565,65.0,-9.491030299422367e-06,Q32,30.729999999999997,30.72520833333333,0.148596119523992,48
101,7Networks_LH_SalVentAttn_FrOperIns_5,7networks_lh_salventattn_froperins,7Networks_LH_SalVentAttn_FrOperIns,salience / ventral attention,frontal operculum insula,L,249.0,52.822514112027825,74155.0,-9.491030299422367e-06,Q32,30.729999999999997,30.72520833333333,0.148596119523992,48
102,7Networks_LH_SalVentAttn_FrOperIns_6,7networks_lh_salventattn_froperins,7Networks_LH_SalVentAttn_FrOperIns,salience / ventral attention,frontal operculum insula,L,245.0,53.892748588797254,173622.0,-9.491030299422367e-06,Q32,30.729999999999997,30.72520833333333,0.148596119523992,48
103,7Networks_LH_SalVentAttn_FrOperIns_7,7networks_lh_salventattn_froperins,7Networks_LH_SalVentAttn_FrOperIns,salience / ventral attention,frontal operculum insula,L,313.0,79.91066000868433,18099.0,-9.491030299422367e-06,Q32,30.729999999999997,30.72520833333333,0.148596119523992,48
104,7Networks_LH_SalVentAttn_FrOperIns_8,7networks_lh_salventattn_froperins,7Networks_LH_SalVentAttn_FrOperIns,salience / ventral attention,frontal operculum insula,L,316.0,82.44105514546236,94390.0,-9.491030299422367e-06,Q32,30.729999999999997,30.72520833333333,0.148596119523992,48
105,7Networks_LH_SalVentAttn_FrOperIns_9,7networks_lh_salventattn_froperins,7Networks_LH_SalVentAttn_FrOperIns,salience / ventral attention,frontal operculum insula,L,272.0,62.24739470256186,46128.0,-9.491030299422367e-06,Q32,30.729999999999997,30.72520833333333,0.148596119523992,48
106,7Networks_LH_SalVentAttn_PFCl_1,7networks_lh_salventattn_pfcl,7Networks_LH_SalVentAttn_PFCl,salience / ventral attention,lateral prefrontal cortex,L,266.0,57.23067737733393,79777.0,-9.491030299422367e-06,Q32,30.729999999999997,30.72520833333333,0.148596119523992,48
107,7Networks_LH_SalVentAttn_Med_1,7networks_lh_salventattn_med,7Networks_LH_SalVentAttn_Med,salience / ventral attention,medial,L,281.0,62.35334346504561,113202.0,-9.491030299422367e-06,Q32,30.729999999999997,30.72520833333333,0.148596119523992,48
108,7Networks_LH_SalVentAttn_Med_2,7networks_lh_salventattn_med,7Networks_LH_SalVentAttn_Med,salience / ventral attention,medial,L,228.0,43.61495874945725,155003.0,-9.491030299422367e-06,Q32,30.729999999999997,30.72520833333333,0.148596119523992,48
109,7Networks_LH_SalVentAttn_Med_3,7networks_lh_salventattn_med,7Networks_LH_SalVentAttn_Med,salience / ventral attention,medial,L,213.0,39.17455492835436,101569.0,-9.491030299422367e-06,Q32,30.729999999999997,30.72520833333333,0.148596119523992,48
110,7Networks_LH_SalVentAttn_Med_4,7networks_lh_salventattn_med,7Networks_LH_SalVentAttn_Med,salience / ventral attention,medial,L,320.0,80.7002822405558,2819.5,-9.491030299422367e-06,Q32,30.729999999999997,30.72520833333333,0.148596119523992,48
111,7Networks_LH_SalVentAttn_Med_5,7networks_lh_salventattn_med,7Networks_LH_SalVentAttn_Med,salience / ventral attention,medial,L,160.0,19.6217976552323,171297.0,-9.491030299422367e-06,Q32,30.729999999999997,30.72520833333333,0.148596119523992,48
112,7Networks_LH_SalVentAttn_Med_6,7networks_lh_salventattn_med,7Networks_LH_SalVentAttn_Med,salience / ventral attention,medial,L,149.0,14.813287016934437,188501.0,-9.491030299422367e-06,Q32,30.729999999999997,30.72520833333333,0.148596119523992,48
113,7Networks_LH_SalVentAttn_Med_7,7networks_lh_salventattn_med,7Networks_LH_SalVentAttn_Med,salience / ventral attention,medial,L,300.0,70.92184107685623,7800.0,-9.491030299422367e-06,Q32,30.729999999999997,30.72520833333333,0.148596119523992,48
114,7Networks_LH_Limbic_OFC_1,7networks_lh_limbic_ofc,7Networks_LH_Limbic_OFC,limbic,orbital frontal cortex,L,170.0,21.14817629179332,192415.0,-9.491030299422367e-06,Q32,30.729999999999997,30.72520833333333,0.148596119523992,48
115,7Networks_LH_Limbic_OFC_2,7networks_lh_limbic_ofc,7Networks_LH_Limbic_OFC,limbic,orbital frontal cortex,L,304.0,76.21168041684756,157.0,-9.491030299422367e-06,Q32,30.729999999999997,30.72520833333333,0.148596119523992,48
116,7Networks_LH_Limbic_OFC_3,7networks_lh_limbic_ofc,7Networks_LH_Limbic_OFC,limbic,orbital frontal cortex,L,310.0,81.54049066435083,2601.0,-9.491030299422367e-06,Q32,30.729999999999997,30.72520833333333,0.148596119523992,48
117,7Networks_LH_Limbic_OFC_4,7networks_lh_limbic_ofc,7Networks_LH_Limbic_OFC,limbic,orbital frontal cortex,L,290.0,69.73165436387322,29363.0,-9.491030299422367e-06,Q32,30.729999999999997,30.72520833333333,0.148596119523992,48
118,7Networks_LH_Limbic_OFC_5,7networks_lh_limbic_ofc,7Networks_LH_Limbic_OFC,limbic,orbital frontal cortex,L,279.0,67.40165002171081,49944.0,-9.491030299422367e-06,Q32,30.729999999999997,30.72520833333333,0.148596119523992,48
119,7Networks_LH_Limbic_TempPole_1,7networks_lh_limbic_temppole,7Networks_LH_Limbic_TempPole,limbic,temporal pole,L,175.0,31.920212765957444,136979.0,-9.491030299422367e-06,Q32,30.729999999999997,30.72520833333333,0.148596119523992,48
120,7Networks_LH_Limbic_TempPole_2,7networks_lh_limbic_temppole,7Networks_LH_Limbic_TempPole,limbic,temporal pole,L,121.0,8.101389491966994,116802.0,-9.491030299422367e-06,Q32,30.729999999999997,30.72520833333333,0.148596119523992,48
121,7Networks_LH_Limbic_TempPole_3,7networks_lh_limbic_temppole,7Networks_LH_Limbic_TempPole,limbic,temporal pole,L,168.0,20.88384715588363,145707.0,-9.491030299422367e-06,Q32,30.729999999999997,30.72520833333333,0.148596119523992,48
122,7Networks_LH_Limbic_TempPole_4,7networks_lh_limbic_temppole,7Networks_LH_Limbic_TempPole,limbic,temporal pole,L,273.0,60.53072079895787,52743.0,-9.491030299422367e-06,Q32,30.729999999999997,30.72520833333333,0.148596119523992,48
123,7Networks_LH_Limbic_TempPole_5,7networks_lh_limbic_temppole,7Networks_LH_Limbic_TempPole,limbic,temporal pole,L,287.0,65.61951801997397,15509.0,-9.491030299422367e-06,Q32,30.729999999999997,30.72520833333333,0.148596119523992,48
124,7Networks_LH_Limbic_TempPole_6,7networks_lh_limbic_temppole,7Networks_LH_Limbic_TempPole,limbic,temporal pole,L,222.0,42.56914893617019,154315.0,-9.491030299422367e-06,Q32,30.729999999999997,30.72520833333333,0.148596119523992,48
125,7Networks_LH_Limbic_TempPole_7,7networks_lh_limbic_temppole,7Networks_LH_Limbic_TempPole,limbic,temporal pole,L,187.0,34.18171949630918,135318.0,-9.491030299422367e-06,Q32,30.729999999999997,30.72520833333333,0.148596119523992,48
126,7Networks_LH_Limbic_TempPole_8,7networks_lh_limbic_temppole,7Networks_LH_Limbic_TempPole,limbic,temporal pole,L,183.0,31.45505861919236,168225.0,-9.491030299422367e-06,Q32,30.729999999999997,30.72520833333333,0.148596119523992,48
127,7Networks_LH_Cont_Par_1,7networks_lh_cont_par,7Networks_LH_Cont_Par,control,parietal ,L,273.0,63.16684759009991,33193.0,-9.491030299422367e-06,Q32,30.729999999999997,30.72520833333333,0.148596119523992,48
128,7Networks_LH_Cont_Par_2,7networks_lh_cont_par,7Networks_LH_Cont_Par,control,parietal ,L,207.0,38.52561875814157,82364.0,-9.491030299422367e-06,Q32,30.729999999999997,30.72520833333333,0.148596119523992,48
129,7Networks_LH_Cont_Par_3,7networks_lh_cont_par,7Networks_LH_Cont_Par,control,parietal ,L,265.0,58.81404689535391,55247.5,-9.491030299422367e-06,Q32,30.729999999999997,30.72520833333333,0.148596119523992,48
130,7Networks_LH_Cont_Par_4,7networks_lh_cont_par,7Networks_LH_Cont_Par,control,parietal ,L,151.0,17.0954190186713,135065.0,-9.491030299422367e-06,Q32,30.729999999999997,30.72520833333333,0.148596119523992,48
131,7Networks_LH_Cont_Par_5,7networks_lh_cont_par,7Networks_LH_Cont_Par,control,parietal ,L,222.0,37.65555796786803,152335.0,-9.491030299422367e-06,Q32,30.729999999999997,30.72520833333333,0.148596119523992,48
132,7Networks_LH_Cont_Par_6,7networks_lh_cont_par,7Networks_LH_Cont_Par,control,parietal ,L,213.0,39.12505427703001,101278.0,-9.491030299422367e-06,Q32,30.729999999999997,30.72520833333333,0.148596119523992,48
133,7Networks_LH_Cont_Temp_1,7networks_lh_cont_temp,7Networks_LH_Cont_Temp,control,temporal,L,210.0,35.04591836734695,143871.0,-9.491030299422367e-06,Q32,30.729999999999997,30.72520833333333,0.148596119523992,48
134,7Networks_LH_Cont_OFC_1,7networks_lh_cont_ofc,7Networks_LH_Cont_OFC,control,orbital frontal cortex,L,231.0,45.69561441597915,139211.0,-9.491030299422367e-06,Q32,30.729999999999997,30.72520833333333,0.148596119523992,48
135,7Networks_LH_Cont_PFCl_1,7networks_lh_cont_pfcl,7Networks_LH_Cont_PFCl,control,lateral prefrontal cortex,L,159.0,21.4745983499783,189157.0,-9.491030299422367e-06,Q32,30.729999999999997,30.72520833333333,0.148596119523992,48
136,7Networks_LH_Cont_PFCl_2,7networks_lh_cont_pfcl,7Networks_LH_Cont_PFCl,control,lateral prefrontal cortex,L,271.0,59.93823273990449,86680.0,-9.491030299422367e-06,Q32,30.729999999999997,30.72520833333333,0.148596119523992,48
137,7Networks_LH_Cont_PFCl_3,7networks_lh_cont_pfcl,7Networks_LH_Cont_PFCl,control,lateral prefrontal cortex,L,287.0,75.59726443768994,27077.5,-9.491030299422367e-06,Q32,30.729999999999997,30.72520833333333,0.148596119523992,48
138,7Networks_LH_Cont_PFCl_4,7networks_lh_cont_pfcl,7Networks_LH_Cont_PFCl,control,lateral prefrontal cortex,L,229.0,45.98328267477204,107955.0,-9.491030299422367e-06,Q32,30.729999999999997,30.72520833333333,0.148596119523992,48
139,7Networks_LH_Cont_PFCl_5,7networks_lh_cont_pfcl,7Networks_LH_Cont_PFCl,control,lateral prefrontal cortex,L,193.0,28.646330872774634,160470.0,-9.491030299422367e-06,Q32,30.729999999999997,30.72520833333333,0.148596119523992,48
140,7Networks_LH_Cont_PFCl_6,7networks_lh_cont_pfcl,7Networks_LH_Cont_PFCl,control,lateral prefrontal cortex,L,298.0,70.99544072948329,64472.0,-9.491030299422367e-06,Q32,30.729999999999997,30.72520833333333,0.148596119523992,48
141,7Networks_LH_Cont_PFCl_7,7networks_lh_cont_pfcl,7Networks_LH_Cont_PFCl,control,lateral prefrontal cortex,L,222.0,45.27844116369952,86310.0,-9.491030299422367e-06,Q32,30.729999999999997,30.72520833333333,0.148596119523992,48
142,7Networks_LH_Cont_PFCl_8,7networks_lh_cont_pfcl,7Networks_LH_Cont_PFCl,control,lateral prefrontal cortex,L,316.0,78.0851063829787,128.0,-9.491030299422367e-06,Q32,30.729999999999997,30.72520833333333,0.148596119523992,48
143,7Networks_LH_Cont_PFCv_1,7networks_lh_cont_pfcv,7Networks_LH_Cont_PFCv,control,ventral prefrontal cortex,L,255.0,55.5716456795484,48995.0,-9.491030299422367e-06,Q32,30.729999999999997,30.72520833333333,0.148596119523992,48
144,7Networks_LH_Cont_pCun_1,7networks_lh_cont_pcun,7Networks_LH_Cont_pCun,control,precuneus,L,192.0,33.86864958749457,84497.0,-9.491030299422367e-06,Q32,30.729999999999997,30.72520833333333,0.148596119523992,48
145,7Networks_LH_Cont_pCun_2,7networks_lh_cont_pcun,7Networks_LH_Cont_pCun,control,precuneus,L,211.0,37.96222318714723,70284.0,-9.491030299422367e-06,Q32,30.729999999999997,30.72520833333333,0.148596119523992,48
146,7Networks_LH_Cont_Cing_1,7networks_lh_cont_cing,7Networks_LH_Cont_Cing,control,cingulate,L,151.0,15.496851932262267,191042.0,-9.491030299422367e-06,Q32,30.729999999999997,30.72520833333333,0.148596119523992,48
147,7Networks_LH_Cont_Cing_2,7networks_lh_cont_cing,7Networks_LH_Cont_Cing,control,cingulate,L,207.0,38.76899696048632,168969.0,-9.491030299422367e-06,Q32,30.729999999999997,30.72520833333333,0.148596119523992,48
148,7Networks_LH_Cont_PFCmp_1,7networks_lh_cont_pfcmp,7Networks_LH_Cont_PFCmp,control,medial posterior prefrontal cortex,L,297.0,69.83955709943555,51260.0,-9.491030299422367e-06,Q32,30.729999999999997,30.72520833333333,0.148596119523992,48
149,7Networks_LH_Default_Temp_1,7networks_lh_default_temp,7Networks_LH_Default_Temp,default,temporal,L,176.0,24.934867564046872,142154.0,-9.491030299422367e-06,Q32,30.729999999999997,30.72520833333333,0.148596119523992,48
150,7Networks_LH_Default_Temp_2,7networks_lh_default_temp,7Networks_LH_Default_Temp,default,temporal,L,196.0,33.23784194528877,138729.0,-9.491030299422367e-06,Q32,30.729999999999997,30.72520833333333,0.148596119523992,48
151,7Networks_LH_Default_Temp_3,7networks_lh_default_temp,7Networks_LH_Default_Temp,default,temporal,L,179.0,25.886018237082055,179221.0,-9.491030299422367e-06,Q32,30.729999999999997,30.72520833333333,0.148596119523992,48
152,7Networks_LH_Default_Temp_4,7networks_lh_default_temp,7Networks_LH_Default_Temp,default,temporal,L,284.0,69.94778549717762,37133.0,-9.491030299422367e-06,Q32,30.729999999999997,30.72520833333333,0.148596119523992,48
153,7Networks_LH_Default_Temp_5,7networks_lh_default_temp,7Networks_LH_Default_Temp,default,temporal,L,284.0,65.64969604863222,40678.0,-9.491030299422367e-06,Q32,30.729999999999997,30.72520833333333,0.148596119523992,48
154,7Networks_LH_Default_Temp_6,7networks_lh_default_temp,7Networks_LH_Default_Temp,default,temporal,L,211.0,36.35963960052108,76483.0,-9.491030299422367e-06,Q32,30.729999999999997,30.72520833333333,0.148596119523992,48
155,7Networks_LH_Default_Temp_7,7networks_lh_default_temp,7Networks_LH_Default_Temp,default,temporal,L,191.0,33.27605297438124,142418.0,-9.491030299422367e-06,Q32,30.729999999999997,30.72520833333333,0.148596119523992,48
156,7Networks_LH_Default_Temp_8,7networks_lh_default_temp,7Networks_LH_Default_Temp,default,temporal,L,304.0,74.93942683456369,15864.0,-9.491030299422367e-06,Q32,30.729999999999997,30.72520833333333,0.148596119523992,48
157,7Networks_LH_Default_Temp_9,7networks_lh_default_temp,7Networks_LH_Default_Temp,default,temporal,L,283.0,68.54917498914462,132596.0,-9.491030299422367e-06,Q32,30.729999999999997,30.72520833333333,0.148596119523992,48
158,7Networks_LH_Default_Temp_10,7networks_lh_default_temp,7Networks_LH_Default_Temp,default,temporal,L,95.0,-6.769539730785925,174522.0,-9.491030299422367e-06,Q32,30.729999999999997,30.72520833333333,0.148596119523992,48
159,7Networks_LH_Default_Par_1,7networks_lh_default_par,7Networks_LH_Default_Par,default,parietal,L,247.0,51.10442900564484,45453.0,-9.491030299422367e-06,Q32,30.729999999999997,30.72520833333333,0.148596119523992,48
160,7Networks_LH_Default_Par_2,7networks_lh_default_par,7Networks_LH_Default_Par,default,parietal,L,201.0,32.12212331741206,114647.0,-9.491030299422367e-06,Q32,30.729999999999997,30.72520833333333,0.148596119523992,48
161,7Networks_LH_Default_Par_3,7networks_lh_default_par,7Networks_LH_Default_Par,default,parietal,L,151.0,16.427051671732528,138651.0,-9.491030299422367e-06,Q32,30.729999999999997,30.72520833333333,0.148596119523992,48
162,7Networks_LH_Default_Par_4,7networks_lh_default_par,7Networks_LH_Default_Par,default,parietal,L,262.0,58.47633521493703,79311.0,-9.491030299422367e-06,Q32,30.729999999999997,30.72520833333333,0.148596119523992,48
163,7Networks_LH_Default_Par_5,7networks_lh_default_par,7Networks_LH_Default_Par,default,parietal,L,263.0,52.314806773773384,85951.0,-9.491030299422367e-06,Q32,30.729999999999997,30.72520833333333,0.148596119523992,48
164,7Networks_LH_Default_Par_6,7networks_lh_default_par,7Networks_LH_Default_Par,default,parietal,L,239.0,48.97394702561873,41873.5,-9.491030299422367e-06,Q32,30.729999999999997,30.72520833333333,0.148596119523992,48
165,7Networks_LH_Default_Par_7,7networks_lh_default_par,7Networks_LH_Default_Par,default,parietal,L,246.0,49.80764220581848,138825.0,-9.491030299422367e-06,Q32,30.729999999999997,30.72520833333333,0.148596119523992,48
166,7Networks_LH_Default_PFC_1,7networks_lh_default_pfc,7Networks_LH_Default_PFC,default,prefrontal cortex,L,283.0,63.532783326096435,50750.0,-9.491030299422367e-06,Q32,30.729999999999997,30.72520833333333,0.148596119523992,48
167,7Networks_LH_Default_PFC_2,7networks_lh_default_pfc,7Networks_LH_Default_PFC,default,prefrontal cortex,L,215.0,35.32620495006514,116222.0,-9.491030299422367e-06,Q32,30.729999999999997,30.72520833333333,0.148596119523992,48
168,7Networks_LH_Default_PFC_3,7networks_lh_default_pfc,7Networks_LH_Default_PFC,default,prefrontal cortex,L,291.0,70.09715588363011,73819.0,-9.491030299422367e-06,Q32,30.729999999999997,30.72520833333333,0.148596119523992,48
169,7Networks_LH_Default_PFC_4,7networks_lh_default_pfc,7Networks_LH_Default_PFC,default,prefrontal cortex,L,308.0,67.70679548415107,105074.0,-9.491030299422367e-06,Q32,30.729999999999997,30.72520833333333,0.148596119523992,48
170,7Networks_LH_Default_PFC_5,7networks_lh_default_pfc,7Networks_LH_Default_PFC,default,prefrontal cortex,L,211.0,36.310030395136764,145013.0,-9.491030299422367e-06,Q32,30.729999999999997,30.72520833333333,0.148596119523992,48
171,7Networks_LH_Default_PFC_6,7networks_lh_default_pfc,7Networks_LH_Default_PFC,default,prefrontal cortex,L,220.0,42.934759009986955,168784.0,-9.491030299422367e-06,Q32,30.729999999999997,30.72520833333333,0.148596119523992,48
172,7Networks_LH_Default_PFC_7,7networks_lh_default_pfc,7Networks_LH_Default_PFC,default,prefrontal cortex,L,277.0,69.01031263569246,56078.5,-9.491030299422367e-06,Q32,30.729999999999997,30.72520833333333,0.148596119523992,48
173,7Networks_LH_Default_PFC_8,7networks_lh_default_pfc,7Networks_LH_Default_PFC,default,prefrontal cortex,L,261.0,57.674880590534066,36036.0,-9.491030299422367e-06,Q32,30.729999999999997,30.72520833333333,0.148596119523992,48
174,7Networks_LH_Default_PFC_9,7networks_lh_default_pfc,7Networks_LH_Default_PFC,default,prefrontal cortex,L,336.0,87.83271819366054,19.0,-9.491030299422367e-06,Q32,30.729999999999997,30.72520833333333,0.148596119523992,48
175,7Networks_LH_Default_PFC_10,7networks_lh_default_pfc,7Networks_LH_Default_PFC,default,prefrontal cortex,L,301.0,76.80633955709934,106011.0,-9.491030299422367e-06,Q32,30.729999999999997,30.72520833333333,0.148596119523992,48
176,7Networks_LH_Default_PFC_11,7networks_lh_default_pfc,7Networks_LH_Default_PFC,default,prefrontal cortex,L,281.0,66.20353886235345,45483.5,-9.491030299422367e-06,Q32,30.729999999999997,30.72520833333333,0.148596119523992,48
177,7Networks_LH_Default_PFC_12,7networks_lh_default_pfc,7Networks_LH_Default_PFC,default,prefrontal cortex,L,333.0,86.93920972644375,64.0,-9.491030299422367e-06,Q32,30.729999999999997,30.72520833333333,0.148596119523992,48
178,7Networks_LH_Default_PFC_13,7networks_lh_default_pfc,7Networks_LH_Default_PFC,default,prefrontal cortex,L,267.0,60.19963091619627,68441.0,-9.491030299422367e-06,Q32,30.729999999999997,30.72520833333333,0.148596119523992,48
179,7Networks_LH_Default_PFC_14,7networks_lh_default_pfc,7Networks_LH_Default_PFC,default,prefrontal cortex,L,210.0,43.727529309596164,62519.0,-9.491030299422367e-06,Q32,30.729999999999997,30.72520833333333,0.148596119523992,48
180,7Networks_LH_Default_PFC_15,7networks_lh_default_pfc,7Networks_LH_Default_PFC,default,prefrontal cortex,L,281.0,68.25987841945287,40144.0,-9.491030299422367e-06,Q32,30.729999999999997,30.72520833333333,0.148596119523992,48
181,7Networks_LH_Default_PFC_16,7networks_lh_default_pfc,7Networks_LH_Default_PFC,default,prefrontal cortex,L,235.0,48.967542336083376,48707.0,-9.491030299422367e-06,Q32,30.729999999999997,30.72520833333333,0.148596119523992,48
182,7Networks_LH_Default_PFC_17,7networks_lh_default_pfc,7Networks_LH_Default_PFC,default,prefrontal cortex,L,263.0,59.03419452887534,56964.0,-9.491030299422367e-06,Q32,30.729999999999997,30.72520833333333,0.148596119523992,48
183,7Networks_LH_Default_PFC_18,7networks_lh_default_pfc,7Networks_LH_Default_PFC,default,prefrontal cortex,L,273.0,65.99468085106386,38258.0,-9.491030299422367e-06,Q32,30.729999999999997,30.72520833333333,0.148596119523992,48
184,7Networks_LH_Default_PFC_19,7networks_lh_default_pfc,7Networks_LH_Default_PFC,default,prefrontal cortex,L,205.0,39.12679114198872,46724.0,-9.491030299422367e-06,Q32,30.729999999999997,30.72520833333333,0.148596119523992,48
185,7Networks_LH_Default_PFC_20,7networks_lh_default_pfc,7Networks_LH_Default_PFC,default,prefrontal cortex,L,217.0,45.27290490664351,151991.0,-9.491030299422367e-06,Q32,30.729999999999997,30.72520833333333,0.148596119523992,48
186,7Networks_LH_Default_PFC_21,7networks_lh_default_pfc,7Networks_LH_Default_PFC,default,prefrontal cortex,L,232.0,45.2248154580981,142016.0,-9.491030299422367e-06,Q32,30.729999999999997,30.72520833333333,0.148596119523992,48
187,7Networks_LH_Default_PFC_22,7networks_lh_default_pfc,7Networks_LH_Default_PFC,default,prefrontal cortex,L,203.0,38.58706035605731,127630.0,-9.491030299422367e-06,Q32,30.729999999999997,30.72520833333333,0.148596119523992,48
188,7Networks_LH_Default_PFC_23,7networks_lh_default_pfc,7Networks_LH_Default_PFC,default,prefrontal cortex,L,220.0,44.08434650455922,79985.0,-9.491030299422367e-06,Q32,30.729999999999997,30.72520833333333,0.148596119523992,48
189,7Networks_LH_Default_PFC_24,7networks_lh_default_pfc,7Networks_LH_Default_PFC,default,prefrontal cortex,L,241.0,48.64828484585321,107021.0,-9.491030299422367e-06,Q32,30.729999999999997,30.72520833333333,0.148596119523992,48
190,7Networks_LH_Default_pCunPCC_1,7networks_lh_default_pcunpcc,7Networks_LH_Default_pCunPCC,default,precuneus posterior cingulate cortex,L,316.0,78.14003473729919,23564.0,-9.491030299422367e-06,Q32,30.729999999999997,30.72520833333333,0.148596119523992,48
191,7Networks_LH_Default_pCunPCC_2,7networks_lh_default_pcunpcc,7Networks_LH_Default_pCunPCC,default,precuneus posterior cingulate cortex,L,335.0,90.34379070777247,0.0,-9.491030299422367e-06,Q32,30.729999999999997,30.72520833333333,0.148596119523992,48
192,7Networks_LH_Default_pCunPCC_3,7networks_lh_default_pcunpcc,7Networks_LH_Default_pCunPCC,default,precuneus posterior cingulate cortex,L,253.0,54.055688232739875,74033.0,-9.491030299422367e-06,Q32,30.729999999999997,30.72520833333333,0.148596119523992,48
193,7Networks_LH_Default_pCunPCC_4,7networks_lh_default_pcunpcc,7Networks_LH_Default_pCunPCC,default,precuneus posterior cingulate cortex,L,230.0,43.73577941815021,79182.0,-9.491030299422367e-06,Q32,30.729999999999997,30.72520833333333,0.148596119523992,48
194,7Networks_LH_Default_pCunPCC_5,7networks_lh_default_pcunpcc,7Networks_LH_Default_pCunPCC,default,precuneus posterior cingulate cortex,L,286.0,71.31024750325658,2618.0,-9.491030299422367e-06,Q32,30.729999999999997,30.72520833333333,0.148596119523992,48
195,7Networks_LH_Default_pCunPCC_6,7networks_lh_default_pcunpcc,7Networks_LH_Default_pCunPCC,default,precuneus posterior cingulate cortex,L,285.0,63.490230134607046,25444.5,-9.491030299422367e-06,Q32,30.729999999999997,30.72520833333333,0.148596119523992,48
196,7Networks_LH_Default_pCunPCC_7,7networks_lh_default_pcunpcc,7Networks_LH_Default_pCunPCC,default,precuneus posterior cingulate cortex,L,229.0,43.95321320017365,69421.0,-9.491030299422367e-06,Q32,30.729999999999997,30.72520833333333,0.148596119523992,48
197,7Networks_LH_Default_pCunPCC_8,7networks_lh_default_pcunpcc,7Networks_LH_Default_pCunPCC,default,precuneus posterior cingulate cortex,L,222.0,40.397633521493695,92356.0,-9.491030299422367e-06,Q32,30.729999999999997,30.72520833333333,0.148596119523992,48
198,7Networks_LH_Default_pCunPCC_9,7networks_lh_default_pcunpcc,7Networks_LH_Default_pCunPCC,default,precuneus posterior cingulate cortex,L,206.0,37.14915327833257,149100.0,-9.491030299422367e-06,Q32,30.729999999999997,30.72520833333333,0.148596119523992,48
199,7Networks_LH_Default_pCunPCC_10,7networks_lh_default_pcunpcc,7Networks_LH_Default_pCunPCC,default,precuneus posterior cingulate cortex,L,237.0,46.4255319148936,110650.0,-9.491030299422367e-06,Q32,30.729999999999997,30.72520833333333,0.148596119523992,48
200,7Networks_LH_Default_pCunPCC_11,7networks_lh_default_pcunpcc,7Networks_LH_Default_pCunPCC,default,precuneus posterior cingulate cortex,L,231.0,49.502171081198476,54286.0,-9.491030299422367e-06,Q32,30.729999999999997,30.72520833333333,0.148596119523992,48
201,7Networks_RH_Vis_1,7networks_rh_vis,7Networks_RH_Vis,visual,visual,R,171.0,22.367672600955284,137935.0,-9.491030299422367e-06,Q32,30.729999999999997,30.72520833333333,0.148596119523992,48
202,7Networks_RH_Vis_2,7networks_rh_vis,7Networks_RH_Vis,visual,visual,R,141.0,13.216239687364304,108946.0,-9.491030299422367e-06,Q32,30.729999999999997,30.72520833333333,0.148596119523992,48
203,7Networks_RH_Vis_3,7networks_rh_vis,7Networks_RH_Vis,visual,visual,R,201.0,29.78430308293533,100690.0,-9.491030299422367e-06,Q32,30.729999999999997,30.72520833333333,0.148596119523992,48
204,7Networks_RH_Vis_4,7networks_rh_vis,7Networks_RH_Vis,visual,visual,R,146.0,11.591945288753802,168846.0,-9.491030299422367e-06,Q32,30.729999999999997,30.72520833333333,0.148596119523992,48
205,7Networks_RH_Vis_5,7networks_rh_vis,7Networks_RH_Vis,visual,visual,R,253.0,57.58033000434213,52447.0,-9.491030299422367e-06,Q32,30.729999999999997,30.72520833333333,0.148596119523992,48
206,7Networks_RH_Vis_6,7networks_rh_vis,7Networks_RH_Vis,visual,visual,R,212.0,42.59433347807207,86374.0,-9.491030299422367e-06,Q32,30.729999999999997,30.72520833333333,0.148596119523992,48
207,7Networks_RH_Vis_7,7networks_rh_vis,7Networks_RH_Vis,visual,visual,R,202.0,36.140686061658705,96168.0,-9.491030299422367e-06,Q32,30.729999999999997,30.72520833333333,0.148596119523992,48
208,7Networks_RH_Vis_8,7networks_rh_vis,7Networks_RH_Vis,visual,visual,R,275.0,63.01671732522805,41527.0,-9.491030299422367e-06,Q32,30.729999999999997,30.72520833333333,0.148596119523992,48
209,7Networks_RH_Vis_9,7networks_rh_vis,7Networks_RH_Vis,visual,visual,R,262.0,55.874620060790186,50825.0,-9.491030299422367e-06,Q32,30.729999999999997,30.72520833333333,0.148596119523992,48
210,7Networks_RH_Vis_10,7networks_rh_vis,7Networks_RH_Vis,visual,visual,R,220.0,41.28679982631347,118861.0,-9.491030299422367e-06,Q32,30.729999999999997,30.72520833333333,0.148596119523992,48
211,7Networks_RH_Vis_11,7networks_rh_vis,7Networks_RH_Vis,visual,visual,R,256.0,56.247611810681775,64833.0,-9.491030299422367e-06,Q32,30.729999999999997,30.72520833333333,0.148596119523992,48
212,7Networks_RH_Vis_12,7networks_rh_vis,7Networks_RH_Vis,visual,visual,R,225.0,39.55384281372126,74735.0,-9.491030299422367e-06,Q32,30.729999999999997,30.72520833333333,0.148596119523992,48
213,7Networks_RH_Vis_13,7networks_rh_vis,7Networks_RH_Vis,visual,visual,R,164.0,22.222752930959622,151389.0,-9.491030299422367e-06,Q32,30.729999999999997,30.72520833333333,0.148596119523992,48
214,7Networks_RH_Vis_14,7networks_rh_vis,7Networks_RH_Vis,visual,visual,R,272.0,64.38102475032566,37338.5,-9.491030299422367e-06,Q32,30.729999999999997,30.72520833333333,0.148596119523992,48
215,7Networks_RH_Vis_15,7networks_rh_vis,7Networks_RH_Vis,visual,visual,R,214.0,44.55243161094224,97453.0,-9.491030299422367e-06,Q32,30.729999999999997,30.72520833333333,0.148596119523992,48
216,7Networks_RH_Vis_16,7networks_rh_vis,7Networks_RH_Vis,visual,visual,R,311.0,82.67922275293098,17646.0,-9.491030299422367e-06,Q32,30.729999999999997,30.72520833333333,0.148596119523992,48
217,7Networks_RH_Vis_17,7networks_rh_vis,7Networks_RH_Vis,visual,visual,R,206.0,43.44420321320018,172105.0,-9.491030299422367e-06,Q32,30.729999999999997,30.72520833333333,0.148596119523992,48
218,7Networks_RH_Vis_18,7networks_rh_vis,7Networks_RH_Vis,visual,visual,R,253.0,61.25499348675633,43809.0,-9.491030299422367e-06,Q32,30.729999999999997,30.72520833333333,0.148596119523992,48
219,7Networks_RH_Vis_19,7networks_rh_vis,7Networks_RH_Vis,visual,visual,R,250.0,54.729374728614864,47160.0,-9.491030299422367e-06,Q32,30.729999999999997,30.72520833333333,0.148596119523992,48
220,7Networks_RH_Vis_20,7networks_rh_vis,7Networks_RH_Vis,visual,visual,R,246.0,54.963417281806336,133412.0,-9.491030299422367e-06,Q32,30.729999999999997,30.72520833333333,0.148596119523992,48
221,7Networks_RH_Vis_21,7networks_rh_vis,7Networks_RH_Vis,visual,visual,R,216.0,47.095310464611416,111621.0,-9.491030299422367e-06,Q32,30.729999999999997,30.72520833333333,0.148596119523992,48
222,7Networks_RH_Vis_22,7networks_rh_vis,7Networks_RH_Vis,visual,visual,R,223.0,45.51823708206686,122681.0,-9.491030299422367e-06,Q32,30.729999999999997,30.72520833333333,0.148596119523992,48
223,7Networks_RH_Vis_23,7networks_rh_vis,7Networks_RH_Vis,visual,visual,R,296.0,67.51519756838904,175930.0,-9.491030299422367e-06,Q32,30.729999999999997,30.72520833333333,0.148596119523992,48
224,7Networks_RH_Vis_24,7networks_rh_vis,7Networks_RH_Vis,visual,visual,R,258.0,54.91228831958316,194651.0,-9.491030299422367e-06,Q32,30.729999999999997,30.72520833333333,0.148596119523992,48
225,7Networks_RH_Vis_25,7networks_rh_vis,7Networks_RH_Vis,visual,visual,R,251.0,57.56806339557097,67146.0,-9.491030299422367e-06,Q32,30.729999999999997,30.72520833333333,0.148596119523992,48
226,7Networks_RH_Vis_26,7networks_rh_vis,7Networks_RH_Vis,visual,visual,R,339.0,91.29548415110727,0.0,-9.491030299422367e-06,Q32,30.729999999999997,30.72520833333333,0.148596119523992,48
227,7Networks_RH_Vis_27,7networks_rh_vis,7Networks_RH_Vis,visual,visual,R,328.0,84.14339991315678,1773.0,-9.491030299422367e-06,Q32,30.729999999999997,30.72520833333333,0.148596119523992,48
228,7Networks_RH_Vis_28,7networks_rh_vis,7Networks_RH_Vis,visual,visual,R,255.0,54.91272253582283,148765.0,-9.491030299422367e-06,Q32,30.729999999999997,30.72520833333333,0.148596119523992,48
229,7Networks_RH_Vis_29,7networks_rh_vis,7Networks_RH_Vis,visual,visual,R,242.0,45.89285714285714,49680.0,-9.491030299422367e-06,Q32,30.729999999999997,30.72520833333333,0.148596119523992,48
230,7Networks_RH_Vis_30,7networks_rh_vis,7Networks_RH_Vis,visual,visual,R,241.0,52.665327833260996,72510.0,-9.491030299422367e-06,Q32,30.729999999999997,30.72520833333333,0.148596119523992,48
231,7Networks_RH_SomMot_1,7networks_rh_sommot,7Networks_RH_SomMot,somatomotor,somatomotor,R,303.0,77.67542336083375,36502.0,-9.491030299422367e-06,Q32,30.729999999999997,30.72520833333333,0.148596119523992,48
232,7Networks_RH_SomMot_2,7networks_rh_sommot,7Networks_RH_SomMot,somatomotor,somatomotor,R,312.0,81.36300477637863,552.0,-9.491030299422367e-06,Q32,30.729999999999997,30.72520833333333,0.148596119523992,48
233,7Networks_RH_SomMot_3,7networks_rh_sommot,7Networks_RH_SomMot,somatomotor,somatomotor,R,312.0,81.35573165436396,0.0,-9.491030299422367e-06,Q32,30.729999999999997,30.72520833333333,0.148596119523992,48
234,7Networks_RH_SomMot_4,7networks_rh_sommot,7Networks_RH_SomMot,somatomotor,somatomotor,R,335.0,96.37972210160667,160441.0,-9.491030299422367e-06,Q32,30.729999999999997,30.72520833333333,0.148596119523992,48
235,7Networks_RH_SomMot_5,7networks_rh_sommot,7Networks_RH_SomMot,somatomotor,somatomotor,R,254.0,59.12537993920975,156953.0,-9.491030299422367e-06,Q32,30.729999999999997,30.72520833333333,0.148596119523992,48
236,7Networks_RH_SomMot_6,7networks_rh_sommot,7Networks_RH_SomMot,somatomotor,somatomotor,R,330.0,86.72915762049503,162.0,-9.491030299422367e-06,Q32,30.729999999999997,30.72520833333333,0.148596119523992,48
237,7Networks_RH_SomMot_7,7networks_rh_sommot,7Networks_RH_SomMot,somatomotor,somatomotor,R,327.0,86.90034737299177,188534.0,-9.491030299422367e-06,Q32,30.729999999999997,30.72520833333333,0.148596119523992,48
238,7Networks_RH_SomMot_8,7networks_rh_sommot,7Networks_RH_SomMot,somatomotor,somatomotor,R,256.0,58.07435953104647,26415.0,-9.491030299422367e-06,Q32,30.729999999999997,30.72520833333333,0.148596119523992,48
239,7Networks_RH_SomMot_9,7networks_rh_sommot,7Networks_RH_SomMot,somatomotor,somatomotor,R,257.0,60.2744246634824,51362.0,-9.491030299422367e-06,Q32,30.729999999999997,30.72520833333333,0.148596119523992,48
240,7Networks_RH_SomMot_10,7networks_rh_sommot,7Networks_RH_SomMot,somatomotor,somatomotor,R,341.0,96.54049066435077,0.0,-9.491030299422367e-06,Q32,30.729999999999997,30.72520833333333,0.148596119523992,48
241,7Networks_RH_SomMot_11,7networks_rh_sommot,7Networks_RH_SomMot,somatomotor,somatomotor,R,257.0,61.46016066000868,68352.0,-9.491030299422367e-06,Q32,30.729999999999997,30.72520833333333,0.148596119523992,48
242,7Networks_RH_SomMot_12,7networks_rh_sommot,7Networks_RH_SomMot,somatomotor,somatomotor,R,217.0,42.89437689969603,99283.0,-9.491030299422367e-06,Q32,30.729999999999997,30.72520833333333,0.148596119523992,48
243,7Networks_RH_SomMot_13,7networks_rh_sommot,7Networks_RH_SomMot,somatomotor,somatomotor,R,298.0,76.09954407294839,23506.0,-9.491030299422367e-06,Q32,30.729999999999997,30.72520833333333,0.148596119523992,48
244,7Networks_RH_SomMot_14,7networks_rh_sommot,7Networks_RH_SomMot,somatomotor,somatomotor,R,247.0,55.316217976552345,57686.0,-9.491030299422367e-06,Q32,30.729999999999997,30.72520833333333,0.148596119523992,48
245,7Networks_RH_SomMot_15,7networks_rh_sommot,7Networks_RH_SomMot,somatomotor,somatomotor,R,276.0,59.54895788102477,46485.0,-9.491030299422367e-06,Q32,30.729999999999997,30.72520833333333,0.148596119523992,48
246,7Networks_RH_SomMot_16,7networks_rh_sommot,7Networks_RH_SomMot,somatomotor,somatomotor,R,176.0,27.873643074250953,122587.0,-9.491030299422367e-06,Q32,30.729999999999997,30.72520833333333,0.148596119523992,48
247,7Networks_RH_SomMot_17,7networks_rh_sommot,7Networks_RH_SomMot,somatomotor,somatomotor,R,163.0,21.88970907511941,160848.0,-9.491030299422367e-06,Q32,30.729999999999997,30.72520833333333,0.148596119523992,48
248,7Networks_RH_SomMot_18,7networks_rh_sommot,7Networks_RH_SomMot,somatomotor,somatomotor,R,180.0,28.38949196699955,103574.0,-9.491030299422367e-06,Q32,30.729999999999997,30.72520833333333,0.148596119523992,48
249,7Networks_RH_SomMot_19,7networks_rh_sommot,7Networks_RH_SomMot,somatomotor,somatomotor,R,198.0,36.84465914025185,136733.0,-9.491030299422367e-06,Q32,30.729999999999997,30.72520833333333,0.148596119523992,48
250,7Networks_RH_SomMot_20,7networks_rh_sommot,7Networks_RH_SomMot,somatomotor,somatomotor,R,221.0,45.78603994789406,53462.0,-9.491030299422367e-06,Q32,30.729999999999997,30.72520833333333,0.148596119523992,48
251,7Networks_RH_SomMot_21,7networks_rh_sommot,7Networks_RH_SomMot,somatomotor,somatomotor,R,224.0,42.21971341728183,116142.0,-9.491030299422367e-06,Q32,30.729999999999997,30.72520833333333,0.148596119523992,48
252,7Networks_RH_SomMot_22,7networks_rh_sommot,7Networks_RH_SomMot,somatomotor,somatomotor,R,251.0,51.65023881893185,61940.0,-9.491030299422367e-06,Q32,30.729999999999997,30.72520833333333,0.148596119523992,48
253,7Networks_RH_SomMot_23,7networks_rh_sommot,7Networks_RH_SomMot,somatomotor,somatomotor,R,81.0,-12.807425097698664,166591.0,-9.491030299422367e-06,Q32,30.729999999999997,30.72520833333333,0.148596119523992,48
254,7Networks_RH_SomMot_24,7networks_rh_sommot,7Networks_RH_SomMot,somatomotor,somatomotor,R,219.0,41.9087060356058,139061.0,-9.491030299422367e-06,Q32,30.729999999999997,30.72520833333333,0.148596119523992,48
255,7Networks_RH_SomMot_25,7networks_rh_sommot,7Networks_RH_SomMot,somatomotor,somatomotor,R,185.0,30.510638297872337,101973.0,-9.491030299422367e-06,Q32,30.729999999999997,30.72520833333333,0.148596119523992,48
256,7Networks_RH_SomMot_26,7networks_rh_sommot,7Networks_RH_SomMot,somatomotor,somatomotor,R,230.0,42.98708206686932,174072.0,-9.491030299422367e-06,Q32,30.729999999999997,30.72520833333333,0.148596119523992,48
257,7Networks_RH_SomMot_27,7networks_rh_sommot,7Networks_RH_SomMot,somatomotor,somatomotor,R,160.0,25.49630916196267,168077.0,-9.491030299422367e-06,Q32,30.729999999999997,30.72520833333333,0.148596119523992,48
258,7Networks_RH_SomMot_28,7networks_rh_sommot,7Networks_RH_SomMot,somatomotor,somatomotor,R,252.0,55.29114198871036,70075.0,-9.491030299422367e-06,Q32,30.729999999999997,30.72520833333333,0.148596119523992,48
259,7Networks_RH_SomMot_29,7networks_rh_sommot,7Networks_RH_SomMot,somatomotor,somatomotor,R,229.0,47.0854320451585,76764.0,-9.491030299422367e-06,Q32,30.729999999999997,30.72520833333333,0.148596119523992,48
260,7Networks_RH_SomMot_30,7networks_rh_sommot,7Networks_RH_SomMot,somatomotor,somatomotor,R,272.0,60.54114198871038,46744.0,-9.491030299422367e-06,Q32,30.729999999999997,30.72520833333333,0.148596119523992,48
261,7Networks_RH_SomMot_31,7networks_rh_sommot,7Networks_RH_SomMot,somatomotor,somatomotor,R,211.0,40.902844116369984,104636.0,-9.491030299422367e-06,Q32,30.729999999999997,30.72520833333333,0.148596119523992,48
262,7Networks_RH_SomMot_32,7networks_rh_sommot,7Networks_RH_SomMot,somatomotor,somatomotor,R,211.0,38.021276595744716,74519.0,-9.491030299422367e-06,Q32,30.729999999999997,30.72520833333333,0.148596119523992,48
263,7Networks_RH_SomMot_33,7networks_rh_sommot,7Networks_RH_SomMot,somatomotor,somatomotor,R,150.0,20.428897090751203,141844.0,-9.491030299422367e-06,Q32,30.729999999999997,30.72520833333333,0.148596119523992,48
264,7Networks_RH_SomMot_34,7networks_rh_sommot,7Networks_RH_SomMot,somatomotor,somatomotor,R,203.0,34.38753799392096,180861.0,-9.491030299422367e-06,Q32,30.729999999999997,30.72520833333333,0.148596119523992,48
265,7Networks_RH_SomMot_35,7networks_rh_sommot,7Networks_RH_SomMot,somatomotor,somatomotor,R,158.0,18.951476335214934,107834.0,-9.491030299422367e-06,Q32,30.729999999999997,30.72520833333333,0.148596119523992,48
266,7Networks_RH_SomMot_36,7networks_rh_sommot,7Networks_RH_SomMot,somatomotor,somatomotor,R,207.0,39.035280069474595,77354.0,-9.491030299422367e-06,Q32,30.729999999999997,30.72520833333333,0.148596119523992,48
267,7Networks_RH_SomMot_37,7networks_rh_sommot,7Networks_RH_SomMot,somatomotor,somatomotor,R,108.0,-3.5277898393399907,189127.0,-9.491030299422367e-06,Q32,30.729999999999997,30.72520833333333,0.148596119523992,48
268,7Networks_RH_SomMot_38,7networks_rh_sommot,7Networks_RH_SomMot,somatomotor,somatomotor,R,179.0,28.260963960052102,116778.0,-9.491030299422367e-06,Q32,30.729999999999997,30.72520833333333,0.148596119523992,48
269,7Networks_RH_SomMot_39,7networks_rh_sommot,7Networks_RH_SomMot,somatomotor,somatomotor,R,148.0,13.015848892748611,169469.0,-9.491030299422367e-06,Q32,30.729999999999997,30.72520833333333,0.148596119523992,48
270,7Networks_RH_SomMot_40,7networks_rh_sommot,7Networks_RH_SomMot,somatomotor,somatomotor,R,89.0,-8.100846721667395,149032.0,-9.491030299422367e-06,Q32,30.729999999999997,30.72520833333333,0.148596119523992,48
271,7Networks_RH_DorsAttn_Post_1,7networks_rh_dorsattn_post,7Networks_RH_DorsAttn_Post,dorsal attention,posterior,R,181.0,28.09216239687363,134819.0,-9.491030299422367e-06,Q32,30.729999999999997,30.72520833333333,0.148596119523992,48
272,7Networks_RH_DorsAttn_Post_2,7networks_rh_dorsattn_post,7Networks_RH_DorsAttn_Post,dorsal attention,posterior,R,117.0,6.013026487190617,107290.0,-9.491030299422367e-06,Q32,30.729999999999997,30.72520833333333,0.148596119523992,48
273,7Networks_RH_DorsAttn_Post_3,7networks_rh_dorsattn_post,7Networks_RH_DorsAttn_Post,dorsal attention,posterior,R,178.0,31.634715588362987,85232.0,-9.491030299422367e-06,Q32,30.729999999999997,30.72520833333333,0.148596119523992,48
274,7Networks_RH_DorsAttn_Post_4,7networks_rh_dorsattn_post,7Networks_RH_DorsAttn_Post,dorsal attention,posterior,R,209.0,39.71775944420318,188039.0,-9.491030299422367e-06,Q32,30.729999999999997,30.72520833333333,0.148596119523992,48
275,7Networks_RH_DorsAttn_Post_5,7networks_rh_dorsattn_post,7Networks_RH_DorsAttn_Post,dorsal attention,posterior,R,175.0,26.230785931393832,190866.0,-9.491030299422367e-06,Q32,30.729999999999997,30.72520833333333,0.148596119523992,48
276,7Networks_RH_DorsAttn_Post_6,7networks_rh_dorsattn_post,7Networks_RH_DorsAttn_Post,dorsal attention,posterior,R,199.0,39.269431176725966,78968.0,-9.491030299422367e-06,Q32,30.729999999999997,30.72520833333333,0.148596119523992,48
277,7Networks_RH_DorsAttn_Post_7,7networks_rh_dorsattn_post,7Networks_RH_DorsAttn_Post,dorsal attention,posterior,R,140.0,12.49153278332609,158799.0,-9.491030299422367e-06,Q32,30.729999999999997,30.72520833333333,0.148596119523992,48
278,7Networks_RH_DorsAttn_Post_8,7networks_rh_dorsattn_post,7Networks_RH_DorsAttn_Post,dorsal attention,posterior,R,272.0,56.91793313069913,33354.5,-9.491030299422367e-06,Q32,30.729999999999997,30.72520833333333,0.148596119523992,48
279,7Networks_RH_DorsAttn_Post_9,7networks_rh_dorsattn_post,7Networks_RH_DorsAttn_Post,dorsal attention,posterior,R,145.0,18.682587928788543,143286.0,-9.491030299422367e-06,Q32,30.729999999999997,30.72520833333333,0.148596119523992,48
280,7Networks_RH_DorsAttn_Post_10,7networks_rh_dorsattn_post,7Networks_RH_DorsAttn_Post,dorsal attention,posterior,R,134.0,7.380590534085973,176382.0,-9.491030299422367e-06,Q32,30.729999999999997,30.72520833333333,0.148596119523992,48
281,7Networks_RH_DorsAttn_Post_11,7networks_rh_dorsattn_post,7Networks_RH_DorsAttn_Post,dorsal attention,posterior,R,240.0,42.350521059487654,144748.0,-9.491030299422367e-06,Q32,30.729999999999997,30.72520833333333,0.148596119523992,48
282,7Networks_RH_DorsAttn_Post_12,7networks_rh_dorsattn_post,7Networks_RH_DorsAttn_Post,dorsal attention,posterior,R,143.0,14.77312201476336,191876.0,-9.491030299422367e-06,Q32,30.729999999999997,30.72520833333333,0.148596119523992,48
283,7Networks_RH_DorsAttn_Post_13,7networks_rh_dorsattn_post,7Networks_RH_DorsAttn_Post,dorsal attention,posterior,R,176.0,36.32957012592272,73432.0,-9.491030299422367e-06,Q32,30.729999999999997,30.72520833333333,0.148596119523992,48
284,7Networks_RH_DorsAttn_Post_14,7networks_rh_dorsattn_post,7Networks_RH_DorsAttn_Post,dorsal attention,posterior,R,195.0,35.45299609205383,87757.0,-9.491030299422367e-06,Q32,30.729999999999997,30.72520833333333,0.148596119523992,48
285,7Networks_RH_DorsAttn_Post_15,7networks_rh_dorsattn_post,7Networks_RH_DorsAttn_Post,dorsal attention,posterior,R,169.0,19.689969604863204,148605.0,-9.491030299422367e-06,Q32,30.729999999999997,30.72520833333333,0.148596119523992,48
286,7Networks_RH_DorsAttn_Post_16,7networks_rh_dorsattn_post,7Networks_RH_DorsAttn_Post,dorsal attention,posterior,R,175.0,28.286257056013913,95491.0,-9.491030299422367e-06,Q32,30.729999999999997,30.72520833333333,0.148596119523992,48
287,7Networks_RH_DorsAttn_Post_17,7networks_rh_dorsattn_post,7Networks_RH_DorsAttn_Post,dorsal attention,posterior,R,142.0,13.564481111593564,141203.0,-9.491030299422367e-06,Q32,30.729999999999997,30.72520833333333,0.148596119523992,48
288,7Networks_RH_DorsAttn_Post_18,7networks_rh_dorsattn_post,7Networks_RH_DorsAttn_Post,dorsal attention,posterior,R,154.0,17.594984802431597,135481.0,-9.491030299422367e-06,Q32,30.729999999999997,30.72520833333333,0.148596119523992,48
289,7Networks_RH_DorsAttn_Post_19,7networks_rh_dorsattn_post,7Networks_RH_DorsAttn_Post,dorsal attention,posterior,R,194.0,33.00477637863654,105050.0,-9.491030299422367e-06,Q32,30.729999999999997,30.72520833333333,0.148596119523992,48
290,7Networks_RH_DorsAttn_FEF_1,7networks_rh_dorsattn_fef,7Networks_RH_DorsAttn_FEF,dorsal attention,frontal eye fields,R,190.0,27.924554928354322,121611.0,-9.491030299422367e-06,Q32,30.729999999999997,30.72520833333333,0.148596119523992,48
291,7Networks_RH_DorsAttn_FEF_2,7networks_rh_dorsattn_fef,7Networks_RH_DorsAttn_FEF,dorsal attention,frontal eye fields,R,243.0,49.04765523230563,72921.0,-9.491030299422367e-06,Q32,30.729999999999997,30.72520833333333,0.148596119523992,48
292,7Networks_RH_DorsAttn_FEF_3,7networks_rh_dorsattn_fef,7Networks_RH_DorsAttn_FEF,dorsal attention,frontal eye fields,R,171.0,20.496309161962685,118911.0,-9.491030299422367e-06,Q32,30.729999999999997,30.72520833333333,0.148596119523992,48
293,7Networks_RH_DorsAttn_PrCv_1,7networks_rh_dorsattn_prcv,7Networks_RH_DorsAttn_PrCv,dorsal attention,precentral ventral,R,243.0,49.94333478072078,79503.0,-9.491030299422367e-06,Q32,30.729999999999997,30.72520833333333,0.148596119523992,48
294,7Networks_RH_SalVentAttn_TempOccPar_1,7networks_rh_salventattn_tempoccpar,7Networks_RH_SalVentAttn_TempOccPar,salience / ventral attention,temporal occipital parietal,R,225.0,43.102800694746016,75130.0,-9.491030299422367e-06,Q32,30.729999999999997,30.72520833333333,0.148596119523992,48
295,7Networks_RH_SalVentAttn_TempOccPar_2,7networks_rh_salventattn_tempoccpar,7Networks_RH_SalVentAttn_TempOccPar,salience / ventral attention,temporal occipital parietal,R,221.0,46.413699522362144,59777.0,-9.491030299422367e-06,Q32,30.729999999999997,30.72520833333333,0.148596119523992,48
296,7Networks_RH_SalVentAttn_TempOccPar_3,7networks_rh_salventattn_tempoccpar,7Networks_RH_SalVentAttn_TempOccPar,salience / ventral attention,temporal occipital parietal,R,203.0,34.058944854537565,111600.0,-9.491030299422367e-06,Q32,30.729999999999997,30.72520833333333,0.148596119523992,48
297,7Networks_RH_SalVentAttn_TempOccPar_4,7networks_rh_salventattn_tempoccpar,7Networks_RH_SalVentAttn_TempOccPar,salience / ventral attention,temporal occipital parietal,R,289.0,68.69083803734254,3796.0,-9.491030299422367e-06,Q32,30.729999999999997,30.72520833333333,0.148596119523992,48
298,7Networks_RH_SalVentAttn_TempOccPar_5,7networks_rh_salventattn_tempoccpar,7Networks_RH_SalVentAttn_TempOccPar,salience / ventral attention,temporal occipital parietal,R,292.0,68.47416413373857,24765.0,-9.491030299422367e-06,Q32,30.729999999999997,30.72520833333333,0.148596119523992,48
299,7Networks_RH_SalVentAttn_TempOccPar_6,7networks_rh_salventattn_tempoccpar,7Networks_RH_SalVentAttn_TempOccPar,salience / ventral attention,temporal occipital parietal,R,193.0,28.62168910117237,167524.0,-9.491030299422367e-06,Q32,30.729999999999997,30.72520833333333,0.148596119523992,48
300,7Networks_RH_SalVentAttn_TempOccPar_7,7networks_rh_salventattn_tempoccpar,7Networks_RH_SalVentAttn_TempOccPar,salience / ventral attention,temporal occipital parietal,R,155.0,20.013786365610088,126344.0,-9.491030299422367e-06,Q32,30.729999999999997,30.72520833333333,0.148596119523992,48
301,7Networks_RH_SalVentAttn_PrC_1,7networks_rh_salventattn_prc,7Networks_RH_SalVentAttn_PrC,salience / ventral attention,precentral,R,252.0,57.7421841076856,60737.0,-9.491030299422367e-06,Q32,30.729999999999997,30.72520833333333,0.148596119523992,48
302,7Networks_RH_SalVentAttn_FrOperIns_1,7networks_rh_salventattn_froperins,7Networks_RH_SalVentAttn_FrOperIns,salience / ventral attention,frontal operculum insula,R,307.0,78.16391663048203,1528.0,-9.491030299422367e-06,Q32,30.729999999999997,30.72520833333333,0.148596119523992,48
303,7Networks_RH_SalVentAttn_FrOperIns_2,7networks_rh_salventattn_froperins,7Networks_RH_SalVentAttn_FrOperIns,salience / ventral attention,frontal operculum insula,R,258.0,60.13102475032567,110336.0,-9.491030299422367e-06,Q32,30.729999999999997,30.72520833333333,0.148596119523992,48
304,7Networks_RH_SalVentAttn_FrOperIns_3,7networks_rh_salventattn_froperins,7Networks_RH_SalVentAttn_FrOperIns,salience / ventral attention,frontal operculum insula,R,363.0,109.56871471993051,0.0,-9.491030299422367e-06,Q32,30.729999999999997,30.72520833333333,0.148596119523992,48
305,7Networks_RH_SalVentAttn_FrOperIns_4,7networks_rh_salventattn_froperins,7Networks_RH_SalVentAttn_FrOperIns,salience / ventral attention,frontal operculum insula,R,277.0,66.5385366912723,33526.0,-9.491030299422367e-06,Q32,30.729999999999997,30.72520833333333,0.148596119523992,48
306,7Networks_RH_SalVentAttn_FrOperIns_5,7networks_rh_salventattn_froperins,7Networks_RH_SalVentAttn_FrOperIns,salience / ventral attention,frontal operculum insula,R,181.0,34.99511506730349,145234.0,-9.491030299422367e-06,Q32,30.729999999999997,30.72520833333333,0.148596119523992,48
307,7Networks_RH_SalVentAttn_FrOperIns_6,7networks_rh_salventattn_froperins,7Networks_RH_SalVentAttn_FrOperIns,salience / ventral attention,frontal operculum insula,R,277.0,69.43497611810686,8073.0,-9.491030299422367e-06,Q32,30.729999999999997,30.72520833333333,0.148596119523992,48
308,7Networks_RH_SalVentAttn_FrOperIns_7,7networks_rh_salventattn_froperins,7Networks_RH_SalVentAttn_FrOperIns,salience / ventral attention,frontal operculum insula,R,358.0,93.92824576639167,1279.0,-9.491030299422367e-06,Q32,30.729999999999997,30.72520833333333,0.148596119523992,48
309,7Networks_RH_SalVentAttn_FrOperIns_8,7networks_rh_salventattn_froperins,7Networks_RH_SalVentAttn_FrOperIns,salience / ventral attention,frontal operculum insula,R,259.0,56.002062527138435,134989.0,-9.491030299422367e-06,Q32,30.729999999999997,30.72520833333333,0.148596119523992,48
310,7Networks_RH_SalVentAttn_PFCl_1,7networks_rh_salventattn_pfcl,7Networks_RH_SalVentAttn_PFCl,salience / ventral attention,lateral prefrontal cortex,R,270.0,68.05297438124174,114187.0,-9.491030299422367e-06,Q32,30.729999999999997,30.72520833333333,0.148596119523992,48
311,7Networks_RH_SalVentAttn_Med_1,7networks_rh_salventattn_med,7Networks_RH_SalVentAttn_Med,salience / ventral attention,medial,R,269.0,58.23957881024744,57728.0,-9.491030299422367e-06,Q32,30.729999999999997,30.72520833333333,0.148596119523992,48
312,7Networks_RH_SalVentAttn_Med_2,7networks_rh_salventattn_med,7Networks_RH_SalVentAttn_Med,salience / ventral attention,medial,R,324.0,83.83803734259658,94862.0,-9.491030299422367e-06,Q32,30.729999999999997,30.72520833333333,0.148596119523992,48
313,7Networks_RH_SalVentAttn_Med_3,7networks_rh_salventattn_med,7Networks_RH_SalVentAttn_Med,salience / ventral attention,medial,R,254.0,51.59151107251411,186976.0,-9.491030299422367e-06,Q32,30.729999999999997,30.72520833333333,0.148596119523992,48
314,7Networks_RH_SalVentAttn_Med_4,7networks_rh_salventattn_med,7Networks_RH_SalVentAttn_Med,salience / ventral attention,medial,R,303.0,79.73697351280937,10022.0,-9.491030299422367e-06,Q32,30.729999999999997,30.72520833333333,0.148596119523992,48
315,7Networks_RH_SalVentAttn_Med_5,7networks_rh_salventattn_med,7Networks_RH_SalVentAttn_Med,salience / ventral attention,medial,R,206.0,35.36626139817628,135034.0,-9.491030299422367e-06,Q32,30.729999999999997,30.72520833333333,0.148596119523992,48
316,7Networks_RH_SalVentAttn_Med_6,7networks_rh_salventattn_med,7Networks_RH_SalVentAttn_Med,salience / ventral attention,medial,R,241.0,47.66608771168043,84048.0,-9.491030299422367e-06,Q32,30.729999999999997,30.72520833333333,0.148596119523992,48
317,7Networks_RH_SalVentAttn_Med_7,7networks_rh_salventattn_med,7Networks_RH_SalVentAttn_Med,salience / ventral attention,medial,R,188.0,39.150238818931825,167712.0,-9.491030299422367e-06,Q32,30.729999999999997,30.72520833333333,0.148596119523992,48
318,7Networks_RH_SalVentAttn_Med_8,7networks_rh_salventattn_med,7Networks_RH_SalVentAttn_Med,salience / ventral attention,medial,R,234.0,47.80210594876246,129754.0,-9.491030299422367e-06,Q32,30.729999999999997,30.72520833333333,0.148596119523992,48
319,7Networks_RH_Limbic_OFC_1,7networks_rh_limbic_ofc,7Networks_RH_Limbic_OFC,limbic,orbital frontal cortex,R,227.0,44.0854320451585,82105.0,-9.491030299422367e-06,Q32,30.729999999999997,30.72520833333333,0.148596119523992,48
320,7Networks_RH_Limbic_OFC_2,7networks_rh_limbic_ofc,7Networks_RH_Limbic_OFC,limbic,orbital frontal cortex,R,335.0,93.55492835432042,18.0,-9.491030299422367e-06,Q32,30.729999999999997,30.72520833333333,0.148596119523992,48
321,7Networks_RH_Limbic_OFC_3,7networks_rh_limbic_ofc,7Networks_RH_Limbic_OFC,limbic,orbital frontal cortex,R,237.0,51.372231871472,102288.0,-9.491030299422367e-06,Q32,30.729999999999997,30.72520833333333,0.148596119523992,48
322,7Networks_RH_Limbic_OFC_4,7networks_rh_limbic_ofc,7Networks_RH_Limbic_OFC,limbic,orbital frontal cortex,R,321.0,81.92878853669131,278.0,-9.491030299422367e-06,Q32,30.729999999999997,30.72520833333333,0.148596119523992,48
323,7Networks_RH_Limbic_OFC_5,7networks_rh_limbic_ofc,7Networks_RH_Limbic_OFC,limbic,orbital frontal cortex,R,259.0,57.56274424663483,83115.0,-9.491030299422367e-06,Q32,30.729999999999997,30.72520833333333,0.148596119523992,48
324,7Networks_RH_Limbic_OFC_6,7networks_rh_limbic_ofc,7Networks_RH_Limbic_OFC,limbic,orbital frontal cortex,R,303.0,73.71993052540165,2282.0,-9.491030299422367e-06,Q32,30.729999999999997,30.72520833333333,0.148596119523992,48
325,7Networks_RH_Limbic_TempPole_1,7networks_rh_limbic_temppole,7Networks_RH_Limbic_TempPole,limbic,temporal pole,R,127.0,3.7479374728614823,176008.0,-9.491030299422367e-06,Q32,30.729999999999997,30.72520833333333,0.148596119523992,48
326,7Networks_RH_Limbic_TempPole_2,7networks_rh_limbic_temppole,7Networks_RH_Limbic_TempPole,limbic,temporal pole,R,121.0,11.034303082935304,174074.0,-9.491030299422367e-06,Q32,30.729999999999997,30.72520833333333,0.148596119523992,48
327,7Networks_RH_Limbic_TempPole_3,7networks_rh_limbic_temppole,7Networks_RH_Limbic_TempPole,limbic,temporal pole,R,102.0,1.480351715154149,178648.0,-9.491030299422367e-06,Q32,30.729999999999997,30.72520833333333,0.148596119523992,48
328,7Networks_RH_Limbic_TempPole_4,7networks_rh_limbic_temppole,7Networks_RH_Limbic_TempPole,limbic,temporal pole,R,268.0,59.49685193226225,40586.0,-9.491030299422367e-06,Q32,30.729999999999997,30.72520833333333,0.148596119523992,48
329,7Networks_RH_Limbic_TempPole_5,7networks_rh_limbic_temppole,7Networks_RH_Limbic_TempPole,limbic,temporal pole,R,192.0,38.409465914025155,168499.0,-9.491030299422367e-06,Q32,30.729999999999997,30.72520833333333,0.148596119523992,48
330,7Networks_RH_Limbic_TempPole_6,7networks_rh_limbic_temppole,7Networks_RH_Limbic_TempPole,limbic,temporal pole,R,218.0,39.928571428571466,73621.0,-9.491030299422367e-06,Q32,30.729999999999997,30.72520833333333,0.148596119523992,48
331,7Networks_RH_Limbic_TempPole_7,7networks_rh_limbic_temppole,7Networks_RH_Limbic_TempPole,limbic,temporal pole,R,149.0,17.170212765957448,197503.0,-9.491030299422367e-06,Q32,30.729999999999997,30.72520833333333,0.148596119523992,48
332,7Networks_RH_Cont_Par_1,7networks_rh_cont_par,7Networks_RH_Cont_Par,control,parietal,R,212.0,36.22611810681716,104227.0,-9.491030299422367e-06,Q32,30.729999999999997,30.72520833333333,0.148596119523992,48
333,7Networks_RH_Cont_Par_2,7networks_rh_cont_par,7Networks_RH_Cont_Par,control,parietal,R,175.0,25.56024750325664,150742.0,-9.491030299422367e-06,Q32,30.729999999999997,30.72520833333333,0.148596119523992,48
334,7Networks_RH_Cont_Par_3,7networks_rh_cont_par,7Networks_RH_Cont_Par,control,parietal,R,170.0,22.63276161528441,169803.0,-9.491030299422367e-06,Q32,30.729999999999997,30.72520833333333,0.148596119523992,48
335,7Networks_RH_Cont_Par_4,7networks_rh_cont_par,7Networks_RH_Cont_Par,control,parietal,R,130.0,14.24283543204515,189953.0,-9.491030299422367e-06,Q32,30.729999999999997,30.72520833333333,0.148596119523992,48
336,7Networks_RH_Cont_Par_5,7networks_rh_cont_par,7Networks_RH_Cont_Par,control,parietal,R,253.0,48.855948762483735,38704.0,-9.491030299422367e-06,Q32,30.729999999999997,30.72520833333333,0.148596119523992,48
337,7Networks_RH_Cont_Par_6,7networks_rh_cont_par,7Networks_RH_Cont_Par,control,parietal,R,182.0,28.719930525401633,88326.0,-9.491030299422367e-06,Q32,30.729999999999997,30.72520833333333,0.148596119523992,48
338,7Networks_RH_Cont_Temp_1,7networks_rh_cont_temp,7Networks_RH_Cont_Temp,control,temporal,R,162.0,23.243812418584444,116101.0,-9.491030299422367e-06,Q32,30.729999999999997,30.72520833333333,0.148596119523992,48
339,7Networks_RH_Cont_Temp_2,7networks_rh_cont_temp,7Networks_RH_Cont_Temp,control,temporal,R,155.0,15.921515414676533,145132.0,-9.491030299422367e-06,Q32,30.729999999999997,30.72520833333333,0.148596119523992,48
340,7Networks_RH_Cont_PFCv_1,7networks_rh_cont_pfcv,7Networks_RH_Cont_PFCv,control,ventral prefrontal cortex,R,197.0,32.374402952670415,140855.0,-9.491030299422367e-06,Q32,30.729999999999997,30.72520833333333,0.148596119523992,48
341,7Networks_RH_Cont_PFCl_1,7networks_rh_cont_pfcl,7Networks_RH_Cont_PFCl,control,lateral prefrontal cortex,R,286.0,70.72807207989574,72954.0,-9.491030299422367e-06,Q32,30.729999999999997,30.72520833333333,0.148596119523992,48
342,7Networks_RH_Cont_PFCl_2,7networks_rh_cont_pfcl,7Networks_RH_Cont_PFCl,control,lateral prefrontal cortex,R,247.0,47.46092053842808,128945.0,-9.491030299422367e-06,Q32,30.729999999999997,30.72520833333333,0.148596119523992,48
343,7Networks_RH_Cont_PFCl_3,7networks_rh_cont_pfcl,7Networks_RH_Cont_PFCl,control,lateral prefrontal cortex,R,258.0,58.80666521927921,50786.0,-9.491030299422367e-06,Q32,30.729999999999997,30.72520833333333,0.148596119523992,48
344,7Networks_RH_Cont_PFCl_4,7networks_rh_cont_pfcl,7Networks_RH_Cont_PFCl,control,lateral prefrontal cortex,R,260.0,55.17933130699088,74317.0,-9.491030299422367e-06,Q32,30.729999999999997,30.72520833333333,0.148596119523992,48
345,7Networks_RH_Cont_PFCl_5,7networks_rh_cont_pfcl,7Networks_RH_Cont_PFCl,control,lateral prefrontal cortex,R,307.0,80.01324359531044,31663.0,-9.491030299422367e-06,Q32,30.729999999999997,30.72520833333333,0.148596119523992,48
346,7Networks_RH_Cont_PFCl_6,7networks_rh_cont_pfcl,7Networks_RH_Cont_PFCl,control,lateral prefrontal cortex,R,240.0,48.03278332609637,135626.0,-9.491030299422367e-06,Q32,30.729999999999997,30.72520833333333,0.148596119523992,48
347,7Networks_RH_Cont_PFCl_7,7networks_rh_cont_pfcl,7Networks_RH_Cont_PFCl,control,lateral prefrontal cortex,R,214.0,39.78593139383413,63738.0,-9.491030299422367e-06,Q32,30.729999999999997,30.72520833333333,0.148596119523992,48
348,7Networks_RH_Cont_PFCl_8,7networks_rh_cont_pfcl,7Networks_RH_Cont_PFCl,control,lateral prefrontal cortex,R,238.0,49.39144594007815,163450.0,-9.491030299422367e-06,Q32,30.729999999999997,30.72520833333333,0.148596119523992,48
349,7Networks_RH_Cont_PFCl_9,7networks_rh_cont_pfcl,7Networks_RH_Cont_PFCl,control,lateral prefrontal cortex,R,189.0,33.559379070777226,81153.0,-9.491030299422367e-06,Q32,30.729999999999997,30.72520833333333,0.148596119523992,48
350,7Networks_RH_Cont_PFCl_10,7networks_rh_cont_pfcl,7Networks_RH_Cont_PFCl,control,lateral prefrontal cortex,R,300.0,76.44322622666088,39911.0,-9.491030299422367e-06,Q32,30.729999999999997,30.72520833333333,0.148596119523992,48
351,7Networks_RH_Cont_PFCl_11,7networks_rh_cont_pfcl,7Networks_RH_Cont_PFCl,control,lateral prefrontal cortex,R,249.0,51.44246634824146,96316.0,-9.491030299422367e-06,Q32,30.729999999999997,30.72520833333333,0.148596119523992,48
352,7Networks_RH_Cont_PFCl_12,7networks_rh_cont_pfcl,7Networks_RH_Cont_PFCl,control,lateral prefrontal cortex,R,273.0,66.0642640034737,126047.0,-9.491030299422367e-06,Q32,30.729999999999997,30.72520833333333,0.148596119523992,48
353,7Networks_RH_Cont_PFCl_13,7networks_rh_cont_pfcl,7Networks_RH_Cont_PFCl,control,lateral prefrontal cortex,R,252.0,50.54233608336953,88002.0,-9.491030299422367e-06,Q32,30.729999999999997,30.72520833333333,0.148596119523992,48
354,7Networks_RH_Cont_PFCl_14,7networks_rh_cont_pfcl,7Networks_RH_Cont_PFCl,control,lateral prefrontal cortex,R,319.0,80.94648284845852,2.0,-9.491030299422367e-06,Q32,30.729999999999997,30.72520833333333,0.148596119523992,48
355,7Networks_RH_Cont_PFCl_15,7networks_rh_cont_pfcl,7Networks_RH_Cont_PFCl,control,lateral prefrontal cortex,R,334.0,84.81231003039507,8358.0,-9.491030299422367e-06,Q32,30.729999999999997,30.72520833333333,0.148596119523992,48
356,7Networks_RH_Cont_pCun_1,7networks_rh_cont_pcun,7Networks_RH_Cont_pCun,control,precuneus,R,275.0,60.75238818931825,119524.0,-9.491030299422367e-06,Q32,30.729999999999997,30.72520833333333,0.148596119523992,48
357,7Networks_RH_Cont_pCun_2,7networks_rh_cont_pcun,7Networks_RH_Cont_pCun,control,precuneus,R,198.0,32.32110290924877,191689.0,-9.491030299422367e-06,Q32,30.729999999999997,30.72520833333333,0.148596119523992,48
358,7Networks_RH_Cont_Cing_1,7networks_rh_cont_cing,7Networks_RH_Cont_Cing,control,cingulate,R,219.0,40.74153278332607,82116.0,-9.491030299422367e-06,Q32,30.729999999999997,30.72520833333333,0.148596119523992,48
359,7Networks_RH_Cont_Cing_2,7networks_rh_cont_cing,7Networks_RH_Cont_Cing,control,cingulate,R,209.0,43.548849326964834,135202.0,-9.491030299422367e-06,Q32,30.729999999999997,30.72520833333333,0.148596119523992,48
360,7Networks_RH_Cont_PFCmp_1,7networks_rh_cont_pfcmp,7Networks_RH_Cont_PFCmp,control,medial posterior prefrontal cortex,R,296.0,73.14904472427268,29464.0,-9.491030299422367e-06,Q32,30.729999999999997,30.72520833333333,0.148596119523992,48
361,7Networks_RH_Cont_PFCmp_2,7networks_rh_cont_pfcmp,7Networks_RH_Cont_PFCmp,control,medial posterior prefrontal cortex,R,313.0,79.27453321754231,21107.0,-9.491030299422367e-06,Q32,30.729999999999997,30.72520833333333,0.148596119523992,48
362,7Networks_RH_Default_Par_1,7networks_rh_default_par,7Networks_RH_Default_Par,default,parietal,R,183.0,29.108771168041706,80820.0,-9.491030299422367e-06,Q32,30.729999999999997,30.72520833333333,0.148596119523992,48
363,7Networks_RH_Default_Par_2,7networks_rh_default_par,7Networks_RH_Default_Par,default,parietal,R,137.0,12.40881458966565,156321.0,-9.491030299422367e-06,Q32,30.729999999999997,30.72520833333333,0.148596119523992,48
364,7Networks_RH_Default_Par_3,7networks_rh_default_par,7Networks_RH_Default_Par,default,parietal,R,216.0,39.596504559270535,108516.0,-9.491030299422367e-06,Q32,30.729999999999997,30.72520833333333,0.148596119523992,48
365,7Networks_RH_Default_Par_4,7networks_rh_default_par,7Networks_RH_Default_Par,default,parietal,R,193.0,29.38525835866261,151702.0,-9.491030299422367e-06,Q32,30.729999999999997,30.72520833333333,0.148596119523992,48
366,7Networks_RH_Default_Par_5,7networks_rh_default_par,7Networks_RH_Default_Par,default,parietal,R,318.0,72.04939209726447,691.0,-9.491030299422367e-06,Q32,30.729999999999997,30.72520833333333,0.148596119523992,48
367,7Networks_RH_Default_Temp_1,7networks_rh_default_temp,7Networks_RH_Default_Temp,default,temporal,R,210.0,38.9393182805037,80435.0,-9.491030299422367e-06,Q32,30.729999999999997,30.72520833333333,0.148596119523992,48
368,7Networks_RH_Default_Temp_2,7networks_rh_default_temp,7Networks_RH_Default_Temp,default,temporal,R,200.0,34.52138514980461,92672.0,-9.491030299422367e-06,Q32,30.729999999999997,30.72520833333333,0.148596119523992,48
369,7Networks_RH_Default_Temp_3,7networks_rh_default_temp,7Networks_RH_Default_Temp,default,temporal,R,251.0,53.26812852800693,134716.0,-9.491030299422367e-06,Q32,30.729999999999997,30.72520833333333,0.148596119523992,48
370,7Networks_RH_Default_Temp_4,7networks_rh_default_temp,7Networks_RH_Default_Temp,default,temporal,R,280.0,65.55981328701695,16090.0,-9.491030299422367e-06,Q32,30.729999999999997,30.72520833333333,0.148596119523992,48
371,7Networks_RH_Default_Temp_5,7networks_rh_default_temp,7Networks_RH_Default_Temp,default,temporal,R,227.0,49.96417716022583,55230.0,-9.491030299422367e-06,Q32,30.729999999999997,30.72520833333333,0.148596119523992,48
372,7Networks_RH_Default_Temp_6,7networks_rh_default_temp,7Networks_RH_Default_Temp,default,temporal,R,257.0,59.42857142857148,62857.0,-9.491030299422367e-06,Q32,30.729999999999997,30.72520833333333,0.148596119523992,48
373,7Networks_RH_Default_Temp_7,7networks_rh_default_temp,7Networks_RH_Default_Temp,default,temporal,R,219.0,40.38243595310464,86100.0,-9.491030299422367e-06,Q32,30.729999999999997,30.72520833333333,0.148596119523992,48
374,7Networks_RH_Default_Temp_8,7networks_rh_default_temp,7Networks_RH_Default_Temp,default,temporal,R,194.0,40.9855623100304,69922.0,-9.491030299422367e-06,Q32,30.729999999999997,30.72520833333333,0.148596119523992,48
375,7Networks_RH_Default_PFCv_1,7networks_rh_default_pfcv,7Networks_RH_Default_PFCv,default,ventral prefrontal cortex,R,253.0,51.71960486322186,194692.0,-9.491030299422367e-06,Q32,30.729999999999997,30.72520833333333,0.148596119523992,48
376,7Networks_RH_Default_PFCv_2,7networks_rh_default_pfcv,7Networks_RH_Default_PFCv,default,ventral prefrontal cortex,R,277.0,68.82338254450717,44686.5,-9.491030299422367e-06,Q32,30.729999999999997,30.72520833333333,0.148596119523992,48
377,7Networks_RH_Default_PFCv_3,7networks_rh_default_pfcv,7Networks_RH_Default_PFCv,default,ventral prefrontal cortex,R,306.0,76.31231003039515,27700.0,-9.491030299422367e-06,Q32,30.729999999999997,30.72520833333333,0.148596119523992,48
378,7Networks_RH_Default_PFCv_4,7networks_rh_default_pfcv,7Networks_RH_Default_PFCv,default,ventral prefrontal cortex,R,194.0,32.52789839339991,116060.0,-9.491030299422367e-06,Q32,30.729999999999997,30.72520833333333,0.148596119523992,48
379,7Networks_RH_Default_PFCdPFCm_1,7networks_rh_default_pfcdpfcm,7Networks_RH_Default_PFCdPFCm,default,dorsal prefrontal cortex medial prefrontal cortex,R,313.0,91.97915762049495,2.0,-9.491030299422367e-06,Q32,30.729999999999997,30.72520833333333,0.148596119523992,48
380,7Networks_RH_Default_PFCdPFCm_2,7networks_rh_default_pfcdpfcm,7Networks_RH_Default_PFCdPFCm,default,dorsal prefrontal cortex medial prefrontal cortex,R,288.0,68.65013026487186,34457.0,-9.491030299422367e-06,Q32,30.729999999999997,30.72520833333333,0.148596119523992,48
381,7Networks_RH_Default_PFCdPFCm_3,7networks_rh_default_pfcdpfcm,7Networks_RH_Default_PFCdPFCm,default,dorsal prefrontal cortex medial prefrontal cortex,R,222.0,42.572514112027754,188802.0,-9.491030299422367e-06,Q32,30.729999999999997,30.72520833333333,0.148596119523992,48
382,7Networks_RH_Default_PFCdPFCm_4,7networks_rh_default_pfcdpfcm,7Networks_RH_Default_PFCdPFCm,default,dorsal prefrontal cortex medial prefrontal cortex,R,286.0,74.7640034737299,4031.0,-9.491030299422367e-06,Q32,30.729999999999997,30.72520833333333,0.148596119523992,48
383,7Networks_RH_Default_PFCdPFCm_5,7networks_rh_default_pfcdpfcm,7Networks_RH_Default_PFCdPFCm,default,dorsal prefrontal cortex medial prefrontal cortex,R,208.0,41.37668258792881,76907.0,-9.491030299422367e-06,Q32,30.729999999999997,30.72520833333333,0.148596119523992,48
384,7Networks_RH_Default_PFCdPFCm_6,7networks_rh_default_pfcdpfcm,7Networks_RH_Default_PFCdPFCm,default,dorsal prefrontal cortex medial prefrontal cortex,R,157.0,21.145353886235345,109597.0,-9.491030299422367e-06,Q32,30.729999999999997,30.72520833333333,0.148596119523992,48
385,7Networks_RH_Default_PFCdPFCm_7,7networks_rh_default_pfcdpfcm,7Networks_RH_Default_PFCdPFCm,default,dorsal prefrontal cortex medial prefrontal cortex,R,216.0,42.139600521059506,79344.0,-9.491030299422367e-06,Q32,30.729999999999997,30.72520833333333,0.148596119523992,48
386,7Networks_RH_Default_PFCdPFCm_8,7networks_rh_default_pfcdpfcm,7Networks_RH_Default_PFCdPFCm,default,dorsal prefrontal cortex medial prefrontal cortex,R,252.0,49.32902735562311,74428.0,-9.491030299422367e-06,Q32,30.729999999999997,30.72520833333333,0.148596119523992,48
387,7Networks_RH_Default_PFCdPFCm_9,7networks_rh_default_pfcdpfcm,7Networks_RH_Default_PFCdPFCm,default,dorsal prefrontal cortex medial prefrontal cortex,R,271.0,59.776270082501064,109145.0,-9.491030299422367e-06,Q32,30.729999999999997,30.72520833333333,0.148596119523992,48
388,7Networks_RH_Default_PFCdPFCm_10,7networks_rh_default_pfcdpfcm,7Networks_RH_Default_PFCdPFCm,default,dorsal prefrontal cortex medial prefrontal cortex,R,263.0,55.39253148067735,120012.0,-9.491030299422367e-06,Q32,30.729999999999997,30.72520833333333,0.148596119523992,48
389,7Networks_RH_Default_PFCdPFCm_11,7networks_rh_default_pfcdpfcm,7Networks_RH_Default_PFCdPFCm,default,dorsal prefrontal cortex medial prefrontal cortex,R,206.0,36.06404689535389,80435.0,-9.491030299422367e-06,Q32,30.729999999999997,30.72520833333333,0.148596119523992,48
390,7Networks_RH_Default_PFCdPFCm_12,7networks_rh_default_pfcdpfcm,7Networks_RH_Default_PFCdPFCm,default,dorsal prefrontal cortex medial prefrontal cortex,R,241.0,52.13221884498481,135313.0,-9.491030299422367e-06,Q32,30.729999999999997,30.72520833333333,0.148596119523992,48
391,7Networks_RH_Default_PFCdPFCm_13,7networks_rh_default_pfcdpfcm,7Networks_RH_Default_PFCdPFCm,default,dorsal prefrontal cortex medial prefrontal cortex,R,203.0,37.00868432479371,75615.0,-9.491030299422367e-06,Q32,30.729999999999997,30.72520833333333,0.148596119523992,48
392,7Networks_RH_Default_pCunPCC_1,7networks_rh_default_pcunpcc,7Networks_RH_Default_pCunPCC,default,precuneus posterior cingulate cortex,R,324.0,74.61940946591402,194321.0,-9.491030299422367e-06,Q32,30.729999999999997,30.72520833333333,0.148596119523992,48
393,7Networks_RH_Default_pCunPCC_2,7networks_rh_default_pcunpcc,7Networks_RH_Default_pCunPCC,default,precuneus posterior cingulate cortex,R,263.0,63.80644811115936,101527.0,-9.491030299422367e-06,Q32,30.729999999999997,30.72520833333333,0.148596119523992,48
394,7Networks_RH_Default_pCunPCC_3,7networks_rh_default_pcunpcc,7Networks_RH_Default_pCunPCC,default,precuneus posterior cingulate cortex,R,229.0,43.89220581849766,111381.0,-9.491030299422367e-06,Q32,30.729999999999997,30.72520833333333,0.148596119523992,48
395,7Networks_RH_Default_pCunPCC_4,7networks_rh_default_pcunpcc,7Networks_RH_Default_pCunPCC,default,precuneus posterior cingulate cortex,R,294.0,66.60280069474597,104943.0,-9.491030299422367e-06,Q32,30.729999999999997,30.72520833333333,0.148596119523992,48
396,7Networks_RH_Default_pCunPCC_5,7networks_rh_default_pcunpcc,7Networks_RH_Default_pCunPCC,default,precuneus posterior cingulate cortex,R,241.0,43.99924012158057,195725.0,-9.491030299422367e-06,Q32,30.729999999999997,30.72520833333333,0.148596119523992,48
397,7Networks_RH_Default_pCunPCC_6,7networks_rh_default_pcunpcc,7Networks_RH_Default_pCunPCC,default,precuneus posterior cingulate cortex,R,249.0,49.30405992184109,157165.0,-9.491030299422367e-06,Q32,30.729999999999997,30.72520833333333,0.148596119523992,48
398,7Networks_RH_Default_pCunPCC_7,7networks_rh_default_pcunpcc,7Networks_RH_Default_pCunPCC,default,precuneus posterior cingulate cortex,R,224.0,42.83944854537562,118117.0,-9.491030299422367e-06,Q32,30.729999999999997,30.72520833333333,0.148596119523992,48
399,7Networks_RH_Default_pCunPCC_8,7networks_rh_default_pcunpcc,7Networks_RH_Default_pCunPCC,default,precuneus posterior cingulate cortex,R,218.0,44.20147633521492,56546.0,-9.491030299422367e-06,Q32,30.729999999999997,30.72520833333333,0.148596119523992,48
400,7Networks_RH_Default_pCunPCC_9,7networks_rh_default_pcunpcc,7Networks_RH_Default_pCunPCC,default,precuneus posterior cingulate cortex,R,188.0,35.32870169344333,80854.0,-9.491030299422367e-06,Q32,30.729999999999997,30.72520833333333,0.148596119523992,48
401,HIP-head-m1-rh,HIP-head-m1,"Hippocampus head, medial division",subcortex,Hippocampus head,R,231.0,49.832826747720375,59735.0,-9.491030299422367e-06,Q32,30.729999999999997,30.72520833333333,0.148596119523992,48
402,HIP-head-m2-rh,HIP-head-m2,"Hippocampus head, medial division",subcortex,Hippocampus head,R,256.0,61.333586626139834,170406.0,-9.491030299422367e-06,Q32,30.729999999999997,30.72520833333333,0.148596119523992,48
403,THA-VAip-rh,THA-VAip,"Thalamus, inferior ventro-anterior part, posterior division",subcortex,Thalamus,R,287.0,73.34107685627443,2574.0,-9.491030299422367e-06,Q32,30.729999999999997,30.72520833333333,0.148596119523992,48
404,THA-VAia-rh,THA-VAia,"Thalamus, inferior ventro-anterior part, anterior division",subcortex,Thalamus,R,296.0,79.39687364307426,107312.0,-9.491030299422367e-06,Q32,30.729999999999997,30.72520833333333,0.148596119523992,48
405,HIP-head-l-rh,HIP-head-l,"Hippocampus head, lateral division",subcortex,Hippocampus head,R,210.0,42.96070343030827,109129.0,-9.491030299422367e-06,Q32,30.729999999999997,30.72520833333333,0.148596119523992,48
406,HIP-body-rh,HIP-body,Hippocampus body,subcortex,Hippocampus body,R,217.0,45.512375162831106,133814.0,-9.491030299422367e-06,Q32,30.729999999999997,30.72520833333333,0.148596119523992,48
407,HIP-tail-rh,HIP-tail,Hippocampus tail,subcortex,Hippocampus tail,R,250.0,55.590316977855004,118603.0,-9.491030299422367e-06,Q32,30.729999999999997,30.72520833333333,0.148596119523992,48
408,THA-VPm-rh,THA-VPm,"Thalamus, medial ventro-posterior part",subcortex,Thalamus,R,286.0,70.50933564915331,42323.0,-9.491030299422367e-06,Q32,30.729999999999997,30.72520833333333,0.148596119523992,48
409,THA-VPl-rh,THA-VPl,"Thalamus, lateral ventro-posterior part",subcortex,Thalamus,R,245.0,52.147524967433796,125939.0,-9.491030299422367e-06,Q32,30.729999999999997,30.72520833333333,0.148596119523992,48
410,THA-VAs-rh,THA-VAs,"Thalamus, superior ventro-anterior part",subcortex,Thalamus,R,296.0,74.76389491967004,742.0,-9.491030299422367e-06,Q32,30.729999999999997,30.72520833333333,0.148596119523992,48
411,THA-DAm-rh,THA-DAm,"Thalamus, medial dorso-anterior part",subcortex,Thalamus,R,323.0,81.1864958749457,64013.0,-9.491030299422367e-06,Q32,30.729999999999997,30.72520833333333,0.148596119523992,48
412,THA-DAl-rh,THA-DAl,"Thalamus, lateral dorso-anterior part",subcortex,Thalamus,R,201.0,34.661636995223645,151510.0,-9.491030299422367e-06,Q32,30.729999999999997,30.72520833333333,0.148596119523992,48
413,PUT-VA-rh,PUT-VA,"Putamen, ventro-anterior part",subcortex,Putamen,R,155.0,20.211246200607906,106378.0,-9.491030299422367e-06,Q32,30.729999999999997,30.72520833333333,0.148596119523992,48
414,PUT-DA-rh,PUT-DA,"Putamen, dorso-anterior part",subcortex,Putamen,R,163.0,22.263677811550142,108716.0,-9.491030299422367e-06,Q32,30.729999999999997,30.72520833333333,0.148596119523992,48
415,PUT-VP-rh,PUT-VP,"Putamen, ventro-posterior part",subcortex,Putamen,R,223.0,43.96504559270516,168420.0,-9.491030299422367e-06,Q32,30.729999999999997,30.72520833333333,0.148596119523992,48
416,PUT-DP-rh,PUT-DP,"Putamen, dorso-posterior part",subcortex,Putamen,R,184.0,33.442900564481114,90535.0,-9.491030299422367e-06,Q32,30.729999999999997,30.72520833333333,0.148596119523992,48
417,CAU-VA-rh,CAU-VA,"Caudate, ventro-anterior part",subcortex,Caudate,R,51.0,-32.342922275293084,197583.0,-9.491030299422367e-06,Q32,30.729999999999997,30.72520833333333,0.148596119523992,48
418,CAU-DA-rh,CAU-DA,"Caudate, dorso-anterior part",subcortex,Caudate,R,135.0,5.413048198002606,195779.0,-9.491030299422367e-06,Q32,30.729999999999997,30.72520833333333,0.148596119523992,48
419,CAU-body-rh,CAU-body,Caudate body,subcortex,Caudate body,R,74.0,-18.47242726877984,158587.0,-9.491030299422367e-06,Q32,30.729999999999997,30.72520833333333,0.148596119523992,48
420,CAU-tail-rh,CAU-tail,Caudate tail,subcortex,Caudate tail,R,65.0,-21.736756404689547,193823.0,-9.491030299422367e-06,Q32,30.729999999999997,30.72520833333333,0.148596119523992,48
421,lAMY-rh,lAMY,"Amygdala, lateral nucleus",subcortex,Amygdala,R,241.0,52.62613981762908,77888.0,-9.491030299422367e-06,Q32,30.729999999999997,30.72520833333333,0.148596119523992,48
422,mAMY-rh,mAMY,"Amygdala, medial nucleus",subcortex,Amygdala,R,269.0,62.27312201476336,35478.0,-9.491030299422367e-06,Q32,30.729999999999997,30.72520833333333,0.148596119523992,48
423,THA-DP-rh,THA-DP,"Thalamus, dorso-posterior part",subcortex,Thalamus,R,320.0,80.47752930959616,216.0,-9.491030299422367e-06,Q32,30.729999999999997,30.72520833333333,0.148596119523992,48
424,NAc-shell-rh,NAc-shell,"Nucleus Accumbens, shell",subcortex,Nucleus Accumbens,R,228.0,44.90251845419018,117032.0,-9.491030299422367e-06,Q32,30.729999999999997,30.72520833333333,0.148596119523992,48
425,NAc-core-rh,NAc-core,"Nucleus Accumbens, core",subcortex,Nucleus Accumbens,R,206.0,36.18606165870602,166220.0,-9.491030299422367e-06,Q32,30.729999999999997,30.72520833333333,0.148596119523992,48
426,pGP-rh,pGP,"Pallidum, posterior part",subcortex,Pallidum,R,108.0,-6.001411202778987,179295.0,-9.491030299422367e-06,Q32,30.729999999999997,30.72520833333333,0.148596119523992,48
427,aGP-rh,aGP,"Pallidum, anterior part",subcortex,Pallidum,R,73.0,-35.901432913590995,195126.0,-9.491030299422367e-06,Q32,30.729999999999997,30.72520833333333,0.148596119523992,48
428,HIP-head-m1-lh,HIP-head-m1,"Hippocampus head, medial division",subcortex,Hippocampus head,L,224.0,47.07511940946592,92604.0,-9.491030299422367e-06,Q32,30.729999999999997,30.72520833333333,0.148596119523992,48
429,HIP-head-m2-lh,HIP-head-m2,"Hippocampus head, medial division",subcortex,Hippocampus head,L,241.0,55.15805471124623,138821.0,-9.491030299422367e-06,Q32,30.729999999999997,30.72520833333333,0.148596119523992,48
430,THA-VAip-lh,THA-VAip,"Thalamus, inferior ventro-anterior part, posterior division",subcortex,Thalamus,L,314.0,80.90034737299166,46.0,-9.491030299422367e-06,Q32,30.729999999999997,30.72520833333333,0.148596119523992,48
431,THA-VAia-lh,THA-VAia,"Thalamus, inferior ventro-anterior part, anterior division",subcortex,Thalamus,L,299.0,66.75086843247936,83106.0,-9.491030299422367e-06,Q32,30.729999999999997,30.72520833333333,0.148596119523992,48
432,HIP-head-l-lh,HIP-head-l,"Hippocampus head, lateral division",subcortex,Hippocampus head,L,245.0,58.92737733391228,39065.5,-9.491030299422367e-06,Q32,30.729999999999997,30.72520833333333,0.148596119523992,48
433,HIP-body-lh,HIP-body,Hippocampus body,subcortex,Hippocampus body,L,226.0,46.28669127225359,72926.0,-9.491030299422367e-06,Q32,30.729999999999997,30.72520833333333,0.148596119523992,48
434,HIP-tail-lh,HIP-tail,Hippocampus tail,subcortex,Hippocampus tail,L,236.0,50.64980460269212,164698.0,-9.491030299422367e-06,Q32,30.729999999999997,30.72520833333333,0.148596119523992,48
435,THA-VPm-lh,THA-VPm,"Thalamus, medial ventro-posterior part",subcortex,Thalamus,L,292.0,73.28452019105514,9928.0,-9.491030299422367e-06,Q32,30.729999999999997,30.72520833333333,0.148596119523992,48
436,THA-VPl-lh,THA-VPl,"Thalamus, lateral ventro-posterior part",subcortex,Thalamus,L,260.0,57.05145462440298,99649.0,-9.491030299422367e-06,Q32,30.729999999999997,30.72520833333333,0.148596119523992,48
437,THA-VAs-lh,THA-VAs,"Thalamus, superior ventro-anterior part",subcortex,Thalamus,L,316.0,78.80731654363866,2444.0,-9.491030299422367e-06,Q32,30.729999999999997,30.72520833333333,0.148596119523992,48
438,THA-DAm-lh,THA-DAm,"Thalamus, medial dorso-anterior part",subcortex,Thalamus,L,319.0,84.61908380373426,0.0,-9.491030299422367e-06,Q32,30.729999999999997,30.72520833333333,0.148596119523992,48
439,THA-DAl-lh,THA-DAl,"Thalamus, lateral dorso-anterior part",subcortex,Thalamus,L,295.0,73.87212331741203,9177.5,-9.491030299422367e-06,Q32,30.729999999999997,30.72520833333333,0.148596119523992,48
440,PUT-VA-lh,PUT-VA,"Putamen, ventro-anterior part",subcortex,Putamen,L,120.0,6.752496743378204,152187.0,-9.491030299422367e-06,Q32,30.729999999999997,30.72520833333333,0.148596119523992,48
441,PUT-DA-lh,PUT-DA,"Putamen, dorso-anterior part",subcortex,Putamen,L,116.0,10.61854103343465,139307.0,-9.491030299422367e-06,Q32,30.729999999999997,30.72520833333333,0.148596119523992,48
442,PUT-VP-lh,PUT-VP,"Putamen, ventro-posterior part",subcortex,Putamen,L,250.0,53.527681285280096,40300.0,-9.491030299422367e-06,Q32,30.729999999999997,30.72520833333333,0.148596119523992,48
443,PUT-DP-lh,PUT-DP,"Putamen, dorso-posterior part",subcortex,Putamen,L,176.0,29.712114633087275,100679.0,-9.491030299422367e-06,Q32,30.729999999999997,30.72520833333333,0.148596119523992,48
444,CAU-VA-lh,CAU-VA,"Caudate, ventro-anterior part",subcortex,Caudate,L,51.0,-33.60084672166741,195682.0,-9.491030299422367e-06,Q32,30.729999999999997,30.72520833333333,0.148596119523992,48
445,CAU-DA-lh,CAU-DA,"Caudate, dorso-anterior part",subcortex,Caudate,L,95.0,-5.302757273122011,195779.0,-9.491030299422367e-06,Q32,30.729999999999997,30.72520833333333,0.148596119523992,48
446,CAU-body-lh,CAU-body,Caudate body,subcortex,Caudate body,L,74.0,-14.91196265740338,194725.0,-9.491030299422367e-06,Q32,30.729999999999997,30.72520833333333,0.148596119523992,48
447,CAU-tail-lh,CAU-tail,Caudate tail,subcortex,Caudate tail,L,77.0,-7.551454624402947,151927.0,-9.491030299422367e-06,Q32,30.729999999999997,30.72520833333333,0.148596119523992,48
448,lAMY-lh,lAMY,"Amygdala, lateral nucleus",subcortex,Amygdala,L,229.0,50.26183239253149,47593.0,-9.491030299422367e-06,Q32,30.729999999999997,30.72520833333333,0.148596119523992,48
449,mAMY-lh,mAMY,"Amygdala, medial nucleus",subcortex,Amygdala,L,226.0,49.305579678679955,103814.0,-9.491030299422367e-06,Q32,30.729999999999997,30.72520833333333,0.148596119523992,48
450,THA-DP-lh,THA-DP,"Thalamus, dorso-posterior part",subcortex,Thalamus,L,335.0,89.45809813287015,0.0,-9.491030299422367e-06,Q32,30.729999999999997,30.72520833333333,0.148596119523992,48
451,NAc-shell-lh,NAc-shell,"Nucleus Accumbens, shell",subcortex,Nucleus Accumbens,L,176.0,33.05536257056013,92542.0,-9.491030299422367e-06,Q32,30.729999999999997,30.72520833333333,0.148596119523992,48
452,NAc-core-lh,NAc-core,"Nucleus Accumbens, core",subcortex,Nucleus Accumbens,L,122.0,8.441272253582286,168111.0,-9.491030299422367e-06,Q32,30.729999999999997,30.72520833333333,0.148596119523992,48
453,pGP-lh,pGP,"Pallidum, posterior part",subcortex,Pallidum,L,141.0,9.107142857142858,156905.0,-9.491030299422367e-06,Q32,30.729999999999997,30.72520833333333,0.148596119523992,48
454,aGP-lh,aGP,"Pallidum, anterior part",subcortex,Pallidum,L,73.0,-33.509769865393,195038.0,-9.491030299422367e-06,Q32,30.729999999999997,30.72520833333333,0.148596119523992,48
