index,name,base_name,Label Name,network,component,hemisphere,degree,strength,betweenness,global_efficiency,group,median_age,mean_age,sd_age,n_participants
1,7Networks_LH_Vis_1,7networks_lh_vis,7Networks_LH_Vis,visual,visual,L,232.0,44.84537465309895,181482.0,-9.03760568099276e-06,Q37,34.040000000000006,34.016041666666666,0.18247400961341623,48
2,7Networks_LH_Vis_2,7networks_lh_vis,7Networks_LH_Vis,visual,visual,L,140.0,17.30901171754548,109002.0,-9.03760568099276e-06,Q37,34.040000000000006,34.016041666666666,0.18247400961341623,48
3,7Networks_LH_Vis_3,7networks_lh_vis,7Networks_LH_Vis,visual,visual,L,131.0,9.709512796793106,179832.0,-9.03760568099276e-06,Q37,34.040000000000006,34.016041666666666,0.18247400961341623,48
4,7Networks_LH_Vis_4,7networks_lh_vis,7Networks_LH_Vis,visual,visual,L,237.0,46.36241905642926,107077.0,-9.03760568099276e-06,Q37,34.040000000000006,34.016041666666666,0.18247400961341623,48
5,7Networks_LH_Vis_5,7networks_lh_vis,7Networks_LH_Vis,visual,visual,L,230.0,43.769094973789706,123383.0,-9.03760568099276e-06,Q37,34.040000000000006,34.016041666666666,0.18247400961341623,48
6,7Networks_LH_Vis_6,7networks_lh_vis,7Networks_LH_Vis,visual,visual,L,223.0,44.4319380203515,64482.0,-9.03760568099276e-06,Q37,34.040000000000006,34.016041666666666,0.18247400961341623,48
7,7Networks_LH_Vis_7,7networks_lh_vis,7Networks_LH_Vis,visual,visual,L,220.0,39.86105457909344,185623.0,-9.03760568099276e-06,Q37,34.040000000000006,34.016041666666666,0.18247400961341623,48
8,7Networks_LH_Vis_8,7networks_lh_vis,7Networks_LH_Vis,visual,visual,L,165.0,22.273959296947268,121931.0,-9.03760568099276e-06,Q37,34.040000000000006,34.016041666666666,0.18247400961341623,48
9,7Networks_LH_Vis_9,7networks_lh_vis,7Networks_LH_Vis,visual,visual,L,195.0,29.64131976564905,140570.0,-9.03760568099276e-06,Q37,34.040000000000006,34.016041666666666,0.18247400961341623,48
10,7Networks_LH_Vis_10,7networks_lh_vis,7Networks_LH_Vis,visual,visual,L,181.0,28.9563906876349,93717.0,-9.03760568099276e-06,Q37,34.040000000000006,34.016041666666666,0.18247400961341623,48
11,7Networks_LH_Vis_11,7networks_lh_vis,7Networks_LH_Vis,visual,visual,L,150.0,14.762195497995684,120138.0,-9.03760568099276e-06,Q37,34.040000000000006,34.016041666666666,0.18247400961341623,48
12,7Networks_LH_Vis_12,7networks_lh_vis,7Networks_LH_Vis,visual,visual,L,244.0,55.571939562133835,51962.0,-9.03760568099276e-06,Q37,34.040000000000006,34.016041666666666,0.18247400961341623,48
13,7Networks_LH_Vis_13,7networks_lh_vis,7Networks_LH_Vis,visual,visual,L,213.0,39.304093432007335,134730.0,-9.03760568099276e-06,Q37,34.040000000000006,34.016041666666666,0.18247400961341623,48
14,7Networks_LH_Vis_14,7networks_lh_vis,7Networks_LH_Vis,visual,visual,L,224.0,42.2580326857848,84502.0,-9.03760568099276e-06,Q37,34.040000000000006,34.016041666666666,0.18247400961341623,48
15,7Networks_LH_Vis_15,7networks_lh_vis,7Networks_LH_Vis,visual,visual,L,235.0,49.855265186555684,135318.0,-9.03760568099276e-06,Q37,34.040000000000006,34.016041666666666,0.18247400961341623,48
16,7Networks_LH_Vis_16,7networks_lh_vis,7Networks_LH_Vis,visual,visual,L,160.0,18.264269195189623,161021.0,-9.03760568099276e-06,Q37,34.040000000000006,34.016041666666666,0.18247400961341623,48
17,7Networks_LH_Vis_17,7networks_lh_vis,7Networks_LH_Vis,visual,visual,L,194.0,29.201156336725273,106203.0,-9.03760568099276e-06,Q37,34.040000000000006,34.016041666666666,0.18247400961341623,48
18,7Networks_LH_Vis_18,7networks_lh_vis,7Networks_LH_Vis,visual,visual,L,238.0,47.6696577243293,100779.0,-9.03760568099276e-06,Q37,34.040000000000006,34.016041666666666,0.18247400961341623,48
19,7Networks_LH_Vis_19,7networks_lh_vis,7Networks_LH_Vis,visual,visual,L,255.0,53.96516342892383,77891.0,-9.03760568099276e-06,Q37,34.040000000000006,34.016041666666666,0.18247400961341623,48
20,7Networks_LH_Vis_20,7networks_lh_vis,7Networks_LH_Vis,visual,visual,L,171.0,24.876842429848914,155554.0,-9.03760568099276e-06,Q37,34.040000000000006,34.016041666666666,0.18247400961341623,48
21,7Networks_LH_Vis_21,7networks_lh_vis,7Networks_LH_Vis,visual,visual,L,219.0,39.373543015726206,156718.0,-9.03760568099276e-06,Q37,34.040000000000006,34.016041666666666,0.18247400961341623,48
22,7Networks_LH_Vis_22,7networks_lh_vis,7Networks_LH_Vis,visual,visual,L,141.0,10.71523280912736,161569.0,-9.03760568099276e-06,Q37,34.040000000000006,34.016041666666666,0.18247400961341623,48
23,7Networks_LH_Vis_23,7networks_lh_vis,7Networks_LH_Vis,visual,visual,L,142.0,14.741150169596054,129611.0,-9.03760568099276e-06,Q37,34.040000000000006,34.016041666666666,0.18247400961341623,48
24,7Networks_LH_Vis_24,7networks_lh_vis,7Networks_LH_Vis,visual,visual,L,282.0,68.07371261177924,29071.0,-9.03760568099276e-06,Q37,34.040000000000006,34.016041666666666,0.18247400961341623,48
25,7Networks_LH_Vis_25,7networks_lh_vis,7Networks_LH_Vis,visual,visual,L,276.0,66.7465849522048,136058.0,-9.03760568099276e-06,Q37,34.040000000000006,34.016041666666666,0.18247400961341623,48
26,7Networks_LH_Vis_26,7networks_lh_vis,7Networks_LH_Vis,visual,visual,L,161.0,19.622648781991987,198299.0,-9.03760568099276e-06,Q37,34.040000000000006,34.016041666666666,0.18247400961341623,48
27,7Networks_LH_Vis_27,7networks_lh_vis,7Networks_LH_Vis,visual,visual,L,274.0,60.340641381436896,47144.0,-9.03760568099276e-06,Q37,34.040000000000006,34.016041666666666,0.18247400961341623,48
28,7Networks_LH_Vis_28,7networks_lh_vis,7Networks_LH_Vis,visual,visual,L,253.0,57.80477181621959,46625.0,-9.03760568099276e-06,Q37,34.040000000000006,34.016041666666666,0.18247400961341623,48
29,7Networks_LH_Vis_29,7networks_lh_vis,7Networks_LH_Vis,visual,visual,L,220.0,38.409697810669165,159617.0,-9.03760568099276e-06,Q37,34.040000000000006,34.016041666666666,0.18247400961341623,48
30,7Networks_LH_Vis_30,7networks_lh_vis,7Networks_LH_Vis,visual,visual,L,145.0,13.52098365710762,192048.0,-9.03760568099276e-06,Q37,34.040000000000006,34.016041666666666,0.18247400961341623,48
31,7Networks_LH_Vis_31,7networks_lh_vis,7Networks_LH_Vis,visual,visual,L,142.0,12.815132593277843,95871.0,-9.03760568099276e-06,Q37,34.040000000000006,34.016041666666666,0.18247400961341623,48
32,7Networks_LH_SomMot_1,7networks_lh_sommot,7Networks_LH_SomMot,somatomotor,somatomotor,L,321.0,87.62564754856614,20.0,-9.03760568099276e-06,Q37,34.040000000000006,34.016041666666666,0.18247400961341623,48
33,7Networks_LH_SomMot_2,7networks_lh_sommot,7Networks_LH_SomMot,somatomotor,somatomotor,L,247.0,55.9561285846438,37734.0,-9.03760568099276e-06,Q37,34.040000000000006,34.016041666666666,0.18247400961341623,48
34,7Networks_LH_SomMot_3,7networks_lh_sommot,7Networks_LH_SomMot,somatomotor,somatomotor,L,280.0,76.00737742830707,7402.0,-9.03760568099276e-06,Q37,34.040000000000006,34.016041666666666,0.18247400961341623,48
35,7Networks_LH_SomMot_4,7networks_lh_sommot,7Networks_LH_SomMot,somatomotor,somatomotor,L,308.0,75.47599444958371,61354.0,-9.03760568099276e-06,Q37,34.040000000000006,34.016041666666666,0.18247400961341623,48
36,7Networks_LH_SomMot_5,7networks_lh_sommot,7Networks_LH_SomMot,somatomotor,somatomotor,L,277.0,67.87833024976878,190611.0,-9.03760568099276e-06,Q37,34.040000000000006,34.016041666666666,0.18247400961341623,48
37,7Networks_LH_SomMot_6,7networks_lh_sommot,7Networks_LH_SomMot,somatomotor,somatomotor,L,224.0,43.93783533765033,168509.0,-9.03760568099276e-06,Q37,34.040000000000006,34.016041666666666,0.18247400961341623,48
38,7Networks_LH_SomMot_7,7networks_lh_sommot,7Networks_LH_SomMot,somatomotor,somatomotor,L,214.0,38.62026672833797,123815.0,-9.03760568099276e-06,Q37,34.040000000000006,34.016041666666666,0.18247400961341623,48
39,7Networks_LH_SomMot_8,7networks_lh_sommot,7Networks_LH_SomMot,somatomotor,somatomotor,L,318.0,80.9499614554425,17869.0,-9.03760568099276e-06,Q37,34.040000000000006,34.016041666666666,0.18247400961341623,48
40,7Networks_LH_SomMot_9,7networks_lh_sommot,7Networks_LH_SomMot,somatomotor,somatomotor,L,316.0,80.66641227258698,1591.0,-9.03760568099276e-06,Q37,34.040000000000006,34.016041666666666,0.18247400961341623,48
41,7Networks_LH_SomMot_10,7networks_lh_sommot,7Networks_LH_SomMot,somatomotor,somatomotor,L,270.0,58.47513876040703,119903.0,-9.03760568099276e-06,Q37,34.040000000000006,34.016041666666666,0.18247400961341623,48
42,7Networks_LH_SomMot_11,7networks_lh_sommot,7Networks_LH_SomMot,somatomotor,somatomotor,L,194.0,29.979309281529428,90412.0,-9.03760568099276e-06,Q37,34.040000000000006,34.016041666666666,0.18247400961341623,48
43,7Networks_LH_SomMot_12,7networks_lh_sommot,7Networks_LH_SomMot,somatomotor,somatomotor,L,227.0,43.60161116250391,114693.0,-9.03760568099276e-06,Q37,34.040000000000006,34.016041666666666,0.18247400961341623,48
44,7Networks_LH_SomMot_13,7networks_lh_sommot,7Networks_LH_SomMot,somatomotor,somatomotor,L,167.0,19.998812827628736,108237.0,-9.03760568099276e-06,Q37,34.040000000000006,34.016041666666666,0.18247400961341623,48
45,7Networks_LH_SomMot_14,7networks_lh_sommot,7Networks_LH_SomMot,somatomotor,somatomotor,L,259.0,55.625192722787524,67342.0,-9.03760568099276e-06,Q37,34.040000000000006,34.016041666666666,0.18247400961341623,48
46,7Networks_LH_SomMot_15,7networks_lh_sommot,7Networks_LH_SomMot,somatomotor,somatomotor,L,155.0,16.11490132593278,167181.0,-9.03760568099276e-06,Q37,34.040000000000006,34.016041666666666,0.18247400961341623,48
47,7Networks_LH_SomMot_16,7networks_lh_sommot,7Networks_LH_SomMot,somatomotor,somatomotor,L,179.0,30.842846130126436,166877.0,-9.03760568099276e-06,Q37,34.040000000000006,34.016041666666666,0.18247400961341623,48
48,7Networks_LH_SomMot_17,7networks_lh_sommot,7Networks_LH_SomMot,somatomotor,somatomotor,L,282.0,62.65291396854769,47962.0,-9.03760568099276e-06,Q37,34.040000000000006,34.016041666666666,0.18247400961341623,48
49,7Networks_LH_SomMot_18,7networks_lh_sommot,7Networks_LH_SomMot,somatomotor,somatomotor,L,285.0,64.8562056737589,13224.0,-9.03760568099276e-06,Q37,34.040000000000006,34.016041666666666,0.18247400961341623,48
50,7Networks_LH_SomMot_19,7networks_lh_sommot,7Networks_LH_SomMot,somatomotor,somatomotor,L,197.0,29.72936324390995,194193.0,-9.03760568099276e-06,Q37,34.040000000000006,34.016041666666666,0.18247400961341623,48
51,7Networks_LH_SomMot_20,7networks_lh_sommot,7Networks_LH_SomMot,somatomotor,somatomotor,L,121.0,3.4488822078322547,130117.0,-9.03760568099276e-06,Q37,34.040000000000006,34.016041666666666,0.18247400961341623,48
52,7Networks_LH_SomMot_21,7networks_lh_sommot,7Networks_LH_SomMot,somatomotor,somatomotor,L,53.0,-37.83438174529762,185739.0,-9.03760568099276e-06,Q37,34.040000000000006,34.016041666666666,0.18247400961341623,48
53,7Networks_LH_SomMot_22,7networks_lh_sommot,7Networks_LH_SomMot,somatomotor,somatomotor,L,241.0,49.6641535615171,75502.0,-9.03760568099276e-06,Q37,34.040000000000006,34.016041666666666,0.18247400961341623,48
54,7Networks_LH_SomMot_23,7networks_lh_sommot,7Networks_LH_SomMot,somatomotor,somatomotor,L,233.0,47.09591427690408,96787.0,-9.03760568099276e-06,Q37,34.040000000000006,34.016041666666666,0.18247400961341623,48
55,7Networks_LH_SomMot_24,7networks_lh_sommot,7Networks_LH_SomMot,somatomotor,somatomotor,L,294.0,64.36298180696882,31769.0,-9.03760568099276e-06,Q37,34.040000000000006,34.016041666666666,0.18247400961341623,48
56,7Networks_LH_SomMot_25,7networks_lh_sommot,7Networks_LH_SomMot,somatomotor,somatomotor,L,314.0,78.2121184088807,5633.0,-9.03760568099276e-06,Q37,34.040000000000006,34.016041666666666,0.18247400961341623,48
57,7Networks_LH_SomMot_26,7networks_lh_sommot,7Networks_LH_SomMot,somatomotor,somatomotor,L,192.0,30.365795559666985,143295.0,-9.03760568099276e-06,Q37,34.040000000000006,34.016041666666666,0.18247400961341623,48
58,7Networks_LH_SomMot_27,7networks_lh_sommot,7Networks_LH_SomMot,somatomotor,somatomotor,L,240.0,52.88019580635217,99130.0,-9.03760568099276e-06,Q37,34.040000000000006,34.016041666666666,0.18247400961341623,48
59,7Networks_LH_SomMot_28,7networks_lh_sommot,7Networks_LH_SomMot,somatomotor,somatomotor,L,243.0,53.63871415356154,67157.0,-9.03760568099276e-06,Q37,34.040000000000006,34.016041666666666,0.18247400961341623,48
60,7Networks_LH_SomMot_29,7networks_lh_sommot,7Networks_LH_SomMot,somatomotor,somatomotor,L,298.0,68.3092121492446,82450.0,-9.03760568099276e-06,Q37,34.040000000000006,34.016041666666666,0.18247400961341623,48
61,7Networks_LH_SomMot_30,7networks_lh_sommot,7Networks_LH_SomMot,somatomotor,somatomotor,L,233.0,46.01486278137525,119364.0,-9.03760568099276e-06,Q37,34.040000000000006,34.016041666666666,0.18247400961341623,48
62,7Networks_LH_SomMot_31,7networks_lh_sommot,7Networks_LH_SomMot,somatomotor,somatomotor,L,186.0,28.765841813136003,136175.0,-9.03760568099276e-06,Q37,34.040000000000006,34.016041666666666,0.18247400961341623,48
63,7Networks_LH_SomMot_32,7networks_lh_sommot,7Networks_LH_SomMot,somatomotor,somatomotor,L,207.0,36.75751618871418,104699.0,-9.03760568099276e-06,Q37,34.040000000000006,34.016041666666666,0.18247400961341623,48
64,7Networks_LH_SomMot_33,7networks_lh_sommot,7Networks_LH_SomMot,somatomotor,somatomotor,L,281.0,65.03024976873267,24024.0,-9.03760568099276e-06,Q37,34.040000000000006,34.016041666666666,0.18247400961341623,48
65,7Networks_LH_SomMot_34,7networks_lh_sommot,7Networks_LH_SomMot,somatomotor,somatomotor,L,123.0,9.058903792784463,119988.0,-9.03760568099276e-06,Q37,34.040000000000006,34.016041666666666,0.18247400961341623,48
66,7Networks_LH_SomMot_35,7networks_lh_sommot,7Networks_LH_SomMot,somatomotor,somatomotor,L,317.0,80.00229725562754,5603.0,-9.03760568099276e-06,Q37,34.040000000000006,34.016041666666666,0.18247400961341623,48
67,7Networks_LH_SomMot_36,7networks_lh_sommot,7Networks_LH_SomMot,somatomotor,somatomotor,L,185.0,25.723234659266115,145056.0,-9.03760568099276e-06,Q37,34.040000000000006,34.016041666666666,0.18247400961341623,48
68,7Networks_LH_SomMot_37,7networks_lh_sommot,7Networks_LH_SomMot,somatomotor,somatomotor,L,150.0,15.392121492445261,153349.0,-9.03760568099276e-06,Q37,34.040000000000006,34.016041666666666,0.18247400961341623,48
69,7Networks_LH_DorsAttn_Post_1,7networks_lh_dorsattn_post,7Networks_LH_DorsAttn_Post,dorsal attention,posterior,L,152.0,8.759081097749004,189175.0,-9.03760568099276e-06,Q37,34.040000000000006,34.016041666666666,0.18247400961341623,48
70,7Networks_LH_DorsAttn_Post_2,7networks_lh_dorsattn_post,7Networks_LH_DorsAttn_Post,dorsal attention,posterior,L,194.0,28.51433857539316,140853.0,-9.03760568099276e-06,Q37,34.040000000000006,34.016041666666666,0.18247400961341623,48
71,7Networks_LH_DorsAttn_Post_3,7networks_lh_dorsattn_post,7Networks_LH_DorsAttn_Post,dorsal attention,posterior,L,218.0,44.80529602220167,71951.0,-9.03760568099276e-06,Q37,34.040000000000006,34.016041666666666,0.18247400961341623,48
72,7Networks_LH_DorsAttn_Post_4,7networks_lh_dorsattn_post,7Networks_LH_DorsAttn_Post,dorsal attention,posterior,L,170.0,21.495760098674054,135455.0,-9.03760568099276e-06,Q37,34.040000000000006,34.016041666666666,0.18247400961341623,48
73,7Networks_LH_DorsAttn_Post_5,7networks_lh_dorsattn_post,7Networks_LH_DorsAttn_Post,dorsal attention,posterior,L,120.0,6.611524822695037,144469.0,-9.03760568099276e-06,Q37,34.040000000000006,34.016041666666666,0.18247400961341623,48
74,7Networks_LH_DorsAttn_Post_6,7networks_lh_dorsattn_post,7Networks_LH_DorsAttn_Post,dorsal attention,posterior,L,251.0,58.3819534381746,31707.0,-9.03760568099276e-06,Q37,34.040000000000006,34.016041666666666,0.18247400961341623,48
75,7Networks_LH_DorsAttn_Post_7,7networks_lh_dorsattn_post,7Networks_LH_DorsAttn_Post,dorsal attention,posterior,L,246.0,51.68277058279367,154956.0,-9.03760568099276e-06,Q37,34.040000000000006,34.016041666666666,0.18247400961341623,48
76,7Networks_LH_DorsAttn_Post_8,7networks_lh_dorsattn_post,7Networks_LH_DorsAttn_Post,dorsal attention,posterior,L,206.0,37.43961609620721,170719.0,-9.03760568099276e-06,Q37,34.040000000000006,34.016041666666666,0.18247400961341623,48
77,7Networks_LH_DorsAttn_Post_9,7networks_lh_dorsattn_post,7Networks_LH_DorsAttn_Post,dorsal attention,posterior,L,131.0,2.855789392537776,152856.0,-9.03760568099276e-06,Q37,34.040000000000006,34.016041666666666,0.18247400961341623,48
78,7Networks_LH_DorsAttn_Post_10,7networks_lh_dorsattn_post,7Networks_LH_DorsAttn_Post,dorsal attention,posterior,L,121.0,-3.5969935245143434,187747.0,-9.03760568099276e-06,Q37,34.040000000000006,34.016041666666666,0.18247400961341623,48
79,7Networks_LH_DorsAttn_Post_11,7networks_lh_dorsattn_post,7Networks_LH_DorsAttn_Post,dorsal attention,posterior,L,217.0,47.36442337341971,99091.0,-9.03760568099276e-06,Q37,34.040000000000006,34.016041666666666,0.18247400961341623,48
80,7Networks_LH_DorsAttn_Post_12,7networks_lh_dorsattn_post,7Networks_LH_DorsAttn_Post,dorsal attention,posterior,L,146.0,14.947502312673437,129138.0,-9.03760568099276e-06,Q37,34.040000000000006,34.016041666666666,0.18247400961341623,48
81,7Networks_LH_DorsAttn_Post_13,7networks_lh_dorsattn_post,7Networks_LH_DorsAttn_Post,dorsal attention,posterior,L,266.0,58.67792167745918,75329.0,-9.03760568099276e-06,Q37,34.040000000000006,34.016041666666666,0.18247400961341623,48
82,7Networks_LH_DorsAttn_Post_14,7networks_lh_dorsattn_post,7Networks_LH_DorsAttn_Post,dorsal attention,posterior,L,165.0,20.284320074005585,186651.0,-9.03760568099276e-06,Q37,34.040000000000006,34.016041666666666,0.18247400961341623,48
83,7Networks_LH_DorsAttn_Post_15,7networks_lh_dorsattn_post,7Networks_LH_DorsAttn_Post,dorsal attention,posterior,L,242.0,49.94869719395619,75845.0,-9.03760568099276e-06,Q37,34.040000000000006,34.016041666666666,0.18247400961341623,48
84,7Networks_LH_DorsAttn_Post_16,7networks_lh_dorsattn_post,7Networks_LH_DorsAttn_Post,dorsal attention,posterior,L,205.0,38.01534073388837,164710.0,-9.03760568099276e-06,Q37,34.040000000000006,34.016041666666666,0.18247400961341623,48
85,7Networks_LH_DorsAttn_Post_17,7networks_lh_dorsattn_post,7Networks_LH_DorsAttn_Post,dorsal attention,posterior,L,149.0,10.811763798951587,168487.0,-9.03760568099276e-06,Q37,34.040000000000006,34.016041666666666,0.18247400961341623,48
86,7Networks_LH_DorsAttn_FEF_1,7networks_lh_dorsattn_fef,7Networks_LH_DorsAttn_FEF,dorsal attention,frontal eye fields,L,181.0,28.950053962380505,165971.0,-9.03760568099276e-06,Q37,34.040000000000006,34.016041666666666,0.18247400961341623,48
87,7Networks_LH_DorsAttn_FEF_2,7networks_lh_dorsattn_fef,7Networks_LH_DorsAttn_FEF,dorsal attention,frontal eye fields,L,209.0,37.83296330558128,106701.0,-9.03760568099276e-06,Q37,34.040000000000006,34.016041666666666,0.18247400961341623,48
88,7Networks_LH_DorsAttn_FEF_3,7networks_lh_dorsattn_fef,7Networks_LH_DorsAttn_FEF,dorsal attention,frontal eye fields,L,177.0,25.228021893308647,152666.0,-9.03760568099276e-06,Q37,34.040000000000006,34.016041666666666,0.18247400961341623,48
89,7Networks_LH_DorsAttn_FEF_4,7networks_lh_dorsattn_fef,7Networks_LH_DorsAttn_FEF,dorsal attention,frontal eye fields,L,207.0,40.52217853839038,63887.0,-9.03760568099276e-06,Q37,34.040000000000006,34.016041666666666,0.18247400961341623,48
90,7Networks_LH_DorsAttn_PrCv_1,7networks_lh_dorsattn_prcv,7Networks_LH_DorsAttn_PrCv,dorsal attention,precentral ventral,L,238.0,46.60197348134443,74635.0,-9.03760568099276e-06,Q37,34.040000000000006,34.016041666666666,0.18247400961341623,48
91,7Networks_LH_DorsAttn_PrCv_2,7networks_lh_dorsattn_prcv,7Networks_LH_DorsAttn_PrCv,dorsal attention,precentral ventral,L,235.0,49.32420598211533,46030.0,-9.03760568099276e-06,Q37,34.040000000000006,34.016041666666666,0.18247400961341623,48
92,7Networks_LH_SalVentAttn_ParOper_1,7networks_lh_salventattn_paroper,7Networks_LH_SalVentAttn_ParOper,salience / ventral attention,parietal operculum,L,198.0,40.20273666358312,73324.0,-9.03760568099276e-06,Q37,34.040000000000006,34.016041666666666,0.18247400961341623,48
93,7Networks_LH_SalVentAttn_ParOper_2,7networks_lh_salventattn_paroper,7Networks_LH_SalVentAttn_ParOper,salience / ventral attention,parietal operculum,L,226.0,48.73973943879123,86437.0,-9.03760568099276e-06,Q37,34.040000000000006,34.016041666666666,0.18247400961341623,48
94,7Networks_LH_SalVentAttn_ParOper_3,7networks_lh_salventattn_paroper,7Networks_LH_SalVentAttn_ParOper,salience / ventral attention,parietal operculum,L,230.0,45.503731113166786,100936.0,-9.03760568099276e-06,Q37,34.040000000000006,34.016041666666666,0.18247400961341623,48
95,7Networks_LH_SalVentAttn_ParOper_4,7networks_lh_salventattn_paroper,7Networks_LH_SalVentAttn_ParOper,salience / ventral attention,parietal operculum,L,245.0,46.06574930619796,62030.0,-9.03760568099276e-06,Q37,34.040000000000006,34.016041666666666,0.18247400961341623,48
96,7Networks_LH_SalVentAttn_TempOcc_1,7networks_lh_salventattn_tempocc,7Networks_LH_SalVentAttn_TempOcc,salience / ventral attention,temporal occipital,L,147.0,13.9936786925686,134795.0,-9.03760568099276e-06,Q37,34.040000000000006,34.016041666666666,0.18247400961341623,48
97,7Networks_LH_SalVentAttn_FrOperIns_1,7networks_lh_salventattn_froperins,7Networks_LH_SalVentAttn_FrOperIns,salience / ventral attention,frontal operculum insula,L,278.0,69.69485044711686,87391.0,-9.03760568099276e-06,Q37,34.040000000000006,34.016041666666666,0.18247400961341623,48
98,7Networks_LH_SalVentAttn_FrOperIns_2,7networks_lh_salventattn_froperins,7Networks_LH_SalVentAttn_FrOperIns,salience / ventral attention,frontal operculum insula,L,285.0,69.68334875115636,5647.5,-9.03760568099276e-06,Q37,34.040000000000006,34.016041666666666,0.18247400961341623,48
99,7Networks_LH_SalVentAttn_FrOperIns_3,7networks_lh_salventattn_froperins,7Networks_LH_SalVentAttn_FrOperIns,salience / ventral attention,frontal operculum insula,L,219.0,44.171214924452684,79013.0,-9.03760568099276e-06,Q37,34.040000000000006,34.016041666666666,0.18247400961341623,48
100,7Networks_LH_SalVentAttn_FrOperIns_4,7networks_lh_salventattn_froperins,7Networks_LH_SalVentAttn_FrOperIns,salience / ventral attention,frontal operculum insula,L,291.0,75.39849676225715,2259.0,-9.03760568099276e-06,Q37,34.040000000000006,34.016041666666666,0.18247400961341623,48
101,7Networks_LH_SalVentAttn_FrOperIns_5,7networks_lh_salventattn_froperins,7Networks_LH_SalVentAttn_FrOperIns,salience / ventral attention,frontal operculum insula,L,176.0,28.087927844588368,125187.0,-9.03760568099276e-06,Q37,34.040000000000006,34.016041666666666,0.18247400961341623,48
102,7Networks_LH_SalVentAttn_FrOperIns_6,7networks_lh_salventattn_froperins,7Networks_LH_SalVentAttn_FrOperIns,salience / ventral attention,frontal operculum insula,L,240.0,48.659559050262075,81373.0,-9.03760568099276e-06,Q37,34.040000000000006,34.016041666666666,0.18247400961341623,48
103,7Networks_LH_SalVentAttn_FrOperIns_7,7networks_lh_salventattn_froperins,7Networks_LH_SalVentAttn_FrOperIns,salience / ventral attention,frontal operculum insula,L,246.0,48.9739438791243,82596.0,-9.03760568099276e-06,Q37,34.040000000000006,34.016041666666666,0.18247400961341623,48
104,7Networks_LH_SalVentAttn_FrOperIns_8,7networks_lh_salventattn_froperins,7Networks_LH_SalVentAttn_FrOperIns,salience / ventral attention,frontal operculum insula,L,276.0,66.4243447425224,18285.5,-9.03760568099276e-06,Q37,34.040000000000006,34.016041666666666,0.18247400961341623,48
105,7Networks_LH_SalVentAttn_FrOperIns_9,7networks_lh_salventattn_froperins,7Networks_LH_SalVentAttn_FrOperIns,salience / ventral attention,frontal operculum insula,L,224.0,43.69415664508174,104861.0,-9.03760568099276e-06,Q37,34.040000000000006,34.016041666666666,0.18247400961341623,48
106,7Networks_LH_SalVentAttn_PFCl_1,7networks_lh_salventattn_pfcl,7Networks_LH_SalVentAttn_PFCl,salience / ventral attention,lateral prefrontal cortex,L,278.0,66.92378199198275,4545.0,-9.03760568099276e-06,Q37,34.040000000000006,34.016041666666666,0.18247400961341623,48
107,7Networks_LH_SalVentAttn_Med_1,7networks_lh_salventattn_med,7Networks_LH_SalVentAttn_Med,salience / ventral attention,medial,L,269.0,63.81337496145541,46843.0,-9.03760568099276e-06,Q37,34.040000000000006,34.016041666666666,0.18247400961341623,48
108,7Networks_LH_SalVentAttn_Med_2,7networks_lh_salventattn_med,7Networks_LH_SalVentAttn_Med,salience / ventral attention,medial,L,260.0,61.06369873573854,17083.0,-9.03760568099276e-06,Q37,34.040000000000006,34.016041666666666,0.18247400961341623,48
109,7Networks_LH_SalVentAttn_Med_3,7networks_lh_salventattn_med,7Networks_LH_SalVentAttn_Med,salience / ventral attention,medial,L,268.0,61.706914893617025,95183.0,-9.03760568099276e-06,Q37,34.040000000000006,34.016041666666666,0.18247400961341623,48
110,7Networks_LH_SalVentAttn_Med_4,7networks_lh_salventattn_med,7Networks_LH_SalVentAttn_Med,salience / ventral attention,medial,L,300.0,73.6406182547025,20018.0,-9.03760568099276e-06,Q37,34.040000000000006,34.016041666666666,0.18247400961341623,48
111,7Networks_LH_SalVentAttn_Med_5,7networks_lh_salventattn_med,7Networks_LH_SalVentAttn_Med,salience / ventral attention,medial,L,206.0,39.41350601295099,121776.0,-9.03760568099276e-06,Q37,34.040000000000006,34.016041666666666,0.18247400961341623,48
112,7Networks_LH_SalVentAttn_Med_6,7networks_lh_salventattn_med,7Networks_LH_SalVentAttn_Med,salience / ventral attention,medial,L,256.0,57.5299876657416,182612.0,-9.03760568099276e-06,Q37,34.040000000000006,34.016041666666666,0.18247400961341623,48
113,7Networks_LH_SalVentAttn_Med_7,7networks_lh_salventattn_med,7Networks_LH_SalVentAttn_Med,salience / ventral attention,medial,L,111.0,11.835060129509715,103731.0,-9.03760568099276e-06,Q37,34.040000000000006,34.016041666666666,0.18247400961341623,48
114,7Networks_LH_Limbic_OFC_1,7networks_lh_limbic_ofc,7Networks_LH_Limbic_OFC,limbic,orbital frontal cortex,L,227.0,46.35978260869564,88584.0,-9.03760568099276e-06,Q37,34.040000000000006,34.016041666666666,0.18247400961341623,48
115,7Networks_LH_Limbic_OFC_2,7networks_lh_limbic_ofc,7Networks_LH_Limbic_OFC,limbic,orbital frontal cortex,L,281.0,62.37333487511565,40304.0,-9.03760568099276e-06,Q37,34.040000000000006,34.016041666666666,0.18247400961341623,48
116,7Networks_LH_Limbic_OFC_3,7networks_lh_limbic_ofc,7Networks_LH_Limbic_OFC,limbic,orbital frontal cortex,L,312.0,73.90450200431702,24167.0,-9.03760568099276e-06,Q37,34.040000000000006,34.016041666666666,0.18247400961341623,48
117,7Networks_LH_Limbic_OFC_4,7networks_lh_limbic_ofc,7Networks_LH_Limbic_OFC,limbic,orbital frontal cortex,L,308.0,81.2949660807894,50669.0,-9.03760568099276e-06,Q37,34.040000000000006,34.016041666666666,0.18247400961341623,48
118,7Networks_LH_Limbic_OFC_5,7networks_lh_limbic_ofc,7Networks_LH_Limbic_OFC,limbic,orbital frontal cortex,L,293.0,72.62708140610553,3457.0,-9.03760568099276e-06,Q37,34.040000000000006,34.016041666666666,0.18247400961341623,48
119,7Networks_LH_Limbic_TempPole_1,7networks_lh_limbic_temppole,7Networks_LH_Limbic_TempPole,limbic,temporal pole,L,220.0,43.35874190564292,99482.0,-9.03760568099276e-06,Q37,34.040000000000006,34.016041666666666,0.18247400961341623,48
120,7Networks_LH_Limbic_TempPole_2,7networks_lh_limbic_temppole,7Networks_LH_Limbic_TempPole,limbic,temporal pole,L,141.0,15.113983965464081,193104.0,-9.03760568099276e-06,Q37,34.040000000000006,34.016041666666666,0.18247400961341623,48
121,7Networks_LH_Limbic_TempPole_3,7networks_lh_limbic_temppole,7Networks_LH_Limbic_TempPole,limbic,temporal pole,L,179.0,31.563367252543944,171619.0,-9.03760568099276e-06,Q37,34.040000000000006,34.016041666666666,0.18247400961341623,48
122,7Networks_LH_Limbic_TempPole_4,7networks_lh_limbic_temppole,7Networks_LH_Limbic_TempPole,limbic,temporal pole,L,181.0,27.601480111008307,99496.0,-9.03760568099276e-06,Q37,34.040000000000006,34.016041666666666,0.18247400961341623,48
123,7Networks_LH_Limbic_TempPole_5,7networks_lh_limbic_temppole,7Networks_LH_Limbic_TempPole,limbic,temporal pole,L,174.0,19.731359851988906,189537.0,-9.03760568099276e-06,Q37,34.040000000000006,34.016041666666666,0.18247400961341623,48
124,7Networks_LH_Limbic_TempPole_6,7networks_lh_limbic_temppole,7Networks_LH_Limbic_TempPole,limbic,temporal pole,L,198.0,33.29152019734817,107127.0,-9.03760568099276e-06,Q37,34.040000000000006,34.016041666666666,0.18247400961341623,48
125,7Networks_LH_Limbic_TempPole_7,7networks_lh_limbic_temppole,7Networks_LH_Limbic_TempPole,limbic,temporal pole,L,218.0,46.24833487511566,111537.0,-9.03760568099276e-06,Q37,34.040000000000006,34.016041666666666,0.18247400961341623,48
126,7Networks_LH_Limbic_TempPole_8,7networks_lh_limbic_temppole,7Networks_LH_Limbic_TempPole,limbic,temporal pole,L,210.0,39.074298489053405,151051.0,-9.03760568099276e-06,Q37,34.040000000000006,34.016041666666666,0.18247400961341623,48
127,7Networks_LH_Cont_Par_1,7networks_lh_cont_par,7Networks_LH_Cont_Par,control,parietal ,L,281.0,68.1979031760715,161127.0,-9.03760568099276e-06,Q37,34.040000000000006,34.016041666666666,0.18247400961341623,48
128,7Networks_LH_Cont_Par_2,7networks_lh_cont_par,7Networks_LH_Cont_Par,control,parietal ,L,267.0,58.443732654949144,47984.0,-9.03760568099276e-06,Q37,34.040000000000006,34.016041666666666,0.18247400961341623,48
129,7Networks_LH_Cont_Par_3,7networks_lh_cont_par,7Networks_LH_Cont_Par,control,parietal ,L,261.0,55.17691951896398,37223.0,-9.03760568099276e-06,Q37,34.040000000000006,34.016041666666666,0.18247400961341623,48
130,7Networks_LH_Cont_Par_4,7networks_lh_cont_par,7Networks_LH_Cont_Par,control,parietal ,L,281.0,71.99788775824852,66146.0,-9.03760568099276e-06,Q37,34.040000000000006,34.016041666666666,0.18247400961341623,48
131,7Networks_LH_Cont_Par_5,7networks_lh_cont_par,7Networks_LH_Cont_Par,control,parietal ,L,302.0,70.93554579093428,83099.0,-9.03760568099276e-06,Q37,34.040000000000006,34.016041666666666,0.18247400961341623,48
132,7Networks_LH_Cont_Par_6,7networks_lh_cont_par,7Networks_LH_Cont_Par,control,parietal ,L,199.0,35.65911193339505,63191.0,-9.03760568099276e-06,Q37,34.040000000000006,34.016041666666666,0.18247400961341623,48
133,7Networks_LH_Cont_Temp_1,7networks_lh_cont_temp,7Networks_LH_Cont_Temp,control,temporal,L,177.0,28.123897625655243,121694.0,-9.03760568099276e-06,Q37,34.040000000000006,34.016041666666666,0.18247400961341623,48
134,7Networks_LH_Cont_OFC_1,7networks_lh_cont_ofc,7Networks_LH_Cont_OFC,control,orbital frontal cortex,L,253.0,53.56378353376502,70314.0,-9.03760568099276e-06,Q37,34.040000000000006,34.016041666666666,0.18247400961341623,48
135,7Networks_LH_Cont_PFCl_1,7networks_lh_cont_pfcl,7Networks_LH_Cont_PFCl,control,lateral prefrontal cortex,L,297.0,71.05789392537767,3565.0,-9.03760568099276e-06,Q37,34.040000000000006,34.016041666666666,0.18247400961341623,48
136,7Networks_LH_Cont_PFCl_2,7networks_lh_cont_pfcl,7Networks_LH_Cont_PFCl,control,lateral prefrontal cortex,L,245.0,52.520798643231565,24331.5,-9.03760568099276e-06,Q37,34.040000000000006,34.016041666666666,0.18247400961341623,48
137,7Networks_LH_Cont_PFCl_3,7networks_lh_cont_pfcl,7Networks_LH_Cont_PFCl,control,lateral prefrontal cortex,L,269.0,58.70945112550109,57730.0,-9.03760568099276e-06,Q37,34.040000000000006,34.016041666666666,0.18247400961341623,48
138,7Networks_LH_Cont_PFCl_4,7networks_lh_cont_pfcl,7Networks_LH_Cont_PFCl,control,lateral prefrontal cortex,L,251.0,55.03299414122729,49092.0,-9.03760568099276e-06,Q37,34.040000000000006,34.016041666666666,0.18247400961341623,48
139,7Networks_LH_Cont_PFCl_5,7networks_lh_cont_pfcl,7Networks_LH_Cont_PFCl,control,lateral prefrontal cortex,L,218.0,36.66474714770274,101368.0,-9.03760568099276e-06,Q37,34.040000000000006,34.016041666666666,0.18247400961341623,48
140,7Networks_LH_Cont_PFCl_6,7networks_lh_cont_pfcl,7Networks_LH_Cont_PFCl,control,lateral prefrontal cortex,L,136.0,11.369850447116882,127774.0,-9.03760568099276e-06,Q37,34.040000000000006,34.016041666666666,0.18247400961341623,48
141,7Networks_LH_Cont_PFCl_7,7networks_lh_cont_pfcl,7Networks_LH_Cont_PFCl,control,lateral prefrontal cortex,L,209.0,34.5007940178847,111629.0,-9.03760568099276e-06,Q37,34.040000000000006,34.016041666666666,0.18247400961341623,48
142,7Networks_LH_Cont_PFCl_8,7networks_lh_cont_pfcl,7Networks_LH_Cont_PFCl,control,lateral prefrontal cortex,L,171.0,23.007269503546112,187543.0,-9.03760568099276e-06,Q37,34.040000000000006,34.016041666666666,0.18247400961341623,48
143,7Networks_LH_Cont_PFCv_1,7networks_lh_cont_pfcv,7Networks_LH_Cont_PFCv,control,ventral prefrontal cortex,L,194.0,34.68198427382053,105956.0,-9.03760568099276e-06,Q37,34.040000000000006,34.016041666666666,0.18247400961341623,48
144,7Networks_LH_Cont_pCun_1,7networks_lh_cont_pcun,7Networks_LH_Cont_pCun,control,precuneus,L,239.0,44.36545636756091,151489.0,-9.03760568099276e-06,Q37,34.040000000000006,34.016041666666666,0.18247400961341623,48
145,7Networks_LH_Cont_pCun_2,7networks_lh_cont_pcun,7Networks_LH_Cont_pCun,control,precuneus,L,221.0,38.34332408263953,116159.0,-9.03760568099276e-06,Q37,34.040000000000006,34.016041666666666,0.18247400961341623,48
146,7Networks_LH_Cont_Cing_1,7networks_lh_cont_cing,7Networks_LH_Cont_Cing,control,cingulate,L,197.0,35.71540240518038,71718.0,-9.03760568099276e-06,Q37,34.040000000000006,34.016041666666666,0.18247400961341623,48
147,7Networks_LH_Cont_Cing_2,7networks_lh_cont_cing,7Networks_LH_Cont_Cing,control,cingulate,L,243.0,51.02436786925687,74625.0,-9.03760568099276e-06,Q37,34.040000000000006,34.016041666666666,0.18247400961341623,48
148,7Networks_LH_Cont_PFCmp_1,7networks_lh_cont_pfcmp,7Networks_LH_Cont_PFCmp,control,medial posterior prefrontal cortex,L,231.0,47.85565063213071,78591.0,-9.03760568099276e-06,Q37,34.040000000000006,34.016041666666666,0.18247400961341623,48
149,7Networks_LH_Default_Temp_1,7networks_lh_default_temp,7Networks_LH_Default_Temp,default,temporal,L,188.0,25.690294480419368,167317.0,-9.03760568099276e-06,Q37,34.040000000000006,34.016041666666666,0.18247400961341623,48
150,7Networks_LH_Default_Temp_2,7networks_lh_default_temp,7Networks_LH_Default_Temp,default,temporal,L,173.0,24.078916127042874,124525.0,-9.03760568099276e-06,Q37,34.040000000000006,34.016041666666666,0.18247400961341623,48
151,7Networks_LH_Default_Temp_3,7networks_lh_default_temp,7Networks_LH_Default_Temp,default,temporal,L,126.0,11.686100832562447,98095.0,-9.03760568099276e-06,Q37,34.040000000000006,34.016041666666666,0.18247400961341623,48
152,7Networks_LH_Default_Temp_4,7networks_lh_default_temp,7Networks_LH_Default_Temp,default,temporal,L,202.0,32.60157261794634,159993.0,-9.03760568099276e-06,Q37,34.040000000000006,34.016041666666666,0.18247400961341623,48
153,7Networks_LH_Default_Temp_5,7networks_lh_default_temp,7Networks_LH_Default_Temp,default,temporal,L,251.0,56.342560900400834,68180.0,-9.03760568099276e-06,Q37,34.040000000000006,34.016041666666666,0.18247400961341623,48
154,7Networks_LH_Default_Temp_6,7networks_lh_default_temp,7Networks_LH_Default_Temp,default,temporal,L,271.0,60.73824390995993,40066.0,-9.03760568099276e-06,Q37,34.040000000000006,34.016041666666666,0.18247400961341623,48
155,7Networks_LH_Default_Temp_7,7networks_lh_default_temp,7Networks_LH_Default_Temp,default,temporal,L,191.0,34.59581406105461,77985.0,-9.03760568099276e-06,Q37,34.040000000000006,34.016041666666666,0.18247400961341623,48
156,7Networks_LH_Default_Temp_8,7networks_lh_default_temp,7Networks_LH_Default_Temp,default,temporal,L,247.0,56.56313598519883,107787.0,-9.03760568099276e-06,Q37,34.040000000000006,34.016041666666666,0.18247400961341623,48
157,7Networks_LH_Default_Temp_9,7networks_lh_default_temp,7Networks_LH_Default_Temp,default,temporal,L,301.0,74.29943724946035,9476.0,-9.03760568099276e-06,Q37,34.040000000000006,34.016041666666666,0.18247400961341623,48
158,7Networks_LH_Default_Temp_10,7networks_lh_default_temp,7Networks_LH_Default_Temp,default,temporal,L,206.0,38.03079710144928,144388.0,-9.03760568099276e-06,Q37,34.040000000000006,34.016041666666666,0.18247400961341623,48
159,7Networks_LH_Default_Par_1,7networks_lh_default_par,7Networks_LH_Default_Par,default,parietal,L,192.0,26.72346592661116,174473.0,-9.03760568099276e-06,Q37,34.040000000000006,34.016041666666666,0.18247400961341623,48
160,7Networks_LH_Default_Par_2,7networks_lh_default_par,7Networks_LH_Default_Par,default,parietal,L,187.0,31.307315757015086,140534.0,-9.03760568099276e-06,Q37,34.040000000000006,34.016041666666666,0.18247400961341623,48
161,7Networks_LH_Default_Par_3,7networks_lh_default_par,7Networks_LH_Default_Par,default,parietal,L,231.0,50.99356305889605,120335.0,-9.03760568099276e-06,Q37,34.040000000000006,34.016041666666666,0.18247400961341623,48
162,7Networks_LH_Default_Par_4,7networks_lh_default_par,7Networks_LH_Default_Par,default,parietal,L,287.0,70.31798489053347,26993.0,-9.03760568099276e-06,Q37,34.040000000000006,34.016041666666666,0.18247400961341623,48
163,7Networks_LH_Default_Par_5,7networks_lh_default_par,7Networks_LH_Default_Par,default,parietal,L,281.0,66.28267807585566,136016.0,-9.03760568099276e-06,Q37,34.040000000000006,34.016041666666666,0.18247400961341623,48
164,7Networks_LH_Default_Par_6,7networks_lh_default_par,7Networks_LH_Default_Par,default,parietal,L,264.0,67.87102991057662,32168.0,-9.03760568099276e-06,Q37,34.040000000000006,34.016041666666666,0.18247400961341623,48
165,7Networks_LH_Default_Par_7,7networks_lh_default_par,7Networks_LH_Default_Par,default,parietal,L,177.0,25.125609004008613,145074.0,-9.03760568099276e-06,Q37,34.040000000000006,34.016041666666666,0.18247400961341623,48
166,7Networks_LH_Default_PFC_1,7networks_lh_default_pfc,7Networks_LH_Default_PFC,default,prefrontal cortex,L,230.0,45.596546407647224,100021.0,-9.03760568099276e-06,Q37,34.040000000000006,34.016041666666666,0.18247400961341623,48
167,7Networks_LH_Default_PFC_2,7networks_lh_default_pfc,7Networks_LH_Default_PFC,default,prefrontal cortex,L,304.0,73.68265494912116,22696.0,-9.03760568099276e-06,Q37,34.040000000000006,34.016041666666666,0.18247400961341623,48
168,7Networks_LH_Default_PFC_3,7networks_lh_default_pfc,7Networks_LH_Default_PFC,default,prefrontal cortex,L,257.0,56.17934011717546,65142.0,-9.03760568099276e-06,Q37,34.040000000000006,34.016041666666666,0.18247400961341623,48
169,7Networks_LH_Default_PFC_4,7networks_lh_default_pfc,7Networks_LH_Default_PFC,default,prefrontal cortex,L,287.0,65.51273512180082,58165.0,-9.03760568099276e-06,Q37,34.040000000000006,34.016041666666666,0.18247400961341623,48
170,7Networks_LH_Default_PFC_5,7networks_lh_default_pfc,7Networks_LH_Default_PFC,default,prefrontal cortex,L,238.0,48.44163583102067,56264.0,-9.03760568099276e-06,Q37,34.040000000000006,34.016041666666666,0.18247400961341623,48
171,7Networks_LH_Default_PFC_6,7networks_lh_default_pfc,7Networks_LH_Default_PFC,default,prefrontal cortex,L,256.0,51.67221708294786,132037.0,-9.03760568099276e-06,Q37,34.040000000000006,34.016041666666666,0.18247400961341623,48
172,7Networks_LH_Default_PFC_7,7networks_lh_default_pfc,7Networks_LH_Default_PFC,default,prefrontal cortex,L,187.0,34.248612395929705,92378.0,-9.03760568099276e-06,Q37,34.040000000000006,34.016041666666666,0.18247400961341623,48
173,7Networks_LH_Default_PFC_8,7networks_lh_default_pfc,7Networks_LH_Default_PFC,default,prefrontal cortex,L,262.0,57.22849213691031,179257.0,-9.03760568099276e-06,Q37,34.040000000000006,34.016041666666666,0.18247400961341623,48
174,7Networks_LH_Default_PFC_9,7networks_lh_default_pfc,7Networks_LH_Default_PFC,default,prefrontal cortex,L,293.0,65.39542090656792,44018.0,-9.03760568099276e-06,Q37,34.040000000000006,34.016041666666666,0.18247400961341623,48
175,7Networks_LH_Default_PFC_10,7networks_lh_default_pfc,7Networks_LH_Default_PFC,default,prefrontal cortex,L,142.0,16.435669133518346,154465.0,-9.03760568099276e-06,Q37,34.040000000000006,34.016041666666666,0.18247400961341623,48
176,7Networks_LH_Default_PFC_11,7networks_lh_default_pfc,7Networks_LH_Default_PFC,default,prefrontal cortex,L,220.0,37.76743755781683,133382.0,-9.03760568099276e-06,Q37,34.040000000000006,34.016041666666666,0.18247400961341623,48
177,7Networks_LH_Default_PFC_12,7networks_lh_default_pfc,7Networks_LH_Default_PFC,default,prefrontal cortex,L,284.0,70.63033456675923,137453.0,-9.03760568099276e-06,Q37,34.040000000000006,34.016041666666666,0.18247400961341623,48
178,7Networks_LH_Default_PFC_13,7networks_lh_default_pfc,7Networks_LH_Default_PFC,default,prefrontal cortex,L,254.0,61.0829093432007,35924.0,-9.03760568099276e-06,Q37,34.040000000000006,34.016041666666666,0.18247400961341623,48
179,7Networks_LH_Default_PFC_14,7networks_lh_default_pfc,7Networks_LH_Default_PFC,default,prefrontal cortex,L,231.0,46.406598828245436,189947.0,-9.03760568099276e-06,Q37,34.040000000000006,34.016041666666666,0.18247400961341623,48
180,7Networks_LH_Default_PFC_15,7networks_lh_default_pfc,7Networks_LH_Default_PFC,default,prefrontal cortex,L,282.0,68.34292321924147,26101.0,-9.03760568099276e-06,Q37,34.040000000000006,34.016041666666666,0.18247400961341623,48
181,7Networks_LH_Default_PFC_16,7networks_lh_default_pfc,7Networks_LH_Default_PFC,default,prefrontal cortex,L,258.0,53.300269811902524,55335.0,-9.03760568099276e-06,Q37,34.040000000000006,34.016041666666666,0.18247400961341623,48
182,7Networks_LH_Default_PFC_17,7networks_lh_default_pfc,7Networks_LH_Default_PFC,default,prefrontal cortex,L,156.0,22.344333950046256,156595.0,-9.03760568099276e-06,Q37,34.040000000000006,34.016041666666666,0.18247400961341623,48
183,7Networks_LH_Default_PFC_18,7networks_lh_default_pfc,7Networks_LH_Default_PFC,default,prefrontal cortex,L,223.0,45.33962380511872,79429.0,-9.03760568099276e-06,Q37,34.040000000000006,34.016041666666666,0.18247400961341623,48
184,7Networks_LH_Default_PFC_19,7networks_lh_default_pfc,7Networks_LH_Default_PFC,default,prefrontal cortex,L,311.0,75.20156490903483,23016.0,-9.03760568099276e-06,Q37,34.040000000000006,34.016041666666666,0.18247400961341623,48
185,7Networks_LH_Default_PFC_20,7networks_lh_default_pfc,7Networks_LH_Default_PFC,default,prefrontal cortex,L,237.0,46.779293863706464,79887.0,-9.03760568099276e-06,Q37,34.040000000000006,34.016041666666666,0.18247400961341623,48
186,7Networks_LH_Default_PFC_21,7networks_lh_default_pfc,7Networks_LH_Default_PFC,default,prefrontal cortex,L,209.0,31.50367715078632,145364.0,-9.03760568099276e-06,Q37,34.040000000000006,34.016041666666666,0.18247400961341623,48
187,7Networks_LH_Default_PFC_22,7networks_lh_default_pfc,7Networks_LH_Default_PFC,default,prefrontal cortex,L,191.0,31.785607462226345,91654.0,-9.03760568099276e-06,Q37,34.040000000000006,34.016041666666666,0.18247400961341623,48
188,7Networks_LH_Default_PFC_23,7networks_lh_default_pfc,7Networks_LH_Default_PFC,default,prefrontal cortex,L,231.0,51.19582176996605,134483.0,-9.03760568099276e-06,Q37,34.040000000000006,34.016041666666666,0.18247400961341623,48
189,7Networks_LH_Default_PFC_24,7networks_lh_default_pfc,7Networks_LH_Default_PFC,default,prefrontal cortex,L,168.0,21.841620413197653,114208.0,-9.03760568099276e-06,Q37,34.040000000000006,34.016041666666666,0.18247400961341623,48
190,7Networks_LH_Default_pCunPCC_1,7networks_lh_default_pcunpcc,7Networks_LH_Default_pCunPCC,default,precuneus posterior cingulate cortex,L,277.0,62.48848288621644,65444.0,-9.03760568099276e-06,Q37,34.040000000000006,34.016041666666666,0.18247400961341623,48
191,7Networks_LH_Default_pCunPCC_2,7networks_lh_default_pcunpcc,7Networks_LH_Default_pCunPCC,default,precuneus posterior cingulate cortex,L,183.0,31.851441566450823,56866.0,-9.03760568099276e-06,Q37,34.040000000000006,34.016041666666666,0.18247400961341623,48
192,7Networks_LH_Default_pCunPCC_3,7networks_lh_default_pcunpcc,7Networks_LH_Default_pCunPCC,default,precuneus posterior cingulate cortex,L,305.0,74.99815757015105,56226.0,-9.03760568099276e-06,Q37,34.040000000000006,34.016041666666666,0.18247400961341623,48
193,7Networks_LH_Default_pCunPCC_4,7networks_lh_default_pcunpcc,7Networks_LH_Default_pCunPCC,default,precuneus posterior cingulate cortex,L,201.0,30.84985353068143,131568.0,-9.03760568099276e-06,Q37,34.040000000000006,34.016041666666666,0.18247400961341623,48
194,7Networks_LH_Default_pCunPCC_5,7networks_lh_default_pcunpcc,7Networks_LH_Default_pCunPCC,default,precuneus posterior cingulate cortex,L,255.0,54.69998458217695,193322.0,-9.03760568099276e-06,Q37,34.040000000000006,34.016041666666666,0.18247400961341623,48
195,7Networks_LH_Default_pCunPCC_6,7networks_lh_default_pcunpcc,7Networks_LH_Default_pCunPCC,default,precuneus posterior cingulate cortex,L,256.0,57.9530064754857,83242.0,-9.03760568099276e-06,Q37,34.040000000000006,34.016041666666666,0.18247400961341623,48
196,7Networks_LH_Default_pCunPCC_7,7networks_lh_default_pcunpcc,7Networks_LH_Default_pCunPCC,default,precuneus posterior cingulate cortex,L,258.0,56.668200740055454,72625.0,-9.03760568099276e-06,Q37,34.040000000000006,34.016041666666666,0.18247400961341623,48
197,7Networks_LH_Default_pCunPCC_8,7networks_lh_default_pcunpcc,7Networks_LH_Default_pCunPCC,default,precuneus posterior cingulate cortex,L,226.0,45.232092198581604,115119.0,-9.03760568099276e-06,Q37,34.040000000000006,34.016041666666666,0.18247400961341623,48
198,7Networks_LH_Default_pCunPCC_9,7networks_lh_default_pcunpcc,7Networks_LH_Default_pCunPCC,default,precuneus posterior cingulate cortex,L,293.0,67.6631976564909,185287.0,-9.03760568099276e-06,Q37,34.040000000000006,34.016041666666666,0.18247400961341623,48
199,7Networks_LH_Default_pCunPCC_10,7networks_lh_default_pcunpcc,7Networks_LH_Default_pCunPCC,default,precuneus posterior cingulate cortex,L,203.0,36.716042244835016,185691.0,-9.03760568099276e-06,Q37,34.040000000000006,34.016041666666666,0.18247400961341623,48
200,7Networks_LH_Default_pCunPCC_11,7networks_lh_default_pcunpcc,7Networks_LH_Default_pCunPCC,default,precuneus posterior cingulate cortex,L,285.0,75.86729108849833,75515.0,-9.03760568099276e-06,Q37,34.040000000000006,34.016041666666666,0.18247400961341623,48
201,7Networks_RH_Vis_1,7networks_rh_vis,7Networks_RH_Vis,visual,visual,R,219.0,41.41181005242056,68339.0,-9.03760568099276e-06,Q37,34.040000000000006,34.016041666666666,0.18247400961341623,48
202,7Networks_RH_Vis_2,7networks_rh_vis,7Networks_RH_Vis,visual,visual,R,165.0,19.447641073080515,110556.0,-9.03760568099276e-06,Q37,34.040000000000006,34.016041666666666,0.18247400961341623,48
203,7Networks_RH_Vis_3,7networks_rh_vis,7Networks_RH_Vis,visual,visual,R,260.0,52.99130434782609,33280.0,-9.03760568099276e-06,Q37,34.040000000000006,34.016041666666666,0.18247400961341623,48
204,7Networks_RH_Vis_4,7networks_rh_vis,7Networks_RH_Vis,visual,visual,R,186.0,29.202582485353066,141171.0,-9.03760568099276e-06,Q37,34.040000000000006,34.016041666666666,0.18247400961341623,48
205,7Networks_RH_Vis_5,7networks_rh_vis,7Networks_RH_Vis,visual,visual,R,249.0,53.607176996608096,54160.0,-9.03760568099276e-06,Q37,34.040000000000006,34.016041666666666,0.18247400961341623,48
206,7Networks_RH_Vis_6,7networks_rh_vis,7Networks_RH_Vis,visual,visual,R,286.0,63.08182238667899,60961.0,-9.03760568099276e-06,Q37,34.040000000000006,34.016041666666666,0.18247400961341623,48
207,7Networks_RH_Vis_7,7networks_rh_vis,7Networks_RH_Vis,visual,visual,R,264.0,62.086416897934065,31855.5,-9.03760568099276e-06,Q37,34.040000000000006,34.016041666666666,0.18247400961341623,48
208,7Networks_RH_Vis_8,7networks_rh_vis,7Networks_RH_Vis,visual,visual,R,160.0,18.88096669750231,170139.0,-9.03760568099276e-06,Q37,34.040000000000006,34.016041666666666,0.18247400961341623,48
209,7Networks_RH_Vis_9,7networks_rh_vis,7Networks_RH_Vis,visual,visual,R,219.0,41.884181313598546,95706.0,-9.03760568099276e-06,Q37,34.040000000000006,34.016041666666666,0.18247400961341623,48
210,7Networks_RH_Vis_10,7networks_rh_vis,7Networks_RH_Vis,visual,visual,R,235.0,52.30490286771509,83426.0,-9.03760568099276e-06,Q37,34.040000000000006,34.016041666666666,0.18247400961341623,48
211,7Networks_RH_Vis_11,7networks_rh_vis,7Networks_RH_Vis,visual,visual,R,203.0,34.09401788467466,150152.0,-9.03760568099276e-06,Q37,34.040000000000006,34.016041666666666,0.18247400961341623,48
212,7Networks_RH_Vis_12,7networks_rh_vis,7Networks_RH_Vis,visual,visual,R,255.0,55.55209682392852,49761.0,-9.03760568099276e-06,Q37,34.040000000000006,34.016041666666666,0.18247400961341623,48
213,7Networks_RH_Vis_13,7networks_rh_vis,7Networks_RH_Vis,visual,visual,R,235.0,46.37210915818687,146924.0,-9.03760568099276e-06,Q37,34.040000000000006,34.016041666666666,0.18247400961341623,48
214,7Networks_RH_Vis_14,7networks_rh_vis,7Networks_RH_Vis,visual,visual,R,200.0,39.4984505087882,117477.0,-9.03760568099276e-06,Q37,34.040000000000006,34.016041666666666,0.18247400961341623,48
215,7Networks_RH_Vis_15,7networks_rh_vis,7Networks_RH_Vis,visual,visual,R,196.0,36.095968239284616,68520.0,-9.03760568099276e-06,Q37,34.040000000000006,34.016041666666666,0.18247400961341623,48
216,7Networks_RH_Vis_16,7networks_rh_vis,7Networks_RH_Vis,visual,visual,R,277.0,65.73548411964232,27574.0,-9.03760568099276e-06,Q37,34.040000000000006,34.016041666666666,0.18247400961341623,48
217,7Networks_RH_Vis_17,7networks_rh_vis,7Networks_RH_Vis,visual,visual,R,184.0,27.805157261794665,81242.0,-9.03760568099276e-06,Q37,34.040000000000006,34.016041666666666,0.18247400961341623,48
218,7Networks_RH_Vis_18,7networks_rh_vis,7Networks_RH_Vis,visual,visual,R,302.0,73.8002466851681,10000.0,-9.03760568099276e-06,Q37,34.040000000000006,34.016041666666666,0.18247400961341623,48
219,7Networks_RH_Vis_19,7networks_rh_vis,7Networks_RH_Vis,visual,visual,R,274.0,58.33805889608382,61565.0,-9.03760568099276e-06,Q37,34.040000000000006,34.016041666666666,0.18247400961341623,48
220,7Networks_RH_Vis_20,7networks_rh_vis,7Networks_RH_Vis,visual,visual,R,196.0,28.35090194264572,155402.0,-9.03760568099276e-06,Q37,34.040000000000006,34.016041666666666,0.18247400961341623,48
221,7Networks_RH_Vis_21,7networks_rh_vis,7Networks_RH_Vis,visual,visual,R,241.0,50.28547641073079,98179.0,-9.03760568099276e-06,Q37,34.040000000000006,34.016041666666666,0.18247400961341623,48
222,7Networks_RH_Vis_22,7networks_rh_vis,7Networks_RH_Vis,visual,visual,R,295.0,66.27802960222014,40266.0,-9.03760568099276e-06,Q37,34.040000000000006,34.016041666666666,0.18247400961341623,48
223,7Networks_RH_Vis_23,7networks_rh_vis,7Networks_RH_Vis,visual,visual,R,260.0,55.97356614246066,123043.0,-9.03760568099276e-06,Q37,34.040000000000006,34.016041666666666,0.18247400961341623,48
224,7Networks_RH_Vis_24,7networks_rh_vis,7Networks_RH_Vis,visual,visual,R,242.0,48.61946500154179,82420.0,-9.03760568099276e-06,Q37,34.040000000000006,34.016041666666666,0.18247400961341623,48
225,7Networks_RH_Vis_25,7networks_rh_vis,7Networks_RH_Vis,visual,visual,R,303.0,74.72863860622876,10158.0,-9.03760568099276e-06,Q37,34.040000000000006,34.016041666666666,0.18247400961341623,48
226,7Networks_RH_Vis_26,7networks_rh_vis,7Networks_RH_Vis,visual,visual,R,275.0,61.478260869565204,46161.0,-9.03760568099276e-06,Q37,34.040000000000006,34.016041666666666,0.18247400961341623,48
227,7Networks_RH_Vis_27,7networks_rh_vis,7Networks_RH_Vis,visual,visual,R,222.0,45.2372340425532,179517.0,-9.03760568099276e-06,Q37,34.040000000000006,34.016041666666666,0.18247400961341623,48
228,7Networks_RH_Vis_28,7networks_rh_vis,7Networks_RH_Vis,visual,visual,R,232.0,42.3215309898242,83784.0,-9.03760568099276e-06,Q37,34.040000000000006,34.016041666666666,0.18247400961341623,48
229,7Networks_RH_Vis_29,7networks_rh_vis,7Networks_RH_Vis,visual,visual,R,280.0,63.60530373111318,47277.0,-9.03760568099276e-06,Q37,34.040000000000006,34.016041666666666,0.18247400961341623,48
230,7Networks_RH_Vis_30,7networks_rh_vis,7Networks_RH_Vis,visual,visual,R,217.0,42.158456675917336,66683.0,-9.03760568099276e-06,Q37,34.040000000000006,34.016041666666666,0.18247400961341623,48
231,7Networks_RH_SomMot_1,7networks_rh_sommot,7Networks_RH_SomMot,somatomotor,somatomotor,R,305.0,74.79397934011719,91578.0,-9.03760568099276e-06,Q37,34.040000000000006,34.016041666666666,0.18247400961341623,48
232,7Networks_RH_SomMot_2,7networks_rh_sommot,7Networks_RH_SomMot,somatomotor,somatomotor,R,314.0,82.22950200431708,85225.0,-9.03760568099276e-06,Q37,34.040000000000006,34.016041666666666,0.18247400961341623,48
233,7Networks_RH_SomMot_3,7networks_rh_sommot,7Networks_RH_SomMot,somatomotor,somatomotor,R,278.0,64.50810206598827,41200.0,-9.03760568099276e-06,Q37,34.040000000000006,34.016041666666666,0.18247400961341623,48
234,7Networks_RH_SomMot_4,7networks_rh_sommot,7Networks_RH_SomMot,somatomotor,somatomotor,R,309.0,81.9491443108233,10001.0,-9.03760568099276e-06,Q37,34.040000000000006,34.016041666666666,0.18247400961341623,48
235,7Networks_RH_SomMot_5,7networks_rh_sommot,7Networks_RH_SomMot,somatomotor,somatomotor,R,297.0,73.3209913660192,50998.0,-9.03760568099276e-06,Q37,34.040000000000006,34.016041666666666,0.18247400961341623,48
236,7Networks_RH_SomMot_6,7networks_rh_sommot,7Networks_RH_SomMot,somatomotor,somatomotor,R,281.0,70.94404101140917,32936.0,-9.03760568099276e-06,Q37,34.040000000000006,34.016041666666666,0.18247400961341623,48
237,7Networks_RH_SomMot_7,7networks_rh_sommot,7Networks_RH_SomMot,somatomotor,somatomotor,R,278.0,71.0977952513105,54853.0,-9.03760568099276e-06,Q37,34.040000000000006,34.016041666666666,0.18247400961341623,48
238,7Networks_RH_SomMot_8,7networks_rh_sommot,7Networks_RH_SomMot,somatomotor,somatomotor,R,277.0,62.67146931853226,34347.0,-9.03760568099276e-06,Q37,34.040000000000006,34.016041666666666,0.18247400961341623,48
239,7Networks_RH_SomMot_9,7networks_rh_sommot,7Networks_RH_SomMot,somatomotor,somatomotor,R,339.0,88.29712457600988,1078.0,-9.03760568099276e-06,Q37,34.040000000000006,34.016041666666666,0.18247400961341623,48
240,7Networks_RH_SomMot_10,7networks_rh_sommot,7Networks_RH_SomMot,somatomotor,somatomotor,R,252.0,56.99434165895779,73318.0,-9.03760568099276e-06,Q37,34.040000000000006,34.016041666666666,0.18247400961341623,48
241,7Networks_RH_SomMot_11,7networks_rh_sommot,7Networks_RH_SomMot,somatomotor,somatomotor,R,327.0,81.0918748072772,13.0,-9.03760568099276e-06,Q37,34.040000000000006,34.016041666666666,0.18247400961341623,48
242,7Networks_RH_SomMot_12,7networks_rh_sommot,7Networks_RH_SomMot,somatomotor,somatomotor,R,296.0,70.42078322540856,14034.5,-9.03760568099276e-06,Q37,34.040000000000006,34.016041666666666,0.18247400961341623,48
243,7Networks_RH_SomMot_13,7networks_rh_sommot,7Networks_RH_SomMot,somatomotor,somatomotor,R,232.0,48.074992291088506,50964.0,-9.03760568099276e-06,Q37,34.040000000000006,34.016041666666666,0.18247400961341623,48
244,7Networks_RH_SomMot_14,7networks_rh_sommot,7Networks_RH_SomMot,somatomotor,somatomotor,R,219.0,42.32796793092819,79187.0,-9.03760568099276e-06,Q37,34.040000000000006,34.016041666666666,0.18247400961341623,48
245,7Networks_RH_SomMot_15,7networks_rh_sommot,7Networks_RH_SomMot,somatomotor,somatomotor,R,242.0,48.22218624730193,127242.0,-9.03760568099276e-06,Q37,34.040000000000006,34.016041666666666,0.18247400961341623,48
246,7Networks_RH_SomMot_16,7networks_rh_sommot,7Networks_RH_SomMot,somatomotor,somatomotor,R,199.0,35.56480111008324,63373.0,-9.03760568099276e-06,Q37,34.040000000000006,34.016041666666666,0.18247400961341623,48
247,7Networks_RH_SomMot_17,7networks_rh_sommot,7Networks_RH_SomMot,somatomotor,somatomotor,R,190.0,30.552251002158464,182467.0,-9.03760568099276e-06,Q37,34.040000000000006,34.016041666666666,0.18247400961341623,48
248,7Networks_RH_SomMot_18,7networks_rh_sommot,7Networks_RH_SomMot,somatomotor,somatomotor,R,284.0,66.81917206290464,22347.5,-9.03760568099276e-06,Q37,34.040000000000006,34.016041666666666,0.18247400961341623,48
249,7Networks_RH_SomMot_19,7networks_rh_sommot,7Networks_RH_SomMot,somatomotor,somatomotor,R,131.0,10.017745914276901,92291.0,-9.03760568099276e-06,Q37,34.040000000000006,34.016041666666666,0.18247400961341623,48
250,7Networks_RH_SomMot_20,7networks_rh_sommot,7Networks_RH_SomMot,somatomotor,somatomotor,R,249.0,52.24367098365709,132763.0,-9.03760568099276e-06,Q37,34.040000000000006,34.016041666666666,0.18247400961341623,48
251,7Networks_RH_SomMot_21,7networks_rh_sommot,7Networks_RH_SomMot,somatomotor,somatomotor,R,126.0,4.5119642306506345,159084.0,-9.03760568099276e-06,Q37,34.040000000000006,34.016041666666666,0.18247400961341623,48
252,7Networks_RH_SomMot_22,7networks_rh_sommot,7Networks_RH_SomMot,somatomotor,somatomotor,R,288.0,62.02774437249464,42476.0,-9.03760568099276e-06,Q37,34.040000000000006,34.016041666666666,0.18247400961341623,48
253,7Networks_RH_SomMot_23,7networks_rh_sommot,7Networks_RH_SomMot,somatomotor,somatomotor,R,138.0,16.634559050262123,117055.0,-9.03760568099276e-06,Q37,34.040000000000006,34.016041666666666,0.18247400961341623,48
254,7Networks_RH_SomMot_24,7networks_rh_sommot,7Networks_RH_SomMot,somatomotor,somatomotor,R,364.0,100.06992753623186,1.0,-9.03760568099276e-06,Q37,34.040000000000006,34.016041666666666,0.18247400961341623,48
255,7Networks_RH_SomMot_25,7networks_rh_sommot,7Networks_RH_SomMot,somatomotor,somatomotor,R,289.0,67.98580018501386,59780.0,-9.03760568099276e-06,Q37,34.040000000000006,34.016041666666666,0.18247400961341623,48
256,7Networks_RH_SomMot_26,7networks_rh_sommot,7Networks_RH_SomMot,somatomotor,somatomotor,R,260.0,57.03125192722788,72724.0,-9.03760568099276e-06,Q37,34.040000000000006,34.016041666666666,0.18247400961341623,48
257,7Networks_RH_SomMot_27,7networks_rh_sommot,7Networks_RH_SomMot,somatomotor,somatomotor,R,181.0,31.65575855689176,120356.0,-9.03760568099276e-06,Q37,34.040000000000006,34.016041666666666,0.18247400961341623,48
258,7Networks_RH_SomMot_28,7networks_rh_sommot,7Networks_RH_SomMot,somatomotor,somatomotor,R,192.0,32.23277829170517,159531.0,-9.03760568099276e-06,Q37,34.040000000000006,34.016041666666666,0.18247400961341623,48
259,7Networks_RH_SomMot_29,7networks_rh_sommot,7Networks_RH_SomMot,somatomotor,somatomotor,R,235.0,52.486594202898544,59850.0,-9.03760568099276e-06,Q37,34.040000000000006,34.016041666666666,0.18247400961341623,48
260,7Networks_RH_SomMot_30,7networks_rh_sommot,7Networks_RH_SomMot,somatomotor,somatomotor,R,319.0,80.1582254085723,28508.0,-9.03760568099276e-06,Q37,34.040000000000006,34.016041666666666,0.18247400961341623,48
261,7Networks_RH_SomMot_31,7networks_rh_sommot,7Networks_RH_SomMot,somatomotor,somatomotor,R,159.0,14.113074313906896,141398.0,-9.03760568099276e-06,Q37,34.040000000000006,34.016041666666666,0.18247400961341623,48
262,7Networks_RH_SomMot_32,7networks_rh_sommot,7Networks_RH_SomMot,somatomotor,somatomotor,R,208.0,34.97547795251315,120064.0,-9.03760568099276e-06,Q37,34.040000000000006,34.016041666666666,0.18247400961341623,48
263,7Networks_RH_SomMot_33,7networks_rh_sommot,7Networks_RH_SomMot,somatomotor,somatomotor,R,272.0,62.76548720320691,99867.0,-9.03760568099276e-06,Q37,34.040000000000006,34.016041666666666,0.18247400961341623,48
264,7Networks_RH_SomMot_34,7networks_rh_sommot,7Networks_RH_SomMot,somatomotor,somatomotor,R,271.0,63.67006629663893,35649.0,-9.03760568099276e-06,Q37,34.040000000000006,34.016041666666666,0.18247400961341623,48
265,7Networks_RH_SomMot_35,7networks_rh_sommot,7Networks_RH_SomMot,somatomotor,somatomotor,R,213.0,38.04640764724018,106982.0,-9.03760568099276e-06,Q37,34.040000000000006,34.016041666666666,0.18247400961341623,48
266,7Networks_RH_SomMot_36,7networks_rh_sommot,7Networks_RH_SomMot,somatomotor,somatomotor,R,151.0,16.315610545790946,142529.0,-9.03760568099276e-06,Q37,34.040000000000006,34.016041666666666,0.18247400961341623,48
267,7Networks_RH_SomMot_37,7networks_rh_sommot,7Networks_RH_SomMot,somatomotor,somatomotor,R,174.0,23.657099907493063,165058.0,-9.03760568099276e-06,Q37,34.040000000000006,34.016041666666666,0.18247400961341623,48
268,7Networks_RH_SomMot_38,7networks_rh_sommot,7Networks_RH_SomMot,somatomotor,somatomotor,R,165.0,25.572602528523017,168846.0,-9.03760568099276e-06,Q37,34.040000000000006,34.016041666666666,0.18247400961341623,48
269,7Networks_RH_SomMot_39,7networks_rh_sommot,7Networks_RH_SomMot,somatomotor,somatomotor,R,210.0,34.09068763490594,93183.0,-9.03760568099276e-06,Q37,34.040000000000006,34.016041666666666,0.18247400961341623,48
270,7Networks_RH_SomMot_40,7networks_rh_sommot,7Networks_RH_SomMot,somatomotor,somatomotor,R,265.0,58.06836262719702,38323.0,-9.03760568099276e-06,Q37,34.040000000000006,34.016041666666666,0.18247400961341623,48
271,7Networks_RH_DorsAttn_Post_1,7networks_rh_dorsattn_post,7Networks_RH_DorsAttn_Post,dorsal attention,posterior,R,255.0,56.75447116867095,69215.0,-9.03760568099276e-06,Q37,34.040000000000006,34.016041666666666,0.18247400961341623,48
272,7Networks_RH_DorsAttn_Post_2,7networks_rh_dorsattn_post,7Networks_RH_DorsAttn_Post,dorsal attention,posterior,R,227.0,48.35621338267033,84758.0,-9.03760568099276e-06,Q37,34.040000000000006,34.016041666666666,0.18247400961341623,48
273,7Networks_RH_DorsAttn_Post_3,7networks_rh_dorsattn_post,7Networks_RH_DorsAttn_Post,dorsal attention,posterior,R,224.0,43.040656799259914,67439.0,-9.03760568099276e-06,Q37,34.040000000000006,34.016041666666666,0.18247400961341623,48
274,7Networks_RH_DorsAttn_Post_4,7networks_rh_dorsattn_post,7Networks_RH_DorsAttn_Post,dorsal attention,posterior,R,313.0,83.37186247301884,268.0,-9.03760568099276e-06,Q37,34.040000000000006,34.016041666666666,0.18247400961341623,48
275,7Networks_RH_DorsAttn_Post_5,7networks_rh_dorsattn_post,7Networks_RH_DorsAttn_Post,dorsal attention,posterior,R,152.0,16.771253469010187,153487.0,-9.03760568099276e-06,Q37,34.040000000000006,34.016041666666666,0.18247400961341623,48
276,7Networks_RH_DorsAttn_Post_6,7networks_rh_dorsattn_post,7Networks_RH_DorsAttn_Post,dorsal attention,posterior,R,196.0,31.83021893308666,79231.0,-9.03760568099276e-06,Q37,34.040000000000006,34.016041666666666,0.18247400961341623,48
277,7Networks_RH_DorsAttn_Post_7,7networks_rh_dorsattn_post,7Networks_RH_DorsAttn_Post,dorsal attention,posterior,R,133.0,11.054571384520507,119655.0,-9.03760568099276e-06,Q37,34.040000000000006,34.016041666666666,0.18247400961341623,48
278,7Networks_RH_DorsAttn_Post_8,7networks_rh_dorsattn_post,7Networks_RH_DorsAttn_Post,dorsal attention,posterior,R,213.0,37.184790317607195,111516.0,-9.03760568099276e-06,Q37,34.040000000000006,34.016041666666666,0.18247400961341623,48
279,7Networks_RH_DorsAttn_Post_9,7networks_rh_dorsattn_post,7Networks_RH_DorsAttn_Post,dorsal attention,posterior,R,177.0,26.795559666975045,160208.0,-9.03760568099276e-06,Q37,34.040000000000006,34.016041666666666,0.18247400961341623,48
280,7Networks_RH_DorsAttn_Post_10,7networks_rh_dorsattn_post,7Networks_RH_DorsAttn_Post,dorsal attention,posterior,R,313.0,69.04572926302811,116761.0,-9.03760568099276e-06,Q37,34.040000000000006,34.016041666666666,0.18247400961341623,48
281,7Networks_RH_DorsAttn_Post_11,7networks_rh_dorsattn_post,7Networks_RH_DorsAttn_Post,dorsal attention,posterior,R,273.0,56.353869873573906,83630.0,-9.03760568099276e-06,Q37,34.040000000000006,34.016041666666666,0.18247400961341623,48
282,7Networks_RH_DorsAttn_Post_12,7networks_rh_dorsattn_post,7Networks_RH_DorsAttn_Post,dorsal attention,posterior,R,208.0,38.4012180080173,158772.0,-9.03760568099276e-06,Q37,34.040000000000006,34.016041666666666,0.18247400961341623,48
283,7Networks_RH_DorsAttn_Post_13,7networks_rh_dorsattn_post,7Networks_RH_DorsAttn_Post,dorsal attention,posterior,R,203.0,35.31074622263337,88815.0,-9.03760568099276e-06,Q37,34.040000000000006,34.016041666666666,0.18247400961341623,48
284,7Networks_RH_DorsAttn_Post_14,7networks_rh_dorsattn_post,7Networks_RH_DorsAttn_Post,dorsal attention,posterior,R,246.0,55.22931699044094,31836.0,-9.03760568099276e-06,Q37,34.040000000000006,34.016041666666666,0.18247400961341623,48
285,7Networks_RH_DorsAttn_Post_15,7networks_rh_dorsattn_post,7Networks_RH_DorsAttn_Post,dorsal attention,posterior,R,184.0,30.982801418439717,166847.0,-9.03760568099276e-06,Q37,34.040000000000006,34.016041666666666,0.18247400961341623,48
286,7Networks_RH_DorsAttn_Post_16,7networks_rh_dorsattn_post,7Networks_RH_DorsAttn_Post,dorsal attention,posterior,R,191.0,30.031583410422428,189204.0,-9.03760568099276e-06,Q37,34.040000000000006,34.016041666666666,0.18247400961341623,48
287,7Networks_RH_DorsAttn_Post_17,7networks_rh_dorsattn_post,7Networks_RH_DorsAttn_Post,dorsal attention,posterior,R,227.0,47.12456059204439,49669.0,-9.03760568099276e-06,Q37,34.040000000000006,34.016041666666666,0.18247400961341623,48
288,7Networks_RH_DorsAttn_Post_18,7networks_rh_dorsattn_post,7Networks_RH_DorsAttn_Post,dorsal attention,posterior,R,150.0,17.774761023743448,76732.0,-9.03760568099276e-06,Q37,34.040000000000006,34.016041666666666,0.18247400961341623,48
289,7Networks_RH_DorsAttn_Post_19,7networks_rh_dorsattn_post,7Networks_RH_DorsAttn_Post,dorsal attention,posterior,R,143.0,12.916897934011716,131789.0,-9.03760568099276e-06,Q37,34.040000000000006,34.016041666666666,0.18247400961341623,48
290,7Networks_RH_DorsAttn_FEF_1,7networks_rh_dorsattn_fef,7Networks_RH_DorsAttn_FEF,dorsal attention,frontal eye fields,R,237.0,51.9743061979648,52558.0,-9.03760568099276e-06,Q37,34.040000000000006,34.016041666666666,0.18247400961341623,48
291,7Networks_RH_DorsAttn_FEF_2,7networks_rh_dorsattn_fef,7Networks_RH_DorsAttn_FEF,dorsal attention,frontal eye fields,R,244.0,53.09560592044404,43652.0,-9.03760568099276e-06,Q37,34.040000000000006,34.016041666666666,0.18247400961341623,48
292,7Networks_RH_DorsAttn_FEF_3,7networks_rh_dorsattn_fef,7Networks_RH_DorsAttn_FEF,dorsal attention,frontal eye fields,R,93.0,-7.563606228800488,165261.0,-9.03760568099276e-06,Q37,34.040000000000006,34.016041666666666,0.18247400961341623,48
293,7Networks_RH_DorsAttn_PrCv_1,7networks_rh_dorsattn_prcv,7Networks_RH_DorsAttn_PrCv,dorsal attention,precentral ventral,R,252.0,53.99498920752387,165651.0,-9.03760568099276e-06,Q37,34.040000000000006,34.016041666666666,0.18247400961341623,48
294,7Networks_RH_SalVentAttn_TempOccPar_1,7networks_rh_salventattn_tempoccpar,7Networks_RH_SalVentAttn_TempOccPar,salience / ventral attention,temporal occipital parietal,R,250.0,53.028091273512196,30999.0,-9.03760568099276e-06,Q37,34.040000000000006,34.016041666666666,0.18247400961341623,48
295,7Networks_RH_SalVentAttn_TempOccPar_2,7networks_rh_salventattn_tempoccpar,7Networks_RH_SalVentAttn_TempOccPar,salience / ventral attention,temporal occipital parietal,R,198.0,35.010969781066905,100344.0,-9.03760568099276e-06,Q37,34.040000000000006,34.016041666666666,0.18247400961341623,48
296,7Networks_RH_SalVentAttn_TempOccPar_3,7networks_rh_salventattn_tempoccpar,7Networks_RH_SalVentAttn_TempOccPar,salience / ventral attention,temporal occipital parietal,R,237.0,49.24044094973791,130010.0,-9.03760568099276e-06,Q37,34.040000000000006,34.016041666666666,0.18247400961341623,48
297,7Networks_RH_SalVentAttn_TempOccPar_4,7networks_rh_salventattn_tempoccpar,7Networks_RH_SalVentAttn_TempOccPar,salience / ventral attention,temporal occipital parietal,R,273.0,61.76067684242982,11105.5,-9.03760568099276e-06,Q37,34.040000000000006,34.016041666666666,0.18247400961341623,48
298,7Networks_RH_SalVentAttn_TempOccPar_5,7networks_rh_salventattn_tempoccpar,7Networks_RH_SalVentAttn_TempOccPar,salience / ventral attention,temporal occipital parietal,R,205.0,36.185067838421276,99995.0,-9.03760568099276e-06,Q37,34.040000000000006,34.016041666666666,0.18247400961341623,48
299,7Networks_RH_SalVentAttn_TempOccPar_6,7networks_rh_salventattn_tempoccpar,7Networks_RH_SalVentAttn_TempOccPar,salience / ventral attention,temporal occipital parietal,R,260.0,57.89164353993219,36174.0,-9.03760568099276e-06,Q37,34.040000000000006,34.016041666666666,0.18247400961341623,48
300,7Networks_RH_SalVentAttn_TempOccPar_7,7networks_rh_salventattn_tempoccpar,7Networks_RH_SalVentAttn_TempOccPar,salience / ventral attention,temporal occipital parietal,R,237.0,43.51355997533151,194180.0,-9.03760568099276e-06,Q37,34.040000000000006,34.016041666666666,0.18247400961341623,48
301,7Networks_RH_SalVentAttn_PrC_1,7networks_rh_salventattn_prc,7Networks_RH_SalVentAttn_PrC,salience / ventral attention,precentral,R,275.0,65.49707832254091,128991.0,-9.03760568099276e-06,Q37,34.040000000000006,34.016041666666666,0.18247400961341623,48
302,7Networks_RH_SalVentAttn_FrOperIns_1,7networks_rh_salventattn_froperins,7Networks_RH_SalVentAttn_FrOperIns,salience / ventral attention,frontal operculum insula,R,276.0,64.18656336725256,47660.0,-9.03760568099276e-06,Q37,34.040000000000006,34.016041666666666,0.18247400961341623,48
303,7Networks_RH_SalVentAttn_FrOperIns_2,7networks_rh_salventattn_froperins,7Networks_RH_SalVentAttn_FrOperIns,salience / ventral attention,frontal operculum insula,R,250.0,57.761532531606534,55330.0,-9.03760568099276e-06,Q37,34.040000000000006,34.016041666666666,0.18247400961341623,48
304,7Networks_RH_SalVentAttn_FrOperIns_3,7networks_rh_salventattn_froperins,7Networks_RH_SalVentAttn_FrOperIns,salience / ventral attention,frontal operculum insula,R,326.0,82.75508788159115,6010.0,-9.03760568099276e-06,Q37,34.040000000000006,34.016041666666666,0.18247400961341623,48
305,7Networks_RH_SalVentAttn_FrOperIns_4,7networks_rh_salventattn_froperins,7Networks_RH_SalVentAttn_FrOperIns,salience / ventral attention,frontal operculum insula,R,317.0,80.63906105457914,9099.0,-9.03760568099276e-06,Q37,34.040000000000006,34.016041666666666,0.18247400961341623,48
306,7Networks_RH_SalVentAttn_FrOperIns_5,7networks_rh_salventattn_froperins,7Networks_RH_SalVentAttn_FrOperIns,salience / ventral attention,frontal operculum insula,R,229.0,47.02294942954055,90257.0,-9.03760568099276e-06,Q37,34.040000000000006,34.016041666666666,0.18247400961341623,48
307,7Networks_RH_SalVentAttn_FrOperIns_6,7networks_rh_salventattn_froperins,7Networks_RH_SalVentAttn_FrOperIns,salience / ventral attention,frontal operculum insula,R,248.0,51.869488128276295,32584.0,-9.03760568099276e-06,Q37,34.040000000000006,34.016041666666666,0.18247400961341623,48
308,7Networks_RH_SalVentAttn_FrOperIns_7,7networks_rh_salventattn_froperins,7Networks_RH_SalVentAttn_FrOperIns,salience / ventral attention,frontal operculum insula,R,312.0,71.94660807893926,101296.0,-9.03760568099276e-06,Q37,34.040000000000006,34.016041666666666,0.18247400961341623,48
309,7Networks_RH_SalVentAttn_FrOperIns_8,7networks_rh_salventattn_froperins,7Networks_RH_SalVentAttn_FrOperIns,salience / ventral attention,frontal operculum insula,R,210.0,33.20010792476099,168789.0,-9.03760568099276e-06,Q37,34.040000000000006,34.016041666666666,0.18247400961341623,48
310,7Networks_RH_SalVentAttn_PFCl_1,7networks_rh_salventattn_pfcl,7Networks_RH_SalVentAttn_PFCl,salience / ventral attention,lateral prefrontal cortex,R,313.0,75.25303731113172,4175.0,-9.03760568099276e-06,Q37,34.040000000000006,34.016041666666666,0.18247400961341623,48
311,7Networks_RH_SalVentAttn_Med_1,7networks_rh_salventattn_med,7Networks_RH_SalVentAttn_Med,salience / ventral attention,medial,R,345.0,88.72722787542403,0.0,-9.03760568099276e-06,Q37,34.040000000000006,34.016041666666666,0.18247400961341623,48
312,7Networks_RH_SalVentAttn_Med_2,7networks_rh_salventattn_med,7Networks_RH_SalVentAttn_Med,salience / ventral attention,medial,R,304.0,73.8984582176997,1084.0,-9.03760568099276e-06,Q37,34.040000000000006,34.016041666666666,0.18247400961341623,48
313,7Networks_RH_SalVentAttn_Med_3,7networks_rh_salventattn_med,7Networks_RH_SalVentAttn_Med,salience / ventral attention,medial,R,177.0,29.855696885599745,83855.0,-9.03760568099276e-06,Q37,34.040000000000006,34.016041666666666,0.18247400961341623,48
314,7Networks_RH_SalVentAttn_Med_4,7networks_rh_salventattn_med,7Networks_RH_SalVentAttn_Med,salience / ventral attention,medial,R,285.0,68.63228492136909,32001.0,-9.03760568099276e-06,Q37,34.040000000000006,34.016041666666666,0.18247400961341623,48
315,7Networks_RH_SalVentAttn_Med_5,7networks_rh_salventattn_med,7Networks_RH_SalVentAttn_Med,salience / ventral attention,medial,R,203.0,35.38129047178537,161355.0,-9.03760568099276e-06,Q37,34.040000000000006,34.016041666666666,0.18247400961341623,48
316,7Networks_RH_SalVentAttn_Med_6,7networks_rh_salventattn_med,7Networks_RH_SalVentAttn_Med,salience / ventral attention,medial,R,271.0,60.4352991057663,29386.0,-9.03760568099276e-06,Q37,34.040000000000006,34.016041666666666,0.18247400961341623,48
317,7Networks_RH_SalVentAttn_Med_7,7networks_rh_salventattn_med,7Networks_RH_SalVentAttn_Med,salience / ventral attention,medial,R,321.0,78.74929078014178,12212.0,-9.03760568099276e-06,Q37,34.040000000000006,34.016041666666666,0.18247400961341623,48
318,7Networks_RH_SalVentAttn_Med_8,7networks_rh_salventattn_med,7Networks_RH_SalVentAttn_Med,salience / ventral attention,medial,R,222.0,42.222240209682376,131522.0,-9.03760568099276e-06,Q37,34.040000000000006,34.016041666666666,0.18247400961341623,48
319,7Networks_RH_Limbic_OFC_1,7networks_rh_limbic_ofc,7Networks_RH_Limbic_OFC,limbic,orbital frontal cortex,R,199.0,30.638274745605898,158144.0,-9.03760568099276e-06,Q37,34.040000000000006,34.016041666666666,0.18247400961341623,48
320,7Networks_RH_Limbic_OFC_2,7networks_rh_limbic_ofc,7Networks_RH_Limbic_OFC,limbic,orbital frontal cortex,R,285.0,68.21374498920758,489.0,-9.03760568099276e-06,Q37,34.040000000000006,34.016041666666666,0.18247400961341623,48
321,7Networks_RH_Limbic_OFC_3,7networks_rh_limbic_ofc,7Networks_RH_Limbic_OFC,limbic,orbital frontal cortex,R,236.0,43.06624267653409,111430.0,-9.03760568099276e-06,Q37,34.040000000000006,34.016041666666666,0.18247400961341623,48
322,7Networks_RH_Limbic_OFC_4,7networks_rh_limbic_ofc,7Networks_RH_Limbic_OFC,limbic,orbital frontal cortex,R,275.0,65.89118871415359,4101.5,-9.03760568099276e-06,Q37,34.040000000000006,34.016041666666666,0.18247400961341623,48
323,7Networks_RH_Limbic_OFC_5,7networks_rh_limbic_ofc,7Networks_RH_Limbic_OFC,limbic,orbital frontal cortex,R,223.0,43.54063367252547,186251.0,-9.03760568099276e-06,Q37,34.040000000000006,34.016041666666666,0.18247400961341623,48
324,7Networks_RH_Limbic_OFC_6,7networks_rh_limbic_ofc,7Networks_RH_Limbic_OFC,limbic,orbital frontal cortex,R,233.0,46.785746222633314,69271.0,-9.03760568099276e-06,Q37,34.040000000000006,34.016041666666666,0.18247400961341623,48
325,7Networks_RH_Limbic_TempPole_1,7networks_rh_limbic_temppole,7Networks_RH_Limbic_TempPole,limbic,temporal pole,R,120.0,-5.4588344125809405,179699.0,-9.03760568099276e-06,Q37,34.040000000000006,34.016041666666666,0.18247400961341623,48
326,7Networks_RH_Limbic_TempPole_2,7networks_rh_limbic_temppole,7Networks_RH_Limbic_TempPole,limbic,temporal pole,R,175.0,21.97853839037927,179969.0,-9.03760568099276e-06,Q37,34.040000000000006,34.016041666666666,0.18247400961341623,48
327,7Networks_RH_Limbic_TempPole_3,7networks_rh_limbic_temppole,7Networks_RH_Limbic_TempPole,limbic,temporal pole,R,177.0,20.44987665741596,158489.0,-9.03760568099276e-06,Q37,34.040000000000006,34.016041666666666,0.18247400961341623,48
328,7Networks_RH_Limbic_TempPole_4,7networks_rh_limbic_temppole,7Networks_RH_Limbic_TempPole,limbic,temporal pole,R,173.0,22.664400246685144,137986.0,-9.03760568099276e-06,Q37,34.040000000000006,34.016041666666666,0.18247400961341623,48
329,7Networks_RH_Limbic_TempPole_5,7networks_rh_limbic_temppole,7Networks_RH_Limbic_TempPole,limbic,temporal pole,R,203.0,37.786686709836594,136825.0,-9.03760568099276e-06,Q37,34.040000000000006,34.016041666666666,0.18247400961341623,48
330,7Networks_RH_Limbic_TempPole_6,7networks_rh_limbic_temppole,7Networks_RH_Limbic_TempPole,limbic,temporal pole,R,190.0,30.56047641073079,154276.0,-9.03760568099276e-06,Q37,34.040000000000006,34.016041666666666,0.18247400961341623,48
331,7Networks_RH_Limbic_TempPole_7,7networks_rh_limbic_temppole,7Networks_RH_Limbic_TempPole,limbic,temporal pole,R,199.0,32.92637218624733,189530.0,-9.03760568099276e-06,Q37,34.040000000000006,34.016041666666666,0.18247400961341623,48
332,7Networks_RH_Cont_Par_1,7networks_rh_cont_par,7Networks_RH_Cont_Par,control,parietal,R,173.0,25.869480419364766,103595.0,-9.03760568099276e-06,Q37,34.040000000000006,34.016041666666666,0.18247400961341623,48
333,7Networks_RH_Cont_Par_2,7networks_rh_cont_par,7Networks_RH_Cont_Par,control,parietal,R,212.0,38.25738513721859,97274.0,-9.03760568099276e-06,Q37,34.040000000000006,34.016041666666666,0.18247400961341623,48
334,7Networks_RH_Cont_Par_3,7networks_rh_cont_par,7Networks_RH_Cont_Par,control,parietal,R,242.0,54.98041165587417,83926.0,-9.03760568099276e-06,Q37,34.040000000000006,34.016041666666666,0.18247400961341623,48
335,7Networks_RH_Cont_Par_4,7networks_rh_cont_par,7Networks_RH_Cont_Par,control,parietal,R,181.0,28.95154178230033,133869.0,-9.03760568099276e-06,Q37,34.040000000000006,34.016041666666666,0.18247400961341623,48
336,7Networks_RH_Cont_Par_5,7networks_rh_cont_par,7Networks_RH_Cont_Par,control,parietal,R,173.0,22.734173604687005,141088.0,-9.03760568099276e-06,Q37,34.040000000000006,34.016041666666666,0.18247400961341623,48
337,7Networks_RH_Cont_Par_6,7networks_rh_cont_par,7Networks_RH_Cont_Par,control,parietal,R,182.0,25.91647394387911,113884.0,-9.03760568099276e-06,Q37,34.040000000000006,34.016041666666666,0.18247400961341623,48
338,7Networks_RH_Cont_Temp_1,7networks_rh_cont_temp,7Networks_RH_Cont_Temp,control,temporal,R,109.0,-2.7904563675609007,193572.0,-9.03760568099276e-06,Q37,34.040000000000006,34.016041666666666,0.18247400961341623,48
339,7Networks_RH_Cont_Temp_2,7networks_rh_cont_temp,7Networks_RH_Cont_Temp,control,temporal,R,193.0,30.572556275053945,98183.0,-9.03760568099276e-06,Q37,34.040000000000006,34.016041666666666,0.18247400961341623,48
340,7Networks_RH_Cont_PFCv_1,7networks_rh_cont_pfcv,7Networks_RH_Cont_PFCv,control,ventral prefrontal cortex,R,132.0,10.0845821769966,137166.0,-9.03760568099276e-06,Q37,34.040000000000006,34.016041666666666,0.18247400961341623,48
341,7Networks_RH_Cont_PFCl_1,7networks_rh_cont_pfcl,7Networks_RH_Cont_PFCl,control,lateral prefrontal cortex,R,286.0,63.68735738513721,47928.0,-9.03760568099276e-06,Q37,34.040000000000006,34.016041666666666,0.18247400961341623,48
342,7Networks_RH_Cont_PFCl_2,7networks_rh_cont_pfcl,7Networks_RH_Cont_PFCl,control,lateral prefrontal cortex,R,173.0,18.600454825778595,132807.0,-9.03760568099276e-06,Q37,34.040000000000006,34.016041666666666,0.18247400961341623,48
343,7Networks_RH_Cont_PFCl_3,7networks_rh_cont_pfcl,7Networks_RH_Cont_PFCl,control,lateral prefrontal cortex,R,267.0,63.99288467468399,47209.0,-9.03760568099276e-06,Q37,34.040000000000006,34.016041666666666,0.18247400961341623,48
344,7Networks_RH_Cont_PFCl_4,7networks_rh_cont_pfcl,7Networks_RH_Cont_PFCl,control,lateral prefrontal cortex,R,193.0,35.19404101140921,128474.0,-9.03760568099276e-06,Q37,34.040000000000006,34.016041666666666,0.18247400961341623,48
345,7Networks_RH_Cont_PFCl_5,7networks_rh_cont_pfcl,7Networks_RH_Cont_PFCl,control,lateral prefrontal cortex,R,255.0,55.001796176379926,27253.0,-9.03760568099276e-06,Q37,34.040000000000006,34.016041666666666,0.18247400961341623,48
346,7Networks_RH_Cont_PFCl_6,7networks_rh_cont_pfcl,7Networks_RH_Cont_PFCl,control,lateral prefrontal cortex,R,193.0,35.26131668208453,72171.0,-9.03760568099276e-06,Q37,34.040000000000006,34.016041666666666,0.18247400961341623,48
347,7Networks_RH_Cont_PFCl_7,7networks_rh_cont_pfcl,7Networks_RH_Cont_PFCl,control,lateral prefrontal cortex,R,159.0,19.234505087881583,127510.0,-9.03760568099276e-06,Q37,34.040000000000006,34.016041666666666,0.18247400961341623,48
348,7Networks_RH_Cont_PFCl_8,7networks_rh_cont_pfcl,7Networks_RH_Cont_PFCl,control,lateral prefrontal cortex,R,207.0,30.465679925994475,182147.0,-9.03760568099276e-06,Q37,34.040000000000006,34.016041666666666,0.18247400961341623,48
349,7Networks_RH_Cont_PFCl_9,7networks_rh_cont_pfcl,7Networks_RH_Cont_PFCl,control,lateral prefrontal cortex,R,182.0,36.15471785383905,92457.0,-9.03760568099276e-06,Q37,34.040000000000006,34.016041666666666,0.18247400961341623,48
350,7Networks_RH_Cont_PFCl_10,7networks_rh_cont_pfcl,7Networks_RH_Cont_PFCl,control,lateral prefrontal cortex,R,272.0,62.363706444650106,30469.0,-9.03760568099276e-06,Q37,34.040000000000006,34.016041666666666,0.18247400961341623,48
351,7Networks_RH_Cont_PFCl_11,7networks_rh_cont_pfcl,7Networks_RH_Cont_PFCl,control,lateral prefrontal cortex,R,227.0,42.26362164662346,165333.0,-9.03760568099276e-06,Q37,34.040000000000006,34.016041666666666,0.18247400961341623,48
352,7Networks_RH_Cont_PFCl_12,7networks_rh_cont_pfcl,7Networks_RH_Cont_PFCl,control,lateral prefrontal cortex,R,231.0,44.21595744680853,68969.0,-9.03760568099276e-06,Q37,34.040000000000006,34.016041666666666,0.18247400961341623,48
353,7Networks_RH_Cont_PFCl_13,7networks_rh_cont_pfcl,7Networks_RH_Cont_PFCl,control,lateral prefrontal cortex,R,290.0,71.78384212149247,25550.0,-9.03760568099276e-06,Q37,34.040000000000006,34.016041666666666,0.18247400961341623,48
354,7Networks_RH_Cont_PFCl_14,7networks_rh_cont_pfcl,7Networks_RH_Cont_PFCl,control,lateral prefrontal cortex,R,289.0,65.25467930928151,69642.0,-9.03760568099276e-06,Q37,34.040000000000006,34.016041666666666,0.18247400961341623,48
355,7Networks_RH_Cont_PFCl_15,7networks_rh_cont_pfcl,7Networks_RH_Cont_PFCl,control,lateral prefrontal cortex,R,236.0,50.011825470243615,132595.0,-9.03760568099276e-06,Q37,34.040000000000006,34.016041666666666,0.18247400961341623,48
356,7Networks_RH_Cont_pCun_1,7networks_rh_cont_pcun,7Networks_RH_Cont_pCun,control,precuneus,R,282.0,65.19027135368485,88644.0,-9.03760568099276e-06,Q37,34.040000000000006,34.016041666666666,0.18247400961341623,48
357,7Networks_RH_Cont_pCun_2,7networks_rh_cont_pcun,7Networks_RH_Cont_pCun,control,precuneus,R,237.0,47.80262102991061,75520.0,-9.03760568099276e-06,Q37,34.040000000000006,34.016041666666666,0.18247400961341623,48
358,7Networks_RH_Cont_Cing_1,7networks_rh_cont_cing,7Networks_RH_Cont_Cing,control,cingulate,R,183.0,28.685484119642286,168231.0,-9.03760568099276e-06,Q37,34.040000000000006,34.016041666666666,0.18247400961341623,48
359,7Networks_RH_Cont_Cing_2,7networks_rh_cont_cing,7Networks_RH_Cont_Cing,control,cingulate,R,219.0,45.44074159728651,166633.0,-9.03760568099276e-06,Q37,34.040000000000006,34.016041666666666,0.18247400961341623,48
360,7Networks_RH_Cont_PFCmp_1,7networks_rh_cont_pfcmp,7Networks_RH_Cont_PFCmp,control,medial posterior prefrontal cortex,R,293.0,71.5288852913968,61434.0,-9.03760568099276e-06,Q37,34.040000000000006,34.016041666666666,0.18247400961341623,48
361,7Networks_RH_Cont_PFCmp_2,7networks_rh_cont_pfcmp,7Networks_RH_Cont_PFCmp,control,medial posterior prefrontal cortex,R,219.0,41.76918748072766,70372.0,-9.03760568099276e-06,Q37,34.040000000000006,34.016041666666666,0.18247400961341623,48
362,7Networks_RH_Default_Par_1,7networks_rh_default_par,7Networks_RH_Default_Par,default,parietal,R,207.0,36.7950046253469,111985.0,-9.03760568099276e-06,Q37,34.040000000000006,34.016041666666666,0.18247400961341623,48
363,7Networks_RH_Default_Par_2,7networks_rh_default_par,7Networks_RH_Default_Par,default,parietal,R,270.0,61.585738513721886,142135.0,-9.03760568099276e-06,Q37,34.040000000000006,34.016041666666666,0.18247400961341623,48
364,7Networks_RH_Default_Par_3,7networks_rh_default_par,7Networks_RH_Default_Par,default,parietal,R,314.0,77.86267345050878,4882.0,-9.03760568099276e-06,Q37,34.040000000000006,34.016041666666666,0.18247400961341623,48
365,7Networks_RH_Default_Par_4,7networks_rh_default_par,7Networks_RH_Default_Par,default,parietal,R,186.0,27.371130126426152,190241.0,-9.03760568099276e-06,Q37,34.040000000000006,34.016041666666666,0.18247400961341623,48
366,7Networks_RH_Default_Par_5,7networks_rh_default_par,7Networks_RH_Default_Par,default,parietal,R,191.0,35.26276595744684,87403.0,-9.03760568099276e-06,Q37,34.040000000000006,34.016041666666666,0.18247400961341623,48
367,7Networks_RH_Default_Temp_1,7networks_rh_default_temp,7Networks_RH_Default_Temp,default,temporal,R,164.0,17.733518347209376,156898.0,-9.03760568099276e-06,Q37,34.040000000000006,34.016041666666666,0.18247400961341623,48
368,7Networks_RH_Default_Temp_2,7networks_rh_default_temp,7Networks_RH_Default_Temp,default,temporal,R,137.0,6.665649090348438,182422.0,-9.03760568099276e-06,Q37,34.040000000000006,34.016041666666666,0.18247400961341623,48
369,7Networks_RH_Default_Temp_3,7networks_rh_default_temp,7Networks_RH_Default_Temp,default,temporal,R,199.0,35.326048411964216,150652.0,-9.03760568099276e-06,Q37,34.040000000000006,34.016041666666666,0.18247400961341623,48
370,7Networks_RH_Default_Temp_4,7networks_rh_default_temp,7Networks_RH_Default_Temp,default,temporal,R,233.0,45.439801110083266,159193.0,-9.03760568099276e-06,Q37,34.040000000000006,34.016041666666666,0.18247400961341623,48
371,7Networks_RH_Default_Temp_5,7networks_rh_default_temp,7Networks_RH_Default_Temp,default,temporal,R,264.0,52.20291396854766,154955.0,-9.03760568099276e-06,Q37,34.040000000000006,34.016041666666666,0.18247400961341623,48
372,7Networks_RH_Default_Temp_6,7networks_rh_default_temp,7Networks_RH_Default_Temp,default,temporal,R,227.0,43.877173913043464,160573.0,-9.03760568099276e-06,Q37,34.040000000000006,34.016041666666666,0.18247400961341623,48
373,7Networks_RH_Default_Temp_7,7networks_rh_default_temp,7Networks_RH_Default_Temp,default,temporal,R,229.0,45.29276904101143,69273.0,-9.03760568099276e-06,Q37,34.040000000000006,34.016041666666666,0.18247400961341623,48
374,7Networks_RH_Default_Temp_8,7networks_rh_default_temp,7Networks_RH_Default_Temp,default,temporal,R,261.0,56.51832408263956,136746.0,-9.03760568099276e-06,Q37,34.040000000000006,34.016041666666666,0.18247400961341623,48
375,7Networks_RH_Default_PFCv_1,7networks_rh_default_pfcv,7Networks_RH_Default_PFCv,default,ventral prefrontal cortex,R,198.0,36.35995991366016,103250.0,-9.03760568099276e-06,Q37,34.040000000000006,34.016041666666666,0.18247400961341623,48
376,7Networks_RH_Default_PFCv_2,7networks_rh_default_pfcv,7Networks_RH_Default_PFCv,default,ventral prefrontal cortex,R,259.0,56.663066604995336,154019.0,-9.03760568099276e-06,Q37,34.040000000000006,34.016041666666666,0.18247400961341623,48
377,7Networks_RH_Default_PFCv_3,7networks_rh_default_pfcv,7Networks_RH_Default_PFCv,default,ventral prefrontal cortex,R,179.0,19.57717391304347,194002.0,-9.03760568099276e-06,Q37,34.040000000000006,34.016041666666666,0.18247400961341623,48
378,7Networks_RH_Default_PFCv_4,7networks_rh_default_pfcv,7Networks_RH_Default_PFCv,default,ventral prefrontal cortex,R,308.0,73.45201973481349,3694.0,-9.03760568099276e-06,Q37,34.040000000000006,34.016041666666666,0.18247400961341623,48
379,7Networks_RH_Default_PFCdPFCm_1,7networks_rh_default_pfcdpfcm,7Networks_RH_Default_PFCdPFCm,default,dorsal prefrontal cortex medial prefrontal cortex,R,303.0,71.53308664816522,4668.0,-9.03760568099276e-06,Q37,34.040000000000006,34.016041666666666,0.18247400961341623,48
380,7Networks_RH_Default_PFCdPFCm_2,7networks_rh_default_pfcdpfcm,7Networks_RH_Default_PFCdPFCm,default,dorsal prefrontal cortex medial prefrontal cortex,R,194.0,30.38256244218316,152849.0,-9.03760568099276e-06,Q37,34.040000000000006,34.016041666666666,0.18247400961341623,48
381,7Networks_RH_Default_PFCdPFCm_3,7networks_rh_default_pfcdpfcm,7Networks_RH_Default_PFCdPFCm,default,dorsal prefrontal cortex medial prefrontal cortex,R,284.0,60.16676688251615,66598.0,-9.03760568099276e-06,Q37,34.040000000000006,34.016041666666666,0.18247400961341623,48
382,7Networks_RH_Default_PFCdPFCm_4,7networks_rh_default_pfcdpfcm,7Networks_RH_Default_PFCdPFCm,default,dorsal prefrontal cortex medial prefrontal cortex,R,240.0,52.9154178230034,33906.0,-9.03760568099276e-06,Q37,34.040000000000006,34.016041666666666,0.18247400961341623,48
383,7Networks_RH_Default_PFCdPFCm_5,7networks_rh_default_pfcdpfcm,7Networks_RH_Default_PFCdPFCm,default,dorsal prefrontal cortex medial prefrontal cortex,R,177.0,21.99560592044403,190618.0,-9.03760568099276e-06,Q37,34.040000000000006,34.016041666666666,0.18247400961341623,48
384,7Networks_RH_Default_PFCdPFCm_6,7networks_rh_default_pfcdpfcm,7Networks_RH_Default_PFCdPFCm,default,dorsal prefrontal cortex medial prefrontal cortex,R,170.0,22.751441566450815,190618.0,-9.03760568099276e-06,Q37,34.040000000000006,34.016041666666666,0.18247400961341623,48
385,7Networks_RH_Default_PFCdPFCm_7,7networks_rh_default_pfcdpfcm,7Networks_RH_Default_PFCdPFCm,default,dorsal prefrontal cortex medial prefrontal cortex,R,148.0,9.898358001850132,194699.0,-9.03760568099276e-06,Q37,34.040000000000006,34.016041666666666,0.18247400961341623,48
386,7Networks_RH_Default_PFCdPFCm_8,7networks_rh_default_pfcdpfcm,7Networks_RH_Default_PFCdPFCm,default,dorsal prefrontal cortex medial prefrontal cortex,R,169.0,21.357994141227227,184399.0,-9.03760568099276e-06,Q37,34.040000000000006,34.016041666666666,0.18247400961341623,48
387,7Networks_RH_Default_PFCdPFCm_9,7networks_rh_default_pfcdpfcm,7Networks_RH_Default_PFCdPFCm,default,dorsal prefrontal cortex medial prefrontal cortex,R,205.0,31.177752081406116,193687.0,-9.03760568099276e-06,Q37,34.040000000000006,34.016041666666666,0.18247400961341623,48
388,7Networks_RH_Default_PFCdPFCm_10,7networks_rh_default_pfcdpfcm,7Networks_RH_Default_PFCdPFCm,default,dorsal prefrontal cortex medial prefrontal cortex,R,219.0,46.00114862781374,95412.0,-9.03760568099276e-06,Q37,34.040000000000006,34.016041666666666,0.18247400961341623,48
389,7Networks_RH_Default_PFCdPFCm_11,7networks_rh_default_pfcdpfcm,7Networks_RH_Default_PFCdPFCm,default,dorsal prefrontal cortex medial prefrontal cortex,R,151.0,13.600632130743136,145837.0,-9.03760568099276e-06,Q37,34.040000000000006,34.016041666666666,0.18247400961341623,48
390,7Networks_RH_Default_PFCdPFCm_12,7networks_rh_default_pfcdpfcm,7Networks_RH_Default_PFCdPFCm,default,dorsal prefrontal cortex medial prefrontal cortex,R,239.0,45.068439716312035,58538.0,-9.03760568099276e-06,Q37,34.040000000000006,34.016041666666666,0.18247400961341623,48
391,7Networks_RH_Default_PFCdPFCm_13,7networks_rh_default_pfcdpfcm,7Networks_RH_Default_PFCdPFCm,default,dorsal prefrontal cortex medial prefrontal cortex,R,212.0,35.012650323774274,146331.0,-9.03760568099276e-06,Q37,34.040000000000006,34.016041666666666,0.18247400961341623,48
392,7Networks_RH_Default_pCunPCC_1,7networks_rh_default_pcunpcc,7Networks_RH_Default_pCunPCC,default,precuneus posterior cingulate cortex,R,190.0,35.95774745605922,184610.0,-9.03760568099276e-06,Q37,34.040000000000006,34.016041666666666,0.18247400961341623,48
393,7Networks_RH_Default_pCunPCC_2,7networks_rh_default_pcunpcc,7Networks_RH_Default_pCunPCC,default,precuneus posterior cingulate cortex,R,139.0,10.277998766574164,151052.0,-9.03760568099276e-06,Q37,34.040000000000006,34.016041666666666,0.18247400961341623,48
394,7Networks_RH_Default_pCunPCC_3,7networks_rh_default_pcunpcc,7Networks_RH_Default_pCunPCC,default,precuneus posterior cingulate cortex,R,245.0,53.00785538082018,88057.0,-9.03760568099276e-06,Q37,34.040000000000006,34.016041666666666,0.18247400961341623,48
395,7Networks_RH_Default_pCunPCC_4,7networks_rh_default_pcunpcc,7Networks_RH_Default_pCunPCC,default,precuneus posterior cingulate cortex,R,249.0,55.62557045945109,92791.0,-9.03760568099276e-06,Q37,34.040000000000006,34.016041666666666,0.18247400961341623,48
396,7Networks_RH_Default_pCunPCC_5,7networks_rh_default_pcunpcc,7Networks_RH_Default_pCunPCC,default,precuneus posterior cingulate cortex,R,290.0,63.270027752081404,36825.0,-9.03760568099276e-06,Q37,34.040000000000006,34.016041666666666,0.18247400961341623,48
397,7Networks_RH_Default_pCunPCC_6,7networks_rh_default_pcunpcc,7Networks_RH_Default_pCunPCC,default,precuneus posterior cingulate cortex,R,256.0,60.97773666358313,64379.0,-9.03760568099276e-06,Q37,34.040000000000006,34.016041666666666,0.18247400961341623,48
398,7Networks_RH_Default_pCunPCC_7,7networks_rh_default_pcunpcc,7Networks_RH_Default_pCunPCC,default,precuneus posterior cingulate cortex,R,291.0,69.74189793401177,102515.0,-9.03760568099276e-06,Q37,34.040000000000006,34.016041666666666,0.18247400961341623,48
399,7Networks_RH_Default_pCunPCC_8,7networks_rh_default_pcunpcc,7Networks_RH_Default_pCunPCC,default,precuneus posterior cingulate cortex,R,279.0,69.47227875423994,20875.0,-9.03760568099276e-06,Q37,34.040000000000006,34.016041666666666,0.18247400961341623,48
400,7Networks_RH_Default_pCunPCC_9,7networks_rh_default_pcunpcc,7Networks_RH_Default_pCunPCC,default,precuneus posterior cingulate cortex,R,279.0,66.33492907801424,24151.0,-9.03760568099276e-06,Q37,34.040000000000006,34.016041666666666,0.18247400961341623,48
401,HIP-head-m1-rh,HIP-head-m1,"Hippocampus head, medial division",subcortex,Hippocampus head,R,177.0,29.160337650323797,143193.0,-9.03760568099276e-06,Q37,34.040000000000006,34.016041666666666,0.18247400961341623,48
402,HIP-head-m2-rh,HIP-head-m2,"Hippocampus head, medial division",subcortex,Hippocampus head,R,176.0,26.95980573543017,165162.0,-9.03760568099276e-06,Q37,34.040000000000006,34.016041666666666,0.18247400961341623,48
403,THA-VAip-rh,THA-VAip,"Thalamus, inferior ventro-anterior part, posterior division",subcortex,Thalamus,R,221.0,48.4501773049645,138390.0,-9.03760568099276e-06,Q37,34.040000000000006,34.016041666666666,0.18247400961341623,48
404,THA-VAia-rh,THA-VAia,"Thalamus, inferior ventro-anterior part, anterior division",subcortex,Thalamus,R,269.0,64.45622109158187,37704.0,-9.03760568099276e-06,Q37,34.040000000000006,34.016041666666666,0.18247400961341623,48
405,HIP-head-l-rh,HIP-head-l,"Hippocampus head, lateral division",subcortex,Hippocampus head,R,171.0,23.150817144619165,127410.0,-9.03760568099276e-06,Q37,34.040000000000006,34.016041666666666,0.18247400961341623,48
406,HIP-body-rh,HIP-body,Hippocampus body,subcortex,Hippocampus body,R,213.0,38.160553499845804,105683.0,-9.03760568099276e-06,Q37,34.040000000000006,34.016041666666666,0.18247400961341623,48
407,HIP-tail-rh,HIP-tail,Hippocampus tail,subcortex,Hippocampus tail,R,228.0,42.5404794942954,81127.0,-9.03760568099276e-06,Q37,34.040000000000006,34.016041666666666,0.18247400961341623,48
408,THA-VPm-rh,THA-VPm,"Thalamus, medial ventro-posterior part",subcortex,Thalamus,R,200.0,44.686147086031475,86065.0,-9.03760568099276e-06,Q37,34.040000000000006,34.016041666666666,0.18247400961341623,48
409,THA-VPl-rh,THA-VPl,"Thalamus, lateral ventro-posterior part",subcortex,Thalamus,R,155.0,28.708749614554417,161241.0,-9.03760568099276e-06,Q37,34.040000000000006,34.016041666666666,0.18247400961341623,48
410,THA-VAs-rh,THA-VAs,"Thalamus, superior ventro-anterior part",subcortex,Thalamus,R,191.0,35.99347826086957,146446.0,-9.03760568099276e-06,Q37,34.040000000000006,34.016041666666666,0.18247400961341623,48
411,THA-DAm-rh,THA-DAm,"Thalamus, medial dorso-anterior part",subcortex,Thalamus,R,186.0,38.16528677150785,93518.0,-9.03760568099276e-06,Q37,34.040000000000006,34.016041666666666,0.18247400961341623,48
412,THA-DAl-rh,THA-DAl,"Thalamus, lateral dorso-anterior part",subcortex,Thalamus,R,171.0,31.332261794634586,114454.0,-9.03760568099276e-06,Q37,34.040000000000006,34.016041666666666,0.18247400961341623,48
413,PUT-VA-rh,PUT-VA,"Putamen, ventro-anterior part",subcortex,Putamen,R,263.0,63.14348596978109,28389.0,-9.03760568099276e-06,Q37,34.040000000000006,34.016041666666666,0.18247400961341623,48
414,PUT-DA-rh,PUT-DA,"Putamen, dorso-anterior part",subcortex,Putamen,R,228.0,51.58600832562444,63622.0,-9.03760568099276e-06,Q37,34.040000000000006,34.016041666666666,0.18247400961341623,48
415,PUT-VP-rh,PUT-VP,"Putamen, ventro-posterior part",subcortex,Putamen,R,202.0,31.561679000925068,132193.0,-9.03760568099276e-06,Q37,34.040000000000006,34.016041666666666,0.18247400961341623,48
416,PUT-DP-rh,PUT-DP,"Putamen, dorso-posterior part",subcortex,Putamen,R,196.0,33.0828168362627,125076.0,-9.03760568099276e-06,Q37,34.040000000000006,34.016041666666666,0.18247400961341623,48
417,CAU-VA-rh,CAU-VA,"Caudate, ventro-anterior part",subcortex,Caudate,R,140.0,11.722008942337332,191308.0,-9.03760568099276e-06,Q37,34.040000000000006,34.016041666666666,0.18247400961341623,48
418,CAU-DA-rh,CAU-DA,"Caudate, dorso-anterior part",subcortex,Caudate,R,168.0,27.00352297255628,111707.0,-9.03760568099276e-06,Q37,34.040000000000006,34.016041666666666,0.18247400961341623,48
419,CAU-body-rh,CAU-body,Caudate body,subcortex,Caudate body,R,86.0,-6.673720320690728,197409.0,-9.03760568099276e-06,Q37,34.040000000000006,34.016041666666666,0.18247400961341623,48
420,CAU-tail-rh,CAU-tail,Caudate tail,subcortex,Caudate tail,R,92.0,-5.696438482886214,191066.0,-9.03760568099276e-06,Q37,34.040000000000006,34.016041666666666,0.18247400961341623,48
421,lAMY-rh,lAMY,"Amygdala, lateral nucleus",subcortex,Amygdala,R,287.0,67.15913506012951,845.0,-9.03760568099276e-06,Q37,34.040000000000006,34.016041666666666,0.18247400961341623,48
422,mAMY-rh,mAMY,"Amygdala, medial nucleus",subcortex,Amygdala,R,263.0,61.32803731113164,21998.0,-9.03760568099276e-06,Q37,34.040000000000006,34.016041666666666,0.18247400961341623,48
423,THA-DP-rh,THA-DP,"Thalamus, dorso-posterior part",subcortex,Thalamus,R,203.0,41.38781221091582,75829.0,-9.03760568099276e-06,Q37,34.040000000000006,34.016041666666666,0.18247400961341623,48
424,NAc-shell-rh,NAc-shell,"Nucleus Accumbens, shell",subcortex,Nucleus Accumbens,R,244.0,55.09632284921373,111306.0,-9.03760568099276e-06,Q37,34.040000000000006,34.016041666666666,0.18247400961341623,48
425,NAc-core-rh,NAc-core,"Nucleus Accumbens, core",subcortex,Nucleus Accumbens,R,235.0,49.99651557200122,66406.0,-9.03760568099276e-06,Q37,34.040000000000006,34.016041666666666,0.18247400961341623,48
426,pGP-rh,pGP,"Pallidum, posterior part",subcortex,Pallidum,R,126.0,6.745482577860004,181934.0,-9.03760568099276e-06,Q37,34.040000000000006,34.016041666666666,0.18247400961341623,48
427,aGP-rh,aGP,"Pallidum, anterior part",subcortex,Pallidum,R,132.0,15.65191181005242,140970.0,-9.03760568099276e-06,Q37,34.040000000000006,34.016041666666666,0.18247400961341623,48
428,HIP-head-m1-lh,HIP-head-m1,"Hippocampus head, medial division",subcortex,Hippocampus head,L,184.0,29.178800493370332,161777.0,-9.03760568099276e-06,Q37,34.040000000000006,34.016041666666666,0.18247400961341623,48
429,HIP-head-m2-lh,HIP-head-m2,"Hippocampus head, medial division",subcortex,Hippocampus head,L,179.0,26.253083564600693,170985.0,-9.03760568099276e-06,Q37,34.040000000000006,34.016041666666666,0.18247400961341623,48
430,THA-VAip-lh,THA-VAip,"Thalamus, inferior ventro-anterior part, posterior division",subcortex,Thalamus,L,201.0,37.20658341042245,105911.0,-9.03760568099276e-06,Q37,34.040000000000006,34.016041666666666,0.18247400961341623,48
431,THA-VAia-lh,THA-VAia,"Thalamus, inferior ventro-anterior part, anterior division",subcortex,Thalamus,L,258.0,58.01292013567688,187297.0,-9.03760568099276e-06,Q37,34.040000000000006,34.016041666666666,0.18247400961341623,48
432,HIP-head-l-lh,HIP-head-l,"Hippocampus head, lateral division",subcortex,Hippocampus head,L,238.0,49.508371877890816,106428.0,-9.03760568099276e-06,Q37,34.040000000000006,34.016041666666666,0.18247400961341623,48
433,HIP-body-lh,HIP-body,Hippocampus body,subcortex,Hippocampus body,L,192.0,31.005488744989197,190145.0,-9.03760568099276e-06,Q37,34.040000000000006,34.016041666666666,0.18247400961341623,48
434,HIP-tail-lh,HIP-tail,Hippocampus tail,subcortex,Hippocampus tail,L,177.0,24.42636447733579,190860.0,-9.03760568099276e-06,Q37,34.040000000000006,34.016041666666666,0.18247400961341623,48
435,THA-VPm-lh,THA-VPm,"Thalamus, medial ventro-posterior part",subcortex,Thalamus,L,201.0,42.16526364477334,93131.0,-9.03760568099276e-06,Q37,34.040000000000006,34.016041666666666,0.18247400961341623,48
436,THA-VPl-lh,THA-VPl,"Thalamus, lateral ventro-posterior part",subcortex,Thalamus,L,175.0,32.90474868948505,194552.0,-9.03760568099276e-06,Q37,34.040000000000006,34.016041666666666,0.18247400961341623,48
437,THA-VAs-lh,THA-VAs,"Thalamus, superior ventro-anterior part",subcortex,Thalamus,L,162.0,24.241103916127052,132008.0,-9.03760568099276e-06,Q37,34.040000000000006,34.016041666666666,0.18247400961341623,48
438,THA-DAm-lh,THA-DAm,"Thalamus, medial dorso-anterior part",subcortex,Thalamus,L,211.0,42.95612858464385,52914.0,-9.03760568099276e-06,Q37,34.040000000000006,34.016041666666666,0.18247400961341623,48
439,THA-DAl-lh,THA-DAl,"Thalamus, lateral dorso-anterior part",subcortex,Thalamus,L,178.0,31.563791242676533,168648.0,-9.03760568099276e-06,Q37,34.040000000000006,34.016041666666666,0.18247400961341623,48
440,PUT-VA-lh,PUT-VA,"Putamen, ventro-anterior part",subcortex,Putamen,L,275.0,64.77733580018507,21095.0,-9.03760568099276e-06,Q37,34.040000000000006,34.016041666666666,0.18247400961341623,48
441,PUT-DA-lh,PUT-DA,"Putamen, dorso-anterior part",subcortex,Putamen,L,198.0,41.59973018809747,92670.0,-9.03760568099276e-06,Q37,34.040000000000006,34.016041666666666,0.18247400961341623,48
442,PUT-VP-lh,PUT-VP,"Putamen, ventro-posterior part",subcortex,Putamen,L,235.0,50.23244680851062,44895.0,-9.03760568099276e-06,Q37,34.040000000000006,34.016041666666666,0.18247400961341623,48
443,PUT-DP-lh,PUT-DP,"Putamen, dorso-posterior part",subcortex,Putamen,L,163.0,24.775662966389145,195073.0,-9.03760568099276e-06,Q37,34.040000000000006,34.016041666666666,0.18247400961341623,48
444,CAU-VA-lh,CAU-VA,"Caudate, ventro-anterior part",subcortex,Caudate,L,165.0,22.53612395929695,160270.0,-9.03760568099276e-06,Q37,34.040000000000006,34.016041666666666,0.18247400961341623,48
445,CAU-DA-lh,CAU-DA,"Caudate, dorso-anterior part",subcortex,Caudate,L,188.0,30.756097748997842,158059.0,-9.03760568099276e-06,Q37,34.040000000000006,34.016041666666666,0.18247400961341623,48
446,CAU-body-lh,CAU-body,Caudate body,subcortex,Caudate body,L,103.0,1.818655565834106,190595.0,-9.03760568099276e-06,Q37,34.040000000000006,34.016041666666666,0.18247400961341623,48
447,CAU-tail-lh,CAU-tail,Caudate tail,subcortex,Caudate tail,L,90.0,-6.740194264569851,198165.0,-9.03760568099276e-06,Q37,34.040000000000006,34.016041666666666,0.18247400961341623,48
448,lAMY-lh,lAMY,"Amygdala, lateral nucleus",subcortex,Amygdala,L,238.0,49.01330558125193,50307.0,-9.03760568099276e-06,Q37,34.040000000000006,34.016041666666666,0.18247400961341623,48
449,mAMY-lh,mAMY,"Amygdala, medial nucleus",subcortex,Amygdala,L,253.0,57.065109466543326,132895.0,-9.03760568099276e-06,Q37,34.040000000000006,34.016041666666666,0.18247400961341623,48
450,THA-DP-lh,THA-DP,"Thalamus, dorso-posterior part",subcortex,Thalamus,L,210.0,47.73722633364167,78806.0,-9.03760568099276e-06,Q37,34.040000000000006,34.016041666666666,0.18247400961341623,48
451,NAc-shell-lh,NAc-shell,"Nucleus Accumbens, shell",subcortex,Nucleus Accumbens,L,300.0,70.90427844588342,28807.0,-9.03760568099276e-06,Q37,34.040000000000006,34.016041666666666,0.18247400961341623,48
452,NAc-core-lh,NAc-core,"Nucleus Accumbens, core",subcortex,Nucleus Accumbens,L,211.0,42.0622263336417,157700.0,-9.03760568099276e-06,Q37,34.040000000000006,34.016041666666666,0.18247400961341623,48
453,pGP-lh,pGP,"Pallidum, posterior part",subcortex,Pallidum,L,133.0,6.122217082947887,186183.0,-9.03760568099276e-06,Q37,34.040000000000006,34.016041666666666,0.18247400961341623,48
454,aGP-lh,aGP,"Pallidum, anterior part",subcortex,Pallidum,L,172.0,26.46389145852604,131456.0,-9.03760568099276e-06,Q37,34.040000000000006,34.016041666666666,0.18247400961341623,48
