index,name,base_name,Label Name,network,component,hemisphere,degree,strength,betweenness,global_efficiency,group,median_age,mean_age,sd_age,n_participants
1,7Networks_LH_Vis_1,7networks_lh_vis,7Networks_LH_Vis,visual,visual,L,174.0,34.777552867300756,132480.0,-7.952841653723725e-06,Q40,37.114999999999995,37.08461538461538,0.3387836462616801,52
2,7Networks_LH_Vis_2,7networks_lh_vis,7Networks_LH_Vis,visual,visual,L,48.0,-22.03067134546126,198694.0,-7.952841653723725e-06,Q40,37.114999999999995,37.08461538461538,0.3387836462616801,52
3,7Networks_LH_Vis_3,7networks_lh_vis,7Networks_LH_Vis,visual,visual,L,169.0,31.303686397635982,129552.0,-7.952841653723725e-06,Q40,37.114999999999995,37.08461538461538,0.3387836462616801,52
4,7Networks_LH_Vis_4,7networks_lh_vis,7Networks_LH_Vis,visual,visual,L,125.0,20.262336319143053,197622.0,-7.952841653723725e-06,Q40,37.114999999999995,37.08461538461538,0.3387836462616801,52
5,7Networks_LH_Vis_5,7networks_lh_vis,7Networks_LH_Vis,visual,visual,L,162.0,32.2019004524887,136526.0,-7.952841653723725e-06,Q40,37.114999999999995,37.08461538461538,0.3387836462616801,52
6,7Networks_LH_Vis_6,7networks_lh_vis,7Networks_LH_Vis,visual,visual,L,180.0,40.773064918274954,115849.0,-7.952841653723725e-06,Q40,37.114999999999995,37.08461538461538,0.3387836462616801,52
7,7Networks_LH_Vis_7,7networks_lh_vis,7Networks_LH_Vis,visual,visual,L,242.0,59.36749284329123,94990.0,-7.952841653723725e-06,Q40,37.114999999999995,37.08461538461538,0.3387836462616801,52
8,7Networks_LH_Vis_8,7networks_lh_vis,7Networks_LH_Vis,visual,visual,L,69.0,-7.622316003324401,169986.0,-7.952841653723725e-06,Q40,37.114999999999995,37.08461538461538,0.3387836462616801,52
9,7Networks_LH_Vis_9,7networks_lh_vis,7Networks_LH_Vis,visual,visual,L,192.0,44.22528026595248,115249.0,-7.952841653723725e-06,Q40,37.114999999999995,37.08461538461538,0.3387836462616801,52
10,7Networks_LH_Vis_10,7networks_lh_vis,7Networks_LH_Vis,visual,visual,L,184.0,41.07315541601253,138216.0,-7.952841653723725e-06,Q40,37.114999999999995,37.08461538461538,0.3387836462616801,52
11,7Networks_LH_Vis_11,7networks_lh_vis,7Networks_LH_Vis,visual,visual,L,168.0,29.51811062886692,137858.0,-7.952841653723725e-06,Q40,37.114999999999995,37.08461538461538,0.3387836462616801,52
12,7Networks_LH_Vis_12,7networks_lh_vis,7Networks_LH_Vis,visual,visual,L,271.0,72.39885677347863,67338.0,-7.952841653723725e-06,Q40,37.114999999999995,37.08461538461538,0.3387836462616801,52
13,7Networks_LH_Vis_13,7networks_lh_vis,7Networks_LH_Vis,visual,visual,L,285.0,74.44724720657497,53952.0,-7.952841653723725e-06,Q40,37.114999999999995,37.08461538461538,0.3387836462616801,52
14,7Networks_LH_Vis_14,7networks_lh_vis,7Networks_LH_Vis,visual,visual,L,219.0,53.62909409917816,116194.0,-7.952841653723725e-06,Q40,37.114999999999995,37.08461538461538,0.3387836462616801,52
15,7Networks_LH_Vis_15,7networks_lh_vis,7Networks_LH_Vis,visual,visual,L,166.0,35.86938221442423,156642.0,-7.952841653723725e-06,Q40,37.114999999999995,37.08461538461538,0.3387836462616801,52
16,7Networks_LH_Vis_16,7networks_lh_vis,7Networks_LH_Vis,visual,visual,L,264.0,67.03824545202697,78720.0,-7.952841653723725e-06,Q40,37.114999999999995,37.08461538461538,0.3387836462616801,52
17,7Networks_LH_Vis_17,7networks_lh_vis,7Networks_LH_Vis,visual,visual,L,145.0,28.313135100193904,166775.0,-7.952841653723725e-06,Q40,37.114999999999995,37.08461538461538,0.3387836462616801,52
18,7Networks_LH_Vis_18,7networks_lh_vis,7Networks_LH_Vis,visual,visual,L,208.0,53.79075076184322,117398.0,-7.952841653723725e-06,Q40,37.114999999999995,37.08461538461538,0.3387836462616801,52
19,7Networks_LH_Vis_19,7networks_lh_vis,7Networks_LH_Vis,visual,visual,L,250.0,66.89264936743932,136596.0,-7.952841653723725e-06,Q40,37.114999999999995,37.08461538461538,0.3387836462616801,52
20,7Networks_LH_Vis_20,7networks_lh_vis,7Networks_LH_Vis,visual,visual,L,247.0,63.309240003693716,128283.0,-7.952841653723725e-06,Q40,37.114999999999995,37.08461538461538,0.3387836462616801,52
21,7Networks_LH_Vis_21,7networks_lh_vis,7Networks_LH_Vis,visual,visual,L,255.0,67.14740234555353,45848.0,-7.952841653723725e-06,Q40,37.114999999999995,37.08461538461538,0.3387836462616801,52
22,7Networks_LH_Vis_22,7networks_lh_vis,7Networks_LH_Vis,visual,visual,L,179.0,35.15095946070733,135814.0,-7.952841653723725e-06,Q40,37.114999999999995,37.08461538461538,0.3387836462616801,52
23,7Networks_LH_Vis_23,7networks_lh_vis,7Networks_LH_Vis,visual,visual,L,306.0,83.27215255332908,32253.0,-7.952841653723725e-06,Q40,37.114999999999995,37.08461538461538,0.3387836462616801,52
24,7Networks_LH_Vis_24,7networks_lh_vis,7Networks_LH_Vis,visual,visual,L,235.0,59.889313879397925,96679.0,-7.952841653723725e-06,Q40,37.114999999999995,37.08461538461538,0.3387836462616801,52
25,7Networks_LH_Vis_25,7networks_lh_vis,7Networks_LH_Vis,visual,visual,L,280.0,74.56964447317384,64512.0,-7.952841653723725e-06,Q40,37.114999999999995,37.08461538461538,0.3387836462616801,52
26,7Networks_LH_Vis_26,7networks_lh_vis,7Networks_LH_Vis,visual,visual,L,246.0,63.42638470772923,53329.0,-7.952841653723725e-06,Q40,37.114999999999995,37.08461538461538,0.3387836462616801,52
27,7Networks_LH_Vis_27,7networks_lh_vis,7Networks_LH_Vis,visual,visual,L,224.0,51.58126327454054,133728.0,-7.952841653723725e-06,Q40,37.114999999999995,37.08461538461538,0.3387836462616801,52
28,7Networks_LH_Vis_28,7networks_lh_vis,7Networks_LH_Vis,visual,visual,L,325.0,89.76068704404838,7737.0,-7.952841653723725e-06,Q40,37.114999999999995,37.08461538461538,0.3387836462616801,52
29,7Networks_LH_Vis_29,7networks_lh_vis,7Networks_LH_Vis,visual,visual,L,224.0,48.89590543909868,155592.0,-7.952841653723725e-06,Q40,37.114999999999995,37.08461538461538,0.3387836462616801,52
30,7Networks_LH_Vis_30,7networks_lh_vis,7Networks_LH_Vis,visual,visual,L,199.0,44.63760827407889,80588.0,-7.952841653723725e-06,Q40,37.114999999999995,37.08461538461538,0.3387836462616801,52
31,7Networks_LH_Vis_31,7networks_lh_vis,7Networks_LH_Vis,visual,visual,L,166.0,32.14775140825563,165656.0,-7.952841653723725e-06,Q40,37.114999999999995,37.08461538461538,0.3387836462616801,52
32,7Networks_LH_SomMot_1,7networks_lh_sommot,7Networks_LH_SomMot,somatomotor,somatomotor,L,289.0,80.84422199649084,28536.0,-7.952841653723725e-06,Q40,37.114999999999995,37.08461538461538,0.3387836462616801,52
33,7Networks_LH_SomMot_2,7networks_lh_sommot,7Networks_LH_SomMot,somatomotor,somatomotor,L,180.0,42.330098808754286,172480.0,-7.952841653723725e-06,Q40,37.114999999999995,37.08461538461538,0.3387836462616801,52
34,7Networks_LH_SomMot_3,7networks_lh_sommot,7Networks_LH_SomMot,somatomotor,somatomotor,L,252.0,64.70795456644196,77798.0,-7.952841653723725e-06,Q40,37.114999999999995,37.08461538461538,0.3387836462616801,52
35,7Networks_LH_SomMot_4,7networks_lh_sommot,7Networks_LH_SomMot,somatomotor,somatomotor,L,286.0,78.37241296518609,3908.0,-7.952841653723725e-06,Q40,37.114999999999995,37.08461538461538,0.3387836462616801,52
36,7Networks_LH_SomMot_5,7networks_lh_sommot,7Networks_LH_SomMot,somatomotor,somatomotor,L,162.0,35.696873210822794,134304.0,-7.952841653723725e-06,Q40,37.114999999999995,37.08461538461538,0.3387836462616801,52
37,7Networks_LH_SomMot_6,7networks_lh_sommot,7Networks_LH_SomMot,somatomotor,somatomotor,L,103.0,4.3558297165019795,176017.0,-7.952841653723725e-06,Q40,37.114999999999995,37.08461538461538,0.3387836462616801,52
38,7Networks_LH_SomMot_7,7networks_lh_sommot,7Networks_LH_SomMot,somatomotor,somatomotor,L,81.0,0.17394773293932775,176901.0,-7.952841653723725e-06,Q40,37.114999999999995,37.08461538461538,0.3387836462616801,52
39,7Networks_LH_SomMot_8,7networks_lh_sommot,7Networks_LH_SomMot,somatomotor,somatomotor,L,227.0,55.320869886416126,110970.0,-7.952841653723725e-06,Q40,37.114999999999995,37.08461538461538,0.3387836462616801,52
40,7Networks_LH_SomMot_9,7networks_lh_sommot,7Networks_LH_SomMot,somatomotor,somatomotor,L,257.0,63.89964170283492,48545.0,-7.952841653723725e-06,Q40,37.114999999999995,37.08461538461538,0.3387836462616801,52
41,7Networks_LH_SomMot_10,7networks_lh_sommot,7Networks_LH_SomMot,somatomotor,somatomotor,L,220.0,53.739658324868465,120214.0,-7.952841653723725e-06,Q40,37.114999999999995,37.08461538461538,0.3387836462616801,52
42,7Networks_LH_SomMot_11,7networks_lh_sommot,7Networks_LH_SomMot,somatomotor,somatomotor,L,206.0,51.625568381198654,116601.0,-7.952841653723725e-06,Q40,37.114999999999995,37.08461538461538,0.3387836462616801,52
43,7Networks_LH_SomMot_12,7networks_lh_sommot,7Networks_LH_SomMot,somatomotor,somatomotor,L,261.0,71.46528395973775,80092.0,-7.952841653723725e-06,Q40,37.114999999999995,37.08461538461538,0.3387836462616801,52
44,7Networks_LH_SomMot_13,7networks_lh_sommot,7Networks_LH_SomMot,somatomotor,somatomotor,L,163.0,32.77309816234184,117694.0,-7.952841653723725e-06,Q40,37.114999999999995,37.08461538461538,0.3387836462616801,52
45,7Networks_LH_SomMot_14,7networks_lh_sommot,7Networks_LH_SomMot,somatomotor,somatomotor,L,269.0,70.24891125681033,27467.0,-7.952841653723725e-06,Q40,37.114999999999995,37.08461538461538,0.3387836462616801,52
46,7Networks_LH_SomMot_15,7networks_lh_sommot,7Networks_LH_SomMot,somatomotor,somatomotor,L,353.0,105.53158555729986,0.0,-7.952841653723725e-06,Q40,37.114999999999995,37.08461538461538,0.3387836462616801,52
47,7Networks_LH_SomMot_16,7networks_lh_sommot,7Networks_LH_SomMot,somatomotor,somatomotor,L,223.0,53.63335488041359,133962.0,-7.952841653723725e-06,Q40,37.114999999999995,37.08461538461538,0.3387836462616801,52
48,7Networks_LH_SomMot_17,7networks_lh_sommot,7Networks_LH_SomMot,somatomotor,somatomotor,L,280.0,77.35423954197063,48382.0,-7.952841653723725e-06,Q40,37.114999999999995,37.08461538461538,0.3387836462616801,52
49,7Networks_LH_SomMot_18,7networks_lh_sommot,7Networks_LH_SomMot,somatomotor,somatomotor,L,296.0,81.55157816972945,26259.0,-7.952841653723725e-06,Q40,37.114999999999995,37.08461538461538,0.3387836462616801,52
50,7Networks_LH_SomMot_19,7networks_lh_sommot,7Networks_LH_SomMot,somatomotor,somatomotor,L,219.0,53.774049312032496,94477.0,-7.952841653723725e-06,Q40,37.114999999999995,37.08461538461538,0.3387836462616801,52
51,7Networks_LH_SomMot_20,7networks_lh_sommot,7Networks_LH_SomMot,somatomotor,somatomotor,L,193.0,43.573790747068124,140067.0,-7.952841653723725e-06,Q40,37.114999999999995,37.08461538461538,0.3387836462616801,52
52,7Networks_LH_SomMot_21,7networks_lh_sommot,7Networks_LH_SomMot,somatomotor,somatomotor,L,206.0,50.999117185335656,100287.0,-7.952841653723725e-06,Q40,37.114999999999995,37.08461538461538,0.3387836462616801,52
53,7Networks_LH_SomMot_22,7networks_lh_sommot,7Networks_LH_SomMot,somatomotor,somatomotor,L,305.0,84.23596084587686,28276.0,-7.952841653723725e-06,Q40,37.114999999999995,37.08461538461538,0.3387836462616801,52
54,7Networks_LH_SomMot_23,7networks_lh_sommot,7Networks_LH_SomMot,somatomotor,somatomotor,L,205.0,49.097105919290776,94462.0,-7.952841653723725e-06,Q40,37.114999999999995,37.08461538461538,0.3387836462616801,52
55,7Networks_LH_SomMot_24,7networks_lh_sommot,7Networks_LH_SomMot,somatomotor,somatomotor,L,198.0,45.90288854003134,136858.0,-7.952841653723725e-06,Q40,37.114999999999995,37.08461538461538,0.3387836462616801,52
56,7Networks_LH_SomMot_25,7networks_lh_sommot,7Networks_LH_SomMot,somatomotor,somatomotor,L,197.0,44.62523224674486,112176.0,-7.952841653723725e-06,Q40,37.114999999999995,37.08461538461538,0.3387836462616801,52
57,7Networks_LH_SomMot_26,7networks_lh_sommot,7Networks_LH_SomMot,somatomotor,somatomotor,L,227.0,54.53351371317752,131961.0,-7.952841653723725e-06,Q40,37.114999999999995,37.08461538461538,0.3387836462616801,52
58,7Networks_LH_SomMot_27,7networks_lh_sommot,7Networks_LH_SomMot,somatomotor,somatomotor,L,247.0,60.10051528303638,157407.0,-7.952841653723725e-06,Q40,37.114999999999995,37.08461538461538,0.3387836462616801,52
59,7Networks_LH_SomMot_28,7networks_lh_sommot,7Networks_LH_SomMot,somatomotor,somatomotor,L,296.0,81.21867762489616,2109.0,-7.952841653723725e-06,Q40,37.114999999999995,37.08461538461538,0.3387836462616801,52
60,7Networks_LH_SomMot_29,7networks_lh_sommot,7Networks_LH_SomMot,somatomotor,somatomotor,L,263.0,70.19119770985321,29998.0,-7.952841653723725e-06,Q40,37.114999999999995,37.08461538461538,0.3387836462616801,52
61,7Networks_LH_SomMot_30,7networks_lh_sommot,7Networks_LH_SomMot,somatomotor,somatomotor,L,261.0,70.98435681965091,52396.0,-7.952841653723725e-06,Q40,37.114999999999995,37.08461538461538,0.3387836462616801,52
62,7Networks_LH_SomMot_31,7networks_lh_sommot,7Networks_LH_SomMot,somatomotor,somatomotor,L,213.0,49.965477883461034,111611.0,-7.952841653723725e-06,Q40,37.114999999999995,37.08461538461538,0.3387836462616801,52
63,7Networks_LH_SomMot_32,7networks_lh_sommot,7Networks_LH_SomMot,somatomotor,somatomotor,L,152.0,31.32645673654079,108863.0,-7.952841653723725e-06,Q40,37.114999999999995,37.08461538461538,0.3387836462616801,52
64,7Networks_LH_SomMot_33,7networks_lh_sommot,7Networks_LH_SomMot,somatomotor,somatomotor,L,195.0,46.23452211653889,162244.0,-7.952841653723725e-06,Q40,37.114999999999995,37.08461538461538,0.3387836462616801,52
65,7Networks_LH_SomMot_34,7networks_lh_sommot,7Networks_LH_SomMot,somatomotor,somatomotor,L,171.0,28.968048757964727,172319.0,-7.952841653723725e-06,Q40,37.114999999999995,37.08461538461538,0.3387836462616801,52
66,7Networks_LH_SomMot_35,7networks_lh_sommot,7Networks_LH_SomMot,somatomotor,somatomotor,L,206.0,47.176771631729615,90152.0,-7.952841653723725e-06,Q40,37.114999999999995,37.08461538461538,0.3387836462616801,52
67,7Networks_LH_SomMot_36,7networks_lh_sommot,7Networks_LH_SomMot,somatomotor,somatomotor,L,175.0,34.70455628405208,162470.0,-7.952841653723725e-06,Q40,37.114999999999995,37.08461538461538,0.3387836462616801,52
68,7Networks_LH_SomMot_37,7networks_lh_sommot,7Networks_LH_SomMot,somatomotor,somatomotor,L,143.0,25.550806168621296,172677.0,-7.952841653723725e-06,Q40,37.114999999999995,37.08461538461538,0.3387836462616801,52
69,7Networks_LH_DorsAttn_Post_1,7networks_lh_dorsattn_post,7Networks_LH_DorsAttn_Post,dorsal attention,posterior,L,195.0,42.85671622495151,107355.0,-7.952841653723725e-06,Q40,37.114999999999995,37.08461538461538,0.3387836462616801,52
70,7Networks_LH_DorsAttn_Post_2,7networks_lh_dorsattn_post,7Networks_LH_DorsAttn_Post,dorsal attention,posterior,L,202.0,47.1715541601256,100053.0,-7.952841653723725e-06,Q40,37.114999999999995,37.08461538461538,0.3387836462616801,52
71,7Networks_LH_DorsAttn_Post_3,7networks_lh_dorsattn_post,7Networks_LH_DorsAttn_Post,dorsal attention,posterior,L,147.0,31.440829254778834,99760.0,-7.952841653723725e-06,Q40,37.114999999999995,37.08461538461538,0.3387836462616801,52
72,7Networks_LH_DorsAttn_Post_4,7networks_lh_dorsattn_post,7Networks_LH_DorsAttn_Post,dorsal attention,posterior,L,193.0,44.673035367993386,103547.0,-7.952841653723725e-06,Q40,37.114999999999995,37.08461538461538,0.3387836462616801,52
73,7Networks_LH_DorsAttn_Post_5,7networks_lh_dorsattn_post,7Networks_LH_DorsAttn_Post,dorsal attention,posterior,L,182.0,40.286087358020154,173167.0,-7.952841653723725e-06,Q40,37.114999999999995,37.08461538461538,0.3387836462616801,52
74,7Networks_LH_DorsAttn_Post_6,7networks_lh_dorsattn_post,7Networks_LH_DorsAttn_Post,dorsal attention,posterior,L,314.0,87.17672176562931,121944.0,-7.952841653723725e-06,Q40,37.114999999999995,37.08461538461538,0.3387836462616801,52
75,7Networks_LH_DorsAttn_Post_7,7networks_lh_dorsattn_post,7Networks_LH_DorsAttn_Post,dorsal attention,posterior,L,242.0,62.80522116538921,96694.0,-7.952841653723725e-06,Q40,37.114999999999995,37.08461538461538,0.3387836462616801,52
76,7Networks_LH_DorsAttn_Post_8,7networks_lh_dorsattn_post,7Networks_LH_DorsAttn_Post,dorsal attention,posterior,L,353.0,102.4243734416845,16.0,-7.952841653723725e-06,Q40,37.114999999999995,37.08461538461538,0.3387836462616801,52
77,7Networks_LH_DorsAttn_Post_9,7networks_lh_dorsattn_post,7Networks_LH_DorsAttn_Post,dorsal attention,posterior,L,161.0,32.158075537907436,171459.0,-7.952841653723725e-06,Q40,37.114999999999995,37.08461538461538,0.3387836462616801,52
78,7Networks_LH_DorsAttn_Post_10,7networks_lh_dorsattn_post,7Networks_LH_DorsAttn_Post,dorsal attention,posterior,L,145.0,30.242107304460244,143091.0,-7.952841653723725e-06,Q40,37.114999999999995,37.08461538461538,0.3387836462616801,52
79,7Networks_LH_DorsAttn_Post_11,7networks_lh_dorsattn_post,7Networks_LH_DorsAttn_Post,dorsal attention,posterior,L,314.0,77.91049958444911,31978.0,-7.952841653723725e-06,Q40,37.114999999999995,37.08461538461538,0.3387836462616801,52
80,7Networks_LH_DorsAttn_Post_12,7networks_lh_dorsattn_post,7Networks_LH_DorsAttn_Post,dorsal attention,posterior,L,161.0,32.665003232062084,127911.0,-7.952841653723725e-06,Q40,37.114999999999995,37.08461538461538,0.3387836462616801,52
81,7Networks_LH_DorsAttn_Post_13,7networks_lh_dorsattn_post,7Networks_LH_DorsAttn_Post,dorsal attention,posterior,L,151.0,28.668523409363736,117991.0,-7.952841653723725e-06,Q40,37.114999999999995,37.08461538461538,0.3387836462616801,52
82,7Networks_LH_DorsAttn_Post_14,7networks_lh_dorsattn_post,7Networks_LH_DorsAttn_Post,dorsal attention,posterior,L,152.0,26.63109613076,151245.0,-7.952841653723725e-06,Q40,37.114999999999995,37.08461538461538,0.3387836462616801,52
83,7Networks_LH_DorsAttn_Post_15,7networks_lh_dorsattn_post,7Networks_LH_DorsAttn_Post,dorsal attention,posterior,L,249.0,63.026019022993815,77545.0,-7.952841653723725e-06,Q40,37.114999999999995,37.08461538461538,0.3387836462616801,52
84,7Networks_LH_DorsAttn_Post_16,7networks_lh_dorsattn_post,7Networks_LH_DorsAttn_Post,dorsal attention,posterior,L,209.0,48.38940068335028,99727.0,-7.952841653723725e-06,Q40,37.114999999999995,37.08461538461538,0.3387836462616801,52
85,7Networks_LH_DorsAttn_Post_17,7networks_lh_dorsattn_post,7Networks_LH_DorsAttn_Post,dorsal attention,posterior,L,119.0,17.447452211653896,130990.0,-7.952841653723725e-06,Q40,37.114999999999995,37.08461538461538,0.3387836462616801,52
86,7Networks_LH_DorsAttn_FEF_1,7networks_lh_dorsattn_fef,7Networks_LH_DorsAttn_FEF,dorsal attention,frontal eye fields,L,155.0,26.477381106288675,120760.0,-7.952841653723725e-06,Q40,37.114999999999995,37.08461538461538,0.3387836462616801,52
87,7Networks_LH_DorsAttn_FEF_2,7networks_lh_dorsattn_fef,7Networks_LH_DorsAttn_FEF,dorsal attention,frontal eye fields,L,234.0,56.38641056422573,140317.0,-7.952841653723725e-06,Q40,37.114999999999995,37.08461538461538,0.3387836462616801,52
88,7Networks_LH_DorsAttn_FEF_3,7networks_lh_dorsattn_fef,7Networks_LH_DorsAttn_FEF,dorsal attention,frontal eye fields,L,152.0,28.608525256256367,162392.0,-7.952841653723725e-06,Q40,37.114999999999995,37.08461538461538,0.3387836462616801,52
89,7Networks_LH_DorsAttn_FEF_4,7networks_lh_dorsattn_fef,7Networks_LH_DorsAttn_FEF,dorsal attention,frontal eye fields,L,275.0,77.28491827500228,30745.0,-7.952841653723725e-06,Q40,37.114999999999995,37.08461538461538,0.3387836462616801,52
90,7Networks_LH_DorsAttn_PrCv_1,7networks_lh_dorsattn_prcv,7Networks_LH_DorsAttn_PrCv,dorsal attention,precentral ventral,L,186.0,38.39036106750391,143639.0,-7.952841653723725e-06,Q40,37.114999999999995,37.08461538461538,0.3387836462616801,52
91,7Networks_LH_DorsAttn_PrCv_2,7networks_lh_dorsattn_prcv,7Networks_LH_DorsAttn_PrCv,dorsal attention,precentral ventral,L,158.0,27.82835534213687,123979.0,-7.952841653723725e-06,Q40,37.114999999999995,37.08461538461538,0.3387836462616801,52
92,7Networks_LH_SalVentAttn_ParOper_1,7networks_lh_salventattn_paroper,7Networks_LH_SalVentAttn_ParOper,salience / ventral attention,parietal operculum,L,182.0,44.47298919567825,132410.0,-7.952841653723725e-06,Q40,37.114999999999995,37.08461538461538,0.3387836462616801,52
93,7Networks_LH_SalVentAttn_ParOper_2,7networks_lh_salventattn_paroper,7Networks_LH_SalVentAttn_ParOper,salience / ventral attention,parietal operculum,L,161.0,29.326177855757663,148617.0,-7.952841653723725e-06,Q40,37.114999999999995,37.08461538461538,0.3387836462616801,52
94,7Networks_LH_SalVentAttn_ParOper_3,7networks_lh_salventattn_paroper,7Networks_LH_SalVentAttn_ParOper,salience / ventral attention,parietal operculum,L,304.0,91.31330132052823,12554.0,-7.952841653723725e-06,Q40,37.114999999999995,37.08461538461538,0.3387836462616801,52
95,7Networks_LH_SalVentAttn_ParOper_4,7networks_lh_salventattn_paroper,7Networks_LH_SalVentAttn_ParOper,salience / ventral attention,parietal operculum,L,219.0,56.336823344722575,131798.0,-7.952841653723725e-06,Q40,37.114999999999995,37.08461538461538,0.3387836462616801,52
96,7Networks_LH_SalVentAttn_TempOcc_1,7networks_lh_salventattn_tempocc,7Networks_LH_SalVentAttn_TempOcc,salience / ventral attention,temporal occipital,L,244.0,62.918350724905295,176499.0,-7.952841653723725e-06,Q40,37.114999999999995,37.08461538461538,0.3387836462616801,52
97,7Networks_LH_SalVentAttn_FrOperIns_1,7networks_lh_salventattn_froperins,7Networks_LH_SalVentAttn_FrOperIns,salience / ventral attention,frontal operculum insula,L,269.0,73.46574014221068,15593.0,-7.952841653723725e-06,Q40,37.114999999999995,37.08461538461538,0.3387836462616801,52
98,7Networks_LH_SalVentAttn_FrOperIns_2,7networks_lh_salventattn_froperins,7Networks_LH_SalVentAttn_FrOperIns,salience / ventral attention,frontal operculum insula,L,307.0,87.75007295225781,21340.0,-7.952841653723725e-06,Q40,37.114999999999995,37.08461538461538,0.3387836462616801,52
99,7Networks_LH_SalVentAttn_FrOperIns_3,7networks_lh_salventattn_froperins,7Networks_LH_SalVentAttn_FrOperIns,salience / ventral attention,frontal operculum insula,L,272.0,75.94125958075537,70466.0,-7.952841653723725e-06,Q40,37.114999999999995,37.08461538461538,0.3387836462616801,52
100,7Networks_LH_SalVentAttn_FrOperIns_4,7networks_lh_salventattn_froperins,7Networks_LH_SalVentAttn_FrOperIns,salience / ventral attention,frontal operculum insula,L,293.0,83.2092714008681,29460.0,-7.952841653723725e-06,Q40,37.114999999999995,37.08461538461538,0.3387836462616801,52
101,7Networks_LH_SalVentAttn_FrOperIns_5,7networks_lh_salventattn_froperins,7Networks_LH_SalVentAttn_FrOperIns,salience / ventral attention,frontal operculum insula,L,227.0,54.942581955859275,129345.0,-7.952841653723725e-06,Q40,37.114999999999995,37.08461538461538,0.3387836462616801,52
102,7Networks_LH_SalVentAttn_FrOperIns_6,7networks_lh_salventattn_froperins,7Networks_LH_SalVentAttn_FrOperIns,salience / ventral attention,frontal operculum insula,L,187.0,45.7486065195309,118437.0,-7.952841653723725e-06,Q40,37.114999999999995,37.08461538461538,0.3387836462616801,52
103,7Networks_LH_SalVentAttn_FrOperIns_7,7networks_lh_salventattn_froperins,7Networks_LH_SalVentAttn_FrOperIns,salience / ventral attention,frontal operculum insula,L,271.0,76.24867485455718,30088.0,-7.952841653723725e-06,Q40,37.114999999999995,37.08461538461538,0.3387836462616801,52
104,7Networks_LH_SalVentAttn_FrOperIns_8,7networks_lh_salventattn_froperins,7Networks_LH_SalVentAttn_FrOperIns,salience / ventral attention,frontal operculum insula,L,244.0,66.73986702373256,48577.0,-7.952841653723725e-06,Q40,37.114999999999995,37.08461538461538,0.3387836462616801,52
105,7Networks_LH_SalVentAttn_FrOperIns_9,7networks_lh_salventattn_froperins,7Networks_LH_SalVentAttn_FrOperIns,salience / ventral attention,frontal operculum insula,L,122.0,24.364127804968145,99226.0,-7.952841653723725e-06,Q40,37.114999999999995,37.08461538461538,0.3387836462616801,52
106,7Networks_LH_SalVentAttn_PFCl_1,7networks_lh_salventattn_pfcl,7Networks_LH_SalVentAttn_PFCl,salience / ventral attention,lateral prefrontal cortex,L,289.0,75.23651121987268,17088.5,-7.952841653723725e-06,Q40,37.114999999999995,37.08461538461538,0.3387836462616801,52
107,7Networks_LH_SalVentAttn_Med_1,7networks_lh_salventattn_med,7Networks_LH_SalVentAttn_Med,salience / ventral attention,medial,L,247.0,61.9539495798319,59305.0,-7.952841653723725e-06,Q40,37.114999999999995,37.08461538461538,0.3387836462616801,52
108,7Networks_LH_SalVentAttn_Med_2,7networks_lh_salventattn_med,7Networks_LH_SalVentAttn_Med,salience / ventral attention,medial,L,256.0,63.595600701819194,151160.0,-7.952841653723725e-06,Q40,37.114999999999995,37.08461538461538,0.3387836462616801,52
109,7Networks_LH_SalVentAttn_Med_3,7networks_lh_salventattn_med,7Networks_LH_SalVentAttn_Med,salience / ventral attention,medial,L,205.0,49.06333918182666,96956.0,-7.952841653723725e-06,Q40,37.114999999999995,37.08461538461538,0.3387836462616801,52
110,7Networks_LH_SalVentAttn_Med_4,7networks_lh_salventattn_med,7Networks_LH_SalVentAttn_Med,salience / ventral attention,medial,L,200.0,46.75783544186908,191912.0,-7.952841653723725e-06,Q40,37.114999999999995,37.08461538461538,0.3387836462616801,52
111,7Networks_LH_SalVentAttn_Med_5,7networks_lh_salventattn_med,7Networks_LH_SalVentAttn_Med,salience / ventral attention,medial,L,154.0,31.00624988456919,152257.0,-7.952841653723725e-06,Q40,37.114999999999995,37.08461538461538,0.3387836462616801,52
112,7Networks_LH_SalVentAttn_Med_6,7networks_lh_salventattn_med,7Networks_LH_SalVentAttn_Med,salience / ventral attention,medial,L,224.0,57.63529965832493,60451.0,-7.952841653723725e-06,Q40,37.114999999999995,37.08461538461538,0.3387836462616801,52
113,7Networks_LH_SalVentAttn_Med_7,7networks_lh_salventattn_med,7Networks_LH_SalVentAttn_Med,salience / ventral attention,medial,L,191.0,43.00718995290428,196378.0,-7.952841653723725e-06,Q40,37.114999999999995,37.08461538461538,0.3387836462616801,52
114,7Networks_LH_Limbic_OFC_1,7networks_lh_limbic_ofc,7Networks_LH_Limbic_OFC,limbic,orbital frontal cortex,L,175.0,40.38574568288854,127474.0,-7.952841653723725e-06,Q40,37.114999999999995,37.08461538461538,0.3387836462616801,52
115,7Networks_LH_Limbic_OFC_2,7networks_lh_limbic_ofc,7Networks_LH_Limbic_OFC,limbic,orbital frontal cortex,L,215.0,49.88764613537715,91773.0,-7.952841653723725e-06,Q40,37.114999999999995,37.08461538461538,0.3387836462616801,52
116,7Networks_LH_Limbic_OFC_3,7networks_lh_limbic_ofc,7Networks_LH_Limbic_OFC,limbic,orbital frontal cortex,L,253.0,62.41329023917259,197572.0,-7.952841653723725e-06,Q40,37.114999999999995,37.08461538461538,0.3387836462616801,52
117,7Networks_LH_Limbic_OFC_4,7networks_lh_limbic_ofc,7Networks_LH_Limbic_OFC,limbic,orbital frontal cortex,L,285.0,81.73013944039151,27400.0,-7.952841653723725e-06,Q40,37.114999999999995,37.08461538461538,0.3387836462616801,52
118,7Networks_LH_Limbic_OFC_5,7networks_lh_limbic_ofc,7Networks_LH_Limbic_OFC,limbic,orbital frontal cortex,L,182.0,41.780036937852095,128779.0,-7.952841653723725e-06,Q40,37.114999999999995,37.08461538461538,0.3387836462616801,52
119,7Networks_LH_Limbic_TempPole_1,7networks_lh_limbic_temppole,7Networks_LH_Limbic_TempPole,limbic,temporal pole,L,98.0,5.0309742358481815,185317.0,-7.952841653723725e-06,Q40,37.114999999999995,37.08461538461538,0.3387836462616801,52
120,7Networks_LH_Limbic_TempPole_2,7networks_lh_limbic_temppole,7Networks_LH_Limbic_TempPole,limbic,temporal pole,L,151.0,32.70087912087913,186491.0,-7.952841653723725e-06,Q40,37.114999999999995,37.08461538461538,0.3387836462616801,52
121,7Networks_LH_Limbic_TempPole_3,7networks_lh_limbic_temppole,7Networks_LH_Limbic_TempPole,limbic,temporal pole,L,79.0,0.4340493120325052,196718.0,-7.952841653723725e-06,Q40,37.114999999999995,37.08461538461538,0.3387836462616801,52
122,7Networks_LH_Limbic_TempPole_4,7networks_lh_limbic_temppole,7Networks_LH_Limbic_TempPole,limbic,temporal pole,L,197.0,42.051160772001126,124718.0,-7.952841653723725e-06,Q40,37.114999999999995,37.08461538461538,0.3387836462616801,52
123,7Networks_LH_Limbic_TempPole_5,7networks_lh_limbic_temppole,7Networks_LH_Limbic_TempPole,limbic,temporal pole,L,169.0,32.03531258657309,199104.0,-7.952841653723725e-06,Q40,37.114999999999995,37.08461538461538,0.3387836462616801,52
124,7Networks_LH_Limbic_TempPole_6,7networks_lh_limbic_temppole,7Networks_LH_Limbic_TempPole,limbic,temporal pole,L,307.0,79.84591375011544,7893.0,-7.952841653723725e-06,Q40,37.114999999999995,37.08461538461538,0.3387836462616801,52
125,7Networks_LH_Limbic_TempPole_7,7networks_lh_limbic_temppole,7Networks_LH_Limbic_TempPole,limbic,temporal pole,L,220.0,53.5294505494506,160176.0,-7.952841653723725e-06,Q40,37.114999999999995,37.08461538461538,0.3387836462616801,52
126,7Networks_LH_Limbic_TempPole_8,7networks_lh_limbic_temppole,7Networks_LH_Limbic_TempPole,limbic,temporal pole,L,213.0,54.01658324868407,54282.0,-7.952841653723725e-06,Q40,37.114999999999995,37.08461538461538,0.3387836462616801,52
127,7Networks_LH_Cont_Par_1,7networks_lh_cont_par,7Networks_LH_Cont_Par,control,parietal ,L,277.0,73.00432172869148,78258.0,-7.952841653723725e-06,Q40,37.114999999999995,37.08461538461538,0.3387836462616801,52
128,7Networks_LH_Cont_Par_2,7networks_lh_cont_par,7Networks_LH_Cont_Par,control,parietal ,L,279.0,76.38039523501708,7249.0,-7.952841653723725e-06,Q40,37.114999999999995,37.08461538461538,0.3387836462616801,52
129,7Networks_LH_Cont_Par_3,7networks_lh_cont_par,7Networks_LH_Cont_Par,control,parietal ,L,262.0,70.48854372518237,120654.0,-7.952841653723725e-06,Q40,37.114999999999995,37.08461538461538,0.3387836462616801,52
130,7Networks_LH_Cont_Par_4,7networks_lh_cont_par,7Networks_LH_Cont_Par,control,parietal ,L,207.0,43.71474374365132,134995.0,-7.952841653723725e-06,Q40,37.114999999999995,37.08461538461538,0.3387836462616801,52
131,7Networks_LH_Cont_Par_5,7networks_lh_cont_par,7Networks_LH_Cont_Par,control,parietal ,L,260.0,62.91804414073328,191709.0,-7.952841653723725e-06,Q40,37.114999999999995,37.08461538461538,0.3387836462616801,52
132,7Networks_LH_Cont_Par_6,7networks_lh_cont_par,7Networks_LH_Cont_Par,control,parietal ,L,263.0,69.74130390617785,98206.0,-7.952841653723725e-06,Q40,37.114999999999995,37.08461538461538,0.3387836462616801,52
133,7Networks_LH_Cont_Temp_1,7networks_lh_cont_temp,7Networks_LH_Cont_Temp,control,temporal,L,198.0,44.09581124757598,94618.0,-7.952841653723725e-06,Q40,37.114999999999995,37.08461538461538,0.3387836462616801,52
134,7Networks_LH_Cont_OFC_1,7networks_lh_cont_ofc,7Networks_LH_Cont_OFC,control,orbital frontal cortex,L,225.0,58.14696647889926,74345.0,-7.952841653723725e-06,Q40,37.114999999999995,37.08461538461538,0.3387836462616801,52
135,7Networks_LH_Cont_PFCl_1,7networks_lh_cont_pfcl,7Networks_LH_Cont_PFCl,control,lateral prefrontal cortex,L,272.0,71.22826853818444,58252.0,-7.952841653723725e-06,Q40,37.114999999999995,37.08461538461538,0.3387836462616801,52
136,7Networks_LH_Cont_PFCl_2,7networks_lh_cont_pfcl,7Networks_LH_Cont_PFCl,control,lateral prefrontal cortex,L,242.0,59.57010989010987,93596.0,-7.952841653723725e-06,Q40,37.114999999999995,37.08461538461538,0.3387836462616801,52
137,7Networks_LH_Cont_PFCl_3,7networks_lh_cont_pfcl,7Networks_LH_Cont_PFCl,control,lateral prefrontal cortex,L,264.0,70.96484439929813,48304.0,-7.952841653723725e-06,Q40,37.114999999999995,37.08461538461538,0.3387836462616801,52
138,7Networks_LH_Cont_PFCl_4,7networks_lh_cont_pfcl,7Networks_LH_Cont_PFCl,control,lateral prefrontal cortex,L,301.0,86.99297996121526,54422.0,-7.952841653723725e-06,Q40,37.114999999999995,37.08461538461538,0.3387836462616801,52
139,7Networks_LH_Cont_PFCl_5,7networks_lh_cont_pfcl,7Networks_LH_Cont_PFCl,control,lateral prefrontal cortex,L,244.0,62.01249053467542,79955.0,-7.952841653723725e-06,Q40,37.114999999999995,37.08461538461538,0.3387836462616801,52
140,7Networks_LH_Cont_PFCl_6,7networks_lh_cont_pfcl,7Networks_LH_Cont_PFCl,control,lateral prefrontal cortex,L,271.0,72.47471049958452,26846.5,-7.952841653723725e-06,Q40,37.114999999999995,37.08461538461538,0.3387836462616801,52
141,7Networks_LH_Cont_PFCl_7,7networks_lh_cont_pfcl,7Networks_LH_Cont_PFCl,control,lateral prefrontal cortex,L,221.0,51.34865823252381,118647.0,-7.952841653723725e-06,Q40,37.114999999999995,37.08461538461538,0.3387836462616801,52
142,7Networks_LH_Cont_PFCl_8,7networks_lh_cont_pfcl,7Networks_LH_Cont_PFCl,control,lateral prefrontal cortex,L,256.0,67.00223658694242,68207.0,-7.952841653723725e-06,Q40,37.114999999999995,37.08461538461538,0.3387836462616801,52
143,7Networks_LH_Cont_PFCv_1,7networks_lh_cont_pfcv,7Networks_LH_Cont_PFCv,control,ventral prefrontal cortex,L,329.0,92.3497774494412,211.0,-7.952841653723725e-06,Q40,37.114999999999995,37.08461538461538,0.3387836462616801,52
144,7Networks_LH_Cont_pCun_1,7networks_lh_cont_pcun,7Networks_LH_Cont_pCun,control,precuneus,L,116.0,15.295554529504106,176488.0,-7.952841653723725e-06,Q40,37.114999999999995,37.08461538461538,0.3387836462616801,52
145,7Networks_LH_Cont_pCun_2,7networks_lh_cont_pcun,7Networks_LH_Cont_pCun,control,precuneus,L,223.0,52.239386831655764,153066.0,-7.952841653723725e-06,Q40,37.114999999999995,37.08461538461538,0.3387836462616801,52
146,7Networks_LH_Cont_Cing_1,7networks_lh_cont_cing,7Networks_LH_Cont_Cing,control,cingulate,L,100.0,7.020166220334299,173371.0,-7.952841653723725e-06,Q40,37.114999999999995,37.08461538461538,0.3387836462616801,52
147,7Networks_LH_Cont_Cing_2,7networks_lh_cont_cing,7Networks_LH_Cont_Cing,control,cingulate,L,150.0,26.27034075168531,162244.0,-7.952841653723725e-06,Q40,37.114999999999995,37.08461538461538,0.3387836462616801,52
148,7Networks_LH_Cont_PFCmp_1,7networks_lh_cont_pfcmp,7Networks_LH_Cont_PFCmp,control,medial posterior prefrontal cortex,L,339.0,96.42075907285995,9029.0,-7.952841653723725e-06,Q40,37.114999999999995,37.08461538461538,0.3387836462616801,52
149,7Networks_LH_Default_Temp_1,7networks_lh_default_temp,7Networks_LH_Default_Temp,default,temporal,L,208.0,50.37910610398005,72711.0,-7.952841653723725e-06,Q40,37.114999999999995,37.08461538461538,0.3387836462616801,52
150,7Networks_LH_Default_Temp_2,7networks_lh_default_temp,7Networks_LH_Default_Temp,default,temporal,L,160.0,34.37673469387753,162364.0,-7.952841653723725e-06,Q40,37.114999999999995,37.08461538461538,0.3387836462616801,52
151,7Networks_LH_Default_Temp_3,7networks_lh_default_temp,7Networks_LH_Default_Temp,default,temporal,L,186.0,38.9427814202604,156486.0,-7.952841653723725e-06,Q40,37.114999999999995,37.08461538461538,0.3387836462616801,52
152,7Networks_LH_Default_Temp_4,7networks_lh_default_temp,7Networks_LH_Default_Temp,default,temporal,L,172.0,35.40727490996399,118608.0,-7.952841653723725e-06,Q40,37.114999999999995,37.08461538461538,0.3387836462616801,52
153,7Networks_LH_Default_Temp_5,7networks_lh_default_temp,7Networks_LH_Default_Temp,default,temporal,L,179.0,40.12846246190784,135299.0,-7.952841653723725e-06,Q40,37.114999999999995,37.08461538461538,0.3387836462616801,52
154,7Networks_LH_Default_Temp_6,7networks_lh_default_temp,7Networks_LH_Default_Temp,default,temporal,L,219.0,53.30535044787144,108816.0,-7.952841653723725e-06,Q40,37.114999999999995,37.08461538461538,0.3387836462616801,52
155,7Networks_LH_Default_Temp_7,7networks_lh_default_temp,7Networks_LH_Default_Temp,default,temporal,L,262.0,70.088107858528,34999.0,-7.952841653723725e-06,Q40,37.114999999999995,37.08461538461538,0.3387836462616801,52
156,7Networks_LH_Default_Temp_8,7networks_lh_default_temp,7Networks_LH_Default_Temp,default,temporal,L,244.0,56.14170837565793,115668.0,-7.952841653723725e-06,Q40,37.114999999999995,37.08461538461538,0.3387836462616801,52
157,7Networks_LH_Default_Temp_9,7networks_lh_default_temp,7Networks_LH_Default_Temp,default,temporal,L,280.0,69.53608828146643,55738.0,-7.952841653723725e-06,Q40,37.114999999999995,37.08461538461538,0.3387836462616801,52
158,7Networks_LH_Default_Temp_10,7networks_lh_default_temp,7Networks_LH_Default_Temp,default,temporal,L,247.0,61.36779019300025,81229.0,-7.952841653723725e-06,Q40,37.114999999999995,37.08461538461538,0.3387836462616801,52
159,7Networks_LH_Default_Par_1,7networks_lh_default_par,7Networks_LH_Default_Par,default,parietal,L,231.0,58.933031674208166,132447.0,-7.952841653723725e-06,Q40,37.114999999999995,37.08461538461538,0.3387836462616801,52
160,7Networks_LH_Default_Par_2,7networks_lh_default_par,7Networks_LH_Default_Par,default,parietal,L,248.0,63.454701265121415,134561.0,-7.952841653723725e-06,Q40,37.114999999999995,37.08461538461538,0.3387836462616801,52
161,7Networks_LH_Default_Par_3,7networks_lh_default_par,7Networks_LH_Default_Par,default,parietal,L,312.0,86.96381198633287,27739.0,-7.952841653723725e-06,Q40,37.114999999999995,37.08461538461538,0.3387836462616801,52
162,7Networks_LH_Default_Par_4,7networks_lh_default_par,7Networks_LH_Default_Par,default,parietal,L,254.0,68.60057253670695,63238.0,-7.952841653723725e-06,Q40,37.114999999999995,37.08461538461538,0.3387836462616801,52
163,7Networks_LH_Default_Par_5,7networks_lh_default_par,7Networks_LH_Default_Par,default,parietal,L,343.0,99.10977375565604,2978.0,-7.952841653723725e-06,Q40,37.114999999999995,37.08461538461538,0.3387836462616801,52
164,7Networks_LH_Default_Par_6,7networks_lh_default_par,7Networks_LH_Default_Par,default,parietal,L,202.0,46.53665897128091,102376.0,-7.952841653723725e-06,Q40,37.114999999999995,37.08461538461538,0.3387836462616801,52
165,7Networks_LH_Default_Par_7,7networks_lh_default_par,7Networks_LH_Default_Par,default,parietal,L,256.0,70.3725828793056,109954.0,-7.952841653723725e-06,Q40,37.114999999999995,37.08461538461538,0.3387836462616801,52
166,7Networks_LH_Default_PFC_1,7networks_lh_default_pfc,7Networks_LH_Default_PFC,default,prefrontal cortex,L,288.0,72.53336226798407,89759.0,-7.952841653723725e-06,Q40,37.114999999999995,37.08461538461538,0.3387836462616801,52
167,7Networks_LH_Default_PFC_2,7networks_lh_default_pfc,7Networks_LH_Default_PFC,default,prefrontal cortex,L,230.0,55.58937113306862,117256.0,-7.952841653723725e-06,Q40,37.114999999999995,37.08461538461538,0.3387836462616801,52
168,7Networks_LH_Default_PFC_3,7networks_lh_default_pfc,7Networks_LH_Default_PFC,default,prefrontal cortex,L,316.0,84.2439782066672,101473.0,-7.952841653723725e-06,Q40,37.114999999999995,37.08461538461538,0.3387836462616801,52
169,7Networks_LH_Default_PFC_4,7networks_lh_default_pfc,7Networks_LH_Default_PFC,default,prefrontal cortex,L,336.0,98.40035090959458,187.0,-7.952841653723725e-06,Q40,37.114999999999995,37.08461538461538,0.3387836462616801,52
170,7Networks_LH_Default_PFC_5,7networks_lh_default_pfc,7Networks_LH_Default_PFC,default,prefrontal cortex,L,303.0,83.07184042847905,29781.5,-7.952841653723725e-06,Q40,37.114999999999995,37.08461538461538,0.3387836462616801,52
171,7Networks_LH_Default_PFC_6,7networks_lh_default_pfc,7Networks_LH_Default_PFC,default,prefrontal cortex,L,326.0,92.02018838304552,6.0,-7.952841653723725e-06,Q40,37.114999999999995,37.08461538461538,0.3387836462616801,52
172,7Networks_LH_Default_PFC_7,7networks_lh_default_pfc,7Networks_LH_Default_PFC,default,prefrontal cortex,L,190.0,44.05308338720104,184708.0,-7.952841653723725e-06,Q40,37.114999999999995,37.08461538461538,0.3387836462616801,52
173,7Networks_LH_Default_PFC_8,7networks_lh_default_pfc,7Networks_LH_Default_PFC,default,prefrontal cortex,L,239.0,59.41549912272607,127245.0,-7.952841653723725e-06,Q40,37.114999999999995,37.08461538461538,0.3387836462616801,52
174,7Networks_LH_Default_PFC_9,7networks_lh_default_pfc,7Networks_LH_Default_PFC,default,prefrontal cortex,L,310.0,87.06525440945612,2591.0,-7.952841653723725e-06,Q40,37.114999999999995,37.08461538461538,0.3387836462616801,52
175,7Networks_LH_Default_PFC_10,7networks_lh_default_pfc,7Networks_LH_Default_PFC,default,prefrontal cortex,L,257.0,66.66074245082646,72645.0,-7.952841653723725e-06,Q40,37.114999999999995,37.08461538461538,0.3387836462616801,52
176,7Networks_LH_Default_PFC_11,7networks_lh_default_pfc,7Networks_LH_Default_PFC,default,prefrontal cortex,L,188.0,40.22327084680022,162536.0,-7.952841653723725e-06,Q40,37.114999999999995,37.08461538461538,0.3387836462616801,52
177,7Networks_LH_Default_PFC_12,7networks_lh_default_pfc,7Networks_LH_Default_PFC,default,prefrontal cortex,L,295.0,76.44458768122637,63366.0,-7.952841653723725e-06,Q40,37.114999999999995,37.08461538461538,0.3387836462616801,52
178,7Networks_LH_Default_PFC_13,7networks_lh_default_pfc,7Networks_LH_Default_PFC,default,prefrontal cortex,L,335.0,93.05894911810888,239.0,-7.952841653723725e-06,Q40,37.114999999999995,37.08461538461538,0.3387836462616801,52
179,7Networks_LH_Default_PFC_14,7networks_lh_default_pfc,7Networks_LH_Default_PFC,default,prefrontal cortex,L,181.0,43.29232062055589,147179.0,-7.952841653723725e-06,Q40,37.114999999999995,37.08461538461538,0.3387836462616801,52
180,7Networks_LH_Default_PFC_15,7networks_lh_default_pfc,7Networks_LH_Default_PFC,default,prefrontal cortex,L,281.0,73.52728414442706,67736.0,-7.952841653723725e-06,Q40,37.114999999999995,37.08461538461538,0.3387836462616801,52
181,7Networks_LH_Default_PFC_16,7networks_lh_default_pfc,7Networks_LH_Default_PFC,default,prefrontal cortex,L,297.0,76.61395512050981,38432.0,-7.952841653723725e-06,Q40,37.114999999999995,37.08461538461538,0.3387836462616801,52
182,7Networks_LH_Default_PFC_17,7networks_lh_default_pfc,7Networks_LH_Default_PFC,default,prefrontal cortex,L,230.0,54.93663865546218,94406.0,-7.952841653723725e-06,Q40,37.114999999999995,37.08461538461538,0.3387836462616801,52
183,7Networks_LH_Default_PFC_18,7networks_lh_default_pfc,7Networks_LH_Default_PFC,default,prefrontal cortex,L,234.0,59.66557761566171,76028.0,-7.952841653723725e-06,Q40,37.114999999999995,37.08461538461538,0.3387836462616801,52
184,7Networks_LH_Default_PFC_19,7networks_lh_default_pfc,7Networks_LH_Default_PFC,default,prefrontal cortex,L,221.0,54.128436605411395,50834.0,-7.952841653723725e-06,Q40,37.114999999999995,37.08461538461538,0.3387836462616801,52
185,7Networks_LH_Default_PFC_20,7networks_lh_default_pfc,7Networks_LH_Default_PFC,default,prefrontal cortex,L,215.0,49.63798873395514,82282.0,-7.952841653723725e-06,Q40,37.114999999999995,37.08461538461538,0.3387836462616801,52
186,7Networks_LH_Default_PFC_21,7networks_lh_default_pfc,7Networks_LH_Default_PFC,default,prefrontal cortex,L,165.0,28.793439837473453,152316.0,-7.952841653723725e-06,Q40,37.114999999999995,37.08461538461538,0.3387836462616801,52
187,7Networks_LH_Default_PFC_22,7networks_lh_default_pfc,7Networks_LH_Default_PFC,default,prefrontal cortex,L,268.0,66.42948379351745,56348.0,-7.952841653723725e-06,Q40,37.114999999999995,37.08461538461538,0.3387836462616801,52
188,7Networks_LH_Default_PFC_23,7networks_lh_default_pfc,7Networks_LH_Default_PFC,default,prefrontal cortex,L,235.0,58.819207683073216,72684.0,-7.952841653723725e-06,Q40,37.114999999999995,37.08461538461538,0.3387836462616801,52
189,7Networks_LH_Default_PFC_24,7networks_lh_default_pfc,7Networks_LH_Default_PFC,default,prefrontal cortex,L,192.0,43.540099732200574,97381.0,-7.952841653723725e-06,Q40,37.114999999999995,37.08461538461538,0.3387836462616801,52
190,7Networks_LH_Default_pCunPCC_1,7networks_lh_default_pcunpcc,7Networks_LH_Default_pCunPCC,default,precuneus posterior cingulate cortex,L,189.0,41.781244805614584,171857.0,-7.952841653723725e-06,Q40,37.114999999999995,37.08461538461538,0.3387836462616801,52
191,7Networks_LH_Default_pCunPCC_2,7networks_lh_default_pcunpcc,7Networks_LH_Default_pCunPCC,default,precuneus posterior cingulate cortex,L,255.0,61.95059192907927,76681.0,-7.952841653723725e-06,Q40,37.114999999999995,37.08461538461538,0.3387836462616801,52
192,7Networks_LH_Default_pCunPCC_3,7networks_lh_default_pcunpcc,7Networks_LH_Default_pCunPCC,default,precuneus posterior cingulate cortex,L,152.0,28.27661649275095,122396.0,-7.952841653723725e-06,Q40,37.114999999999995,37.08461538461538,0.3387836462616801,52
193,7Networks_LH_Default_pCunPCC_4,7networks_lh_default_pcunpcc,7Networks_LH_Default_pCunPCC,default,precuneus posterior cingulate cortex,L,161.0,24.47587958260227,177669.0,-7.952841653723725e-06,Q40,37.114999999999995,37.08461538461538,0.3387836462616801,52
194,7Networks_LH_Default_pCunPCC_5,7networks_lh_default_pcunpcc,7Networks_LH_Default_pCunPCC,default,precuneus posterior cingulate cortex,L,238.0,58.12961861667743,67857.0,-7.952841653723725e-06,Q40,37.114999999999995,37.08461538461538,0.3387836462616801,52
195,7Networks_LH_Default_pCunPCC_6,7networks_lh_default_pcunpcc,7Networks_LH_Default_pCunPCC,default,precuneus posterior cingulate cortex,L,254.0,61.7440317665528,88180.0,-7.952841653723725e-06,Q40,37.114999999999995,37.08461538461538,0.3387836462616801,52
196,7Networks_LH_Default_pCunPCC_7,7networks_lh_default_pcunpcc,7Networks_LH_Default_pCunPCC,default,precuneus posterior cingulate cortex,L,241.0,56.67535875888817,94634.0,-7.952841653723725e-06,Q40,37.114999999999995,37.08461538461538,0.3387836462616801,52
197,7Networks_LH_Default_pCunPCC_8,7networks_lh_default_pcunpcc,7Networks_LH_Default_pCunPCC,default,precuneus posterior cingulate cortex,L,291.0,79.52622402807275,47138.0,-7.952841653723725e-06,Q40,37.114999999999995,37.08461538461538,0.3387836462616801,52
198,7Networks_LH_Default_pCunPCC_9,7networks_lh_default_pcunpcc,7Networks_LH_Default_pCunPCC,default,precuneus posterior cingulate cortex,L,180.0,32.78948194662481,194640.0,-7.952841653723725e-06,Q40,37.114999999999995,37.08461538461538,0.3387836462616801,52
199,7Networks_LH_Default_pCunPCC_10,7networks_lh_default_pcunpcc,7Networks_LH_Default_pCunPCC,default,precuneus posterior cingulate cortex,L,245.0,62.80599686028253,56213.0,-7.952841653723725e-06,Q40,37.114999999999995,37.08461538461538,0.3387836462616801,52
200,7Networks_LH_Default_pCunPCC_11,7networks_lh_default_pcunpcc,7Networks_LH_Default_pCunPCC,default,precuneus posterior cingulate cortex,L,275.0,78.3603749191984,1074.0,-7.952841653723725e-06,Q40,37.114999999999995,37.08461538461538,0.3387836462616801,52
201,7Networks_RH_Vis_1,7networks_rh_vis,7Networks_RH_Vis,visual,visual,R,115.0,16.36506787330316,136523.0,-7.952841653723725e-06,Q40,37.114999999999995,37.08461538461538,0.3387836462616801,52
202,7Networks_RH_Vis_2,7networks_rh_vis,7Networks_RH_Vis,visual,visual,R,72.0,-4.711391633576503,197258.0,-7.952841653723725e-06,Q40,37.114999999999995,37.08461538461538,0.3387836462616801,52
203,7Networks_RH_Vis_3,7networks_rh_vis,7Networks_RH_Vis,visual,visual,R,101.0,5.2760273340105215,127551.0,-7.952841653723725e-06,Q40,37.114999999999995,37.08461538461538,0.3387836462616801,52
204,7Networks_RH_Vis_4,7networks_rh_vis,7Networks_RH_Vis,visual,visual,R,205.0,44.60584172130394,155801.0,-7.952841653723725e-06,Q40,37.114999999999995,37.08461538461538,0.3387836462616801,52
205,7Networks_RH_Vis_5,7networks_rh_vis,7Networks_RH_Vis,visual,visual,R,246.0,56.042205189768225,162751.0,-7.952841653723725e-06,Q40,37.114999999999995,37.08461538461538,0.3387836462616801,52
206,7Networks_RH_Vis_6,7networks_rh_vis,7Networks_RH_Vis,visual,visual,R,233.0,56.49212669683255,50839.0,-7.952841653723725e-06,Q40,37.114999999999995,37.08461538461538,0.3387836462616801,52
207,7Networks_RH_Vis_7,7networks_rh_vis,7Networks_RH_Vis,visual,visual,R,256.0,68.41494136115982,118452.0,-7.952841653723725e-06,Q40,37.114999999999995,37.08461538461538,0.3387836462616801,52
208,7Networks_RH_Vis_8,7networks_rh_vis,7Networks_RH_Vis,visual,visual,R,115.0,11.205777080062788,197974.0,-7.952841653723725e-06,Q40,37.114999999999995,37.08461538461538,0.3387836462616801,52
209,7Networks_RH_Vis_9,7networks_rh_vis,7Networks_RH_Vis,visual,visual,R,215.0,47.64957613814759,93654.0,-7.952841653723725e-06,Q40,37.114999999999995,37.08461538461538,0.3387836462616801,52
210,7Networks_RH_Vis_10,7networks_rh_vis,7Networks_RH_Vis,visual,visual,R,129.0,21.24066118755195,175726.0,-7.952841653723725e-06,Q40,37.114999999999995,37.08461538461538,0.3387836462616801,52
211,7Networks_RH_Vis_11,7networks_rh_vis,7Networks_RH_Vis,visual,visual,R,155.0,26.463669775602554,157724.0,-7.952841653723725e-06,Q40,37.114999999999995,37.08461538461538,0.3387836462616801,52
212,7Networks_RH_Vis_12,7networks_rh_vis,7Networks_RH_Vis,visual,visual,R,191.0,42.178201126604534,126351.0,-7.952841653723725e-06,Q40,37.114999999999995,37.08461538461538,0.3387836462616801,52
213,7Networks_RH_Vis_13,7networks_rh_vis,7Networks_RH_Vis,visual,visual,R,165.0,33.76228275925754,154795.0,-7.952841653723725e-06,Q40,37.114999999999995,37.08461538461538,0.3387836462616801,52
214,7Networks_RH_Vis_14,7networks_rh_vis,7Networks_RH_Vis,visual,visual,R,237.0,58.36021793332717,74789.0,-7.952841653723725e-06,Q40,37.114999999999995,37.08461538461538,0.3387836462616801,52
215,7Networks_RH_Vis_15,7networks_rh_vis,7Networks_RH_Vis,visual,visual,R,285.0,77.27551205097426,89720.0,-7.952841653723725e-06,Q40,37.114999999999995,37.08461538461538,0.3387836462616801,52
216,7Networks_RH_Vis_16,7networks_rh_vis,7Networks_RH_Vis,visual,visual,R,216.0,50.83406224028072,120272.0,-7.952841653723725e-06,Q40,37.114999999999995,37.08461538461538,0.3387836462616801,52
217,7Networks_RH_Vis_17,7networks_rh_vis,7Networks_RH_Vis,visual,visual,R,231.0,59.36839782066669,49995.0,-7.952841653723725e-06,Q40,37.114999999999995,37.08461538461538,0.3387836462616801,52
218,7Networks_RH_Vis_18,7networks_rh_vis,7Networks_RH_Vis,visual,visual,R,292.0,76.17339735894362,52799.0,-7.952841653723725e-06,Q40,37.114999999999995,37.08461538461538,0.3387836462616801,52
219,7Networks_RH_Vis_19,7networks_rh_vis,7Networks_RH_Vis,visual,visual,R,232.0,60.73852248591746,79892.0,-7.952841653723725e-06,Q40,37.114999999999995,37.08461538461538,0.3387836462616801,52
220,7Networks_RH_Vis_20,7networks_rh_vis,7Networks_RH_Vis,visual,visual,R,195.0,47.89769138424599,102511.0,-7.952841653723725e-06,Q40,37.114999999999995,37.08461538461538,0.3387836462616801,52
221,7Networks_RH_Vis_21,7networks_rh_vis,7Networks_RH_Vis,visual,visual,R,168.0,34.864805614553475,179862.0,-7.952841653723725e-06,Q40,37.114999999999995,37.08461538461538,0.3387836462616801,52
222,7Networks_RH_Vis_22,7networks_rh_vis,7Networks_RH_Vis,visual,visual,R,271.0,67.69155970080338,67608.0,-7.952841653723725e-06,Q40,37.114999999999995,37.08461538461538,0.3387836462616801,52
223,7Networks_RH_Vis_23,7networks_rh_vis,7Networks_RH_Vis,visual,visual,R,180.0,39.33385908209441,165695.0,-7.952841653723725e-06,Q40,37.114999999999995,37.08461538461538,0.3387836462616801,52
224,7Networks_RH_Vis_24,7networks_rh_vis,7Networks_RH_Vis,visual,visual,R,290.0,77.74346661741625,19604.5,-7.952841653723725e-06,Q40,37.114999999999995,37.08461538461538,0.3387836462616801,52
225,7Networks_RH_Vis_25,7networks_rh_vis,7Networks_RH_Vis,visual,visual,R,237.0,62.64868593591278,58406.0,-7.952841653723725e-06,Q40,37.114999999999995,37.08461538461538,0.3387836462616801,52
226,7Networks_RH_Vis_26,7networks_rh_vis,7Networks_RH_Vis,visual,visual,R,173.0,35.70894634776984,83184.0,-7.952841653723725e-06,Q40,37.114999999999995,37.08461538461538,0.3387836462616801,52
227,7Networks_RH_Vis_27,7networks_rh_vis,7Networks_RH_Vis,visual,visual,R,196.0,45.03499307415272,144198.0,-7.952841653723725e-06,Q40,37.114999999999995,37.08461538461538,0.3387836462616801,52
228,7Networks_RH_Vis_28,7networks_rh_vis,7Networks_RH_Vis,visual,visual,R,281.0,74.10275371687133,144013.0,-7.952841653723725e-06,Q40,37.114999999999995,37.08461538461538,0.3387836462616801,52
229,7Networks_RH_Vis_29,7networks_rh_vis,7Networks_RH_Vis,visual,visual,R,182.0,34.674828700711046,131885.0,-7.952841653723725e-06,Q40,37.114999999999995,37.08461538461538,0.3387836462616801,52
230,7Networks_RH_Vis_30,7networks_rh_vis,7Networks_RH_Vis,visual,visual,R,143.0,28.687055129744238,154817.0,-7.952841653723725e-06,Q40,37.114999999999995,37.08461538461538,0.3387836462616801,52
231,7Networks_RH_SomMot_1,7networks_rh_sommot,7Networks_RH_SomMot,somatomotor,somatomotor,R,278.0,79.1581881983563,39189.0,-7.952841653723725e-06,Q40,37.114999999999995,37.08461538461538,0.3387836462616801,52
232,7Networks_RH_SomMot_2,7networks_rh_sommot,7Networks_RH_SomMot,somatomotor,somatomotor,R,284.0,77.2195124203528,78550.0,-7.952841653723725e-06,Q40,37.114999999999995,37.08461538461538,0.3387836462616801,52
233,7Networks_RH_SomMot_3,7networks_rh_sommot,7Networks_RH_SomMot,somatomotor,somatomotor,R,195.0,42.80921599408993,97431.0,-7.952841653723725e-06,Q40,37.114999999999995,37.08461538461538,0.3387836462616801,52
234,7Networks_RH_SomMot_4,7networks_rh_sommot,7Networks_RH_SomMot,somatomotor,somatomotor,R,317.0,91.97123834149042,0.0,-7.952841653723725e-06,Q40,37.114999999999995,37.08461538461538,0.3387836462616801,52
235,7Networks_RH_SomMot_5,7networks_rh_sommot,7Networks_RH_SomMot,somatomotor,somatomotor,R,208.0,50.46361436882446,169653.0,-7.952841653723725e-06,Q40,37.114999999999995,37.08461538461538,0.3387836462616801,52
236,7Networks_RH_SomMot_6,7networks_rh_sommot,7Networks_RH_SomMot,somatomotor,somatomotor,R,193.0,49.57407886231418,66995.0,-7.952841653723725e-06,Q40,37.114999999999995,37.08461538461538,0.3387836462616801,52
237,7Networks_RH_SomMot_7,7networks_rh_sommot,7Networks_RH_SomMot,somatomotor,somatomotor,R,195.0,43.674693877551036,164743.0,-7.952841653723725e-06,Q40,37.114999999999995,37.08461538461538,0.3387836462616801,52
238,7Networks_RH_SomMot_8,7networks_rh_sommot,7Networks_RH_SomMot,somatomotor,somatomotor,R,233.0,57.37867208421828,64489.0,-7.952841653723725e-06,Q40,37.114999999999995,37.08461538461538,0.3387836462616801,52
239,7Networks_RH_SomMot_9,7networks_rh_sommot,7Networks_RH_SomMot,somatomotor,somatomotor,R,244.0,64.98634776987717,114308.0,-7.952841653723725e-06,Q40,37.114999999999995,37.08461538461538,0.3387836462616801,52
240,7Networks_RH_SomMot_10,7networks_rh_sommot,7Networks_RH_SomMot,somatomotor,somatomotor,R,134.0,18.758622218118028,168377.0,-7.952841653723725e-06,Q40,37.114999999999995,37.08461538461538,0.3387836462616801,52
241,7Networks_RH_SomMot_11,7networks_rh_sommot,7Networks_RH_SomMot,somatomotor,somatomotor,R,284.0,74.76544279250167,1299.0,-7.952841653723725e-06,Q40,37.114999999999995,37.08461538461538,0.3387836462616801,52
242,7Networks_RH_SomMot_12,7networks_rh_sommot,7Networks_RH_SomMot,somatomotor,somatomotor,R,281.0,72.60778280542992,70501.0,-7.952841653723725e-06,Q40,37.114999999999995,37.08461538461538,0.3387836462616801,52
243,7Networks_RH_SomMot_13,7networks_rh_sommot,7Networks_RH_SomMot,somatomotor,somatomotor,R,93.0,2.862958721950319,188402.0,-7.952841653723725e-06,Q40,37.114999999999995,37.08461538461538,0.3387836462616801,52
244,7Networks_RH_SomMot_14,7networks_rh_sommot,7Networks_RH_SomMot,somatomotor,somatomotor,R,203.0,44.887213962508106,166552.0,-7.952841653723725e-06,Q40,37.114999999999995,37.08461538461538,0.3387836462616801,52
245,7Networks_RH_SomMot_15,7networks_rh_sommot,7Networks_RH_SomMot,somatomotor,somatomotor,R,252.0,68.24919937205652,91331.0,-7.952841653723725e-06,Q40,37.114999999999995,37.08461538461538,0.3387836462616801,52
246,7Networks_RH_SomMot_16,7networks_rh_sommot,7Networks_RH_SomMot,somatomotor,somatomotor,R,310.0,86.7812355711515,2032.0,-7.952841653723725e-06,Q40,37.114999999999995,37.08461538461538,0.3387836462616801,52
247,7Networks_RH_SomMot_17,7networks_rh_sommot,7Networks_RH_SomMot,somatomotor,somatomotor,R,311.0,85.47510573460147,15186.0,-7.952841653723725e-06,Q40,37.114999999999995,37.08461538461538,0.3387836462616801,52
248,7Networks_RH_SomMot_18,7networks_rh_sommot,7Networks_RH_SomMot,somatomotor,somatomotor,R,355.0,105.6994293101856,0.0,-7.952841653723725e-06,Q40,37.114999999999995,37.08461538461538,0.3387836462616801,52
249,7Networks_RH_SomMot_19,7networks_rh_sommot,7Networks_RH_SomMot,somatomotor,somatomotor,R,280.0,77.94511773940343,4359.0,-7.952841653723725e-06,Q40,37.114999999999995,37.08461538461538,0.3387836462616801,52
250,7Networks_RH_SomMot_20,7networks_rh_sommot,7Networks_RH_SomMot,somatomotor,somatomotor,R,259.0,66.80596915689351,141058.0,-7.952841653723725e-06,Q40,37.114999999999995,37.08461538461538,0.3387836462616801,52
251,7Networks_RH_SomMot_21,7networks_rh_sommot,7Networks_RH_SomMot,somatomotor,somatomotor,R,257.0,67.70168621294678,74009.0,-7.952841653723725e-06,Q40,37.114999999999995,37.08461538461538,0.3387836462616801,52
252,7Networks_RH_SomMot_22,7networks_rh_sommot,7Networks_RH_SomMot,somatomotor,somatomotor,R,356.0,102.85559516114128,0.0,-7.952841653723725e-06,Q40,37.114999999999995,37.08461538461538,0.3387836462616801,52
253,7Networks_RH_SomMot_23,7networks_rh_sommot,7Networks_RH_SomMot,somatomotor,somatomotor,R,185.0,37.21881060116354,138258.0,-7.952841653723725e-06,Q40,37.114999999999995,37.08461538461538,0.3387836462616801,52
254,7Networks_RH_SomMot_24,7networks_rh_sommot,7Networks_RH_SomMot,somatomotor,somatomotor,R,307.0,87.73479915042932,5743.0,-7.952841653723725e-06,Q40,37.114999999999995,37.08461538461538,0.3387836462616801,52
255,7Networks_RH_SomMot_25,7networks_rh_sommot,7Networks_RH_SomMot,somatomotor,somatomotor,R,266.0,72.92401883830456,35396.0,-7.952841653723725e-06,Q40,37.114999999999995,37.08461538461538,0.3387836462616801,52
256,7Networks_RH_SomMot_26,7networks_rh_sommot,7Networks_RH_SomMot,somatomotor,somatomotor,R,251.0,67.0701320528211,69995.0,-7.952841653723725e-06,Q40,37.114999999999995,37.08461538461538,0.3387836462616801,52
257,7Networks_RH_SomMot_27,7networks_rh_sommot,7Networks_RH_SomMot,somatomotor,somatomotor,R,251.0,63.38812817434666,129126.0,-7.952841653723725e-06,Q40,37.114999999999995,37.08461538461538,0.3387836462616801,52
258,7Networks_RH_SomMot_28,7networks_rh_sommot,7Networks_RH_SomMot,somatomotor,somatomotor,R,288.0,72.17464216455822,63535.0,-7.952841653723725e-06,Q40,37.114999999999995,37.08461538461538,0.3387836462616801,52
259,7Networks_RH_SomMot_29,7networks_rh_sommot,7Networks_RH_SomMot,somatomotor,somatomotor,R,207.0,47.32671714839787,89863.0,-7.952841653723725e-06,Q40,37.114999999999995,37.08461538461538,0.3387836462616801,52
260,7Networks_RH_SomMot_30,7networks_rh_sommot,7Networks_RH_SomMot,somatomotor,somatomotor,R,297.0,83.3587459599224,13685.5,-7.952841653723725e-06,Q40,37.114999999999995,37.08461538461538,0.3387836462616801,52
261,7Networks_RH_SomMot_31,7networks_rh_sommot,7Networks_RH_SomMot,somatomotor,somatomotor,R,223.0,58.25756764244163,64672.0,-7.952841653723725e-06,Q40,37.114999999999995,37.08461538461538,0.3387836462616801,52
262,7Networks_RH_SomMot_32,7networks_rh_sommot,7Networks_RH_SomMot,somatomotor,somatomotor,R,203.0,45.144209068242645,146554.0,-7.952841653723725e-06,Q40,37.114999999999995,37.08461538461538,0.3387836462616801,52
263,7Networks_RH_SomMot_33,7networks_rh_sommot,7Networks_RH_SomMot,somatomotor,somatomotor,R,302.0,85.13136208329489,489.0,-7.952841653723725e-06,Q40,37.114999999999995,37.08461538461538,0.3387836462616801,52
264,7Networks_RH_SomMot_34,7networks_rh_sommot,7Networks_RH_SomMot,somatomotor,somatomotor,R,236.0,56.63165758611138,114989.0,-7.952841653723725e-06,Q40,37.114999999999995,37.08461538461538,0.3387836462616801,52
265,7Networks_RH_SomMot_35,7networks_rh_sommot,7Networks_RH_SomMot,somatomotor,somatomotor,R,193.0,41.68961122910705,197044.0,-7.952841653723725e-06,Q40,37.114999999999995,37.08461538461538,0.3387836462616801,52
266,7Networks_RH_SomMot_36,7networks_rh_sommot,7Networks_RH_SomMot,somatomotor,somatomotor,R,288.0,76.8186406870441,170352.0,-7.952841653723725e-06,Q40,37.114999999999995,37.08461538461538,0.3387836462616801,52
267,7Networks_RH_SomMot_37,7networks_rh_sommot,7Networks_RH_SomMot,somatomotor,somatomotor,R,200.0,46.1025542524702,188925.0,-7.952841653723725e-06,Q40,37.114999999999995,37.08461538461538,0.3387836462616801,52
268,7Networks_RH_SomMot_38,7networks_rh_sommot,7Networks_RH_SomMot,somatomotor,somatomotor,R,187.0,45.6787034813925,105517.0,-7.952841653723725e-06,Q40,37.114999999999995,37.08461538461538,0.3387836462616801,52
269,7Networks_RH_SomMot_39,7networks_rh_sommot,7Networks_RH_SomMot,somatomotor,somatomotor,R,230.0,56.50415735524975,148165.0,-7.952841653723725e-06,Q40,37.114999999999995,37.08461538461538,0.3387836462616801,52
270,7Networks_RH_SomMot_40,7networks_rh_sommot,7Networks_RH_SomMot,somatomotor,somatomotor,R,186.0,39.85441869055318,119468.0,-7.952841653723725e-06,Q40,37.114999999999995,37.08461538461538,0.3387836462616801,52
271,7Networks_RH_DorsAttn_Post_1,7networks_rh_dorsattn_post,7Networks_RH_DorsAttn_Post,dorsal attention,posterior,R,179.0,39.5283756579555,152761.0,-7.952841653723725e-06,Q40,37.114999999999995,37.08461538461538,0.3387836462616801,52
272,7Networks_RH_DorsAttn_Post_2,7networks_rh_dorsattn_post,7Networks_RH_DorsAttn_Post,dorsal attention,posterior,R,209.0,47.272808200203194,144966.0,-7.952841653723725e-06,Q40,37.114999999999995,37.08461538461538,0.3387836462616801,52
273,7Networks_RH_DorsAttn_Post_3,7networks_rh_dorsattn_post,7Networks_RH_DorsAttn_Post,dorsal attention,posterior,R,225.0,59.19903776895378,88424.0,-7.952841653723725e-06,Q40,37.114999999999995,37.08461538461538,0.3387836462616801,52
274,7Networks_RH_DorsAttn_Post_4,7networks_rh_dorsattn_post,7Networks_RH_DorsAttn_Post,dorsal attention,posterior,R,223.0,58.07542155323667,82882.0,-7.952841653723725e-06,Q40,37.114999999999995,37.08461538461538,0.3387836462616801,52
275,7Networks_RH_DorsAttn_Post_5,7networks_rh_dorsattn_post,7Networks_RH_DorsAttn_Post,dorsal attention,posterior,R,168.0,33.200908671160775,185498.0,-7.952841653723725e-06,Q40,37.114999999999995,37.08461538461538,0.3387836462616801,52
276,7Networks_RH_DorsAttn_Post_6,7networks_rh_dorsattn_post,7Networks_RH_DorsAttn_Post,dorsal attention,posterior,R,325.0,87.9699492104534,40203.0,-7.952841653723725e-06,Q40,37.114999999999995,37.08461538461538,0.3387836462616801,52
277,7Networks_RH_DorsAttn_Post_7,7networks_rh_dorsattn_post,7Networks_RH_DorsAttn_Post,dorsal attention,posterior,R,240.0,57.144833317942556,124795.0,-7.952841653723725e-06,Q40,37.114999999999995,37.08461538461538,0.3387836462616801,52
278,7Networks_RH_DorsAttn_Post_8,7networks_rh_dorsattn_post,7Networks_RH_DorsAttn_Post,dorsal attention,posterior,R,220.0,54.609710961307606,121957.0,-7.952841653723725e-06,Q40,37.114999999999995,37.08461538461538,0.3387836462616801,52
279,7Networks_RH_DorsAttn_Post_9,7networks_rh_dorsattn_post,7Networks_RH_DorsAttn_Post,dorsal attention,posterior,R,259.0,65.1864807461446,53786.5,-7.952841653723725e-06,Q40,37.114999999999995,37.08461538461538,0.3387836462616801,52
280,7Networks_RH_DorsAttn_Post_10,7networks_rh_dorsattn_post,7Networks_RH_DorsAttn_Post,dorsal attention,posterior,R,79.0,0.9632911626188914,169549.0,-7.952841653723725e-06,Q40,37.114999999999995,37.08461538461538,0.3387836462616801,52
281,7Networks_RH_DorsAttn_Post_11,7networks_rh_dorsattn_post,7Networks_RH_DorsAttn_Post,dorsal attention,posterior,R,259.0,62.292702927324754,46516.0,-7.952841653723725e-06,Q40,37.114999999999995,37.08461538461538,0.3387836462616801,52
282,7Networks_RH_DorsAttn_Post_12,7networks_rh_dorsattn_post,7Networks_RH_DorsAttn_Post,dorsal attention,posterior,R,142.0,28.32099732200572,147552.0,-7.952841653723725e-06,Q40,37.114999999999995,37.08461538461538,0.3387836462616801,52
283,7Networks_RH_DorsAttn_Post_13,7networks_rh_dorsattn_post,7Networks_RH_DorsAttn_Post,dorsal attention,posterior,R,348.0,97.87698587127156,609.0,-7.952841653723725e-06,Q40,37.114999999999995,37.08461538461538,0.3387836462616801,52
284,7Networks_RH_DorsAttn_Post_14,7networks_rh_dorsattn_post,7Networks_RH_DorsAttn_Post,dorsal attention,posterior,R,318.0,90.35588512328012,1.0,-7.952841653723725e-06,Q40,37.114999999999995,37.08461538461538,0.3387836462616801,52
285,7Networks_RH_DorsAttn_Post_15,7networks_rh_dorsattn_post,7Networks_RH_DorsAttn_Post,dorsal attention,posterior,R,180.0,38.57818819835629,150702.0,-7.952841653723725e-06,Q40,37.114999999999995,37.08461538461538,0.3387836462616801,52
286,7Networks_RH_DorsAttn_Post_16,7networks_rh_dorsattn_post,7Networks_RH_DorsAttn_Post,dorsal attention,posterior,R,305.0,82.3034185982086,169544.0,-7.952841653723725e-06,Q40,37.114999999999995,37.08461538461538,0.3387836462616801,52
287,7Networks_RH_DorsAttn_Post_17,7networks_rh_dorsattn_post,7Networks_RH_DorsAttn_Post,dorsal attention,posterior,R,310.0,85.18680579924283,24846.0,-7.952841653723725e-06,Q40,37.114999999999995,37.08461538461538,0.3387836462616801,52
288,7Networks_RH_DorsAttn_Post_18,7networks_rh_dorsattn_post,7Networks_RH_DorsAttn_Post,dorsal attention,posterior,R,159.0,27.45687505771539,180610.0,-7.952841653723725e-06,Q40,37.114999999999995,37.08461538461538,0.3387836462616801,52
289,7Networks_RH_DorsAttn_Post_19,7networks_rh_dorsattn_post,7Networks_RH_DorsAttn_Post,dorsal attention,posterior,R,243.0,60.37437805891587,51140.0,-7.952841653723725e-06,Q40,37.114999999999995,37.08461538461538,0.3387836462616801,52
290,7Networks_RH_DorsAttn_FEF_1,7networks_rh_dorsattn_fef,7Networks_RH_DorsAttn_FEF,dorsal attention,frontal eye fields,R,258.0,66.94984393757505,88277.0,-7.952841653723725e-06,Q40,37.114999999999995,37.08461538461538,0.3387836462616801,52
291,7Networks_RH_DorsAttn_FEF_2,7networks_rh_dorsattn_fef,7Networks_RH_DorsAttn_FEF,dorsal attention,frontal eye fields,R,256.0,63.32187090220706,123757.0,-7.952841653723725e-06,Q40,37.114999999999995,37.08461538461538,0.3387836462616801,52
292,7Networks_RH_DorsAttn_FEF_3,7networks_rh_dorsattn_fef,7Networks_RH_DorsAttn_FEF,dorsal attention,frontal eye fields,R,200.0,47.830898513251455,68504.0,-7.952841653723725e-06,Q40,37.114999999999995,37.08461538461538,0.3387836462616801,52
293,7Networks_RH_DorsAttn_PrCv_1,7networks_rh_dorsattn_prcv,7Networks_RH_DorsAttn_PrCv,dorsal attention,precentral ventral,R,284.0,76.46889832856213,20502.0,-7.952841653723725e-06,Q40,37.114999999999995,37.08461538461538,0.3387836462616801,52
294,7Networks_RH_SalVentAttn_TempOccPar_1,7networks_rh_salventattn_tempoccpar,7Networks_RH_SalVentAttn_TempOccPar,salience / ventral attention,temporal occipital parietal,R,172.0,38.885391079508686,138165.0,-7.952841653723725e-06,Q40,37.114999999999995,37.08461538461538,0.3387836462616801,52
295,7Networks_RH_SalVentAttn_TempOccPar_2,7networks_rh_salventattn_tempoccpar,7Networks_RH_SalVentAttn_TempOccPar,salience / ventral attention,temporal occipital parietal,R,264.0,77.78349432080532,74950.0,-7.952841653723725e-06,Q40,37.114999999999995,37.08461538461538,0.3387836462616801,52
296,7Networks_RH_SalVentAttn_TempOccPar_3,7networks_rh_salventattn_tempoccpar,7Networks_RH_SalVentAttn_TempOccPar,salience / ventral attention,temporal occipital parietal,R,167.0,31.710615938683137,186685.0,-7.952841653723725e-06,Q40,37.114999999999995,37.08461538461538,0.3387836462616801,52
297,7Networks_RH_SalVentAttn_TempOccPar_4,7networks_rh_salventattn_tempoccpar,7Networks_RH_SalVentAttn_TempOccPar,salience / ventral attention,temporal occipital parietal,R,116.0,18.056134453781507,162824.0,-7.952841653723725e-06,Q40,37.114999999999995,37.08461538461538,0.3387836462616801,52
298,7Networks_RH_SalVentAttn_TempOccPar_5,7networks_rh_salventattn_tempoccpar,7Networks_RH_SalVentAttn_TempOccPar,salience / ventral attention,temporal occipital parietal,R,225.0,53.076828885400296,186122.0,-7.952841653723725e-06,Q40,37.114999999999995,37.08461538461538,0.3387836462616801,52
299,7Networks_RH_SalVentAttn_TempOccPar_6,7networks_rh_salventattn_tempoccpar,7Networks_RH_SalVentAttn_TempOccPar,salience / ventral attention,temporal occipital parietal,R,198.0,38.41116077200108,96589.0,-7.952841653723725e-06,Q40,37.114999999999995,37.08461538461538,0.3387836462616801,52
300,7Networks_RH_SalVentAttn_TempOccPar_7,7networks_rh_salventattn_tempoccpar,7Networks_RH_SalVentAttn_TempOccPar,salience / ventral attention,temporal occipital parietal,R,225.0,52.831594791762875,149465.0,-7.952841653723725e-06,Q40,37.114999999999995,37.08461538461538,0.3387836462616801,52
301,7Networks_RH_SalVentAttn_PrC_1,7networks_rh_salventattn_prc,7Networks_RH_SalVentAttn_PrC,salience / ventral attention,precentral,R,319.0,88.25223566349615,32425.0,-7.952841653723725e-06,Q40,37.114999999999995,37.08461538461538,0.3387836462616801,52
302,7Networks_RH_SalVentAttn_FrOperIns_1,7networks_rh_salventattn_froperins,7Networks_RH_SalVentAttn_FrOperIns,salience / ventral attention,frontal operculum insula,R,195.0,46.744188752424044,128387.0,-7.952841653723725e-06,Q40,37.114999999999995,37.08461538461538,0.3387836462616801,52
303,7Networks_RH_SalVentAttn_FrOperIns_2,7networks_rh_salventattn_froperins,7Networks_RH_SalVentAttn_FrOperIns,salience / ventral attention,frontal operculum insula,R,301.0,82.4962877458677,34968.0,-7.952841653723725e-06,Q40,37.114999999999995,37.08461538461538,0.3387836462616801,52
304,7Networks_RH_SalVentAttn_FrOperIns_3,7networks_rh_salventattn_froperins,7Networks_RH_SalVentAttn_FrOperIns,salience / ventral attention,frontal operculum insula,R,283.0,84.08637916705149,8482.0,-7.952841653723725e-06,Q40,37.114999999999995,37.08461538461538,0.3387836462616801,52
305,7Networks_RH_SalVentAttn_FrOperIns_4,7networks_rh_salventattn_froperins,7Networks_RH_SalVentAttn_FrOperIns,salience / ventral attention,frontal operculum insula,R,265.0,69.38071844122263,147227.0,-7.952841653723725e-06,Q40,37.114999999999995,37.08461538461538,0.3387836462616801,52
306,7Networks_RH_SalVentAttn_FrOperIns_5,7networks_rh_salventattn_froperins,7Networks_RH_SalVentAttn_FrOperIns,salience / ventral attention,frontal operculum insula,R,264.0,68.62854003139718,95512.0,-7.952841653723725e-06,Q40,37.114999999999995,37.08461538461538,0.3387836462616801,52
307,7Networks_RH_SalVentAttn_FrOperIns_6,7networks_rh_salventattn_froperins,7Networks_RH_SalVentAttn_FrOperIns,salience / ventral attention,frontal operculum insula,R,202.0,47.173094468556634,167361.0,-7.952841653723725e-06,Q40,37.114999999999995,37.08461538461538,0.3387836462616801,52
308,7Networks_RH_SalVentAttn_FrOperIns_7,7networks_rh_salventattn_froperins,7Networks_RH_SalVentAttn_FrOperIns,salience / ventral attention,frontal operculum insula,R,303.0,91.17233354880418,24804.0,-7.952841653723725e-06,Q40,37.114999999999995,37.08461538461538,0.3387836462616801,52
309,7Networks_RH_SalVentAttn_FrOperIns_8,7networks_rh_salventattn_froperins,7Networks_RH_SalVentAttn_FrOperIns,salience / ventral attention,frontal operculum insula,R,275.0,71.10487210268718,54872.0,-7.952841653723725e-06,Q40,37.114999999999995,37.08461538461538,0.3387836462616801,52
310,7Networks_RH_SalVentAttn_PFCl_1,7networks_rh_salventattn_pfcl,7Networks_RH_SalVentAttn_PFCl,salience / ventral attention,lateral prefrontal cortex,R,289.0,77.25224859174443,3060.0,-7.952841653723725e-06,Q40,37.114999999999995,37.08461538461538,0.3387836462616801,52
311,7Networks_RH_SalVentAttn_Med_1,7networks_rh_salventattn_med,7Networks_RH_SalVentAttn_Med,salience / ventral attention,medial,R,234.0,58.26246190784006,59589.0,-7.952841653723725e-06,Q40,37.114999999999995,37.08461538461538,0.3387836462616801,52
312,7Networks_RH_SalVentAttn_Med_2,7networks_rh_salventattn_med,7Networks_RH_SalVentAttn_Med,salience / ventral attention,medial,R,243.0,55.60290885584997,99466.0,-7.952841653723725e-06,Q40,37.114999999999995,37.08461538461538,0.3387836462616801,52
313,7Networks_RH_SalVentAttn_Med_3,7networks_rh_salventattn_med,7Networks_RH_SalVentAttn_Med,salience / ventral attention,medial,R,213.0,51.15621756394861,63423.0,-7.952841653723725e-06,Q40,37.114999999999995,37.08461538461538,0.3387836462616801,52
314,7Networks_RH_SalVentAttn_Med_4,7networks_rh_salventattn_med,7Networks_RH_SalVentAttn_Med,salience / ventral attention,medial,R,188.0,44.140594699418244,110562.0,-7.952841653723725e-06,Q40,37.114999999999995,37.08461538461538,0.3387836462616801,52
315,7Networks_RH_SalVentAttn_Med_5,7networks_rh_salventattn_med,7Networks_RH_SalVentAttn_Med,salience / ventral attention,medial,R,171.0,37.095750300120066,141799.0,-7.952841653723725e-06,Q40,37.114999999999995,37.08461538461538,0.3387836462616801,52
316,7Networks_RH_SalVentAttn_Med_6,7networks_rh_salventattn_med,7Networks_RH_SalVentAttn_Med,salience / ventral attention,medial,R,236.0,55.204901652968864,100546.0,-7.952841653723725e-06,Q40,37.114999999999995,37.08461538461538,0.3387836462616801,52
317,7Networks_RH_SalVentAttn_Med_7,7networks_rh_salventattn_med,7Networks_RH_SalVentAttn_Med,salience / ventral attention,medial,R,329.0,96.51670883738102,134.0,-7.952841653723725e-06,Q40,37.114999999999995,37.08461538461538,0.3387836462616801,52
318,7Networks_RH_SalVentAttn_Med_8,7networks_rh_salventattn_med,7Networks_RH_SalVentAttn_Med,salience / ventral attention,medial,R,240.0,61.88006279434846,93976.0,-7.952841653723725e-06,Q40,37.114999999999995,37.08461538461538,0.3387836462616801,52
319,7Networks_RH_Limbic_OFC_1,7networks_rh_limbic_ofc,7Networks_RH_Limbic_OFC,limbic,orbital frontal cortex,R,251.0,68.37384800073873,53554.0,-7.952841653723725e-06,Q40,37.114999999999995,37.08461538461538,0.3387836462616801,52
320,7Networks_RH_Limbic_OFC_2,7networks_rh_limbic_ofc,7Networks_RH_Limbic_OFC,limbic,orbital frontal cortex,R,256.0,60.34225690276112,59188.0,-7.952841653723725e-06,Q40,37.114999999999995,37.08461538461538,0.3387836462616801,52
321,7Networks_RH_Limbic_OFC_3,7networks_rh_limbic_ofc,7Networks_RH_Limbic_OFC,limbic,orbital frontal cortex,R,265.0,69.85075076184324,53326.0,-7.952841653723725e-06,Q40,37.114999999999995,37.08461538461538,0.3387836462616801,52
322,7Networks_RH_Limbic_OFC_4,7networks_rh_limbic_ofc,7Networks_RH_Limbic_OFC,limbic,orbital frontal cortex,R,263.0,63.862858989749775,68026.0,-7.952841653723725e-06,Q40,37.114999999999995,37.08461538461538,0.3387836462616801,52
323,7Networks_RH_Limbic_OFC_5,7networks_rh_limbic_ofc,7Networks_RH_Limbic_OFC,limbic,orbital frontal cortex,R,279.0,77.64142764798223,29101.0,-7.952841653723725e-06,Q40,37.114999999999995,37.08461538461538,0.3387836462616801,52
324,7Networks_RH_Limbic_OFC_6,7networks_rh_limbic_ofc,7Networks_RH_Limbic_OFC,limbic,orbital frontal cortex,R,275.0,70.3193166497368,128073.0,-7.952841653723725e-06,Q40,37.114999999999995,37.08461538461538,0.3387836462616801,52
325,7Networks_RH_Limbic_TempPole_1,7networks_rh_limbic_temppole,7Networks_RH_Limbic_TempPole,limbic,temporal pole,R,76.0,-3.0332920860651895,195903.0,-7.952841653723725e-06,Q40,37.114999999999995,37.08461538461538,0.3387836462616801,52
326,7Networks_RH_Limbic_TempPole_2,7networks_rh_limbic_temppole,7Networks_RH_Limbic_TempPole,limbic,temporal pole,R,101.0,11.418672084218304,160992.0,-7.952841653723725e-06,Q40,37.114999999999995,37.08461538461538,0.3387836462616801,52
327,7Networks_RH_Limbic_TempPole_3,7networks_rh_limbic_temppole,7Networks_RH_Limbic_TempPole,limbic,temporal pole,R,293.0,74.8965850955768,186908.0,-7.952841653723725e-06,Q40,37.114999999999995,37.08461538461538,0.3387836462616801,52
328,7Networks_RH_Limbic_TempPole_4,7networks_rh_limbic_temppole,7Networks_RH_Limbic_TempPole,limbic,temporal pole,R,41.0,-29.62529873487856,198060.0,-7.952841653723725e-06,Q40,37.114999999999995,37.08461538461538,0.3387836462616801,52
329,7Networks_RH_Limbic_TempPole_5,7networks_rh_limbic_temppole,7Networks_RH_Limbic_TempPole,limbic,temporal pole,R,246.0,61.14040631637268,51985.0,-7.952841653723725e-06,Q40,37.114999999999995,37.08461538461538,0.3387836462616801,52
330,7Networks_RH_Limbic_TempPole_6,7networks_rh_limbic_temppole,7Networks_RH_Limbic_TempPole,limbic,temporal pole,R,135.0,18.490577153938506,196520.0,-7.952841653723725e-06,Q40,37.114999999999995,37.08461538461538,0.3387836462616801,52
331,7Networks_RH_Limbic_TempPole_7,7networks_rh_limbic_temppole,7Networks_RH_Limbic_TempPole,limbic,temporal pole,R,175.0,35.56029919660172,180708.0,-7.952841653723725e-06,Q40,37.114999999999995,37.08461538461538,0.3387836462616801,52
332,7Networks_RH_Cont_Par_1,7networks_rh_cont_par,7Networks_RH_Cont_Par,control,parietal,R,214.0,48.917737556561086,171905.0,-7.952841653723725e-06,Q40,37.114999999999995,37.08461538461538,0.3387836462616801,52
333,7Networks_RH_Cont_Par_2,7networks_rh_cont_par,7Networks_RH_Cont_Par,control,parietal,R,209.0,49.07876073506327,110450.0,-7.952841653723725e-06,Q40,37.114999999999995,37.08461538461538,0.3387836462616801,52
334,7Networks_RH_Cont_Par_3,7networks_rh_cont_par,7Networks_RH_Cont_Par,control,parietal,R,315.0,86.21588512328013,2736.0,-7.952841653723725e-06,Q40,37.114999999999995,37.08461538461538,0.3387836462616801,52
335,7Networks_RH_Cont_Par_4,7networks_rh_cont_par,7Networks_RH_Cont_Par,control,parietal,R,207.0,42.56918275002304,138746.0,-7.952841653723725e-06,Q40,37.114999999999995,37.08461538461538,0.3387836462616801,52
336,7Networks_RH_Cont_Par_5,7networks_rh_cont_par,7Networks_RH_Cont_Par,control,parietal,R,130.0,20.501058269461627,129500.0,-7.952841653723725e-06,Q40,37.114999999999995,37.08461538461538,0.3387836462616801,52
337,7Networks_RH_Cont_Par_6,7networks_rh_cont_par,7Networks_RH_Cont_Par,control,parietal,R,208.0,43.36247852987349,110130.0,-7.952841653723725e-06,Q40,37.114999999999995,37.08461538461538,0.3387836462616801,52
338,7Networks_RH_Cont_Temp_1,7networks_rh_cont_temp,7Networks_RH_Cont_Temp,control,temporal,R,265.0,69.25344537815117,12596.0,-7.952841653723725e-06,Q40,37.114999999999995,37.08461538461538,0.3387836462616801,52
339,7Networks_RH_Cont_Temp_2,7networks_rh_cont_temp,7Networks_RH_Cont_Temp,control,temporal,R,164.0,33.32921045341215,173411.0,-7.952841653723725e-06,Q40,37.114999999999995,37.08461538461538,0.3387836462616801,52
340,7Networks_RH_Cont_PFCv_1,7networks_rh_cont_pfcv,7Networks_RH_Cont_PFCv,control,ventral prefrontal cortex,R,126.0,19.130970542062986,150471.0,-7.952841653723725e-06,Q40,37.114999999999995,37.08461538461538,0.3387836462616801,52
341,7Networks_RH_Cont_PFCl_1,7networks_rh_cont_pfcl,7Networks_RH_Cont_PFCl,control,lateral prefrontal cortex,R,202.0,48.72845507433744,93660.0,-7.952841653723725e-06,Q40,37.114999999999995,37.08461538461538,0.3387836462616801,52
342,7Networks_RH_Cont_PFCl_2,7networks_rh_cont_pfcl,7Networks_RH_Cont_PFCl,control,lateral prefrontal cortex,R,141.0,17.82926586019023,187360.0,-7.952841653723725e-06,Q40,37.114999999999995,37.08461538461538,0.3387836462616801,52
343,7Networks_RH_Cont_PFCl_3,7networks_rh_cont_pfcl,7Networks_RH_Cont_PFCl,control,lateral prefrontal cortex,R,226.0,55.00735063256075,124742.0,-7.952841653723725e-06,Q40,37.114999999999995,37.08461538461538,0.3387836462616801,52
344,7Networks_RH_Cont_PFCl_4,7networks_rh_cont_pfcl,7Networks_RH_Cont_PFCl,control,lateral prefrontal cortex,R,208.0,50.23640594699422,110632.0,-7.952841653723725e-06,Q40,37.114999999999995,37.08461538461538,0.3387836462616801,52
345,7Networks_RH_Cont_PFCl_5,7networks_rh_cont_pfcl,7Networks_RH_Cont_PFCl,control,lateral prefrontal cortex,R,214.0,50.503012281835865,119331.0,-7.952841653723725e-06,Q40,37.114999999999995,37.08461538461538,0.3387836462616801,52
346,7Networks_RH_Cont_PFCl_6,7networks_rh_cont_pfcl,7Networks_RH_Cont_PFCl,control,lateral prefrontal cortex,R,240.0,57.31486009788532,139975.0,-7.952841653723725e-06,Q40,37.114999999999995,37.08461538461538,0.3387836462616801,52
347,7Networks_RH_Cont_PFCl_7,7networks_rh_cont_pfcl,7Networks_RH_Cont_PFCl,control,lateral prefrontal cortex,R,175.0,38.985114045618225,113665.0,-7.952841653723725e-06,Q40,37.114999999999995,37.08461538461538,0.3387836462616801,52
348,7Networks_RH_Cont_PFCl_8,7networks_rh_cont_pfcl,7Networks_RH_Cont_PFCl,control,lateral prefrontal cortex,R,288.0,76.19221165389233,160544.0,-7.952841653723725e-06,Q40,37.114999999999995,37.08461538461538,0.3387836462616801,52
349,7Networks_RH_Cont_PFCl_9,7networks_rh_cont_pfcl,7Networks_RH_Cont_PFCl,control,lateral prefrontal cortex,R,204.0,42.043355803860024,103698.0,-7.952841653723725e-06,Q40,37.114999999999995,37.08461538461538,0.3387836462616801,52
350,7Networks_RH_Cont_PFCl_10,7networks_rh_cont_pfcl,7Networks_RH_Cont_PFCl,control,lateral prefrontal cortex,R,271.0,71.55613445378148,130538.0,-7.952841653723725e-06,Q40,37.114999999999995,37.08461538461538,0.3387836462616801,52
351,7Networks_RH_Cont_PFCl_11,7networks_rh_cont_pfcl,7Networks_RH_Cont_PFCl,control,lateral prefrontal cortex,R,257.0,65.46099916889828,165371.0,-7.952841653723725e-06,Q40,37.114999999999995,37.08461538461538,0.3387836462616801,52
352,7Networks_RH_Cont_PFCl_12,7networks_rh_cont_pfcl,7Networks_RH_Cont_PFCl,control,lateral prefrontal cortex,R,212.0,50.14584910887433,166330.0,-7.952841653723725e-06,Q40,37.114999999999995,37.08461538461538,0.3387836462616801,52
353,7Networks_RH_Cont_PFCl_13,7networks_rh_cont_pfcl,7Networks_RH_Cont_PFCl,control,lateral prefrontal cortex,R,191.0,42.50217194570136,136247.0,-7.952841653723725e-06,Q40,37.114999999999995,37.08461538461538,0.3387836462616801,52
354,7Networks_RH_Cont_PFCl_14,7networks_rh_cont_pfcl,7Networks_RH_Cont_PFCl,control,lateral prefrontal cortex,R,240.0,55.69400868039519,131151.0,-7.952841653723725e-06,Q40,37.114999999999995,37.08461538461538,0.3387836462616801,52
355,7Networks_RH_Cont_PFCl_15,7networks_rh_cont_pfcl,7Networks_RH_Cont_PFCl,control,lateral prefrontal cortex,R,170.0,38.293142487764314,115970.0,-7.952841653723725e-06,Q40,37.114999999999995,37.08461538461538,0.3387836462616801,52
356,7Networks_RH_Cont_pCun_1,7networks_rh_cont_pcun,7Networks_RH_Cont_pCun,control,precuneus,R,209.0,51.44412780496812,170846.0,-7.952841653723725e-06,Q40,37.114999999999995,37.08461538461538,0.3387836462616801,52
357,7Networks_RH_Cont_pCun_2,7networks_rh_cont_pcun,7Networks_RH_Cont_pCun,control,precuneus,R,181.0,39.62805614553512,171862.0,-7.952841653723725e-06,Q40,37.114999999999995,37.08461538461538,0.3387836462616801,52
358,7Networks_RH_Cont_Cing_1,7networks_rh_cont_cing,7Networks_RH_Cont_Cing,control,cingulate,R,214.0,46.16126142764798,159885.0,-7.952841653723725e-06,Q40,37.114999999999995,37.08461538461538,0.3387836462616801,52
359,7Networks_RH_Cont_Cing_2,7networks_rh_cont_cing,7Networks_RH_Cont_Cing,control,cingulate,R,211.0,50.42616308061685,144894.0,-7.952841653723725e-06,Q40,37.114999999999995,37.08461538461538,0.3387836462616801,52
360,7Networks_RH_Cont_PFCmp_1,7networks_rh_cont_pfcmp,7Networks_RH_Cont_PFCmp,control,medial posterior prefrontal cortex,R,213.0,49.368117092991056,80161.0,-7.952841653723725e-06,Q40,37.114999999999995,37.08461538461538,0.3387836462616801,52
361,7Networks_RH_Cont_PFCmp_2,7networks_rh_cont_pfcmp,7Networks_RH_Cont_PFCmp,control,medial posterior prefrontal cortex,R,320.0,83.6700193923723,18.0,-7.952841653723725e-06,Q40,37.114999999999995,37.08461538461538,0.3387836462616801,52
362,7Networks_RH_Default_Par_1,7networks_rh_default_par,7Networks_RH_Default_Par,default,parietal,R,227.0,55.21528673007667,151221.0,-7.952841653723725e-06,Q40,37.114999999999995,37.08461538461538,0.3387836462616801,52
363,7Networks_RH_Default_Par_2,7networks_rh_default_par,7Networks_RH_Default_Par,default,parietal,R,232.0,61.77028903869243,169761.0,-7.952841653723725e-06,Q40,37.114999999999995,37.08461538461538,0.3387836462616801,52
364,7Networks_RH_Default_Par_3,7networks_rh_default_par,7Networks_RH_Default_Par,default,parietal,R,245.0,67.21424692954096,103423.0,-7.952841653723725e-06,Q40,37.114999999999995,37.08461538461538,0.3387836462616801,52
365,7Networks_RH_Default_Par_4,7networks_rh_default_par,7Networks_RH_Default_Par,default,parietal,R,274.0,71.52362914396531,38763.0,-7.952841653723725e-06,Q40,37.114999999999995,37.08461538461538,0.3387836462616801,52
366,7Networks_RH_Default_Par_5,7networks_rh_default_par,7Networks_RH_Default_Par,default,parietal,R,297.0,83.45411580016618,31135.0,-7.952841653723725e-06,Q40,37.114999999999995,37.08461538461538,0.3387836462616801,52
367,7Networks_RH_Default_Temp_1,7networks_rh_default_temp,7Networks_RH_Default_Temp,default,temporal,R,221.0,57.21649459783914,66864.0,-7.952841653723725e-06,Q40,37.114999999999995,37.08461538461538,0.3387836462616801,52
368,7Networks_RH_Default_Temp_2,7networks_rh_default_temp,7Networks_RH_Default_Temp,default,temporal,R,259.0,62.60463385354144,88094.0,-7.952841653723725e-06,Q40,37.114999999999995,37.08461538461538,0.3387836462616801,52
369,7Networks_RH_Default_Temp_3,7networks_rh_default_temp,7Networks_RH_Default_Temp,default,temporal,R,226.0,55.03570782159016,101793.0,-7.952841653723725e-06,Q40,37.114999999999995,37.08461538461538,0.3387836462616801,52
370,7Networks_RH_Default_Temp_4,7networks_rh_default_temp,7Networks_RH_Default_Temp,default,temporal,R,292.0,78.76297719087631,28780.0,-7.952841653723725e-06,Q40,37.114999999999995,37.08461538461538,0.3387836462616801,52
371,7Networks_RH_Default_Temp_5,7networks_rh_default_temp,7Networks_RH_Default_Temp,default,temporal,R,245.0,60.726672822975345,54209.0,-7.952841653723725e-06,Q40,37.114999999999995,37.08461538461538,0.3387836462616801,52
372,7Networks_RH_Default_Temp_6,7networks_rh_default_temp,7Networks_RH_Default_Temp,default,temporal,R,263.0,68.26955028165109,68436.0,-7.952841653723725e-06,Q40,37.114999999999995,37.08461538461538,0.3387836462616801,52
373,7Networks_RH_Default_Temp_7,7networks_rh_default_temp,7Networks_RH_Default_Temp,default,temporal,R,284.0,78.67980053559891,65274.0,-7.952841653723725e-06,Q40,37.114999999999995,37.08461538461538,0.3387836462616801,52
374,7Networks_RH_Default_Temp_8,7networks_rh_default_temp,7Networks_RH_Default_Temp,default,temporal,R,314.0,94.19628405208233,8.0,-7.952841653723725e-06,Q40,37.114999999999995,37.08461538461538,0.3387836462616801,52
375,7Networks_RH_Default_PFCv_1,7networks_rh_default_pfcv,7Networks_RH_Default_PFCv,default,ventral prefrontal cortex,R,118.0,19.813740880967767,151526.0,-7.952841653723725e-06,Q40,37.114999999999995,37.08461538461538,0.3387836462616801,52
376,7Networks_RH_Default_PFCv_2,7networks_rh_default_pfcv,7Networks_RH_Default_PFCv,default,ventral prefrontal cortex,R,216.0,57.18200757225966,70061.0,-7.952841653723725e-06,Q40,37.114999999999995,37.08461538461538,0.3387836462616801,52
377,7Networks_RH_Default_PFCv_3,7networks_rh_default_pfcv,7Networks_RH_Default_PFCv,default,ventral prefrontal cortex,R,144.0,23.30914765906364,186941.0,-7.952841653723725e-06,Q40,37.114999999999995,37.08461538461538,0.3387836462616801,52
378,7Networks_RH_Default_PFCv_4,7networks_rh_default_pfcv,7Networks_RH_Default_PFCv,default,ventral prefrontal cortex,R,325.0,84.61196786406872,1948.0,-7.952841653723725e-06,Q40,37.114999999999995,37.08461538461538,0.3387836462616801,52
379,7Networks_RH_Default_PFCdPFCm_1,7networks_rh_default_pfcdpfcm,7Networks_RH_Default_PFCdPFCm,default,dorsal prefrontal cortex medial prefrontal cortex,R,309.0,86.74123926493674,101.0,-7.952841653723725e-06,Q40,37.114999999999995,37.08461538461538,0.3387836462616801,52
380,7Networks_RH_Default_PFCdPFCm_2,7networks_rh_default_pfcdpfcm,7Networks_RH_Default_PFCdPFCm,default,dorsal prefrontal cortex medial prefrontal cortex,R,237.0,58.31202511773945,163978.0,-7.952841653723725e-06,Q40,37.114999999999995,37.08461538461538,0.3387836462616801,52
381,7Networks_RH_Default_PFCdPFCm_3,7networks_rh_default_pfcdpfcm,7Networks_RH_Default_PFCdPFCm,default,dorsal prefrontal cortex medial prefrontal cortex,R,257.0,65.24055591467359,46189.0,-7.952841653723725e-06,Q40,37.114999999999995,37.08461538461538,0.3387836462616801,52
382,7Networks_RH_Default_PFCdPFCm_4,7networks_rh_default_pfcdpfcm,7Networks_RH_Default_PFCdPFCm,default,dorsal prefrontal cortex medial prefrontal cortex,R,313.0,88.016876904608,63536.0,-7.952841653723725e-06,Q40,37.114999999999995,37.08461538461538,0.3387836462616801,52
383,7Networks_RH_Default_PFCdPFCm_5,7networks_rh_default_pfcdpfcm,7Networks_RH_Default_PFCdPFCm,default,dorsal prefrontal cortex medial prefrontal cortex,R,303.0,75.36778465232251,1708.0,-7.952841653723725e-06,Q40,37.114999999999995,37.08461538461538,0.3387836462616801,52
384,7Networks_RH_Default_PFCdPFCm_6,7networks_rh_default_pfcdpfcm,7Networks_RH_Default_PFCdPFCm,default,dorsal prefrontal cortex medial prefrontal cortex,R,180.0,34.50651953088925,92894.0,-7.952841653723725e-06,Q40,37.114999999999995,37.08461538461538,0.3387836462616801,52
385,7Networks_RH_Default_PFCdPFCm_7,7networks_rh_default_pfcdpfcm,7Networks_RH_Default_PFCdPFCm,default,dorsal prefrontal cortex medial prefrontal cortex,R,241.0,61.0244879490258,127385.0,-7.952841653723725e-06,Q40,37.114999999999995,37.08461538461538,0.3387836462616801,52
386,7Networks_RH_Default_PFCdPFCm_8,7networks_rh_default_pfcdpfcm,7Networks_RH_Default_PFCdPFCm,default,dorsal prefrontal cortex medial prefrontal cortex,R,324.0,92.28163819373896,14.0,-7.952841653723725e-06,Q40,37.114999999999995,37.08461538461538,0.3387836462616801,52
387,7Networks_RH_Default_PFCdPFCm_9,7networks_rh_default_pfcdpfcm,7Networks_RH_Default_PFCdPFCm,default,dorsal prefrontal cortex medial prefrontal cortex,R,258.0,61.35177763413056,142923.0,-7.952841653723725e-06,Q40,37.114999999999995,37.08461538461538,0.3387836462616801,52
388,7Networks_RH_Default_PFCdPFCm_10,7networks_rh_default_pfcdpfcm,7Networks_RH_Default_PFCdPFCm,default,dorsal prefrontal cortex medial prefrontal cortex,R,241.0,60.93187551943858,38295.0,-7.952841653723725e-06,Q40,37.114999999999995,37.08461538461538,0.3387836462616801,52
389,7Networks_RH_Default_PFCdPFCm_11,7networks_rh_default_pfcdpfcm,7Networks_RH_Default_PFCdPFCm,default,dorsal prefrontal cortex medial prefrontal cortex,R,299.0,80.1486342229199,20231.0,-7.952841653723725e-06,Q40,37.114999999999995,37.08461538461538,0.3387836462616801,52
390,7Networks_RH_Default_PFCdPFCm_12,7networks_rh_default_pfcdpfcm,7Networks_RH_Default_PFCdPFCm,default,dorsal prefrontal cortex medial prefrontal cortex,R,230.0,59.446827961954,127111.0,-7.952841653723725e-06,Q40,37.114999999999995,37.08461538461538,0.3387836462616801,52
391,7Networks_RH_Default_PFCdPFCm_13,7networks_rh_default_pfcdpfcm,7Networks_RH_Default_PFCdPFCm,default,dorsal prefrontal cortex medial prefrontal cortex,R,256.0,60.60541508911255,107335.0,-7.952841653723725e-06,Q40,37.114999999999995,37.08461538461538,0.3387836462616801,52
392,7Networks_RH_Default_pCunPCC_1,7networks_rh_default_pcunpcc,7Networks_RH_Default_pCunPCC,default,precuneus posterior cingulate cortex,R,205.0,54.22958906639576,187135.0,-7.952841653723725e-06,Q40,37.114999999999995,37.08461538461538,0.3387836462616801,52
393,7Networks_RH_Default_pCunPCC_2,7networks_rh_default_pcunpcc,7Networks_RH_Default_pCunPCC,default,precuneus posterior cingulate cortex,R,208.0,46.33492658601905,181458.0,-7.952841653723725e-06,Q40,37.114999999999995,37.08461538461538,0.3387836462616801,52
394,7Networks_RH_Default_pCunPCC_3,7networks_rh_default_pcunpcc,7Networks_RH_Default_pCunPCC,default,precuneus posterior cingulate cortex,R,184.0,40.93238710868965,104096.0,-7.952841653723725e-06,Q40,37.114999999999995,37.08461538461538,0.3387836462616801,52
395,7Networks_RH_Default_pCunPCC_4,7networks_rh_default_pcunpcc,7Networks_RH_Default_pCunPCC,default,precuneus posterior cingulate cortex,R,244.0,56.326083664234915,113414.0,-7.952841653723725e-06,Q40,37.114999999999995,37.08461538461538,0.3387836462616801,52
396,7Networks_RH_Default_pCunPCC_5,7networks_rh_default_pcunpcc,7Networks_RH_Default_pCunPCC,default,precuneus posterior cingulate cortex,R,298.0,85.35733308708097,37355.0,-7.952841653723725e-06,Q40,37.114999999999995,37.08461538461538,0.3387836462616801,52
397,7Networks_RH_Default_pCunPCC_6,7networks_rh_default_pcunpcc,7Networks_RH_Default_pCunPCC,default,precuneus posterior cingulate cortex,R,251.0,64.05192353864615,75600.0,-7.952841653723725e-06,Q40,37.114999999999995,37.08461538461538,0.3387836462616801,52
398,7Networks_RH_Default_pCunPCC_7,7networks_rh_default_pcunpcc,7Networks_RH_Default_pCunPCC,default,precuneus posterior cingulate cortex,R,206.0,44.44322098069998,143041.0,-7.952841653723725e-06,Q40,37.114999999999995,37.08461538461538,0.3387836462616801,52
399,7Networks_RH_Default_pCunPCC_8,7networks_rh_default_pcunpcc,7Networks_RH_Default_pCunPCC,default,precuneus posterior cingulate cortex,R,218.0,55.23539015606246,180260.0,-7.952841653723725e-06,Q40,37.114999999999995,37.08461538461538,0.3387836462616801,52
400,7Networks_RH_Default_pCunPCC_9,7networks_rh_default_pcunpcc,7Networks_RH_Default_pCunPCC,default,precuneus posterior cingulate cortex,R,220.0,52.32049496721765,129304.0,-7.952841653723725e-06,Q40,37.114999999999995,37.08461538461538,0.3387836462616801,52
401,HIP-head-m1-rh,HIP-head-m1,"Hippocampus head, medial division",subcortex,Hippocampus head,R,269.0,76.40390063717801,110989.0,-7.952841653723725e-06,Q40,37.114999999999995,37.08461538461538,0.3387836462616801,52
402,HIP-head-m2-rh,HIP-head-m2,"Hippocampus head, medial division",subcortex,Hippocampus head,R,261.0,66.48453781512607,64788.0,-7.952841653723725e-06,Q40,37.114999999999995,37.08461538461538,0.3387836462616801,52
403,THA-VAip-rh,THA-VAip,"Thalamus, inferior ventro-anterior part, posterior division",subcortex,Thalamus,R,322.0,95.88756671899526,2.0,-7.952841653723725e-06,Q40,37.114999999999995,37.08461538461538,0.3387836462616801,52
404,THA-VAia-rh,THA-VAia,"Thalamus, inferior ventro-anterior part, anterior division",subcortex,Thalamus,R,348.0,102.90492381568004,2.0,-7.952841653723725e-06,Q40,37.114999999999995,37.08461538461538,0.3387836462616801,52
405,HIP-head-l-rh,HIP-head-l,"Hippocampus head, lateral division",subcortex,Hippocampus head,R,226.0,56.69284883184042,80773.0,-7.952841653723725e-06,Q40,37.114999999999995,37.08461538461538,0.3387836462616801,52
406,HIP-body-rh,HIP-body,Hippocampus body,subcortex,Hippocampus body,R,146.0,25.64780127435592,132210.0,-7.952841653723725e-06,Q40,37.114999999999995,37.08461538461538,0.3387836462616801,52
407,HIP-tail-rh,HIP-tail,Hippocampus tail,subcortex,Hippocampus tail,R,202.0,43.817227814202596,131367.0,-7.952841653723725e-06,Q40,37.114999999999995,37.08461538461538,0.3387836462616801,52
408,THA-VPm-rh,THA-VPm,"Thalamus, medial ventro-posterior part",subcortex,Thalamus,R,289.0,82.25282482223666,58017.0,-7.952841653723725e-06,Q40,37.114999999999995,37.08461538461538,0.3387836462616801,52
409,THA-VPl-rh,THA-VPl,"Thalamus, lateral ventro-posterior part",subcortex,Thalamus,R,259.0,72.46393018745957,74670.0,-7.952841653723725e-06,Q40,37.114999999999995,37.08461538461538,0.3387836462616801,52
410,THA-VAs-rh,THA-VAs,"Thalamus, superior ventro-anterior part",subcortex,Thalamus,R,313.0,89.10628866931388,747.0,-7.952841653723725e-06,Q40,37.114999999999995,37.08461538461538,0.3387836462616801,52
411,THA-DAm-rh,THA-DAm,"Thalamus, medial dorso-anterior part",subcortex,Thalamus,R,309.0,86.18232154400216,101.0,-7.952841653723725e-06,Q40,37.114999999999995,37.08461538461538,0.3387836462616801,52
412,THA-DAl-rh,THA-DAl,"Thalamus, lateral dorso-anterior part",subcortex,Thalamus,R,267.0,71.05095946070739,66259.0,-7.952841653723725e-06,Q40,37.114999999999995,37.08461538461538,0.3387836462616801,52
413,PUT-VA-rh,PUT-VA,"Putamen, ventro-anterior part",subcortex,Putamen,R,238.0,62.777264752054684,70910.0,-7.952841653723725e-06,Q40,37.114999999999995,37.08461538461538,0.3387836462616801,52
414,PUT-DA-rh,PUT-DA,"Putamen, dorso-anterior part",subcortex,Putamen,R,199.0,48.26940622402807,151920.0,-7.952841653723725e-06,Q40,37.114999999999995,37.08461538461538,0.3387836462616801,52
415,PUT-VP-rh,PUT-VP,"Putamen, ventro-posterior part",subcortex,Putamen,R,244.0,64.40345184227535,46605.0,-7.952841653723725e-06,Q40,37.114999999999995,37.08461538461538,0.3387836462616801,52
416,PUT-DP-rh,PUT-DP,"Putamen, dorso-posterior part",subcortex,Putamen,R,205.0,50.1437621202327,140566.0,-7.952841653723725e-06,Q40,37.114999999999995,37.08461538461538,0.3387836462616801,52
417,CAU-VA-rh,CAU-VA,"Caudate, ventro-anterior part",subcortex,Caudate,R,73.0,-6.98472804506418,190404.0,-7.952841653723725e-06,Q40,37.114999999999995,37.08461538461538,0.3387836462616801,52
418,CAU-DA-rh,CAU-DA,"Caudate, dorso-anterior part",subcortex,Caudate,R,64.0,-13.913973589435786,196742.0,-7.952841653723725e-06,Q40,37.114999999999995,37.08461538461538,0.3387836462616801,52
419,CAU-body-rh,CAU-body,Caudate body,subcortex,Caudate body,R,65.0,-3.9041074891495056,176139.0,-7.952841653723725e-06,Q40,37.114999999999995,37.08461538461538,0.3387836462616801,52
420,CAU-tail-rh,CAU-tail,Caudate tail,subcortex,Caudate tail,R,102.0,18.28447132699234,128100.0,-7.952841653723725e-06,Q40,37.114999999999995,37.08461538461538,0.3387836462616801,52
421,lAMY-rh,lAMY,"Amygdala, lateral nucleus",subcortex,Amygdala,R,273.0,73.13154492566257,7628.0,-7.952841653723725e-06,Q40,37.114999999999995,37.08461538461538,0.3387836462616801,52
422,mAMY-rh,mAMY,"Amygdala, medial nucleus",subcortex,Amygdala,R,269.0,72.00385815864806,23036.0,-7.952841653723725e-06,Q40,37.114999999999995,37.08461538461538,0.3387836462616801,52
423,THA-DP-rh,THA-DP,"Thalamus, dorso-posterior part",subcortex,Thalamus,R,323.0,89.32482593037214,1936.0,-7.952841653723725e-06,Q40,37.114999999999995,37.08461538461538,0.3387836462616801,52
424,NAc-shell-rh,NAc-shell,"Nucleus Accumbens, shell",subcortex,Nucleus Accumbens,R,217.0,60.12917166866743,110259.0,-7.952841653723725e-06,Q40,37.114999999999995,37.08461538461538,0.3387836462616801,52
425,NAc-core-rh,NAc-core,"Nucleus Accumbens, core",subcortex,Nucleus Accumbens,R,167.0,34.72490165296888,165847.0,-7.952841653723725e-06,Q40,37.114999999999995,37.08461538461538,0.3387836462616801,52
426,pGP-rh,pGP,"Pallidum, posterior part",subcortex,Pallidum,R,96.0,1.0693748268538243,195909.0,-7.952841653723725e-06,Q40,37.114999999999995,37.08461538461538,0.3387836462616801,52
427,aGP-rh,aGP,"Pallidum, anterior part",subcortex,Pallidum,R,266.0,63.179360975159305,58918.0,-7.952841653723725e-06,Q40,37.114999999999995,37.08461538461538,0.3387836462616801,52
428,HIP-head-m1-lh,HIP-head-m1,"Hippocampus head, medial division",subcortex,Hippocampus head,L,245.0,59.558755194385434,66061.0,-7.952841653723725e-06,Q40,37.114999999999995,37.08461538461538,0.3387836462616801,52
429,HIP-head-m2-lh,HIP-head-m2,"Hippocampus head, medial division",subcortex,Hippocampus head,L,245.0,61.74526179702645,55058.0,-7.952841653723725e-06,Q40,37.114999999999995,37.08461538461538,0.3387836462616801,52
430,THA-VAip-lh,THA-VAip,"Thalamus, inferior ventro-anterior part, posterior division",subcortex,Thalamus,L,324.0,96.0834093637455,0.0,-7.952841653723725e-06,Q40,37.114999999999995,37.08461538461538,0.3387836462616801,52
431,THA-VAia-lh,THA-VAia,"Thalamus, inferior ventro-anterior part, anterior division",subcortex,Thalamus,L,318.0,86.65207313694711,238.0,-7.952841653723725e-06,Q40,37.114999999999995,37.08461538461538,0.3387836462616801,52
432,HIP-head-l-lh,HIP-head-l,"Hippocampus head, lateral division",subcortex,Hippocampus head,L,251.0,64.74802659525342,58171.0,-7.952841653723725e-06,Q40,37.114999999999995,37.08461538461538,0.3387836462616801,52
433,HIP-body-lh,HIP-body,Hippocampus body,subcortex,Hippocampus body,L,104.0,9.778690553144337,165666.0,-7.952841653723725e-06,Q40,37.114999999999995,37.08461538461538,0.3387836462616801,52
434,HIP-tail-lh,HIP-tail,Hippocampus tail,subcortex,Hippocampus tail,L,110.0,12.825684735432633,188416.0,-7.952841653723725e-06,Q40,37.114999999999995,37.08461538461538,0.3387836462616801,52
435,THA-VPm-lh,THA-VPm,"Thalamus, medial ventro-posterior part",subcortex,Thalamus,L,279.0,77.81951611413795,25110.0,-7.952841653723725e-06,Q40,37.114999999999995,37.08461538461538,0.3387836462616801,52
436,THA-VPl-lh,THA-VPl,"Thalamus, lateral ventro-posterior part",subcortex,Thalamus,L,243.0,65.93065472342785,132163.0,-7.952841653723725e-06,Q40,37.114999999999995,37.08461538461538,0.3387836462616801,52
437,THA-VAs-lh,THA-VAs,"Thalamus, superior ventro-anterior part",subcortex,Thalamus,L,318.0,90.77912826669136,109.0,-7.952841653723725e-06,Q40,37.114999999999995,37.08461538461538,0.3387836462616801,52
438,THA-DAm-lh,THA-DAm,"Thalamus, medial dorso-anterior part",subcortex,Thalamus,L,258.0,69.38150337057898,84699.0,-7.952841653723725e-06,Q40,37.114999999999995,37.08461538461538,0.3387836462616801,52
439,THA-DAl-lh,THA-DAl,"Thalamus, lateral dorso-anterior part",subcortex,Thalamus,L,276.0,78.74506417951798,25651.0,-7.952841653723725e-06,Q40,37.114999999999995,37.08461538461538,0.3387836462616801,52
440,PUT-VA-lh,PUT-VA,"Putamen, ventro-anterior part",subcortex,Putamen,L,207.0,53.99328285160218,58682.0,-7.952841653723725e-06,Q40,37.114999999999995,37.08461538461538,0.3387836462616801,52
441,PUT-DA-lh,PUT-DA,"Putamen, dorso-anterior part",subcortex,Putamen,L,230.0,64.49512050974236,36013.0,-7.952841653723725e-06,Q40,37.114999999999995,37.08461538461538,0.3387836462616801,52
442,PUT-VP-lh,PUT-VP,"Putamen, ventro-posterior part",subcortex,Putamen,L,245.0,67.60271123834147,48397.0,-7.952841653723725e-06,Q40,37.114999999999995,37.08461538461538,0.3387836462616801,52
443,PUT-DP-lh,PUT-DP,"Putamen, dorso-posterior part",subcortex,Putamen,L,188.0,47.59405669960294,171143.0,-7.952841653723725e-06,Q40,37.114999999999995,37.08461538461538,0.3387836462616801,52
444,CAU-VA-lh,CAU-VA,"Caudate, ventro-anterior part",subcortex,Caudate,L,80.0,-3.7286416104903477,189375.0,-7.952841653723725e-06,Q40,37.114999999999995,37.08461538461538,0.3387836462616801,52
445,CAU-DA-lh,CAU-DA,"Caudate, dorso-anterior part",subcortex,Caudate,L,60.0,-13.526875981161695,196778.0,-7.952841653723725e-06,Q40,37.114999999999995,37.08461538461538,0.3387836462616801,52
446,CAU-body-lh,CAU-body,Caudate body,subcortex,Caudate body,L,51.0,-11.632920860651955,172758.0,-7.952841653723725e-06,Q40,37.114999999999995,37.08461538461538,0.3387836462616801,52
447,CAU-tail-lh,CAU-tail,Caudate tail,subcortex,Caudate tail,L,56.0,-15.722129467171452,195239.0,-7.952841653723725e-06,Q40,37.114999999999995,37.08461538461538,0.3387836462616801,52
448,lAMY-lh,lAMY,"Amygdala, lateral nucleus",subcortex,Amygdala,L,296.0,81.04771631729609,3825.0,-7.952841653723725e-06,Q40,37.114999999999995,37.08461538461538,0.3387836462616801,52
449,mAMY-lh,mAMY,"Amygdala, medial nucleus",subcortex,Amygdala,L,289.0,79.74930833872007,21944.0,-7.952841653723725e-06,Q40,37.114999999999995,37.08461538461538,0.3387836462616801,52
450,THA-DP-lh,THA-DP,"Thalamus, dorso-posterior part",subcortex,Thalamus,L,310.0,87.27369470865277,38067.0,-7.952841653723725e-06,Q40,37.114999999999995,37.08461538461538,0.3387836462616801,52
451,NAc-shell-lh,NAc-shell,"Nucleus Accumbens, shell",subcortex,Nucleus Accumbens,L,226.0,59.3295502816511,142285.0,-7.952841653723725e-06,Q40,37.114999999999995,37.08461538461538,0.3387836462616801,52
452,NAc-core-lh,NAc-core,"Nucleus Accumbens, core",subcortex,Nucleus Accumbens,L,142.0,29.546015329208608,145691.0,-7.952841653723725e-06,Q40,37.114999999999995,37.08461538461538,0.3387836462616801,52
453,pGP-lh,pGP,"Pallidum, posterior part",subcortex,Pallidum,L,124.0,15.35257549173516,143697.0,-7.952841653723725e-06,Q40,37.114999999999995,37.08461538461538,0.3387836462616801,52
454,aGP-lh,aGP,"Pallidum, anterior part",subcortex,Pallidum,L,240.0,56.197743097238885,91763.0,-7.952841653723725e-06,Q40,37.114999999999995,37.08461538461538,0.3387836462616801,52
