index,name,base_name,Label Name,network,component,hemisphere,degree,strength,betweenness,global_efficiency,group,median_age,mean_age,sd_age,n_participants
1,7Networks_LH_Vis_1,7networks_lh_vis,7Networks_LH_Vis,visual,visual,L,185.0,35.51687136393021,172742.0,-9.944339405448411e-06,Q44,42.480000000000004,42.45269230769231,0.4361602304272302,52
2,7Networks_LH_Vis_2,7networks_lh_vis,7Networks_LH_Vis,visual,visual,L,141.0,19.19381845045711,194009.0,-9.944339405448411e-06,Q44,42.480000000000004,42.45269230769231,0.4361602304272302,52
3,7Networks_LH_Vis_3,7networks_lh_vis,7Networks_LH_Vis,visual,visual,L,213.0,47.22760735063256,83195.0,-9.944339405448411e-06,Q44,42.480000000000004,42.45269230769231,0.4361602304272302,52
4,7Networks_LH_Vis_4,7networks_lh_vis,7Networks_LH_Vis,visual,visual,L,258.0,62.56870071105373,114129.0,-9.944339405448411e-06,Q44,42.480000000000004,42.45269230769231,0.4361602304272302,52
5,7Networks_LH_Vis_5,7networks_lh_vis,7Networks_LH_Vis,visual,visual,L,291.0,77.7721673284699,114576.0,-9.944339405448411e-06,Q44,42.480000000000004,42.45269230769231,0.4361602304272302,52
6,7Networks_LH_Vis_6,7networks_lh_vis,7Networks_LH_Vis,visual,visual,L,197.0,42.02249330501432,164728.0,-9.944339405448411e-06,Q44,42.480000000000004,42.45269230769231,0.4361602304272302,52
7,7Networks_LH_Vis_7,7networks_lh_vis,7Networks_LH_Vis,visual,visual,L,222.0,49.33256625727219,97149.0,-9.944339405448411e-06,Q44,42.480000000000004,42.45269230769231,0.4361602304272302,52
8,7Networks_LH_Vis_8,7networks_lh_vis,7Networks_LH_Vis,visual,visual,L,136.0,16.762426816880605,190549.0,-9.944339405448411e-06,Q44,42.480000000000004,42.45269230769231,0.4361602304272302,52
9,7Networks_LH_Vis_9,7networks_lh_vis,7Networks_LH_Vis,visual,visual,L,191.0,37.79382768492016,134587.0,-9.944339405448411e-06,Q44,42.480000000000004,42.45269230769231,0.4361602304272302,52
10,7Networks_LH_Vis_10,7networks_lh_vis,7Networks_LH_Vis,visual,visual,L,129.0,16.850913288392267,172776.0,-9.944339405448411e-06,Q44,42.480000000000004,42.45269230769231,0.4361602304272302,52
11,7Networks_LH_Vis_11,7networks_lh_vis,7Networks_LH_Vis,visual,visual,L,278.0,73.52551112752798,47810.0,-9.944339405448411e-06,Q44,42.480000000000004,42.45269230769231,0.4361602304272302,52
12,7Networks_LH_Vis_12,7networks_lh_vis,7Networks_LH_Vis,visual,visual,L,141.0,16.776188013667014,159911.0,-9.944339405448411e-06,Q44,42.480000000000004,42.45269230769231,0.4361602304272302,52
13,7Networks_LH_Vis_13,7networks_lh_vis,7Networks_LH_Vis,visual,visual,L,260.0,59.37560624249699,149903.0,-9.944339405448411e-06,Q44,42.480000000000004,42.45269230769231,0.4361602304272302,52
14,7Networks_LH_Vis_14,7networks_lh_vis,7Networks_LH_Vis,visual,visual,L,116.0,9.443139717425437,194678.0,-9.944339405448411e-06,Q44,42.480000000000004,42.45269230769231,0.4361602304272302,52
15,7Networks_LH_Vis_15,7networks_lh_vis,7Networks_LH_Vis,visual,visual,L,186.0,34.88241942931014,194721.0,-9.944339405448411e-06,Q44,42.480000000000004,42.45269230769231,0.4361602304272302,52
16,7Networks_LH_Vis_16,7networks_lh_vis,7Networks_LH_Vis,visual,visual,L,161.0,28.7713232985502,195813.0,-9.944339405448411e-06,Q44,42.480000000000004,42.45269230769231,0.4361602304272302,52
17,7Networks_LH_Vis_17,7networks_lh_vis,7Networks_LH_Vis,visual,visual,L,208.0,47.6236900914212,87389.0,-9.944339405448411e-06,Q44,42.480000000000004,42.45269230769231,0.4361602304272302,52
18,7Networks_LH_Vis_18,7networks_lh_vis,7Networks_LH_Vis,visual,visual,L,181.0,34.02251546772557,192593.0,-9.944339405448411e-06,Q44,42.480000000000004,42.45269230769231,0.4361602304272302,52
19,7Networks_LH_Vis_19,7networks_lh_vis,7Networks_LH_Vis,visual,visual,L,230.0,53.459035922061155,75136.0,-9.944339405448411e-06,Q44,42.480000000000004,42.45269230769231,0.4361602304272302,52
20,7Networks_LH_Vis_20,7networks_lh_vis,7Networks_LH_Vis,visual,visual,L,101.0,7.224220149598311,192132.0,-9.944339405448411e-06,Q44,42.480000000000004,42.45269230769231,0.4361602304272302,52
21,7Networks_LH_Vis_21,7networks_lh_vis,7Networks_LH_Vis,visual,visual,L,176.0,34.51135654261707,118275.0,-9.944339405448411e-06,Q44,42.480000000000004,42.45269230769231,0.4361602304272302,52
22,7Networks_LH_Vis_22,7networks_lh_vis,7Networks_LH_Vis,visual,visual,L,170.0,31.395390156062447,135137.0,-9.944339405448411e-06,Q44,42.480000000000004,42.45269230769231,0.4361602304272302,52
23,7Networks_LH_Vis_23,7networks_lh_vis,7Networks_LH_Vis,visual,visual,L,277.0,68.47635608089395,141563.0,-9.944339405448411e-06,Q44,42.480000000000004,42.45269230769231,0.4361602304272302,52
24,7Networks_LH_Vis_24,7networks_lh_vis,7Networks_LH_Vis,visual,visual,L,158.0,30.474093637454967,127049.0,-9.944339405448411e-06,Q44,42.480000000000004,42.45269230769231,0.4361602304272302,52
25,7Networks_LH_Vis_25,7networks_lh_vis,7Networks_LH_Vis,visual,visual,L,143.0,27.608218672084227,118781.0,-9.944339405448411e-06,Q44,42.480000000000004,42.45269230769231,0.4361602304272302,52
26,7Networks_LH_Vis_26,7networks_lh_vis,7Networks_LH_Vis,visual,visual,L,262.0,62.576827038507766,52008.0,-9.944339405448411e-06,Q44,42.480000000000004,42.45269230769231,0.4361602304272302,52
27,7Networks_LH_Vis_27,7networks_lh_vis,7Networks_LH_Vis,visual,visual,L,160.0,19.302484070551277,149580.0,-9.944339405448411e-06,Q44,42.480000000000004,42.45269230769231,0.4361602304272302,52
28,7Networks_LH_Vis_28,7networks_lh_vis,7Networks_LH_Vis,visual,visual,L,204.0,46.991916151075806,156726.0,-9.944339405448411e-06,Q44,42.480000000000004,42.45269230769231,0.4361602304272302,52
29,7Networks_LH_Vis_29,7networks_lh_vis,7Networks_LH_Vis,visual,visual,L,199.0,46.39160587311844,66936.0,-9.944339405448411e-06,Q44,42.480000000000004,42.45269230769231,0.4361602304272302,52
30,7Networks_LH_Vis_30,7networks_lh_vis,7Networks_LH_Vis,visual,visual,L,231.0,53.77589805152831,66335.0,-9.944339405448411e-06,Q44,42.480000000000004,42.45269230769231,0.4361602304272302,52
31,7Networks_LH_Vis_31,7networks_lh_vis,7Networks_LH_Vis,visual,visual,L,151.0,27.528438452303973,107153.0,-9.944339405448411e-06,Q44,42.480000000000004,42.45269230769231,0.4361602304272302,52
32,7Networks_LH_SomMot_1,7networks_lh_sommot,7Networks_LH_SomMot,somatomotor,somatomotor,L,363.0,107.6881411025949,0.0,-9.944339405448411e-06,Q44,42.480000000000004,42.45269230769231,0.4361602304272302,52
33,7Networks_LH_SomMot_2,7networks_lh_sommot,7Networks_LH_SomMot,somatomotor,somatomotor,L,252.0,64.35771724074245,57944.0,-9.944339405448411e-06,Q44,42.480000000000004,42.45269230769231,0.4361602304272302,52
34,7Networks_LH_SomMot_3,7networks_lh_sommot,7Networks_LH_SomMot,somatomotor,somatomotor,L,325.0,94.52453227444825,0.0,-9.944339405448411e-06,Q44,42.480000000000004,42.45269230769231,0.4361602304272302,52
35,7Networks_LH_SomMot_4,7networks_lh_sommot,7Networks_LH_SomMot,somatomotor,somatomotor,L,351.0,105.85696555545304,0.0,-9.944339405448411e-06,Q44,42.480000000000004,42.45269230769231,0.4361602304272302,52
36,7Networks_LH_SomMot_5,7networks_lh_sommot,7Networks_LH_SomMot,somatomotor,somatomotor,L,334.0,93.82613907101305,72403.0,-9.944339405448411e-06,Q44,42.480000000000004,42.45269230769231,0.4361602304272302,52
37,7Networks_LH_SomMot_6,7networks_lh_sommot,7Networks_LH_SomMot,somatomotor,somatomotor,L,240.0,56.165730907747665,122958.0,-9.944339405448411e-06,Q44,42.480000000000004,42.45269230769231,0.4361602304272302,52
38,7Networks_LH_SomMot_7,7networks_lh_sommot,7Networks_LH_SomMot,somatomotor,somatomotor,L,264.0,68.03063625450179,96542.0,-9.944339405448411e-06,Q44,42.480000000000004,42.45269230769231,0.4361602304272302,52
39,7Networks_LH_SomMot_8,7networks_lh_sommot,7Networks_LH_SomMot,somatomotor,somatomotor,L,353.0,108.34217009880875,0.0,-9.944339405448411e-06,Q44,42.480000000000004,42.45269230769231,0.4361602304272302,52
40,7Networks_LH_SomMot_9,7networks_lh_sommot,7Networks_LH_SomMot,somatomotor,somatomotor,L,281.0,78.59197155785394,5338.0,-9.944339405448411e-06,Q44,42.480000000000004,42.45269230769231,0.4361602304272302,52
41,7Networks_LH_SomMot_10,7networks_lh_sommot,7Networks_LH_SomMot,somatomotor,somatomotor,L,225.0,50.24901652968877,131379.0,-9.944339405448411e-06,Q44,42.480000000000004,42.45269230769231,0.4361602304272302,52
42,7Networks_LH_SomMot_11,7networks_lh_sommot,7Networks_LH_SomMot,somatomotor,somatomotor,L,309.0,85.4778908486472,11712.0,-9.944339405448411e-06,Q44,42.480000000000004,42.45269230769231,0.4361602304272302,52
43,7Networks_LH_SomMot_12,7networks_lh_sommot,7Networks_LH_SomMot,somatomotor,somatomotor,L,250.0,61.05142487764346,128791.0,-9.944339405448411e-06,Q44,42.480000000000004,42.45269230769231,0.4361602304272302,52
44,7Networks_LH_SomMot_13,7networks_lh_sommot,7Networks_LH_SomMot,somatomotor,somatomotor,L,259.0,64.69399575214707,80759.0,-9.944339405448411e-06,Q44,42.480000000000004,42.45269230769231,0.4361602304272302,52
45,7Networks_LH_SomMot_14,7networks_lh_sommot,7Networks_LH_SomMot,somatomotor,somatomotor,L,265.0,66.2193129559516,80140.0,-9.944339405448411e-06,Q44,42.480000000000004,42.45269230769231,0.4361602304272302,52
46,7Networks_LH_SomMot_15,7networks_lh_sommot,7Networks_LH_SomMot,somatomotor,somatomotor,L,290.0,76.20519530889281,47147.0,-9.944339405448411e-06,Q44,42.480000000000004,42.45269230769231,0.4361602304272302,52
47,7Networks_LH_SomMot_16,7networks_lh_sommot,7Networks_LH_SomMot,somatomotor,somatomotor,L,202.0,45.52301782251358,89458.0,-9.944339405448411e-06,Q44,42.480000000000004,42.45269230769231,0.4361602304272302,52
48,7Networks_LH_SomMot_17,7networks_lh_sommot,7Networks_LH_SomMot,somatomotor,somatomotor,L,331.0,91.09180718441219,16.0,-9.944339405448411e-06,Q44,42.480000000000004,42.45269230769231,0.4361602304272302,52
49,7Networks_LH_SomMot_18,7networks_lh_sommot,7Networks_LH_SomMot,somatomotor,somatomotor,L,267.0,73.63233170191148,40815.0,-9.944339405448411e-06,Q44,42.480000000000004,42.45269230769231,0.4361602304272302,52
50,7Networks_LH_SomMot_19,7networks_lh_sommot,7Networks_LH_SomMot,somatomotor,somatomotor,L,226.0,56.26082925477878,69576.0,-9.944339405448411e-06,Q44,42.480000000000004,42.45269230769231,0.4361602304272302,52
51,7Networks_LH_SomMot_20,7networks_lh_sommot,7Networks_LH_SomMot,somatomotor,somatomotor,L,185.0,41.6500988087543,80778.0,-9.944339405448411e-06,Q44,42.480000000000004,42.45269230769231,0.4361602304272302,52
52,7Networks_LH_SomMot_21,7networks_lh_sommot,7Networks_LH_SomMot,somatomotor,somatomotor,L,187.0,36.04099362822055,105687.0,-9.944339405448411e-06,Q44,42.480000000000004,42.45269230769231,0.4361602304272302,52
53,7Networks_LH_SomMot_22,7networks_lh_sommot,7Networks_LH_SomMot,somatomotor,somatomotor,L,224.0,53.185634869332354,107534.0,-9.944339405448411e-06,Q44,42.480000000000004,42.45269230769231,0.4361602304272302,52
54,7Networks_LH_SomMot_23,7networks_lh_sommot,7Networks_LH_SomMot,somatomotor,somatomotor,L,216.0,46.60666174161973,190103.0,-9.944339405448411e-06,Q44,42.480000000000004,42.45269230769231,0.4361602304272302,52
55,7Networks_LH_SomMot_24,7networks_lh_sommot,7Networks_LH_SomMot,somatomotor,somatomotor,L,88.0,-5.437366331147849,198996.0,-9.944339405448411e-06,Q44,42.480000000000004,42.45269230769231,0.4361602304272302,52
56,7Networks_LH_SomMot_25,7networks_lh_sommot,7Networks_LH_SomMot,somatomotor,somatomotor,L,216.0,43.318029365592395,155452.0,-9.944339405448411e-06,Q44,42.480000000000004,42.45269230769231,0.4361602304272302,52
57,7Networks_LH_SomMot_26,7networks_lh_sommot,7Networks_LH_SomMot,somatomotor,somatomotor,L,243.0,58.77385354141656,96595.0,-9.944339405448411e-06,Q44,42.480000000000004,42.45269230769231,0.4361602304272302,52
58,7Networks_LH_SomMot_27,7networks_lh_sommot,7Networks_LH_SomMot,somatomotor,somatomotor,L,236.0,52.92250623326255,68879.0,-9.944339405448411e-06,Q44,42.480000000000004,42.45269230769231,0.4361602304272302,52
59,7Networks_LH_SomMot_28,7networks_lh_sommot,7Networks_LH_SomMot,somatomotor,somatomotor,L,243.0,57.6189195678271,74520.0,-9.944339405448411e-06,Q44,42.480000000000004,42.45269230769231,0.4361602304272302,52
60,7Networks_LH_SomMot_29,7networks_lh_sommot,7Networks_LH_SomMot,somatomotor,somatomotor,L,246.0,60.371411949395146,44908.0,-9.944339405448411e-06,Q44,42.480000000000004,42.45269230769231,0.4361602304272302,52
61,7Networks_LH_SomMot_30,7networks_lh_sommot,7Networks_LH_SomMot,somatomotor,somatomotor,L,207.0,43.561211561547694,140686.0,-9.944339405448411e-06,Q44,42.480000000000004,42.45269230769231,0.4361602304272302,52
62,7Networks_LH_SomMot_31,7networks_lh_sommot,7Networks_LH_SomMot,somatomotor,somatomotor,L,184.0,40.91925200849566,145225.0,-9.944339405448411e-06,Q44,42.480000000000004,42.45269230769231,0.4361602304272302,52
63,7Networks_LH_SomMot_32,7networks_lh_sommot,7Networks_LH_SomMot,somatomotor,somatomotor,L,266.0,66.06075353218215,46167.0,-9.944339405448411e-06,Q44,42.480000000000004,42.45269230769231,0.4361602304272302,52
64,7Networks_LH_SomMot_33,7networks_lh_sommot,7Networks_LH_SomMot,somatomotor,somatomotor,L,86.0,0.21425801089666527,192573.0,-9.944339405448411e-06,Q44,42.480000000000004,42.45269230769231,0.4361602304272302,52
65,7Networks_LH_SomMot_34,7networks_lh_sommot,7Networks_LH_SomMot,somatomotor,somatomotor,L,140.0,21.254634776987725,102343.0,-9.944339405448411e-06,Q44,42.480000000000004,42.45269230769231,0.4361602304272302,52
66,7Networks_LH_SomMot_35,7networks_lh_sommot,7Networks_LH_SomMot,somatomotor,somatomotor,L,224.0,50.138620371225414,116590.0,-9.944339405448411e-06,Q44,42.480000000000004,42.45269230769231,0.4361602304272302,52
67,7Networks_LH_SomMot_36,7networks_lh_sommot,7Networks_LH_SomMot,somatomotor,somatomotor,L,201.0,41.03890479268628,145023.0,-9.944339405448411e-06,Q44,42.480000000000004,42.45269230769231,0.4361602304272302,52
68,7Networks_LH_SomMot_37,7networks_lh_sommot,7Networks_LH_SomMot,somatomotor,somatomotor,L,133.0,15.748056145535157,197273.0,-9.944339405448411e-06,Q44,42.480000000000004,42.45269230769231,0.4361602304272302,52
69,7Networks_LH_DorsAttn_Post_1,7networks_lh_dorsattn_post,7Networks_LH_DorsAttn_Post,dorsal attention,posterior,L,228.0,50.98785298734874,61312.0,-9.944339405448411e-06,Q44,42.480000000000004,42.45269230769231,0.4361602304272302,52
70,7Networks_LH_DorsAttn_Post_2,7networks_lh_dorsattn_post,7Networks_LH_DorsAttn_Post,dorsal attention,posterior,L,211.0,46.885738295318134,99697.0,-9.944339405448411e-06,Q44,42.480000000000004,42.45269230769231,0.4361602304272302,52
71,7Networks_LH_DorsAttn_Post_3,7networks_lh_dorsattn_post,7Networks_LH_DorsAttn_Post,dorsal attention,posterior,L,219.0,49.97097792963336,169064.0,-9.944339405448411e-06,Q44,42.480000000000004,42.45269230769231,0.4361602304272302,52
72,7Networks_LH_DorsAttn_Post_4,7networks_lh_dorsattn_post,7Networks_LH_DorsAttn_Post,dorsal attention,posterior,L,239.0,50.770466340382285,157392.0,-9.944339405448411e-06,Q44,42.480000000000004,42.45269230769231,0.4361602304272302,52
73,7Networks_LH_DorsAttn_Post_5,7networks_lh_dorsattn_post,7Networks_LH_DorsAttn_Post,dorsal attention,posterior,L,125.0,8.343418598208515,176404.0,-9.944339405448411e-06,Q44,42.480000000000004,42.45269230769231,0.4361602304272302,52
74,7Networks_LH_DorsAttn_Post_6,7networks_lh_dorsattn_post,7Networks_LH_DorsAttn_Post,dorsal attention,posterior,L,296.0,78.62624434389146,12763.0,-9.944339405448411e-06,Q44,42.480000000000004,42.45269230769231,0.4361602304272302,52
75,7Networks_LH_DorsAttn_Post_7,7networks_lh_dorsattn_post,7Networks_LH_DorsAttn_Post,dorsal attention,posterior,L,111.0,5.556428109705421,176012.0,-9.944339405448411e-06,Q44,42.480000000000004,42.45269230769231,0.4361602304272302,52
76,7Networks_LH_DorsAttn_Post_8,7networks_lh_dorsattn_post,7Networks_LH_DorsAttn_Post,dorsal attention,posterior,L,276.0,70.01046079970453,31374.0,-9.944339405448411e-06,Q44,42.480000000000004,42.45269230769231,0.4361602304272302,52
77,7Networks_LH_DorsAttn_Post_9,7networks_lh_dorsattn_post,7Networks_LH_DorsAttn_Post,dorsal attention,posterior,L,188.0,41.9271696370856,135920.0,-9.944339405448411e-06,Q44,42.480000000000004,42.45269230769231,0.4361602304272302,52
78,7Networks_LH_DorsAttn_Post_10,7networks_lh_dorsattn_post,7Networks_LH_DorsAttn_Post,dorsal attention,posterior,L,187.0,39.39288576969249,88131.0,-9.944339405448411e-06,Q44,42.480000000000004,42.45269230769231,0.4361602304272302,52
79,7Networks_LH_DorsAttn_Post_11,7networks_lh_dorsattn_post,7Networks_LH_DorsAttn_Post,dorsal attention,posterior,L,252.0,60.43703389047926,64150.0,-9.944339405448411e-06,Q44,42.480000000000004,42.45269230769231,0.4361602304272302,52
80,7Networks_LH_DorsAttn_Post_12,7networks_lh_dorsattn_post,7Networks_LH_DorsAttn_Post,dorsal attention,posterior,L,222.0,47.66294025302428,152231.0,-9.944339405448411e-06,Q44,42.480000000000004,42.45269230769231,0.4361602304272302,52
81,7Networks_LH_DorsAttn_Post_13,7networks_lh_dorsattn_post,7Networks_LH_DorsAttn_Post,dorsal attention,posterior,L,225.0,50.735452950410945,131571.0,-9.944339405448411e-06,Q44,42.480000000000004,42.45269230769231,0.4361602304272302,52
82,7Networks_LH_DorsAttn_Post_14,7networks_lh_dorsattn_post,7Networks_LH_DorsAttn_Post,dorsal attention,posterior,L,183.0,35.176670052636425,122649.0,-9.944339405448411e-06,Q44,42.480000000000004,42.45269230769231,0.4361602304272302,52
83,7Networks_LH_DorsAttn_Post_15,7networks_lh_dorsattn_post,7Networks_LH_DorsAttn_Post,dorsal attention,posterior,L,236.0,58.08675408624991,82542.0,-9.944339405448411e-06,Q44,42.480000000000004,42.45269230769231,0.4361602304272302,52
84,7Networks_LH_DorsAttn_Post_16,7networks_lh_dorsattn_post,7Networks_LH_DorsAttn_Post,dorsal attention,posterior,L,230.0,59.66077384800078,78426.0,-9.944339405448411e-06,Q44,42.480000000000004,42.45269230769231,0.4361602304272302,52
85,7Networks_LH_DorsAttn_Post_17,7networks_lh_dorsattn_post,7Networks_LH_DorsAttn_Post,dorsal attention,posterior,L,196.0,39.54926955397546,122138.0,-9.944339405448411e-06,Q44,42.480000000000004,42.45269230769231,0.4361602304272302,52
86,7Networks_LH_DorsAttn_FEF_1,7networks_lh_dorsattn_fef,7Networks_LH_DorsAttn_FEF,dorsal attention,frontal eye fields,L,217.0,44.17024101948471,128335.0,-9.944339405448411e-06,Q44,42.480000000000004,42.45269230769231,0.4361602304272302,52
87,7Networks_LH_DorsAttn_FEF_2,7networks_lh_dorsattn_fef,7Networks_LH_DorsAttn_FEF,dorsal attention,frontal eye fields,L,187.0,33.960437713546945,149611.0,-9.944339405448411e-06,Q44,42.480000000000004,42.45269230769231,0.4361602304272302,52
88,7Networks_LH_DorsAttn_FEF_3,7networks_lh_dorsattn_fef,7Networks_LH_DorsAttn_FEF,dorsal attention,frontal eye fields,L,127.0,17.341959553051982,164670.0,-9.944339405448411e-06,Q44,42.480000000000004,42.45269230769231,0.4361602304272302,52
89,7Networks_LH_DorsAttn_FEF_4,7networks_lh_dorsattn_fef,7Networks_LH_DorsAttn_FEF,dorsal attention,frontal eye fields,L,217.0,48.92873395512049,75459.0,-9.944339405448411e-06,Q44,42.480000000000004,42.45269230769231,0.4361602304272302,52
90,7Networks_LH_DorsAttn_PrCv_1,7networks_lh_dorsattn_prcv,7Networks_LH_DorsAttn_PrCv,dorsal attention,precentral ventral,L,146.0,23.081049034998614,157782.0,-9.944339405448411e-06,Q44,42.480000000000004,42.45269230769231,0.4361602304272302,52
91,7Networks_LH_DorsAttn_PrCv_2,7networks_lh_dorsattn_prcv,7Networks_LH_DorsAttn_PrCv,dorsal attention,precentral ventral,L,245.0,57.22117092991044,59994.0,-9.944339405448411e-06,Q44,42.480000000000004,42.45269230769231,0.4361602304272302,52
92,7Networks_LH_SalVentAttn_ParOper_1,7networks_lh_salventattn_paroper,7Networks_LH_SalVentAttn_ParOper,salience / ventral attention,parietal operculum,L,231.0,49.91589251085051,169308.0,-9.944339405448411e-06,Q44,42.480000000000004,42.45269230769231,0.4361602304272302,52
93,7Networks_LH_SalVentAttn_ParOper_2,7networks_lh_salventattn_paroper,7Networks_LH_SalVentAttn_ParOper,salience / ventral attention,parietal operculum,L,237.0,54.21304829624156,68142.0,-9.944339405448411e-06,Q44,42.480000000000004,42.45269230769231,0.4361602304272302,52
94,7Networks_LH_SalVentAttn_ParOper_3,7networks_lh_salventattn_paroper,7Networks_LH_SalVentAttn_ParOper,salience / ventral attention,parietal operculum,L,278.0,75.32767568565893,86503.0,-9.944339405448411e-06,Q44,42.480000000000004,42.45269230769231,0.4361602304272302,52
95,7Networks_LH_SalVentAttn_ParOper_4,7networks_lh_salventattn_paroper,7Networks_LH_SalVentAttn_ParOper,salience / ventral attention,parietal operculum,L,197.0,41.258282389879,90418.0,-9.944339405448411e-06,Q44,42.480000000000004,42.45269230769231,0.4361602304272302,52
96,7Networks_LH_SalVentAttn_TempOcc_1,7networks_lh_salventattn_tempocc,7Networks_LH_SalVentAttn_TempOcc,salience / ventral attention,temporal occipital,L,207.0,47.98200203158188,122207.0,-9.944339405448411e-06,Q44,42.480000000000004,42.45269230769231,0.4361602304272302,52
97,7Networks_LH_SalVentAttn_FrOperIns_1,7networks_lh_salventattn_froperins,7Networks_LH_SalVentAttn_FrOperIns,salience / ventral attention,frontal operculum insula,L,324.0,91.97293932957795,122.0,-9.944339405448411e-06,Q44,42.480000000000004,42.45269230769231,0.4361602304272302,52
98,7Networks_LH_SalVentAttn_FrOperIns_2,7networks_lh_salventattn_froperins,7Networks_LH_SalVentAttn_FrOperIns,salience / ventral attention,frontal operculum insula,L,335.0,92.60686489980603,19067.0,-9.944339405448411e-06,Q44,42.480000000000004,42.45269230769231,0.4361602304272302,52
99,7Networks_LH_SalVentAttn_FrOperIns_3,7networks_lh_salventattn_froperins,7Networks_LH_SalVentAttn_FrOperIns,salience / ventral attention,frontal operculum insula,L,278.0,70.63301135838948,66180.0,-9.944339405448411e-06,Q44,42.480000000000004,42.45269230769231,0.4361602304272302,52
100,7Networks_LH_SalVentAttn_FrOperIns_4,7networks_lh_salventattn_froperins,7Networks_LH_SalVentAttn_FrOperIns,salience / ventral attention,frontal operculum insula,L,340.0,95.52243420445112,19280.0,-9.944339405448411e-06,Q44,42.480000000000004,42.45269230769231,0.4361602304272302,52
101,7Networks_LH_SalVentAttn_FrOperIns_5,7networks_lh_salventattn_froperins,7Networks_LH_SalVentAttn_FrOperIns,salience / ventral attention,frontal operculum insula,L,267.0,67.24426447502078,62860.0,-9.944339405448411e-06,Q44,42.480000000000004,42.45269230769231,0.4361602304272302,52
102,7Networks_LH_SalVentAttn_FrOperIns_6,7networks_lh_salventattn_froperins,7Networks_LH_SalVentAttn_FrOperIns,salience / ventral attention,frontal operculum insula,L,332.0,96.17064548896477,1.0,-9.944339405448411e-06,Q44,42.480000000000004,42.45269230769231,0.4361602304272302,52
103,7Networks_LH_SalVentAttn_FrOperIns_7,7networks_lh_salventattn_froperins,7Networks_LH_SalVentAttn_FrOperIns,salience / ventral attention,frontal operculum insula,L,363.0,104.31575399390533,361.0,-9.944339405448411e-06,Q44,42.480000000000004,42.45269230769231,0.4361602304272302,52
104,7Networks_LH_SalVentAttn_FrOperIns_8,7networks_lh_salventattn_froperins,7Networks_LH_SalVentAttn_FrOperIns,salience / ventral attention,frontal operculum insula,L,353.0,106.19918182657682,0.0,-9.944339405448411e-06,Q44,42.480000000000004,42.45269230769231,0.4361602304272302,52
105,7Networks_LH_SalVentAttn_FrOperIns_9,7networks_lh_salventattn_froperins,7Networks_LH_SalVentAttn_FrOperIns,salience / ventral attention,frontal operculum insula,L,327.0,84.85757503001203,1177.0,-9.944339405448411e-06,Q44,42.480000000000004,42.45269230769231,0.4361602304272302,52
106,7Networks_LH_SalVentAttn_PFCl_1,7networks_lh_salventattn_pfcl,7Networks_LH_SalVentAttn_PFCl,salience / ventral attention,lateral prefrontal cortex,L,257.0,55.458753347492866,89476.0,-9.944339405448411e-06,Q44,42.480000000000004,42.45269230769231,0.4361602304272302,52
107,7Networks_LH_SalVentAttn_Med_1,7networks_lh_salventattn_med,7Networks_LH_SalVentAttn_Med,salience / ventral attention,medial,L,229.0,54.33281928155877,168368.0,-9.944339405448411e-06,Q44,42.480000000000004,42.45269230769231,0.4361602304272302,52
108,7Networks_LH_SalVentAttn_Med_2,7networks_lh_salventattn_med,7Networks_LH_SalVentAttn_Med,salience / ventral attention,medial,L,278.0,76.24768861390697,22961.0,-9.944339405448411e-06,Q44,42.480000000000004,42.45269230769231,0.4361602304272302,52
109,7Networks_LH_SalVentAttn_Med_3,7networks_lh_salventattn_med,7Networks_LH_SalVentAttn_Med,salience / ventral attention,medial,L,228.0,57.00018653615286,61559.0,-9.944339405448411e-06,Q44,42.480000000000004,42.45269230769231,0.4361602304272302,52
110,7Networks_LH_SalVentAttn_Med_4,7networks_lh_salventattn_med,7Networks_LH_SalVentAttn_Med,salience / ventral attention,medial,L,221.0,51.55809770061876,50024.0,-9.944339405448411e-06,Q44,42.480000000000004,42.45269230769231,0.4361602304272302,52
111,7Networks_LH_SalVentAttn_Med_5,7networks_lh_salventattn_med,7Networks_LH_SalVentAttn_Med,salience / ventral attention,medial,L,128.0,11.331598485548081,161486.0,-9.944339405448411e-06,Q44,42.480000000000004,42.45269230769231,0.4361602304272302,52
112,7Networks_LH_SalVentAttn_Med_6,7networks_lh_salventattn_med,7Networks_LH_SalVentAttn_Med,salience / ventral attention,medial,L,306.0,85.90851417490079,25834.0,-9.944339405448411e-06,Q44,42.480000000000004,42.45269230769231,0.4361602304272302,52
113,7Networks_LH_SalVentAttn_Med_7,7networks_lh_salventattn_med,7Networks_LH_SalVentAttn_Med,salience / ventral attention,medial,L,240.0,55.08425893434294,186132.0,-9.944339405448411e-06,Q44,42.480000000000004,42.45269230769231,0.4361602304272302,52
114,7Networks_LH_Limbic_OFC_1,7networks_lh_limbic_ofc,7Networks_LH_Limbic_OFC,limbic,orbital frontal cortex,L,274.0,73.46098439375744,82295.0,-9.944339405448411e-06,Q44,42.480000000000004,42.45269230769231,0.4361602304272302,52
115,7Networks_LH_Limbic_OFC_2,7networks_lh_limbic_ofc,7Networks_LH_Limbic_OFC,limbic,orbital frontal cortex,L,244.0,57.580424785298725,90024.0,-9.944339405448411e-06,Q44,42.480000000000004,42.45269230769231,0.4361602304272302,52
116,7Networks_LH_Limbic_OFC_3,7networks_lh_limbic_ofc,7Networks_LH_Limbic_OFC,limbic,orbital frontal cortex,L,313.0,81.76593591282665,9841.0,-9.944339405448411e-06,Q44,42.480000000000004,42.45269230769231,0.4361602304272302,52
117,7Networks_LH_Limbic_OFC_4,7networks_lh_limbic_ofc,7Networks_LH_Limbic_OFC,limbic,orbital frontal cortex,L,297.0,81.18551112752786,90937.0,-9.944339405448411e-06,Q44,42.480000000000004,42.45269230769231,0.4361602304272302,52
118,7Networks_LH_Limbic_OFC_5,7networks_lh_limbic_ofc,7Networks_LH_Limbic_OFC,limbic,orbital frontal cortex,L,179.0,30.956470588235312,191304.0,-9.944339405448411e-06,Q44,42.480000000000004,42.45269230769231,0.4361602304272302,52
119,7Networks_LH_Limbic_TempPole_1,7networks_lh_limbic_temppole,7Networks_LH_Limbic_TempPole,limbic,temporal pole,L,151.0,17.881856127066225,174019.0,-9.944339405448411e-06,Q44,42.480000000000004,42.45269230769231,0.4361602304272302,52
120,7Networks_LH_Limbic_TempPole_2,7networks_lh_limbic_temppole,7Networks_LH_Limbic_TempPole,limbic,temporal pole,L,187.0,38.27938498476321,115212.0,-9.944339405448411e-06,Q44,42.480000000000004,42.45269230769231,0.4361602304272302,52
121,7Networks_LH_Limbic_TempPole_3,7networks_lh_limbic_temppole,7Networks_LH_Limbic_TempPole,limbic,temporal pole,L,104.0,8.981510758149412,147776.0,-9.944339405448411e-06,Q44,42.480000000000004,42.45269230769231,0.4361602304272302,52
122,7Networks_LH_Limbic_TempPole_4,7networks_lh_limbic_temppole,7Networks_LH_Limbic_TempPole,limbic,temporal pole,L,152.0,23.85358020131128,141871.0,-9.944339405448411e-06,Q44,42.480000000000004,42.45269230769231,0.4361602304272302,52
123,7Networks_LH_Limbic_TempPole_5,7networks_lh_limbic_temppole,7Networks_LH_Limbic_TempPole,limbic,temporal pole,L,201.0,43.04596546310834,193567.0,-9.944339405448411e-06,Q44,42.480000000000004,42.45269230769231,0.4361602304272302,52
124,7Networks_LH_Limbic_TempPole_6,7networks_lh_limbic_temppole,7Networks_LH_Limbic_TempPole,limbic,temporal pole,L,203.0,46.042727860374875,80727.0,-9.944339405448411e-06,Q44,42.480000000000004,42.45269230769231,0.4361602304272302,52
125,7Networks_LH_Limbic_TempPole_7,7networks_lh_limbic_temppole,7Networks_LH_Limbic_TempPole,limbic,temporal pole,L,277.0,64.81865361529228,45586.0,-9.944339405448411e-06,Q44,42.480000000000004,42.45269230769231,0.4361602304272302,52
126,7Networks_LH_Limbic_TempPole_8,7networks_lh_limbic_temppole,7Networks_LH_Limbic_TempPole,limbic,temporal pole,L,138.0,22.196121525533282,128571.0,-9.944339405448411e-06,Q44,42.480000000000004,42.45269230769231,0.4361602304272302,52
127,7Networks_LH_Cont_Par_1,7networks_lh_cont_par,7Networks_LH_Cont_Par,control,parietal ,L,153.0,27.546129836549994,149001.0,-9.944339405448411e-06,Q44,42.480000000000004,42.45269230769231,0.4361602304272302,52
128,7Networks_LH_Cont_Par_2,7networks_lh_cont_par,7Networks_LH_Cont_Par,control,parietal ,L,234.0,56.27781327915779,118137.0,-9.944339405448411e-06,Q44,42.480000000000004,42.45269230769231,0.4361602304272302,52
129,7Networks_LH_Cont_Par_3,7networks_lh_cont_par,7Networks_LH_Cont_Par,control,parietal ,L,261.0,67.24999907655365,36602.0,-9.944339405448411e-06,Q44,42.480000000000004,42.45269230769231,0.4361602304272302,52
130,7Networks_LH_Cont_Par_4,7networks_lh_cont_par,7Networks_LH_Cont_Par,control,parietal ,L,226.0,51.11684366054107,88290.0,-9.944339405448411e-06,Q44,42.480000000000004,42.45269230769231,0.4361602304272302,52
131,7Networks_LH_Cont_Par_5,7networks_lh_cont_par,7Networks_LH_Cont_Par,control,parietal ,L,146.0,28.199394219226132,132455.0,-9.944339405448411e-06,Q44,42.480000000000004,42.45269230769231,0.4361602304272302,52
132,7Networks_LH_Cont_Par_6,7networks_lh_cont_par,7Networks_LH_Cont_Par,control,parietal ,L,281.0,71.36877643365032,31307.0,-9.944339405448411e-06,Q44,42.480000000000004,42.45269230769231,0.4361602304272302,52
133,7Networks_LH_Cont_Temp_1,7networks_lh_cont_temp,7Networks_LH_Cont_Temp,control,temporal,L,159.0,28.90511773940345,168169.0,-9.944339405448411e-06,Q44,42.480000000000004,42.45269230769231,0.4361602304272302,52
134,7Networks_LH_Cont_OFC_1,7networks_lh_cont_ofc,7Networks_LH_Cont_OFC,control,orbital frontal cortex,L,310.0,81.20928063533107,203.0,-9.944339405448411e-06,Q44,42.480000000000004,42.45269230769231,0.4361602304272302,52
135,7Networks_LH_Cont_PFCl_1,7networks_lh_cont_pfcl,7Networks_LH_Cont_PFCl,control,lateral prefrontal cortex,L,213.0,51.97997229661099,86787.0,-9.944339405448411e-06,Q44,42.480000000000004,42.45269230769231,0.4361602304272302,52
136,7Networks_LH_Cont_PFCl_2,7networks_lh_cont_pfcl,7Networks_LH_Cont_PFCl,control,lateral prefrontal cortex,L,301.0,82.63618616677432,18069.0,-9.944339405448411e-06,Q44,42.480000000000004,42.45269230769231,0.4361602304272302,52
137,7Networks_LH_Cont_PFCl_3,7networks_lh_cont_pfcl,7Networks_LH_Cont_PFCl,control,lateral prefrontal cortex,L,244.0,60.66984024378985,113125.0,-9.944339405448411e-06,Q44,42.480000000000004,42.45269230769231,0.4361602304272302,52
138,7Networks_LH_Cont_PFCl_4,7networks_lh_cont_pfcl,7Networks_LH_Cont_PFCl,control,lateral prefrontal cortex,L,154.0,32.34768122633673,189954.0,-9.944339405448411e-06,Q44,42.480000000000004,42.45269230769231,0.4361602304272302,52
139,7Networks_LH_Cont_PFCl_5,7networks_lh_cont_pfcl,7Networks_LH_Cont_PFCl,control,lateral prefrontal cortex,L,261.0,66.35885492658602,72393.0,-9.944339405448411e-06,Q44,42.480000000000004,42.45269230769231,0.4361602304272302,52
140,7Networks_LH_Cont_PFCl_6,7networks_lh_cont_pfcl,7Networks_LH_Cont_PFCl,control,lateral prefrontal cortex,L,265.0,70.62936189860555,65149.0,-9.944339405448411e-06,Q44,42.480000000000004,42.45269230769231,0.4361602304272302,52
141,7Networks_LH_Cont_PFCl_7,7networks_lh_cont_pfcl,7Networks_LH_Cont_PFCl,control,lateral prefrontal cortex,L,239.0,53.65554898882626,96135.0,-9.944339405448411e-06,Q44,42.480000000000004,42.45269230769231,0.4361602304272302,52
142,7Networks_LH_Cont_PFCl_8,7networks_lh_cont_pfcl,7Networks_LH_Cont_PFCl,control,lateral prefrontal cortex,L,276.0,68.34446393942191,105463.0,-9.944339405448411e-06,Q44,42.480000000000004,42.45269230769231,0.4361602304272302,52
143,7Networks_LH_Cont_PFCv_1,7networks_lh_cont_pfcv,7Networks_LH_Cont_PFCv,control,ventral prefrontal cortex,L,235.0,56.73154307876997,61898.0,-9.944339405448411e-06,Q44,42.480000000000004,42.45269230769231,0.4361602304272302,52
144,7Networks_LH_Cont_pCun_1,7networks_lh_cont_pcun,7Networks_LH_Cont_pCun,control,precuneus,L,227.0,53.63095207313692,138821.0,-9.944339405448411e-06,Q44,42.480000000000004,42.45269230769231,0.4361602304272302,52
145,7Networks_LH_Cont_pCun_2,7networks_lh_cont_pcun,7Networks_LH_Cont_pCun,control,precuneus,L,225.0,51.41093360421092,103646.0,-9.944339405448411e-06,Q44,42.480000000000004,42.45269230769231,0.4361602304272302,52
146,7Networks_LH_Cont_Cing_1,7networks_lh_cont_cing,7Networks_LH_Cont_Cing,control,cingulate,L,145.0,28.3868852156247,126406.0,-9.944339405448411e-06,Q44,42.480000000000004,42.45269230769231,0.4361602304272302,52
147,7Networks_LH_Cont_Cing_2,7networks_lh_cont_cing,7Networks_LH_Cont_Cing,control,cingulate,L,264.0,66.13213777818822,51623.0,-9.944339405448411e-06,Q44,42.480000000000004,42.45269230769231,0.4361602304272302,52
148,7Networks_LH_Cont_PFCmp_1,7networks_lh_cont_pfcmp,7Networks_LH_Cont_PFCmp,control,medial posterior prefrontal cortex,L,285.0,73.36509188290694,9496.0,-9.944339405448411e-06,Q44,42.480000000000004,42.45269230769231,0.4361602304272302,52
149,7Networks_LH_Default_Temp_1,7networks_lh_default_temp,7Networks_LH_Default_Temp,default,temporal,L,171.0,36.90222919937208,160731.0,-9.944339405448411e-06,Q44,42.480000000000004,42.45269230769231,0.4361602304272302,52
150,7Networks_LH_Default_Temp_2,7networks_lh_default_temp,7Networks_LH_Default_Temp,default,temporal,L,197.0,41.74652507156708,123315.0,-9.944339405448411e-06,Q44,42.480000000000004,42.45269230769231,0.4361602304272302,52
151,7Networks_LH_Default_Temp_3,7networks_lh_default_temp,7Networks_LH_Default_Temp,default,temporal,L,216.0,52.01475482500696,95580.0,-9.944339405448411e-06,Q44,42.480000000000004,42.45269230769231,0.4361602304272302,52
152,7Networks_LH_Default_Temp_4,7networks_lh_default_temp,7Networks_LH_Default_Temp,default,temporal,L,258.0,65.85298365500049,28627.0,-9.944339405448411e-06,Q44,42.480000000000004,42.45269230769231,0.4361602304272302,52
153,7Networks_LH_Default_Temp_5,7networks_lh_default_temp,7Networks_LH_Default_Temp,default,temporal,L,255.0,60.71428202050049,74271.0,-9.944339405448411e-06,Q44,42.480000000000004,42.45269230769231,0.4361602304272302,52
154,7Networks_LH_Default_Temp_6,7networks_lh_default_temp,7Networks_LH_Default_Temp,default,temporal,L,269.0,67.83073968048758,171799.0,-9.944339405448411e-06,Q44,42.480000000000004,42.45269230769231,0.4361602304272302,52
155,7Networks_LH_Default_Temp_7,7networks_lh_default_temp,7Networks_LH_Default_Temp,default,temporal,L,243.0,58.43148582509922,54065.0,-9.944339405448411e-06,Q44,42.480000000000004,42.45269230769231,0.4361602304272302,52
156,7Networks_LH_Default_Temp_8,7networks_lh_default_temp,7Networks_LH_Default_Temp,default,temporal,L,153.0,22.279852248591734,158183.0,-9.944339405448411e-06,Q44,42.480000000000004,42.45269230769231,0.4361602304272302,52
157,7Networks_LH_Default_Temp_9,7networks_lh_default_temp,7Networks_LH_Default_Temp,default,temporal,L,242.0,60.17709668482778,49917.0,-9.944339405448411e-06,Q44,42.480000000000004,42.45269230769231,0.4361602304272302,52
158,7Networks_LH_Default_Temp_10,7networks_lh_default_temp,7Networks_LH_Default_Temp,default,temporal,L,182.0,38.571171853356674,95994.0,-9.944339405448411e-06,Q44,42.480000000000004,42.45269230769231,0.4361602304272302,52
159,7Networks_LH_Default_Par_1,7networks_lh_default_par,7Networks_LH_Default_Par,default,parietal,L,173.0,30.660168067226913,112695.0,-9.944339405448411e-06,Q44,42.480000000000004,42.45269230769231,0.4361602304272302,52
160,7Networks_LH_Default_Par_2,7networks_lh_default_par,7Networks_LH_Default_Par,default,parietal,L,222.0,45.91150983470307,162320.0,-9.944339405448411e-06,Q44,42.480000000000004,42.45269230769231,0.4361602304272302,52
161,7Networks_LH_Default_Par_3,7networks_lh_default_par,7Networks_LH_Default_Par,default,parietal,L,211.0,48.274751131221734,88598.0,-9.944339405448411e-06,Q44,42.480000000000004,42.45269230769231,0.4361602304272302,52
162,7Networks_LH_Default_Par_4,7networks_lh_default_par,7Networks_LH_Default_Par,default,parietal,L,178.0,37.82412595807553,188868.0,-9.944339405448411e-06,Q44,42.480000000000004,42.45269230769231,0.4361602304272302,52
163,7Networks_LH_Default_Par_5,7networks_lh_default_par,7Networks_LH_Default_Par,default,parietal,L,302.0,77.96241204173978,190239.0,-9.944339405448411e-06,Q44,42.480000000000004,42.45269230769231,0.4361602304272302,52
164,7Networks_LH_Default_Par_6,7networks_lh_default_par,7Networks_LH_Default_Par,default,parietal,L,160.0,26.643516483516514,187906.0,-9.944339405448411e-06,Q44,42.480000000000004,42.45269230769231,0.4361602304272302,52
165,7Networks_LH_Default_Par_7,7networks_lh_default_par,7Networks_LH_Default_Par,default,parietal,L,155.0,31.845263643919093,157706.0,-9.944339405448411e-06,Q44,42.480000000000004,42.45269230769231,0.4361602304272302,52
166,7Networks_LH_Default_PFC_1,7networks_lh_default_pfc,7Networks_LH_Default_PFC,default,prefrontal cortex,L,202.0,40.20216455813096,152874.0,-9.944339405448411e-06,Q44,42.480000000000004,42.45269230769231,0.4361602304272302,52
167,7Networks_LH_Default_PFC_2,7networks_lh_default_pfc,7Networks_LH_Default_PFC,default,prefrontal cortex,L,201.0,43.56730446024565,68994.0,-9.944339405448411e-06,Q44,42.480000000000004,42.45269230769231,0.4361602304272302,52
168,7Networks_LH_Default_PFC_3,7networks_lh_default_pfc,7Networks_LH_Default_PFC,default,prefrontal cortex,L,231.0,50.18604857327547,117475.0,-9.944339405448411e-06,Q44,42.480000000000004,42.45269230769231,0.4361602304272302,52
169,7Networks_LH_Default_PFC_4,7networks_lh_default_pfc,7Networks_LH_Default_PFC,default,prefrontal cortex,L,309.0,89.91395327361714,24768.0,-9.944339405448411e-06,Q44,42.480000000000004,42.45269230769231,0.4361602304272302,52
170,7Networks_LH_Default_PFC_5,7networks_lh_default_pfc,7Networks_LH_Default_PFC,default,prefrontal cortex,L,243.0,58.04097885307968,84308.0,-9.944339405448411e-06,Q44,42.480000000000004,42.45269230769231,0.4361602304272302,52
171,7Networks_LH_Default_PFC_6,7networks_lh_default_pfc,7Networks_LH_Default_PFC,default,prefrontal cortex,L,191.0,41.67623049219687,83645.0,-9.944339405448411e-06,Q44,42.480000000000004,42.45269230769231,0.4361602304272302,52
172,7Networks_LH_Default_PFC_7,7networks_lh_default_pfc,7Networks_LH_Default_PFC,default,prefrontal cortex,L,302.0,83.90617970265032,35932.0,-9.944339405448411e-06,Q44,42.480000000000004,42.45269230769231,0.4361602304272302,52
173,7Networks_LH_Default_PFC_8,7networks_lh_default_pfc,7Networks_LH_Default_PFC,default,prefrontal cortex,L,235.0,54.182336319143026,82941.0,-9.944339405448411e-06,Q44,42.480000000000004,42.45269230769231,0.4361602304272302,52
174,7Networks_LH_Default_PFC_9,7networks_lh_default_pfc,7Networks_LH_Default_PFC,default,prefrontal cortex,L,330.0,98.56883922799884,0.0,-9.944339405448411e-06,Q44,42.480000000000004,42.45269230769231,0.4361602304272302,52
175,7Networks_LH_Default_PFC_10,7networks_lh_default_pfc,7Networks_LH_Default_PFC,default,prefrontal cortex,L,263.0,63.212052821128474,64874.0,-9.944339405448411e-06,Q44,42.480000000000004,42.45269230769231,0.4361602304272302,52
176,7Networks_LH_Default_PFC_11,7networks_lh_default_pfc,7Networks_LH_Default_PFC,default,prefrontal cortex,L,213.0,46.30056514913661,111574.0,-9.944339405448411e-06,Q44,42.480000000000004,42.45269230769231,0.4361602304272302,52
177,7Networks_LH_Default_PFC_12,7networks_lh_default_pfc,7Networks_LH_Default_PFC,default,prefrontal cortex,L,322.0,87.99244251546776,601.0,-9.944339405448411e-06,Q44,42.480000000000004,42.45269230769231,0.4361602304272302,52
178,7Networks_LH_Default_PFC_13,7networks_lh_default_pfc,7Networks_LH_Default_PFC,default,prefrontal cortex,L,293.0,81.46443623603287,1344.0,-9.944339405448411e-06,Q44,42.480000000000004,42.45269230769231,0.4361602304272302,52
179,7Networks_LH_Default_PFC_14,7networks_lh_default_pfc,7Networks_LH_Default_PFC,default,prefrontal cortex,L,245.0,59.326528765352265,68423.0,-9.944339405448411e-06,Q44,42.480000000000004,42.45269230769231,0.4361602304272302,52
180,7Networks_LH_Default_PFC_15,7networks_lh_default_pfc,7Networks_LH_Default_PFC,default,prefrontal cortex,L,329.0,85.3622919937206,639.0,-9.944339405448411e-06,Q44,42.480000000000004,42.45269230769231,0.4361602304272302,52
181,7Networks_LH_Default_PFC_16,7networks_lh_default_pfc,7Networks_LH_Default_PFC,default,prefrontal cortex,L,295.0,81.47275833410292,23098.0,-9.944339405448411e-06,Q44,42.480000000000004,42.45269230769231,0.4361602304272302,52
182,7Networks_LH_Default_PFC_17,7networks_lh_default_pfc,7Networks_LH_Default_PFC,default,prefrontal cortex,L,293.0,80.92141471973406,1086.0,-9.944339405448411e-06,Q44,42.480000000000004,42.45269230769231,0.4361602304272302,52
183,7Networks_LH_Default_PFC_18,7networks_lh_default_pfc,7Networks_LH_Default_PFC,default,prefrontal cortex,L,226.0,48.19813279157818,189212.0,-9.944339405448411e-06,Q44,42.480000000000004,42.45269230769231,0.4361602304272302,52
184,7Networks_LH_Default_PFC_19,7networks_lh_default_pfc,7Networks_LH_Default_PFC,default,prefrontal cortex,L,317.0,85.44446393942196,4369.0,-9.944339405448411e-06,Q44,42.480000000000004,42.45269230769231,0.4361602304272302,52
185,7Networks_LH_Default_PFC_20,7networks_lh_default_pfc,7Networks_LH_Default_PFC,default,prefrontal cortex,L,293.0,74.84685197155785,34935.0,-9.944339405448411e-06,Q44,42.480000000000004,42.45269230769231,0.4361602304272302,52
186,7Networks_LH_Default_PFC_21,7networks_lh_default_pfc,7Networks_LH_Default_PFC,default,prefrontal cortex,L,194.0,39.566148305476055,169643.0,-9.944339405448411e-06,Q44,42.480000000000004,42.45269230769231,0.4361602304272302,52
187,7Networks_LH_Default_PFC_22,7networks_lh_default_pfc,7Networks_LH_Default_PFC,default,prefrontal cortex,L,170.0,29.03984855480653,149386.0,-9.944339405448411e-06,Q44,42.480000000000004,42.45269230769231,0.4361602304272302,52
188,7Networks_LH_Default_PFC_23,7networks_lh_default_pfc,7Networks_LH_Default_PFC,default,prefrontal cortex,L,194.0,37.60169914119493,127608.0,-9.944339405448411e-06,Q44,42.480000000000004,42.45269230769231,0.4361602304272302,52
189,7Networks_LH_Default_PFC_24,7networks_lh_default_pfc,7Networks_LH_Default_PFC,default,prefrontal cortex,L,246.0,59.32391171853357,102922.0,-9.944339405448411e-06,Q44,42.480000000000004,42.45269230769231,0.4361602304272302,52
190,7Networks_LH_Default_pCunPCC_1,7networks_lh_default_pcunpcc,7Networks_LH_Default_pCunPCC,default,precuneus posterior cingulate cortex,L,214.0,51.92735432634598,98412.0,-9.944339405448411e-06,Q44,42.480000000000004,42.45269230769231,0.4361602304272302,52
191,7Networks_LH_Default_pCunPCC_2,7networks_lh_default_pcunpcc,7Networks_LH_Default_pCunPCC,default,precuneus posterior cingulate cortex,L,284.0,71.05190322282765,128655.0,-9.944339405448411e-06,Q44,42.480000000000004,42.45269230769231,0.4361602304272302,52
192,7Networks_LH_Default_pCunPCC_3,7networks_lh_default_pcunpcc,7Networks_LH_Default_pCunPCC,default,precuneus posterior cingulate cortex,L,202.0,45.16575122356639,102174.0,-9.944339405448411e-06,Q44,42.480000000000004,42.45269230769231,0.4361602304272302,52
193,7Networks_LH_Default_pCunPCC_4,7networks_lh_default_pcunpcc,7Networks_LH_Default_pCunPCC,default,precuneus posterior cingulate cortex,L,258.0,69.05290239172594,44812.0,-9.944339405448411e-06,Q44,42.480000000000004,42.45269230769231,0.4361602304272302,52
194,7Networks_LH_Default_pCunPCC_5,7networks_lh_default_pcunpcc,7Networks_LH_Default_pCunPCC,default,precuneus posterior cingulate cortex,L,294.0,73.32680025856499,10599.0,-9.944339405448411e-06,Q44,42.480000000000004,42.45269230769231,0.4361602304272302,52
195,7Networks_LH_Default_pCunPCC_6,7networks_lh_default_pcunpcc,7Networks_LH_Default_pCunPCC,default,precuneus posterior cingulate cortex,L,295.0,80.47066211099816,51261.0,-9.944339405448411e-06,Q44,42.480000000000004,42.45269230769231,0.4361602304272302,52
196,7Networks_LH_Default_pCunPCC_7,7networks_lh_default_pcunpcc,7Networks_LH_Default_pCunPCC,default,precuneus posterior cingulate cortex,L,318.0,93.99666820574384,110577.0,-9.944339405448411e-06,Q44,42.480000000000004,42.45269230769231,0.4361602304272302,52
197,7Networks_LH_Default_pCunPCC_8,7networks_lh_default_pcunpcc,7Networks_LH_Default_pCunPCC,default,precuneus posterior cingulate cortex,L,338.0,98.32275186997872,3.0,-9.944339405448411e-06,Q44,42.480000000000004,42.45269230769231,0.4361602304272302,52
198,7Networks_LH_Default_pCunPCC_9,7networks_lh_default_pcunpcc,7Networks_LH_Default_pCunPCC,default,precuneus posterior cingulate cortex,L,344.0,104.56018284236781,0.0,-9.944339405448411e-06,Q44,42.480000000000004,42.45269230769231,0.4361602304272302,52
199,7Networks_LH_Default_pCunPCC_10,7networks_lh_default_pcunpcc,7Networks_LH_Default_pCunPCC,default,precuneus posterior cingulate cortex,L,177.0,32.824934897035746,172450.0,-9.944339405448411e-06,Q44,42.480000000000004,42.45269230769231,0.4361602304272302,52
200,7Networks_LH_Default_pCunPCC_11,7networks_lh_default_pcunpcc,7Networks_LH_Default_pCunPCC,default,precuneus posterior cingulate cortex,L,284.0,72.19050512512695,114433.0,-9.944339405448411e-06,Q44,42.480000000000004,42.45269230769231,0.4361602304272302,52
201,7Networks_RH_Vis_1,7networks_rh_vis,7Networks_RH_Vis,visual,visual,R,117.0,5.476369009142116,182890.0,-9.944339405448411e-06,Q44,42.480000000000004,42.45269230769231,0.4361602304272302,52
202,7Networks_RH_Vis_2,7networks_rh_vis,7Networks_RH_Vis,visual,visual,R,152.0,24.210196694062233,193125.0,-9.944339405448411e-06,Q44,42.480000000000004,42.45269230769231,0.4361602304272302,52
203,7Networks_RH_Vis_3,7networks_rh_vis,7Networks_RH_Vis,visual,visual,R,143.0,21.08880413703942,167605.0,-9.944339405448411e-06,Q44,42.480000000000004,42.45269230769231,0.4361602304272302,52
204,7Networks_RH_Vis_4,7networks_rh_vis,7Networks_RH_Vis,visual,visual,R,301.0,72.16801920768306,52630.0,-9.944339405448411e-06,Q44,42.480000000000004,42.45269230769231,0.4361602304272302,52
205,7Networks_RH_Vis_5,7networks_rh_vis,7Networks_RH_Vis,visual,visual,R,238.0,53.65438175270108,130779.0,-9.944339405448411e-06,Q44,42.480000000000004,42.45269230769231,0.4361602304272302,52
206,7Networks_RH_Vis_6,7networks_rh_vis,7Networks_RH_Vis,visual,visual,R,196.0,42.749705420629816,122305.0,-9.944339405448411e-06,Q44,42.480000000000004,42.45269230769231,0.4361602304272302,52
207,7Networks_RH_Vis_7,7networks_rh_vis,7Networks_RH_Vis,visual,visual,R,101.0,-0.5764151814571976,178340.0,-9.944339405448411e-06,Q44,42.480000000000004,42.45269230769231,0.4361602304272302,52
208,7Networks_RH_Vis_8,7networks_rh_vis,7Networks_RH_Vis,visual,visual,R,250.0,59.58075353218207,82562.0,-9.944339405448411e-06,Q44,42.480000000000004,42.45269230769231,0.4361602304272302,52
209,7Networks_RH_Vis_9,7networks_rh_vis,7Networks_RH_Vis,visual,visual,R,189.0,38.89901560624251,127115.0,-9.944339405448411e-06,Q44,42.480000000000004,42.45269230769231,0.4361602304272302,52
210,7Networks_RH_Vis_10,7networks_rh_vis,7Networks_RH_Vis,visual,visual,R,243.0,55.0663145258103,75143.0,-9.944339405448411e-06,Q44,42.480000000000004,42.45269230769231,0.4361602304272302,52
211,7Networks_RH_Vis_11,7networks_rh_vis,7Networks_RH_Vis,visual,visual,R,190.0,41.67061593868317,86820.0,-9.944339405448411e-06,Q44,42.480000000000004,42.45269230769231,0.4361602304272302,52
212,7Networks_RH_Vis_12,7networks_rh_vis,7Networks_RH_Vis,visual,visual,R,206.0,40.86715116815955,116977.0,-9.944339405448411e-06,Q44,42.480000000000004,42.45269230769231,0.4361602304272302,52
213,7Networks_RH_Vis_13,7networks_rh_vis,7Networks_RH_Vis,visual,visual,R,150.0,27.114047465139908,135213.0,-9.944339405448411e-06,Q44,42.480000000000004,42.45269230769231,0.4361602304272302,52
214,7Networks_RH_Vis_14,7networks_rh_vis,7Networks_RH_Vis,visual,visual,R,188.0,38.92123926493667,154024.0,-9.944339405448411e-06,Q44,42.480000000000004,42.45269230769231,0.4361602304272302,52
215,7Networks_RH_Vis_15,7networks_rh_vis,7Networks_RH_Vis,visual,visual,R,150.0,22.20135746606335,169755.0,-9.944339405448411e-06,Q44,42.480000000000004,42.45269230769231,0.4361602304272302,52
216,7Networks_RH_Vis_16,7networks_rh_vis,7Networks_RH_Vis,visual,visual,R,216.0,45.884129651860704,120545.0,-9.944339405448411e-06,Q44,42.480000000000004,42.45269230769231,0.4361602304272302,52
217,7Networks_RH_Vis_17,7networks_rh_vis,7Networks_RH_Vis,visual,visual,R,191.0,44.07229291716687,189318.0,-9.944339405448411e-06,Q44,42.480000000000004,42.45269230769231,0.4361602304272302,52
218,7Networks_RH_Vis_18,7networks_rh_vis,7Networks_RH_Vis,visual,visual,R,244.0,62.73651860744296,31480.0,-9.944339405448411e-06,Q44,42.480000000000004,42.45269230769231,0.4361602304272302,52
219,7Networks_RH_Vis_19,7networks_rh_vis,7Networks_RH_Vis,visual,visual,R,151.0,29.23485271031489,188250.0,-9.944339405448411e-06,Q44,42.480000000000004,42.45269230769231,0.4361602304272302,52
220,7Networks_RH_Vis_20,7networks_rh_vis,7Networks_RH_Vis,visual,visual,R,74.0,-11.431823806445657,189664.0,-9.944339405448411e-06,Q44,42.480000000000004,42.45269230769231,0.4361602304272302,52
221,7Networks_RH_Vis_21,7networks_rh_vis,7Networks_RH_Vis,visual,visual,R,237.0,57.4325551759165,44734.0,-9.944339405448411e-06,Q44,42.480000000000004,42.45269230769231,0.4361602304272302,52
222,7Networks_RH_Vis_22,7networks_rh_vis,7Networks_RH_Vis,visual,visual,R,156.0,30.270527287838217,96053.0,-9.944339405448411e-06,Q44,42.480000000000004,42.45269230769231,0.4361602304272302,52
223,7Networks_RH_Vis_23,7networks_rh_vis,7Networks_RH_Vis,visual,visual,R,160.0,30.419488410748937,110967.0,-9.944339405448411e-06,Q44,42.480000000000004,42.45269230769231,0.4361602304272302,52
224,7Networks_RH_Vis_24,7networks_rh_vis,7Networks_RH_Vis,visual,visual,R,277.0,69.81446116908305,102745.0,-9.944339405448411e-06,Q44,42.480000000000004,42.45269230769231,0.4361602304272302,52
225,7Networks_RH_Vis_25,7networks_rh_vis,7Networks_RH_Vis,visual,visual,R,224.0,52.20862683534949,114928.0,-9.944339405448411e-06,Q44,42.480000000000004,42.45269230769231,0.4361602304272302,52
226,7Networks_RH_Vis_26,7networks_rh_vis,7Networks_RH_Vis,visual,visual,R,197.0,48.89509465324596,82471.0,-9.944339405448411e-06,Q44,42.480000000000004,42.45269230769231,0.4361602304272302,52
227,7Networks_RH_Vis_27,7networks_rh_vis,7Networks_RH_Vis,visual,visual,R,159.0,25.771701911533846,149971.0,-9.944339405448411e-06,Q44,42.480000000000004,42.45269230769231,0.4361602304272302,52
228,7Networks_RH_Vis_28,7networks_rh_vis,7Networks_RH_Vis,visual,visual,R,303.0,85.52394126881522,1274.0,-9.944339405448411e-06,Q44,42.480000000000004,42.45269230769231,0.4361602304272302,52
229,7Networks_RH_Vis_29,7networks_rh_vis,7Networks_RH_Vis,visual,visual,R,260.0,60.46808384892421,126605.0,-9.944339405448411e-06,Q44,42.480000000000004,42.45269230769231,0.4361602304272302,52
230,7Networks_RH_Vis_30,7networks_rh_vis,7Networks_RH_Vis,visual,visual,R,190.0,35.83586111367624,110939.0,-9.944339405448411e-06,Q44,42.480000000000004,42.45269230769231,0.4361602304272302,52
231,7Networks_RH_SomMot_1,7networks_rh_sommot,7Networks_RH_SomMot,somatomotor,somatomotor,R,294.0,79.32708468002579,52092.0,-9.944339405448411e-06,Q44,42.480000000000004,42.45269230769231,0.4361602304272302,52
232,7Networks_RH_SomMot_2,7networks_rh_sommot,7Networks_RH_SomMot,somatomotor,somatomotor,R,246.0,57.147221350078524,111563.0,-9.944339405448411e-06,Q44,42.480000000000004,42.45269230769231,0.4361602304272302,52
233,7Networks_RH_SomMot_3,7networks_rh_sommot,7Networks_RH_SomMot,somatomotor,somatomotor,R,273.0,73.03268630529134,69292.0,-9.944339405448411e-06,Q44,42.480000000000004,42.45269230769231,0.4361602304272302,52
234,7Networks_RH_SomMot_4,7networks_rh_sommot,7Networks_RH_SomMot,somatomotor,somatomotor,R,304.0,76.93732754640318,7700.0,-9.944339405448411e-06,Q44,42.480000000000004,42.45269230769231,0.4361602304272302,52
235,7Networks_RH_SomMot_5,7networks_rh_sommot,7Networks_RH_SomMot,somatomotor,somatomotor,R,282.0,77.230039708191,48533.0,-9.944339405448411e-06,Q44,42.480000000000004,42.45269230769231,0.4361602304272302,52
236,7Networks_RH_SomMot_6,7networks_rh_sommot,7Networks_RH_SomMot,somatomotor,somatomotor,R,331.0,99.32693508172497,15.0,-9.944339405448411e-06,Q44,42.480000000000004,42.45269230769231,0.4361602304272302,52
237,7Networks_RH_SomMot_7,7networks_rh_sommot,7Networks_RH_SomMot,somatomotor,somatomotor,R,199.0,40.94182103610677,198562.0,-9.944339405448411e-06,Q44,42.480000000000004,42.45269230769231,0.4361602304272302,52
238,7Networks_RH_SomMot_8,7networks_rh_sommot,7Networks_RH_SomMot,somatomotor,somatomotor,R,161.0,30.845265490811702,135383.0,-9.944339405448411e-06,Q44,42.480000000000004,42.45269230769231,0.4361602304272302,52
239,7Networks_RH_SomMot_9,7networks_rh_sommot,7Networks_RH_SomMot,somatomotor,somatomotor,R,308.0,85.77459229845778,194665.0,-9.944339405448411e-06,Q44,42.480000000000004,42.45269230769231,0.4361602304272302,52
240,7Networks_RH_SomMot_10,7networks_rh_sommot,7Networks_RH_SomMot,somatomotor,somatomotor,R,259.0,65.20632191338072,91395.0,-9.944339405448411e-06,Q44,42.480000000000004,42.45269230769231,0.4361602304272302,52
241,7Networks_RH_SomMot_11,7networks_rh_sommot,7Networks_RH_SomMot,somatomotor,somatomotor,R,304.0,82.72297903776897,52869.0,-9.944339405448411e-06,Q44,42.480000000000004,42.45269230769231,0.4361602304272302,52
242,7Networks_RH_SomMot_12,7networks_rh_sommot,7Networks_RH_SomMot,somatomotor,somatomotor,R,305.0,82.3252119309262,202.0,-9.944339405448411e-06,Q44,42.480000000000004,42.45269230769231,0.4361602304272302,52
243,7Networks_RH_SomMot_13,7networks_rh_sommot,7Networks_RH_SomMot,somatomotor,somatomotor,R,276.0,70.06321544002222,23209.0,-9.944339405448411e-06,Q44,42.480000000000004,42.45269230769231,0.4361602304272302,52
244,7Networks_RH_SomMot_14,7networks_rh_sommot,7Networks_RH_SomMot,somatomotor,somatomotor,R,254.0,64.49935358758884,129019.0,-9.944339405448411e-06,Q44,42.480000000000004,42.45269230769231,0.4361602304272302,52
245,7Networks_RH_SomMot_15,7networks_rh_sommot,7Networks_RH_SomMot,somatomotor,somatomotor,R,240.0,56.66104534121339,63007.0,-9.944339405448411e-06,Q44,42.480000000000004,42.45269230769231,0.4361602304272302,52
246,7Networks_RH_SomMot_16,7networks_rh_sommot,7Networks_RH_SomMot,somatomotor,somatomotor,R,234.0,54.22612798965743,154575.0,-9.944339405448411e-06,Q44,42.480000000000004,42.45269230769231,0.4361602304272302,52
247,7Networks_RH_SomMot_17,7networks_rh_sommot,7Networks_RH_SomMot,somatomotor,somatomotor,R,248.0,64.90976267430044,76277.0,-9.944339405448411e-06,Q44,42.480000000000004,42.45269230769231,0.4361602304272302,52
248,7Networks_RH_SomMot_18,7networks_rh_sommot,7Networks_RH_SomMot,somatomotor,somatomotor,R,306.0,79.55990950226236,153037.0,-9.944339405448411e-06,Q44,42.480000000000004,42.45269230769231,0.4361602304272302,52
249,7Networks_RH_SomMot_19,7networks_rh_sommot,7Networks_RH_SomMot,somatomotor,somatomotor,R,200.0,45.856154769600124,62705.0,-9.944339405448411e-06,Q44,42.480000000000004,42.45269230769231,0.4361602304272302,52
250,7Networks_RH_SomMot_20,7networks_rh_sommot,7Networks_RH_SomMot,somatomotor,somatomotor,R,279.0,72.95370948379349,29025.0,-9.944339405448411e-06,Q44,42.480000000000004,42.45269230769231,0.4361602304272302,52
251,7Networks_RH_SomMot_21,7networks_rh_sommot,7Networks_RH_SomMot,somatomotor,somatomotor,R,279.0,68.58762027888085,119804.0,-9.944339405448411e-06,Q44,42.480000000000004,42.45269230769231,0.4361602304272302,52
252,7Networks_RH_SomMot_22,7networks_rh_sommot,7Networks_RH_SomMot,somatomotor,somatomotor,R,281.0,70.90287930556833,31077.0,-9.944339405448411e-06,Q44,42.480000000000004,42.45269230769231,0.4361602304272302,52
253,7Networks_RH_SomMot_23,7networks_rh_sommot,7Networks_RH_SomMot,somatomotor,somatomotor,R,195.0,41.87014313417674,90087.0,-9.944339405448411e-06,Q44,42.480000000000004,42.45269230769231,0.4361602304272302,52
254,7Networks_RH_SomMot_24,7networks_rh_sommot,7Networks_RH_SomMot,somatomotor,somatomotor,R,258.0,68.00354788069077,177870.0,-9.944339405448411e-06,Q44,42.480000000000004,42.45269230769231,0.4361602304272302,52
255,7Networks_RH_SomMot_25,7networks_rh_sommot,7Networks_RH_SomMot,somatomotor,somatomotor,R,265.0,67.18220149598301,50773.0,-9.944339405448411e-06,Q44,42.480000000000004,42.45269230769231,0.4361602304272302,52
256,7Networks_RH_SomMot_26,7networks_rh_sommot,7Networks_RH_SomMot,somatomotor,somatomotor,R,174.0,35.12745405854647,90947.0,-9.944339405448411e-06,Q44,42.480000000000004,42.45269230769231,0.4361602304272302,52
257,7Networks_RH_SomMot_27,7networks_rh_sommot,7Networks_RH_SomMot,somatomotor,somatomotor,R,230.0,54.33850217009882,146713.0,-9.944339405448411e-06,Q44,42.480000000000004,42.45269230769231,0.4361602304272302,52
258,7Networks_RH_SomMot_28,7networks_rh_sommot,7Networks_RH_SomMot,somatomotor,somatomotor,R,179.0,31.35537538092159,143019.0,-9.944339405448411e-06,Q44,42.480000000000004,42.45269230769231,0.4361602304272302,52
259,7Networks_RH_SomMot_29,7networks_rh_sommot,7Networks_RH_SomMot,somatomotor,somatomotor,R,244.0,61.505254409456064,67048.0,-9.944339405448411e-06,Q44,42.480000000000004,42.45269230769231,0.4361602304272302,52
260,7Networks_RH_SomMot_30,7networks_rh_sommot,7Networks_RH_SomMot,somatomotor,somatomotor,R,258.0,61.490106196324646,43201.0,-9.944339405448411e-06,Q44,42.480000000000004,42.45269230769231,0.4361602304272302,52
261,7Networks_RH_SomMot_31,7networks_rh_sommot,7Networks_RH_SomMot,somatomotor,somatomotor,R,128.0,17.234603379813457,157038.0,-9.944339405448411e-06,Q44,42.480000000000004,42.45269230769231,0.4361602304272302,52
262,7Networks_RH_SomMot_32,7networks_rh_sommot,7Networks_RH_SomMot,somatomotor,somatomotor,R,184.0,38.69311478437529,91906.0,-9.944339405448411e-06,Q44,42.480000000000004,42.45269230769231,0.4361602304272302,52
263,7Networks_RH_SomMot_33,7networks_rh_sommot,7Networks_RH_SomMot,somatomotor,somatomotor,R,161.0,31.409094099178112,164838.0,-9.944339405448411e-06,Q44,42.480000000000004,42.45269230769231,0.4361602304272302,52
264,7Networks_RH_SomMot_34,7networks_rh_sommot,7Networks_RH_SomMot,somatomotor,somatomotor,R,209.0,51.97209714655094,110491.0,-9.944339405448411e-06,Q44,42.480000000000004,42.45269230769231,0.4361602304272302,52
265,7Networks_RH_SomMot_35,7networks_rh_sommot,7Networks_RH_SomMot,somatomotor,somatomotor,R,256.0,65.19327546403174,69689.0,-9.944339405448411e-06,Q44,42.480000000000004,42.45269230769231,0.4361602304272302,52
266,7Networks_RH_SomMot_36,7networks_rh_sommot,7Networks_RH_SomMot,somatomotor,somatomotor,R,161.0,29.223097238895523,159116.0,-9.944339405448411e-06,Q44,42.480000000000004,42.45269230769231,0.4361602304272302,52
267,7Networks_RH_SomMot_37,7networks_rh_sommot,7Networks_RH_SomMot,somatomotor,somatomotor,R,169.0,33.266172315079906,167277.0,-9.944339405448411e-06,Q44,42.480000000000004,42.45269230769231,0.4361602304272302,52
268,7Networks_RH_SomMot_38,7networks_rh_sommot,7Networks_RH_SomMot,somatomotor,somatomotor,R,210.0,45.09134546126143,155572.0,-9.944339405448411e-06,Q44,42.480000000000004,42.45269230769231,0.4361602304272302,52
269,7Networks_RH_SomMot_39,7networks_rh_sommot,7Networks_RH_SomMot,somatomotor,somatomotor,R,81.0,-6.390998245452024,197131.0,-9.944339405448411e-06,Q44,42.480000000000004,42.45269230769231,0.4361602304272302,52
270,7Networks_RH_SomMot_40,7networks_rh_sommot,7Networks_RH_SomMot,somatomotor,somatomotor,R,191.0,41.07255517591649,105517.0,-9.944339405448411e-06,Q44,42.480000000000004,42.45269230769231,0.4361602304272302,52
271,7Networks_RH_DorsAttn_Post_1,7networks_rh_dorsattn_post,7Networks_RH_DorsAttn_Post,dorsal attention,posterior,R,319.0,86.87290793240359,32661.0,-9.944339405448411e-06,Q44,42.480000000000004,42.45269230769231,0.4361602304272302,52
272,7Networks_RH_DorsAttn_Post_2,7networks_rh_dorsattn_post,7Networks_RH_DorsAttn_Post,dorsal attention,posterior,R,204.0,42.383326253578396,73523.0,-9.944339405448411e-06,Q44,42.480000000000004,42.45269230769231,0.4361602304272302,52
273,7Networks_RH_DorsAttn_Post_3,7networks_rh_dorsattn_post,7Networks_RH_DorsAttn_Post,dorsal attention,posterior,R,280.0,74.55235940530052,90913.0,-9.944339405448411e-06,Q44,42.480000000000004,42.45269230769231,0.4361602304272302,52
274,7Networks_RH_DorsAttn_Post_4,7networks_rh_dorsattn_post,7Networks_RH_DorsAttn_Post,dorsal attention,posterior,R,204.0,41.09044417767105,160980.0,-9.944339405448411e-06,Q44,42.480000000000004,42.45269230769231,0.4361602304272302,52
275,7Networks_RH_DorsAttn_Post_5,7networks_rh_dorsattn_post,7Networks_RH_DorsAttn_Post,dorsal attention,posterior,R,116.0,8.936380090497735,151392.0,-9.944339405448411e-06,Q44,42.480000000000004,42.45269230769231,0.4361602304272302,52
276,7Networks_RH_DorsAttn_Post_6,7networks_rh_dorsattn_post,7Networks_RH_DorsAttn_Post,dorsal attention,posterior,R,263.0,69.38940991781324,48770.0,-9.944339405448411e-06,Q44,42.480000000000004,42.45269230769231,0.4361602304272302,52
277,7Networks_RH_DorsAttn_Post_7,7networks_rh_dorsattn_post,7Networks_RH_DorsAttn_Post,dorsal attention,posterior,R,151.0,27.857615661649273,152670.0,-9.944339405448411e-06,Q44,42.480000000000004,42.45269230769231,0.4361602304272302,52
278,7Networks_RH_DorsAttn_Post_8,7networks_rh_dorsattn_post,7Networks_RH_DorsAttn_Post,dorsal attention,posterior,R,239.0,58.06018653615288,75344.0,-9.944339405448411e-06,Q44,42.480000000000004,42.45269230769231,0.4361602304272302,52
279,7Networks_RH_DorsAttn_Post_9,7networks_rh_dorsattn_post,7Networks_RH_DorsAttn_Post,dorsal attention,posterior,R,303.0,82.01676239726655,29111.0,-9.944339405448411e-06,Q44,42.480000000000004,42.45269230769231,0.4361602304272302,52
280,7Networks_RH_DorsAttn_Post_10,7networks_rh_dorsattn_post,7Networks_RH_DorsAttn_Post,dorsal attention,posterior,R,203.0,46.797628589897535,43593.0,-9.944339405448411e-06,Q44,42.480000000000004,42.45269230769231,0.4361602304272302,52
281,7Networks_RH_DorsAttn_Post_11,7networks_rh_dorsattn_post,7Networks_RH_DorsAttn_Post,dorsal attention,posterior,R,231.0,53.47463293009506,191754.0,-9.944339405448411e-06,Q44,42.480000000000004,42.45269230769231,0.4361602304272302,52
282,7Networks_RH_DorsAttn_Post_12,7networks_rh_dorsattn_post,7Networks_RH_DorsAttn_Post,dorsal attention,posterior,R,95.0,5.993877551020404,144049.0,-9.944339405448411e-06,Q44,42.480000000000004,42.45269230769231,0.4361602304272302,52
283,7Networks_RH_DorsAttn_Post_13,7networks_rh_dorsattn_post,7Networks_RH_DorsAttn_Post,dorsal attention,posterior,R,246.0,55.41602918090311,111440.0,-9.944339405448411e-06,Q44,42.480000000000004,42.45269230769231,0.4361602304272302,52
284,7Networks_RH_DorsAttn_Post_14,7networks_rh_dorsattn_post,7Networks_RH_DorsAttn_Post,dorsal attention,posterior,R,257.0,67.0533031674208,26223.0,-9.944339405448411e-06,Q44,42.480000000000004,42.45269230769231,0.4361602304272302,52
285,7Networks_RH_DorsAttn_Post_15,7networks_rh_dorsattn_post,7Networks_RH_DorsAttn_Post,dorsal attention,posterior,R,262.0,64.03156339458862,48488.0,-9.944339405448411e-06,Q44,42.480000000000004,42.45269230769231,0.4361602304272302,52
286,7Networks_RH_DorsAttn_Post_16,7networks_rh_dorsattn_post,7Networks_RH_DorsAttn_Post,dorsal attention,posterior,R,249.0,58.032073136947105,35547.0,-9.944339405448411e-06,Q44,42.480000000000004,42.45269230769231,0.4361602304272302,52
287,7Networks_RH_DorsAttn_Post_17,7networks_rh_dorsattn_post,7Networks_RH_DorsAttn_Post,dorsal attention,posterior,R,259.0,64.64470772924554,58272.0,-9.944339405448411e-06,Q44,42.480000000000004,42.45269230769231,0.4361602304272302,52
288,7Networks_RH_DorsAttn_Post_18,7networks_rh_dorsattn_post,7Networks_RH_DorsAttn_Post,dorsal attention,posterior,R,245.0,62.92011081355618,62470.0,-9.944339405448411e-06,Q44,42.480000000000004,42.45269230769231,0.4361602304272302,52
289,7Networks_RH_DorsAttn_Post_19,7networks_rh_dorsattn_post,7Networks_RH_DorsAttn_Post,dorsal attention,posterior,R,153.0,25.87295410471882,173755.0,-9.944339405448411e-06,Q44,42.480000000000004,42.45269230769231,0.4361602304272302,52
290,7Networks_RH_DorsAttn_FEF_1,7networks_rh_dorsattn_fef,7Networks_RH_DorsAttn_FEF,dorsal attention,frontal eye fields,R,240.0,56.552924554437226,44092.0,-9.944339405448411e-06,Q44,42.480000000000004,42.45269230769231,0.4361602304272302,52
291,7Networks_RH_DorsAttn_FEF_2,7networks_rh_dorsattn_fef,7Networks_RH_DorsAttn_FEF,dorsal attention,frontal eye fields,R,254.0,59.60972019577058,44015.0,-9.944339405448411e-06,Q44,42.480000000000004,42.45269230769231,0.4361602304272302,52
292,7Networks_RH_DorsAttn_FEF_3,7networks_rh_dorsattn_fef,7Networks_RH_DorsAttn_FEF,dorsal attention,frontal eye fields,R,137.0,24.22242127620279,123055.0,-9.944339405448411e-06,Q44,42.480000000000004,42.45269230769231,0.4361602304272302,52
293,7Networks_RH_DorsAttn_PrCv_1,7networks_rh_dorsattn_prcv,7Networks_RH_DorsAttn_PrCv,dorsal attention,precentral ventral,R,264.0,63.762770338904836,72656.0,-9.944339405448411e-06,Q44,42.480000000000004,42.45269230769231,0.4361602304272302,52
294,7Networks_RH_SalVentAttn_TempOccPar_1,7networks_rh_salventattn_tempoccpar,7Networks_RH_SalVentAttn_TempOccPar,salience / ventral attention,temporal occipital parietal,R,255.0,63.10138147566718,44871.0,-9.944339405448411e-06,Q44,42.480000000000004,42.45269230769231,0.4361602304272302,52
295,7Networks_RH_SalVentAttn_TempOccPar_2,7networks_rh_salventattn_tempoccpar,7Networks_RH_SalVentAttn_TempOccPar,salience / ventral attention,temporal occipital parietal,R,269.0,68.30912549635235,71677.0,-9.944339405448411e-06,Q44,42.480000000000004,42.45269230769231,0.4361602304272302,52
296,7Networks_RH_SalVentAttn_TempOccPar_3,7networks_rh_salventattn_tempoccpar,7Networks_RH_SalVentAttn_TempOccPar,salience / ventral attention,temporal occipital parietal,R,167.0,37.15643549727582,160051.0,-9.944339405448411e-06,Q44,42.480000000000004,42.45269230769231,0.4361602304272302,52
297,7Networks_RH_SalVentAttn_TempOccPar_4,7networks_rh_salventattn_tempoccpar,7Networks_RH_SalVentAttn_TempOccPar,salience / ventral attention,temporal occipital parietal,R,168.0,32.32651399021148,196679.0,-9.944339405448411e-06,Q44,42.480000000000004,42.45269230769231,0.4361602304272302,52
298,7Networks_RH_SalVentAttn_TempOccPar_5,7networks_rh_salventattn_tempoccpar,7Networks_RH_SalVentAttn_TempOccPar,salience / ventral attention,temporal occipital parietal,R,209.0,48.65879213223749,173401.0,-9.944339405448411e-06,Q44,42.480000000000004,42.45269230769231,0.4361602304272302,52
299,7Networks_RH_SalVentAttn_TempOccPar_6,7networks_rh_salventattn_tempoccpar,7Networks_RH_SalVentAttn_TempOccPar,salience / ventral attention,temporal occipital parietal,R,151.0,20.79902484070553,177716.0,-9.944339405448411e-06,Q44,42.480000000000004,42.45269230769231,0.4361602304272302,52
300,7Networks_RH_SalVentAttn_TempOccPar_7,7networks_rh_salventattn_tempoccpar,7Networks_RH_SalVentAttn_TempOccPar,salience / ventral attention,temporal occipital parietal,R,256.0,57.44497368178046,85733.0,-9.944339405448411e-06,Q44,42.480000000000004,42.45269230769231,0.4361602304272302,52
301,7Networks_RH_SalVentAttn_PrC_1,7networks_rh_salventattn_prc,7Networks_RH_SalVentAttn_PrC,salience / ventral attention,precentral,R,159.0,28.284617231507987,110621.0,-9.944339405448411e-06,Q44,42.480000000000004,42.45269230769231,0.4361602304272302,52
302,7Networks_RH_SalVentAttn_FrOperIns_1,7networks_rh_salventattn_froperins,7Networks_RH_SalVentAttn_FrOperIns,salience / ventral attention,frontal operculum insula,R,229.0,56.6039892880229,190858.0,-9.944339405448411e-06,Q44,42.480000000000004,42.45269230769231,0.4361602304272302,52
303,7Networks_RH_SalVentAttn_FrOperIns_2,7networks_rh_salventattn_froperins,7Networks_RH_SalVentAttn_FrOperIns,salience / ventral attention,frontal operculum insula,R,289.0,77.70208698864158,35600.0,-9.944339405448411e-06,Q44,42.480000000000004,42.45269230769231,0.4361602304272302,52
304,7Networks_RH_SalVentAttn_FrOperIns_3,7networks_rh_salventattn_froperins,7Networks_RH_SalVentAttn_FrOperIns,salience / ventral attention,frontal operculum insula,R,322.0,87.46554252470209,22784.0,-9.944339405448411e-06,Q44,42.480000000000004,42.45269230769231,0.4361602304272302,52
305,7Networks_RH_SalVentAttn_FrOperIns_4,7networks_rh_salventattn_froperins,7Networks_RH_SalVentAttn_FrOperIns,salience / ventral attention,frontal operculum insula,R,346.0,103.81851509834715,0.0,-9.944339405448411e-06,Q44,42.480000000000004,42.45269230769231,0.4361602304272302,52
306,7Networks_RH_SalVentAttn_FrOperIns_5,7networks_rh_salventattn_froperins,7Networks_RH_SalVentAttn_FrOperIns,salience / ventral attention,frontal operculum insula,R,291.0,81.71478437528859,28009.0,-9.944339405448411e-06,Q44,42.480000000000004,42.45269230769231,0.4361602304272302,52
307,7Networks_RH_SalVentAttn_FrOperIns_6,7networks_rh_salventattn_froperins,7Networks_RH_SalVentAttn_FrOperIns,salience / ventral attention,frontal operculum insula,R,305.0,81.6084181364854,3188.0,-9.944339405448411e-06,Q44,42.480000000000004,42.45269230769231,0.4361602304272302,52
308,7Networks_RH_SalVentAttn_FrOperIns_7,7networks_rh_salventattn_froperins,7Networks_RH_SalVentAttn_FrOperIns,salience / ventral attention,frontal operculum insula,R,331.0,98.9635164835165,0.0,-9.944339405448411e-06,Q44,42.480000000000004,42.45269230769231,0.4361602304272302,52
309,7Networks_RH_SalVentAttn_FrOperIns_8,7networks_rh_salventattn_froperins,7Networks_RH_SalVentAttn_FrOperIns,salience / ventral attention,frontal operculum insula,R,306.0,86.33313879397913,3630.0,-9.944339405448411e-06,Q44,42.480000000000004,42.45269230769231,0.4361602304272302,52
310,7Networks_RH_SalVentAttn_PFCl_1,7networks_rh_salventattn_pfcl,7Networks_RH_SalVentAttn_PFCl,salience / ventral attention,lateral prefrontal cortex,R,332.0,93.75299658324865,6427.0,-9.944339405448411e-06,Q44,42.480000000000004,42.45269230769231,0.4361602304272302,52
311,7Networks_RH_SalVentAttn_Med_1,7networks_rh_salventattn_med,7Networks_RH_SalVentAttn_Med,salience / ventral attention,medial,R,338.0,97.14587311847812,2553.0,-9.944339405448411e-06,Q44,42.480000000000004,42.45269230769231,0.4361602304272302,52
312,7Networks_RH_SalVentAttn_Med_2,7networks_rh_salventattn_med,7Networks_RH_SalVentAttn_Med,salience / ventral attention,medial,R,275.0,75.82805429864254,75013.0,-9.944339405448411e-06,Q44,42.480000000000004,42.45269230769231,0.4361602304272302,52
313,7Networks_RH_SalVentAttn_Med_3,7networks_rh_salventattn_med,7Networks_RH_SalVentAttn_Med,salience / ventral attention,medial,R,245.0,64.33313510019389,36291.0,-9.944339405448411e-06,Q44,42.480000000000004,42.45269230769231,0.4361602304272302,52
314,7Networks_RH_SalVentAttn_Med_4,7networks_rh_salventattn_med,7Networks_RH_SalVentAttn_Med,salience / ventral attention,medial,R,316.0,83.62636623880306,120080.0,-9.944339405448411e-06,Q44,42.480000000000004,42.45269230769231,0.4361602304272302,52
315,7Networks_RH_SalVentAttn_Med_5,7networks_rh_salventattn_med,7Networks_RH_SalVentAttn_Med,salience / ventral attention,medial,R,221.0,49.364497183488794,67213.0,-9.944339405448411e-06,Q44,42.480000000000004,42.45269230769231,0.4361602304272302,52
316,7Networks_RH_SalVentAttn_Med_6,7networks_rh_salventattn_med,7Networks_RH_SalVentAttn_Med,salience / ventral attention,medial,R,323.0,89.38245452026969,7327.0,-9.944339405448411e-06,Q44,42.480000000000004,42.45269230769231,0.4361602304272302,52
317,7Networks_RH_SalVentAttn_Med_7,7networks_rh_salventattn_med,7Networks_RH_SalVentAttn_Med,salience / ventral attention,medial,R,156.0,20.127769877181656,164420.0,-9.944339405448411e-06,Q44,42.480000000000004,42.45269230769231,0.4361602304272302,52
318,7Networks_RH_SalVentAttn_Med_8,7networks_rh_salventattn_med,7Networks_RH_SalVentAttn_Med,salience / ventral attention,medial,R,150.0,24.261455351371318,169880.0,-9.944339405448411e-06,Q44,42.480000000000004,42.45269230769231,0.4361602304272302,52
319,7Networks_RH_Limbic_OFC_1,7networks_rh_limbic_ofc,7Networks_RH_Limbic_OFC,limbic,orbital frontal cortex,R,233.0,54.135186997876055,90500.0,-9.944339405448411e-06,Q44,42.480000000000004,42.45269230769231,0.4361602304272302,52
320,7Networks_RH_Limbic_OFC_2,7networks_rh_limbic_ofc,7Networks_RH_Limbic_OFC,limbic,orbital frontal cortex,R,338.0,95.87570412780498,2036.0,-9.944339405448411e-06,Q44,42.480000000000004,42.45269230769231,0.4361602304272302,52
321,7Networks_RH_Limbic_OFC_3,7networks_rh_limbic_ofc,7Networks_RH_Limbic_OFC,limbic,orbital frontal cortex,R,325.0,85.77293378890013,460.0,-9.944339405448411e-06,Q44,42.480000000000004,42.45269230769231,0.4361602304272302,52
322,7Networks_RH_Limbic_OFC_4,7networks_rh_limbic_ofc,7Networks_RH_Limbic_OFC,limbic,orbital frontal cortex,R,202.0,44.005228552959665,80570.0,-9.944339405448411e-06,Q44,42.480000000000004,42.45269230769231,0.4361602304272302,52
323,7Networks_RH_Limbic_OFC_5,7networks_rh_limbic_ofc,7Networks_RH_Limbic_OFC,limbic,orbital frontal cortex,R,267.0,71.75615661649279,34695.0,-9.944339405448411e-06,Q44,42.480000000000004,42.45269230769231,0.4361602304272302,52
324,7Networks_RH_Limbic_OFC_6,7networks_rh_limbic_ofc,7Networks_RH_Limbic_OFC,limbic,orbital frontal cortex,R,204.0,47.541368547418955,88930.0,-9.944339405448411e-06,Q44,42.480000000000004,42.45269230769231,0.4361602304272302,52
325,7Networks_RH_Limbic_TempPole_1,7networks_rh_limbic_temppole,7Networks_RH_Limbic_TempPole,limbic,temporal pole,R,133.0,16.264029919660175,184536.0,-9.944339405448411e-06,Q44,42.480000000000004,42.45269230769231,0.4361602304272302,52
326,7Networks_RH_Limbic_TempPole_2,7networks_rh_limbic_temppole,7Networks_RH_Limbic_TempPole,limbic,temporal pole,R,140.0,23.144057623049214,140675.0,-9.944339405448411e-06,Q44,42.480000000000004,42.45269230769231,0.4361602304272302,52
327,7Networks_RH_Limbic_TempPole_3,7networks_rh_limbic_temppole,7Networks_RH_Limbic_TempPole,limbic,temporal pole,R,128.0,18.645560993628198,163336.0,-9.944339405448411e-06,Q44,42.480000000000004,42.45269230769231,0.4361602304272302,52
328,7Networks_RH_Limbic_TempPole_4,7networks_rh_limbic_temppole,7Networks_RH_Limbic_TempPole,limbic,temporal pole,R,169.0,30.99097977652599,116192.0,-9.944339405448411e-06,Q44,42.480000000000004,42.45269230769231,0.4361602304272302,52
329,7Networks_RH_Limbic_TempPole_5,7networks_rh_limbic_temppole,7Networks_RH_Limbic_TempPole,limbic,temporal pole,R,229.0,54.16851971557852,101828.0,-9.944339405448411e-06,Q44,42.480000000000004,42.45269230769231,0.4361602304272302,52
330,7Networks_RH_Limbic_TempPole_6,7networks_rh_limbic_temppole,7Networks_RH_Limbic_TempPole,limbic,temporal pole,R,126.0,13.524314341121066,192681.0,-9.944339405448411e-06,Q44,42.480000000000004,42.45269230769231,0.4361602304272302,52
331,7Networks_RH_Limbic_TempPole_7,7networks_rh_limbic_temppole,7Networks_RH_Limbic_TempPole,limbic,temporal pole,R,80.0,-3.5234407609197542,155488.0,-9.944339405448411e-06,Q44,42.480000000000004,42.45269230769231,0.4361602304272302,52
332,7Networks_RH_Cont_Par_1,7networks_rh_cont_par,7Networks_RH_Cont_Par,control,parietal,R,329.0,95.47427832671534,80.0,-9.944339405448411e-06,Q44,42.480000000000004,42.45269230769231,0.4361602304272302,52
333,7Networks_RH_Cont_Par_2,7networks_rh_cont_par,7Networks_RH_Cont_Par,control,parietal,R,261.0,58.93924277403267,152857.0,-9.944339405448411e-06,Q44,42.480000000000004,42.45269230769231,0.4361602304272302,52
334,7Networks_RH_Cont_Par_3,7networks_rh_cont_par,7Networks_RH_Cont_Par,control,parietal,R,264.0,64.62820574383606,74706.0,-9.944339405448411e-06,Q44,42.480000000000004,42.45269230769231,0.4361602304272302,52
335,7Networks_RH_Cont_Par_4,7networks_rh_cont_par,7Networks_RH_Cont_Par,control,parietal,R,220.0,48.22541324221995,161034.0,-9.944339405448411e-06,Q44,42.480000000000004,42.45269230769231,0.4361602304272302,52
336,7Networks_RH_Cont_Par_5,7networks_rh_cont_par,7Networks_RH_Cont_Par,control,parietal,R,265.0,59.95167236125216,86541.0,-9.944339405448411e-06,Q44,42.480000000000004,42.45269230769231,0.4361602304272302,52
337,7Networks_RH_Cont_Par_6,7networks_rh_cont_par,7Networks_RH_Cont_Par,control,parietal,R,256.0,61.363322559793225,62740.0,-9.944339405448411e-06,Q44,42.480000000000004,42.45269230769231,0.4361602304272302,52
338,7Networks_RH_Cont_Temp_1,7networks_rh_cont_temp,7Networks_RH_Cont_Temp,control,temporal,R,218.0,49.36947640594699,171370.0,-9.944339405448411e-06,Q44,42.480000000000004,42.45269230769231,0.4361602304272302,52
339,7Networks_RH_Cont_Temp_2,7networks_rh_cont_temp,7Networks_RH_Cont_Temp,control,temporal,R,262.0,66.70334472250433,60859.0,-9.944339405448411e-06,Q44,42.480000000000004,42.45269230769231,0.4361602304272302,52
340,7Networks_RH_Cont_PFCv_1,7networks_rh_cont_pfcv,7Networks_RH_Cont_PFCv,control,ventral prefrontal cortex,R,137.0,24.9297700618709,108658.0,-9.944339405448411e-06,Q44,42.480000000000004,42.45269230769231,0.4361602304272302,52
341,7Networks_RH_Cont_PFCl_1,7networks_rh_cont_pfcl,7Networks_RH_Cont_PFCl,control,lateral prefrontal cortex,R,177.0,38.72825191615109,91337.0,-9.944339405448411e-06,Q44,42.480000000000004,42.45269230769231,0.4361602304272302,52
342,7Networks_RH_Cont_PFCl_2,7networks_rh_cont_pfcl,7Networks_RH_Cont_PFCl,control,lateral prefrontal cortex,R,268.0,69.51107027426353,53035.0,-9.944339405448411e-06,Q44,42.480000000000004,42.45269230769231,0.4361602304272302,52
343,7Networks_RH_Cont_PFCl_3,7networks_rh_cont_pfcl,7Networks_RH_Cont_PFCl,control,lateral prefrontal cortex,R,298.0,82.39088743189572,9734.0,-9.944339405448411e-06,Q44,42.480000000000004,42.45269230769231,0.4361602304272302,52
344,7Networks_RH_Cont_PFCl_4,7networks_rh_cont_pfcl,7Networks_RH_Cont_PFCl,control,lateral prefrontal cortex,R,220.0,49.43438175270104,87800.0,-9.944339405448411e-06,Q44,42.480000000000004,42.45269230769231,0.4361602304272302,52
345,7Networks_RH_Cont_PFCl_5,7networks_rh_cont_pfcl,7Networks_RH_Cont_PFCl,control,lateral prefrontal cortex,R,255.0,61.84149782990119,176210.0,-9.944339405448411e-06,Q44,42.480000000000004,42.45269230769231,0.4361602304272302,52
346,7Networks_RH_Cont_PFCl_6,7networks_rh_cont_pfcl,7Networks_RH_Cont_PFCl,control,lateral prefrontal cortex,R,217.0,53.833918182657705,108668.0,-9.944339405448411e-06,Q44,42.480000000000004,42.45269230769231,0.4361602304272302,52
347,7Networks_RH_Cont_PFCl_7,7networks_rh_cont_pfcl,7Networks_RH_Cont_PFCl,control,lateral prefrontal cortex,R,154.0,26.82425893434296,142429.0,-9.944339405448411e-06,Q44,42.480000000000004,42.45269230769231,0.4361602304272302,52
348,7Networks_RH_Cont_PFCl_8,7networks_rh_cont_pfcl,7Networks_RH_Cont_PFCl,control,lateral prefrontal cortex,R,259.0,62.0653947732939,50536.0,-9.944339405448411e-06,Q44,42.480000000000004,42.45269230769231,0.4361602304272302,52
349,7Networks_RH_Cont_PFCl_9,7networks_rh_cont_pfcl,7Networks_RH_Cont_PFCl,control,lateral prefrontal cortex,R,223.0,51.678718256533344,170689.0,-9.944339405448411e-06,Q44,42.480000000000004,42.45269230769231,0.4361602304272302,52
350,7Networks_RH_Cont_PFCl_10,7networks_rh_cont_pfcl,7Networks_RH_Cont_PFCl,control,lateral prefrontal cortex,R,281.0,69.86709760827404,46433.0,-9.944339405448411e-06,Q44,42.480000000000004,42.45269230769231,0.4361602304272302,52
351,7Networks_RH_Cont_PFCl_11,7networks_rh_cont_pfcl,7Networks_RH_Cont_PFCl,control,lateral prefrontal cortex,R,194.0,41.315778003509074,193241.0,-9.944339405448411e-06,Q44,42.480000000000004,42.45269230769231,0.4361602304272302,52
352,7Networks_RH_Cont_PFCl_12,7networks_rh_cont_pfcl,7Networks_RH_Cont_PFCl,control,lateral prefrontal cortex,R,329.0,94.76111552313242,18266.0,-9.944339405448411e-06,Q44,42.480000000000004,42.45269230769231,0.4361602304272302,52
353,7Networks_RH_Cont_PFCl_13,7networks_rh_cont_pfcl,7Networks_RH_Cont_PFCl,control,lateral prefrontal cortex,R,171.0,33.866002400960376,169168.0,-9.944339405448411e-06,Q44,42.480000000000004,42.45269230769231,0.4361602304272302,52
354,7Networks_RH_Cont_PFCl_14,7networks_rh_cont_pfcl,7Networks_RH_Cont_PFCl,control,lateral prefrontal cortex,R,284.0,74.68791947548243,23183.0,-9.944339405448411e-06,Q44,42.480000000000004,42.45269230769231,0.4361602304272302,52
355,7Networks_RH_Cont_PFCl_15,7networks_rh_cont_pfcl,7Networks_RH_Cont_PFCl,control,lateral prefrontal cortex,R,263.0,66.21251269738664,57306.0,-9.944339405448411e-06,Q44,42.480000000000004,42.45269230769231,0.4361602304272302,52
356,7Networks_RH_Cont_pCun_1,7networks_rh_cont_pcun,7Networks_RH_Cont_pCun,control,precuneus,R,320.0,85.02800997322007,1159.0,-9.944339405448411e-06,Q44,42.480000000000004,42.45269230769231,0.4361602304272302,52
357,7Networks_RH_Cont_pCun_2,7networks_rh_cont_pcun,7Networks_RH_Cont_pCun,control,precuneus,R,142.0,23.31887339551206,195169.0,-9.944339405448411e-06,Q44,42.480000000000004,42.45269230769231,0.4361602304272302,52
358,7Networks_RH_Cont_Cing_1,7networks_rh_cont_cing,7Networks_RH_Cont_Cing,control,cingulate,R,175.0,39.06211653892324,114065.0,-9.944339405448411e-06,Q44,42.480000000000004,42.45269230769231,0.4361602304272302,52
359,7Networks_RH_Cont_Cing_2,7networks_rh_cont_cing,7Networks_RH_Cont_Cing,control,cingulate,R,156.0,31.152318773663286,120604.0,-9.944339405448411e-06,Q44,42.480000000000004,42.45269230769231,0.4361602304272302,52
360,7Networks_RH_Cont_PFCmp_1,7networks_rh_cont_pfcmp,7Networks_RH_Cont_PFCmp,control,medial posterior prefrontal cortex,R,353.0,107.1066174161973,0.0,-9.944339405448411e-06,Q44,42.480000000000004,42.45269230769231,0.4361602304272302,52
361,7Networks_RH_Cont_PFCmp_2,7networks_rh_cont_pfcmp,7Networks_RH_Cont_PFCmp,control,medial posterior prefrontal cortex,R,287.0,72.47697478991596,79115.0,-9.944339405448411e-06,Q44,42.480000000000004,42.45269230769231,0.4361602304272302,52
362,7Networks_RH_Default_Par_1,7networks_rh_default_par,7Networks_RH_Default_Par,default,parietal,R,175.0,31.665224859174426,116590.0,-9.944339405448411e-06,Q44,42.480000000000004,42.45269230769231,0.4361602304272302,52
363,7Networks_RH_Default_Par_2,7networks_rh_default_par,7Networks_RH_Default_Par,default,parietal,R,239.0,59.371234647705286,49047.0,-9.944339405448411e-06,Q44,42.480000000000004,42.45269230769231,0.4361602304272302,52
364,7Networks_RH_Default_Par_3,7networks_rh_default_par,7Networks_RH_Default_Par,default,parietal,R,316.0,85.54478345184225,876.0,-9.944339405448411e-06,Q44,42.480000000000004,42.45269230769231,0.4361602304272302,52
365,7Networks_RH_Default_Par_4,7networks_rh_default_par,7Networks_RH_Default_Par,default,parietal,R,288.0,74.71274725274725,39962.0,-9.944339405448411e-06,Q44,42.480000000000004,42.45269230769231,0.4361602304272302,52
366,7Networks_RH_Default_Par_5,7networks_rh_default_par,7Networks_RH_Default_Par,default,parietal,R,350.0,105.89717240742453,0.0,-9.944339405448411e-06,Q44,42.480000000000004,42.45269230769231,0.4361602304272302,52
367,7Networks_RH_Default_Temp_1,7networks_rh_default_temp,7Networks_RH_Default_Temp,default,temporal,R,197.0,45.600494967217614,118329.0,-9.944339405448411e-06,Q44,42.480000000000004,42.45269230769231,0.4361602304272302,52
368,7Networks_RH_Default_Temp_2,7networks_rh_default_temp,7Networks_RH_Default_Temp,default,temporal,R,146.0,21.057589805152805,147577.0,-9.944339405448411e-06,Q44,42.480000000000004,42.45269230769231,0.4361602304272302,52
369,7Networks_RH_Default_Temp_3,7networks_rh_default_temp,7Networks_RH_Default_Temp,default,temporal,R,198.0,40.73572998430143,110923.0,-9.944339405448411e-06,Q44,42.480000000000004,42.45269230769231,0.4361602304272302,52
370,7Networks_RH_Default_Temp_4,7networks_rh_default_temp,7Networks_RH_Default_Temp,default,temporal,R,298.0,82.48880413703937,52772.0,-9.944339405448411e-06,Q44,42.480000000000004,42.45269230769231,0.4361602304272302,52
371,7Networks_RH_Default_Temp_5,7networks_rh_default_temp,7Networks_RH_Default_Temp,default,temporal,R,341.0,91.89256995105731,157.0,-9.944339405448411e-06,Q44,42.480000000000004,42.45269230769231,0.4361602304272302,52
372,7Networks_RH_Default_Temp_6,7networks_rh_default_temp,7Networks_RH_Default_Temp,default,temporal,R,308.0,81.87706159386833,83332.0,-9.944339405448411e-06,Q44,42.480000000000004,42.45269230769231,0.4361602304272302,52
373,7Networks_RH_Default_Temp_7,7networks_rh_default_temp,7Networks_RH_Default_Temp,default,temporal,R,334.0,91.60522116538927,1413.0,-9.944339405448411e-06,Q44,42.480000000000004,42.45269230769231,0.4361602304272302,52
374,7Networks_RH_Default_Temp_8,7networks_rh_default_temp,7Networks_RH_Default_Temp,default,temporal,R,319.0,88.44444547049588,417.0,-9.944339405448411e-06,Q44,42.480000000000004,42.45269230769231,0.4361602304272302,52
375,7Networks_RH_Default_PFCv_1,7networks_rh_default_pfcv,7Networks_RH_Default_PFCv,default,ventral prefrontal cortex,R,160.0,28.932509003601456,158181.0,-9.944339405448411e-06,Q44,42.480000000000004,42.45269230769231,0.4361602304272302,52
376,7Networks_RH_Default_PFCv_2,7networks_rh_default_pfcv,7Networks_RH_Default_PFCv,default,ventral prefrontal cortex,R,254.0,64.87962877458678,46985.0,-9.944339405448411e-06,Q44,42.480000000000004,42.45269230769231,0.4361602304272302,52
377,7Networks_RH_Default_PFCv_3,7networks_rh_default_pfcv,7Networks_RH_Default_PFCv,default,ventral prefrontal cortex,R,196.0,43.434174900729566,96421.0,-9.944339405448411e-06,Q44,42.480000000000004,42.45269230769231,0.4361602304272302,52
378,7Networks_RH_Default_PFCv_4,7networks_rh_default_pfcv,7Networks_RH_Default_PFCv,default,ventral prefrontal cortex,R,316.0,83.70229568750571,36998.0,-9.944339405448411e-06,Q44,42.480000000000004,42.45269230769231,0.4361602304272302,52
379,7Networks_RH_Default_PFCdPFCm_1,7networks_rh_default_pfcdpfcm,7Networks_RH_Default_PFCdPFCm,default,dorsal prefrontal cortex medial prefrontal cortex,R,358.0,110.34228460615009,0.0,-9.944339405448411e-06,Q44,42.480000000000004,42.45269230769231,0.4361602304272302,52
380,7Networks_RH_Default_PFCdPFCm_2,7networks_rh_default_pfcdpfcm,7Networks_RH_Default_PFCdPFCm,default,dorsal prefrontal cortex medial prefrontal cortex,R,240.0,55.95383137870531,68215.0,-9.944339405448411e-06,Q44,42.480000000000004,42.45269230769231,0.4361602304272302,52
381,7Networks_RH_Default_PFCdPFCm_3,7networks_rh_default_pfcdpfcm,7Networks_RH_Default_PFCdPFCm,default,dorsal prefrontal cortex medial prefrontal cortex,R,284.0,75.63929079324033,28123.0,-9.944339405448411e-06,Q44,42.480000000000004,42.45269230769231,0.4361602304272302,52
382,7Networks_RH_Default_PFCdPFCm_4,7networks_rh_default_pfcdpfcm,7Networks_RH_Default_PFCdPFCm,default,dorsal prefrontal cortex medial prefrontal cortex,R,264.0,68.17486379167053,25963.0,-9.944339405448411e-06,Q44,42.480000000000004,42.45269230769231,0.4361602304272302,52
383,7Networks_RH_Default_PFCdPFCm_5,7networks_rh_default_pfcdpfcm,7Networks_RH_Default_PFCdPFCm,default,dorsal prefrontal cortex medial prefrontal cortex,R,249.0,61.96143872933792,83352.0,-9.944339405448411e-06,Q44,42.480000000000004,42.45269230769231,0.4361602304272302,52
384,7Networks_RH_Default_PFCdPFCm_6,7networks_rh_default_pfcdpfcm,7Networks_RH_Default_PFCdPFCm,default,dorsal prefrontal cortex medial prefrontal cortex,R,177.0,35.26469295410476,124088.0,-9.944339405448411e-06,Q44,42.480000000000004,42.45269230769231,0.4361602304272302,52
385,7Networks_RH_Default_PFCdPFCm_7,7networks_rh_default_pfcdpfcm,7Networks_RH_Default_PFCdPFCm,default,dorsal prefrontal cortex medial prefrontal cortex,R,205.0,42.57450180072029,147671.0,-9.944339405448411e-06,Q44,42.480000000000004,42.45269230769231,0.4361602304272302,52
386,7Networks_RH_Default_PFCdPFCm_8,7networks_rh_default_pfcdpfcm,7Networks_RH_Default_PFCdPFCm,default,dorsal prefrontal cortex medial prefrontal cortex,R,209.0,47.76463200664879,66649.0,-9.944339405448411e-06,Q44,42.480000000000004,42.45269230769231,0.4361602304272302,52
387,7Networks_RH_Default_PFCdPFCm_9,7networks_rh_default_pfcdpfcm,7Networks_RH_Default_PFCdPFCm,default,dorsal prefrontal cortex medial prefrontal cortex,R,293.0,76.13944593221903,39242.0,-9.944339405448411e-06,Q44,42.480000000000004,42.45269230769231,0.4361602304272302,52
388,7Networks_RH_Default_PFCdPFCm_10,7networks_rh_default_pfcdpfcm,7Networks_RH_Default_PFCdPFCm,default,dorsal prefrontal cortex medial prefrontal cortex,R,186.0,28.654926586019013,163254.0,-9.944339405448411e-06,Q44,42.480000000000004,42.45269230769231,0.4361602304272302,52
389,7Networks_RH_Default_PFCdPFCm_11,7networks_rh_default_pfcdpfcm,7Networks_RH_Default_PFCdPFCm,default,dorsal prefrontal cortex medial prefrontal cortex,R,166.0,24.80012928248222,195064.0,-9.944339405448411e-06,Q44,42.480000000000004,42.45269230769231,0.4361602304272302,52
390,7Networks_RH_Default_PFCdPFCm_12,7networks_rh_default_pfcdpfcm,7Networks_RH_Default_PFCdPFCm,default,dorsal prefrontal cortex medial prefrontal cortex,R,185.0,40.91431526456736,113405.0,-9.944339405448411e-06,Q44,42.480000000000004,42.45269230769231,0.4361602304272302,52
391,7Networks_RH_Default_PFCdPFCm_13,7networks_rh_default_pfcdpfcm,7Networks_RH_Default_PFCdPFCm,default,dorsal prefrontal cortex medial prefrontal cortex,R,147.0,23.73653707636901,151227.0,-9.944339405448411e-06,Q44,42.480000000000004,42.45269230769231,0.4361602304272302,52
392,7Networks_RH_Default_pCunPCC_1,7networks_rh_default_pcunpcc,7Networks_RH_Default_pCunPCC,default,precuneus posterior cingulate cortex,R,213.0,46.93700618709021,149335.0,-9.944339405448411e-06,Q44,42.480000000000004,42.45269230769231,0.4361602304272302,52
393,7Networks_RH_Default_pCunPCC_2,7networks_rh_default_pcunpcc,7Networks_RH_Default_pCunPCC,default,precuneus posterior cingulate cortex,R,212.0,47.10644011450737,119947.0,-9.944339405448411e-06,Q44,42.480000000000004,42.45269230769231,0.4361602304272302,52
394,7Networks_RH_Default_pCunPCC_3,7networks_rh_default_pcunpcc,7Networks_RH_Default_pCunPCC,default,precuneus posterior cingulate cortex,R,228.0,50.92356450272412,151020.0,-9.944339405448411e-06,Q44,42.480000000000004,42.45269230769231,0.4361602304272302,52
395,7Networks_RH_Default_pCunPCC_4,7networks_rh_default_pcunpcc,7Networks_RH_Default_pCunPCC,default,precuneus posterior cingulate cortex,R,277.0,75.39250346292363,170458.0,-9.944339405448411e-06,Q44,42.480000000000004,42.45269230769231,0.4361602304272302,52
396,7Networks_RH_Default_pCunPCC_5,7networks_rh_default_pcunpcc,7Networks_RH_Default_pCunPCC,default,precuneus posterior cingulate cortex,R,246.0,61.455589620463584,65779.0,-9.944339405448411e-06,Q44,42.480000000000004,42.45269230769231,0.4361602304272302,52
397,7Networks_RH_Default_pCunPCC_6,7networks_rh_default_pcunpcc,7Networks_RH_Default_pCunPCC,default,precuneus posterior cingulate cortex,R,295.0,84.97061778557573,59197.0,-9.944339405448411e-06,Q44,42.480000000000004,42.45269230769231,0.4361602304272302,52
398,7Networks_RH_Default_pCunPCC_7,7networks_rh_default_pcunpcc,7Networks_RH_Default_pCunPCC,default,precuneus posterior cingulate cortex,R,336.0,107.11339551205091,5.0,-9.944339405448411e-06,Q44,42.480000000000004,42.45269230769231,0.4361602304272302,52
399,7Networks_RH_Default_pCunPCC_8,7networks_rh_default_pcunpcc,7Networks_RH_Default_pCunPCC,default,precuneus posterior cingulate cortex,R,220.0,56.80822051897682,124506.0,-9.944339405448411e-06,Q44,42.480000000000004,42.45269230769231,0.4361602304272302,52
400,7Networks_RH_Default_pCunPCC_9,7networks_rh_default_pcunpcc,7Networks_RH_Default_pCunPCC,default,precuneus posterior cingulate cortex,R,247.0,57.23886046726385,105136.0,-9.944339405448411e-06,Q44,42.480000000000004,42.45269230769231,0.4361602304272302,52
401,HIP-head-m1-rh,HIP-head-m1,"Hippocampus head, medial division",subcortex,Hippocampus head,R,190.0,42.07022255055869,111006.0,-9.944339405448411e-06,Q44,42.480000000000004,42.45269230769231,0.4361602304272302,52
402,HIP-head-m2-rh,HIP-head-m2,"Hippocampus head, medial division",subcortex,Hippocampus head,R,166.0,32.597150244713276,170878.0,-9.944339405448411e-06,Q44,42.480000000000004,42.45269230769231,0.4361602304272302,52
403,THA-VAip-rh,THA-VAip,"Thalamus, inferior ventro-anterior part, posterior division",subcortex,Thalamus,R,239.0,57.69071751777641,52062.0,-9.944339405448411e-06,Q44,42.480000000000004,42.45269230769231,0.4361602304272302,52
404,THA-VAia-rh,THA-VAia,"Thalamus, inferior ventro-anterior part, anterior division",subcortex,Thalamus,R,271.0,72.58359220611324,147228.0,-9.944339405448411e-06,Q44,42.480000000000004,42.45269230769231,0.4361602304272302,52
405,HIP-head-l-rh,HIP-head-l,"Hippocampus head, lateral division",subcortex,Hippocampus head,R,164.0,33.54756487210267,122773.0,-9.944339405448411e-06,Q44,42.480000000000004,42.45269230769231,0.4361602304272302,52
406,HIP-body-rh,HIP-body,Hippocampus body,subcortex,Hippocampus body,R,113.0,13.37306861206021,141096.0,-9.944339405448411e-06,Q44,42.480000000000004,42.45269230769231,0.4361602304272302,52
407,HIP-tail-rh,HIP-tail,Hippocampus tail,subcortex,Hippocampus tail,R,57.0,-17.71831194016066,178322.0,-9.944339405448411e-06,Q44,42.480000000000004,42.45269230769231,0.4361602304272302,52
408,THA-VPm-rh,THA-VPm,"Thalamus, medial ventro-posterior part",subcortex,Thalamus,R,167.0,36.65215255332902,92444.0,-9.944339405448411e-06,Q44,42.480000000000004,42.45269230769231,0.4361602304272302,52
409,THA-VPl-rh,THA-VPl,"Thalamus, lateral ventro-posterior part",subcortex,Thalamus,R,165.0,32.79000092344631,176737.0,-9.944339405448411e-06,Q44,42.480000000000004,42.45269230769231,0.4361602304272302,52
410,THA-VAs-rh,THA-VAs,"Thalamus, superior ventro-anterior part",subcortex,Thalamus,R,199.0,42.68977560254873,158780.0,-9.944339405448411e-06,Q44,42.480000000000004,42.45269230769231,0.4361602304272302,52
411,THA-DAm-rh,THA-DAm,"Thalamus, medial dorso-anterior part",subcortex,Thalamus,R,204.0,48.954433465693974,87786.0,-9.944339405448411e-06,Q44,42.480000000000004,42.45269230769231,0.4361602304272302,52
412,THA-DAl-rh,THA-DAl,"Thalamus, lateral dorso-anterior part",subcortex,Thalamus,R,185.0,41.063243143411206,116514.0,-9.944339405448411e-06,Q44,42.480000000000004,42.45269230769231,0.4361602304272302,52
413,PUT-VA-rh,PUT-VA,"Putamen, ventro-anterior part",subcortex,Putamen,R,222.0,51.467780958537276,142595.0,-9.944339405448411e-06,Q44,42.480000000000004,42.45269230769231,0.4361602304272302,52
414,PUT-DA-rh,PUT-DA,"Putamen, dorso-anterior part",subcortex,Putamen,R,202.0,46.756060578077395,86458.0,-9.944339405448411e-06,Q44,42.480000000000004,42.45269230769231,0.4361602304272302,52
415,PUT-VP-rh,PUT-VP,"Putamen, ventro-posterior part",subcortex,Putamen,R,177.0,31.248639763597726,173853.0,-9.944339405448411e-06,Q44,42.480000000000004,42.45269230769231,0.4361602304272302,52
416,PUT-DP-rh,PUT-DP,"Putamen, dorso-posterior part",subcortex,Putamen,R,200.0,46.942766645119555,78821.0,-9.944339405448411e-06,Q44,42.480000000000004,42.45269230769231,0.4361602304272302,52
417,CAU-VA-rh,CAU-VA,"Caudate, ventro-anterior part",subcortex,Caudate,R,114.0,14.55489703573737,115145.0,-9.944339405448411e-06,Q44,42.480000000000004,42.45269230769231,0.4361602304272302,52
418,CAU-DA-rh,CAU-DA,"Caudate, dorso-anterior part",subcortex,Caudate,R,102.0,5.554180441407336,129959.0,-9.944339405448411e-06,Q44,42.480000000000004,42.45269230769231,0.4361602304272302,52
419,CAU-body-rh,CAU-body,Caudate body,subcortex,Caudate body,R,86.0,-0.3516224951518929,169291.0,-9.944339405448411e-06,Q44,42.480000000000004,42.45269230769231,0.4361602304272302,52
420,CAU-tail-rh,CAU-tail,Caudate tail,subcortex,Caudate tail,R,124.0,3.709553975436336,187580.0,-9.944339405448411e-06,Q44,42.480000000000004,42.45269230769231,0.4361602304272302,52
421,lAMY-rh,lAMY,"Amygdala, lateral nucleus",subcortex,Amygdala,R,254.0,59.605511127527954,71774.0,-9.944339405448411e-06,Q44,42.480000000000004,42.45269230769231,0.4361602304272302,52
422,mAMY-rh,mAMY,"Amygdala, medial nucleus",subcortex,Amygdala,R,269.0,68.69327546403181,51440.0,-9.944339405448411e-06,Q44,42.480000000000004,42.45269230769231,0.4361602304272302,52
423,THA-DP-rh,THA-DP,"Thalamus, dorso-posterior part",subcortex,Thalamus,R,197.0,48.94675593314248,108492.0,-9.944339405448411e-06,Q44,42.480000000000004,42.45269230769231,0.4361602304272302,52
424,NAc-shell-rh,NAc-shell,"Nucleus Accumbens, shell",subcortex,Nucleus Accumbens,R,248.0,59.55062332625359,55019.0,-9.944339405448411e-06,Q44,42.480000000000004,42.45269230769231,0.4361602304272302,52
425,NAc-core-rh,NAc-core,"Nucleus Accumbens, core",subcortex,Nucleus Accumbens,R,155.0,32.275920214239534,140050.0,-9.944339405448411e-06,Q44,42.480000000000004,42.45269230769231,0.4361602304272302,52
426,pGP-rh,pGP,"Pallidum, posterior part",subcortex,Pallidum,R,91.0,-5.779680487579641,184256.0,-9.944339405448411e-06,Q44,42.480000000000004,42.45269230769231,0.4361602304272302,52
427,aGP-rh,aGP,"Pallidum, anterior part",subcortex,Pallidum,R,112.0,3.714221073044601,152540.0,-9.944339405448411e-06,Q44,42.480000000000004,42.45269230769231,0.4361602304272302,52
428,HIP-head-m1-lh,HIP-head-m1,"Hippocampus head, medial division",subcortex,Hippocampus head,L,222.0,52.996010711977085,79579.0,-9.944339405448411e-06,Q44,42.480000000000004,42.45269230769231,0.4361602304272302,52
429,HIP-head-m2-lh,HIP-head-m2,"Hippocampus head, medial division",subcortex,Hippocampus head,L,147.0,22.400175454797296,170511.0,-9.944339405448411e-06,Q44,42.480000000000004,42.45269230769231,0.4361602304272302,52
430,THA-VAip-lh,THA-VAip,"Thalamus, inferior ventro-anterior part, posterior division",subcortex,Thalamus,L,247.0,60.988697017268414,114871.0,-9.944339405448411e-06,Q44,42.480000000000004,42.45269230769231,0.4361602304272302,52
431,THA-VAia-lh,THA-VAia,"Thalamus, inferior ventro-anterior part, anterior division",subcortex,Thalamus,L,266.0,70.2997525163912,153045.0,-9.944339405448411e-06,Q44,42.480000000000004,42.45269230769231,0.4361602304272302,52
432,HIP-head-l-lh,HIP-head-l,"Hippocampus head, lateral division",subcortex,Hippocampus head,L,237.0,56.330078492935684,69585.0,-9.944339405448411e-06,Q44,42.480000000000004,42.45269230769231,0.4361602304272302,52
433,HIP-body-lh,HIP-body,Hippocampus body,subcortex,Hippocampus body,L,139.0,20.548709945516663,193419.0,-9.944339405448411e-06,Q44,42.480000000000004,42.45269230769231,0.4361602304272302,52
434,HIP-tail-lh,HIP-tail,Hippocampus tail,subcortex,Hippocampus tail,L,82.0,-5.619281558777367,169758.0,-9.944339405448411e-06,Q44,42.480000000000004,42.45269230769231,0.4361602304272302,52
435,THA-VPm-lh,THA-VPm,"Thalamus, medial ventro-posterior part",subcortex,Thalamus,L,217.0,54.10969987995196,182438.0,-9.944339405448411e-06,Q44,42.480000000000004,42.45269230769231,0.4361602304272302,52
436,THA-VPl-lh,THA-VPl,"Thalamus, lateral ventro-posterior part",subcortex,Thalamus,L,170.0,32.930610398005335,123445.0,-9.944339405448411e-06,Q44,42.480000000000004,42.45269230769231,0.4361602304272302,52
437,THA-VAs-lh,THA-VAs,"Thalamus, superior ventro-anterior part",subcortex,Thalamus,L,231.0,53.194416843660534,113879.0,-9.944339405448411e-06,Q44,42.480000000000004,42.45269230769231,0.4361602304272302,52
438,THA-DAm-lh,THA-DAm,"Thalamus, medial dorso-anterior part",subcortex,Thalamus,L,214.0,52.09918736725459,77242.0,-9.944339405448411e-06,Q44,42.480000000000004,42.45269230769231,0.4361602304272302,52
439,THA-DAl-lh,THA-DAl,"Thalamus, lateral dorso-anterior part",subcortex,Thalamus,L,199.0,43.58135931295594,116942.0,-9.944339405448411e-06,Q44,42.480000000000004,42.45269230769231,0.4361602304272302,52
440,PUT-VA-lh,PUT-VA,"Putamen, ventro-anterior part",subcortex,Putamen,L,152.0,28.995281189398828,129155.0,-9.944339405448411e-06,Q44,42.480000000000004,42.45269230769231,0.4361602304272302,52
441,PUT-DA-lh,PUT-DA,"Putamen, dorso-anterior part",subcortex,Putamen,L,162.0,33.01398651768401,128858.0,-9.944339405448411e-06,Q44,42.480000000000004,42.45269230769231,0.4361602304272302,52
442,PUT-VP-lh,PUT-VP,"Putamen, ventro-posterior part",subcortex,Putamen,L,170.0,36.48502908855851,171477.0,-9.944339405448411e-06,Q44,42.480000000000004,42.45269230769231,0.4361602304272302,52
443,PUT-DP-lh,PUT-DP,"Putamen, dorso-posterior part",subcortex,Putamen,L,205.0,46.72070735986702,170823.0,-9.944339405448411e-06,Q44,42.480000000000004,42.45269230769231,0.4361602304272302,52
444,CAU-VA-lh,CAU-VA,"Caudate, ventro-anterior part",subcortex,Caudate,L,107.0,13.256522301228182,169040.0,-9.944339405448411e-06,Q44,42.480000000000004,42.45269230769231,0.4361602304272302,52
445,CAU-DA-lh,CAU-DA,"Caudate, dorso-anterior part",subcortex,Caudate,L,84.0,-1.3928414442700188,153489.0,-9.944339405448411e-06,Q44,42.480000000000004,42.45269230769231,0.4361602304272302,52
446,CAU-body-lh,CAU-body,Caudate body,subcortex,Caudate body,L,83.0,-3.8929670329670105,168832.0,-9.944339405448411e-06,Q44,42.480000000000004,42.45269230769231,0.4361602304272302,52
447,CAU-tail-lh,CAU-tail,Caudate tail,subcortex,Caudate tail,L,128.0,13.889493027980427,169437.0,-9.944339405448411e-06,Q44,42.480000000000004,42.45269230769231,0.4361602304272302,52
448,lAMY-lh,lAMY,"Amygdala, lateral nucleus",subcortex,Amygdala,L,314.0,82.00246929541045,52124.0,-9.944339405448411e-06,Q44,42.480000000000004,42.45269230769231,0.4361602304272302,52
449,mAMY-lh,mAMY,"Amygdala, medial nucleus",subcortex,Amygdala,L,290.0,77.03725921137695,11774.0,-9.944339405448411e-06,Q44,42.480000000000004,42.45269230769231,0.4361602304272302,52
450,THA-DP-lh,THA-DP,"Thalamus, dorso-posterior part",subcortex,Thalamus,L,190.0,45.67968418136486,84327.0,-9.944339405448411e-06,Q44,42.480000000000004,42.45269230769231,0.4361602304272302,52
451,NAc-shell-lh,NAc-shell,"Nucleus Accumbens, shell",subcortex,Nucleus Accumbens,L,187.0,40.968323944962606,178496.0,-9.944339405448411e-06,Q44,42.480000000000004,42.45269230769231,0.4361602304272302,52
452,NAc-core-lh,NAc-core,"Nucleus Accumbens, core",subcortex,Nucleus Accumbens,L,117.0,14.027568565887895,167978.0,-9.944339405448411e-06,Q44,42.480000000000004,42.45269230769231,0.4361602304272302,52
453,pGP-lh,pGP,"Pallidum, posterior part",subcortex,Pallidum,L,167.0,31.482011266044886,145329.0,-9.944339405448411e-06,Q44,42.480000000000004,42.45269230769231,0.4361602304272302,52
454,aGP-lh,aGP,"Pallidum, anterior part",subcortex,Pallidum,L,111.0,8.986851971557849,155012.0,-9.944339405448411e-06,Q44,42.480000000000004,42.45269230769231,0.4361602304272302,52
