index,name,base_name,Label Name,network,component,hemisphere,degree,strength,betweenness,global_efficiency,group,median_age,mean_age,sd_age,n_participants
1,7Networks_LH_Vis_1,7networks_lh_vis,7Networks_LH_Vis,visual,visual,L,162.0,33.45487919405792,129135.0,-9.237035615309718e-06,Q8,23.130000000000003,23.128076923076925,0.08371376211124187,52
2,7Networks_LH_Vis_2,7networks_lh_vis,7Networks_LH_Vis,visual,visual,L,131.0,15.807051993511461,130938.0,-9.237035615309718e-06,Q8,23.130000000000003,23.128076923076925,0.08371376211124187,52
3,7Networks_LH_Vis_3,7networks_lh_vis,7Networks_LH_Vis,visual,visual,L,114.0,4.739605566464616,138784.0,-9.237035615309718e-06,Q8,23.130000000000003,23.128076923076925,0.08371376211124187,52
4,7Networks_LH_Vis_4,7networks_lh_vis,7Networks_LH_Vis,visual,visual,L,150.0,24.353538803039335,181531.0,-9.237035615309718e-06,Q8,23.130000000000003,23.128076923076925,0.08371376211124187,52
5,7Networks_LH_Vis_5,7networks_lh_vis,7Networks_LH_Vis,visual,visual,L,200.0,42.116622556134196,163880.0,-9.237035615309718e-06,Q8,23.130000000000003,23.128076923076925,0.08371376211124187,52
6,7Networks_LH_Vis_6,7networks_lh_vis,7Networks_LH_Vis,visual,visual,L,154.0,22.841287458379593,141348.0,-9.237035615309718e-06,Q8,23.130000000000003,23.128076923076925,0.08371376211124187,52
7,7Networks_LH_Vis_7,7networks_lh_vis,7Networks_LH_Vis,visual,visual,L,166.0,31.004183385981392,185180.0,-9.237035615309718e-06,Q8,23.130000000000003,23.128076923076925,0.08371376211124187,52
8,7Networks_LH_Vis_8,7networks_lh_vis,7Networks_LH_Vis,visual,visual,L,223.0,51.98429095876381,127751.0,-9.237035615309718e-06,Q8,23.130000000000003,23.128076923076925,0.08371376211124187,52
9,7Networks_LH_Vis_9,7networks_lh_vis,7Networks_LH_Vis,visual,visual,L,101.0,-2.029198326645609,187220.0,-9.237035615309718e-06,Q8,23.130000000000003,23.128076923076925,0.08371376211124187,52
10,7Networks_LH_Vis_10,7networks_lh_vis,7Networks_LH_Vis,visual,visual,L,97.0,0.30453342440023884,169930.0,-9.237035615309718e-06,Q8,23.130000000000003,23.128076923076925,0.08371376211124187,52
11,7Networks_LH_Vis_11,7networks_lh_vis,7Networks_LH_Vis,visual,visual,L,220.0,45.79655084094596,154011.0,-9.237035615309718e-06,Q8,23.130000000000003,23.128076923076925,0.08371376211124187,52
12,7Networks_LH_Vis_12,7networks_lh_vis,7Networks_LH_Vis,visual,visual,L,108.0,5.540083667719634,147807.0,-9.237035615309718e-06,Q8,23.130000000000003,23.128076923076925,0.08371376211124187,52
13,7Networks_LH_Vis_13,7networks_lh_vis,7Networks_LH_Vis,visual,visual,L,184.0,34.51609322974469,110818.0,-9.237035615309718e-06,Q8,23.130000000000003,23.128076923076925,0.08371376211124187,52
14,7Networks_LH_Vis_14,7networks_lh_vis,7Networks_LH_Vis,visual,visual,L,302.0,78.66131648595578,28541.0,-9.237035615309718e-06,Q8,23.130000000000003,23.128076923076925,0.08371376211124187,52
15,7Networks_LH_Vis_15,7networks_lh_vis,7Networks_LH_Vis,visual,visual,L,131.0,18.267992828481173,152348.0,-9.237035615309718e-06,Q8,23.130000000000003,23.128076923076925,0.08371376211124187,52
16,7Networks_LH_Vis_16,7networks_lh_vis,7Networks_LH_Vis,visual,visual,L,281.0,71.30982668829499,55397.0,-9.237035615309718e-06,Q8,23.130000000000003,23.128076923076925,0.08371376211124187,52
17,7Networks_LH_Vis_17,7networks_lh_vis,7Networks_LH_Vis,visual,visual,L,279.0,64.04652949713993,46352.0,-9.237035615309718e-06,Q8,23.130000000000003,23.128076923076925,0.08371376211124187,52
18,7Networks_LH_Vis_18,7networks_lh_vis,7Networks_LH_Vis,visual,visual,L,235.0,56.8280542986425,103055.0,-9.237035615309718e-06,Q8,23.130000000000003,23.128076923076925,0.08371376211124187,52
19,7Networks_LH_Vis_19,7networks_lh_vis,7Networks_LH_Vis,visual,visual,L,236.0,55.82643216938441,183908.0,-9.237035615309718e-06,Q8,23.130000000000003,23.128076923076925,0.08371376211124187,52
20,7Networks_LH_Vis_20,7networks_lh_vis,7Networks_LH_Vis,visual,visual,L,277.0,71.31716895756844,25826.5,-9.237035615309718e-06,Q8,23.130000000000003,23.128076923076925,0.08371376211124187,52
21,7Networks_LH_Vis_21,7networks_lh_vis,7Networks_LH_Vis,visual,visual,L,234.0,60.709297361905655,91979.0,-9.237035615309718e-06,Q8,23.130000000000003,23.128076923076925,0.08371376211124187,52
22,7Networks_LH_Vis_22,7networks_lh_vis,7Networks_LH_Vis,visual,visual,L,198.0,47.473747118586225,174808.0,-9.237035615309718e-06,Q8,23.130000000000003,23.128076923076925,0.08371376211124187,52
23,7Networks_LH_Vis_23,7networks_lh_vis,7Networks_LH_Vis,visual,visual,L,265.0,68.37172372577479,48046.5,-9.237035615309718e-06,Q8,23.130000000000003,23.128076923076925,0.08371376211124187,52
24,7Networks_LH_Vis_24,7networks_lh_vis,7Networks_LH_Vis,visual,visual,L,217.0,53.7136514983352,69523.0,-9.237035615309718e-06,Q8,23.130000000000003,23.128076923076925,0.08371376211124187,52
25,7Networks_LH_Vis_25,7networks_lh_vis,7Networks_LH_Vis,visual,visual,L,264.0,66.25774780158794,62191.0,-9.237035615309718e-06,Q8,23.130000000000003,23.128076923076925,0.08371376211124187,52
26,7Networks_LH_Vis_26,7networks_lh_vis,7Networks_LH_Vis,visual,visual,L,267.0,67.71996926491929,138856.0,-9.237035615309718e-06,Q8,23.130000000000003,23.128076923076925,0.08371376211124187,52
27,7Networks_LH_Vis_27,7networks_lh_vis,7Networks_LH_Vis,visual,visual,L,194.0,43.33014599163322,84669.0,-9.237035615309718e-06,Q8,23.130000000000003,23.128076923076925,0.08371376211124187,52
28,7Networks_LH_Vis_28,7networks_lh_vis,7Networks_LH_Vis,visual,visual,L,247.0,61.36463758217365,49012.0,-9.237035615309718e-06,Q8,23.130000000000003,23.128076923076925,0.08371376211124187,52
29,7Networks_LH_Vis_29,7networks_lh_vis,7Networks_LH_Vis,visual,visual,L,161.0,24.068129428839747,193708.0,-9.237035615309718e-06,Q8,23.130000000000003,23.128076923076925,0.08371376211124187,52
30,7Networks_LH_Vis_30,7networks_lh_vis,7Networks_LH_Vis,visual,visual,L,210.0,50.04328523862372,61439.0,-9.237035615309718e-06,Q8,23.130000000000003,23.128076923076925,0.08371376211124187,52
31,7Networks_LH_Vis_31,7networks_lh_vis,7Networks_LH_Vis,visual,visual,L,231.0,53.175360710321854,64008.0,-9.237035615309718e-06,Q8,23.130000000000003,23.128076923076925,0.08371376211124187,52
32,7Networks_LH_SomMot_1,7networks_lh_sommot,7Networks_LH_SomMot,somatomotor,somatomotor,L,284.0,71.48296764279009,194091.0,-9.237035615309718e-06,Q8,23.130000000000003,23.128076923076925,0.08371376211124187,52
33,7Networks_LH_SomMot_2,7networks_lh_sommot,7Networks_LH_SomMot,somatomotor,somatomotor,L,204.0,42.34073251942282,139638.0,-9.237035615309718e-06,Q8,23.130000000000003,23.128076923076925,0.08371376211124187,52
34,7Networks_LH_SomMot_3,7networks_lh_sommot,7Networks_LH_SomMot,somatomotor,somatomotor,L,241.0,62.18765474259371,156858.0,-9.237035615309718e-06,Q8,23.130000000000003,23.128076923076925,0.08371376211124187,52
35,7Networks_LH_SomMot_4,7networks_lh_sommot,7Networks_LH_SomMot,somatomotor,somatomotor,L,299.0,83.69034406215314,93405.0,-9.237035615309718e-06,Q8,23.130000000000003,23.128076923076925,0.08371376211124187,52
36,7Networks_LH_SomMot_5,7networks_lh_sommot,7Networks_LH_SomMot,somatomotor,somatomotor,L,226.0,48.08648510202339,140996.0,-9.237035615309718e-06,Q8,23.130000000000003,23.128076923076925,0.08371376211124187,52
37,7Networks_LH_SomMot_6,7networks_lh_sommot,7Networks_LH_SomMot,somatomotor,somatomotor,L,189.0,38.5800392726031,85242.0,-9.237035615309718e-06,Q8,23.130000000000003,23.128076923076925,0.08371376211124187,52
38,7Networks_LH_SomMot_7,7networks_lh_sommot,7Networks_LH_SomMot,somatomotor,somatomotor,L,199.0,43.396994792111364,126118.0,-9.237035615309718e-06,Q8,23.130000000000003,23.128076923076925,0.08371376211124187,52
39,7Networks_LH_SomMot_8,7networks_lh_sommot,7Networks_LH_SomMot,somatomotor,somatomotor,L,208.0,44.79356270810214,91558.0,-9.237035615309718e-06,Q8,23.130000000000003,23.128076923076925,0.08371376211124187,52
40,7Networks_LH_SomMot_9,7networks_lh_sommot,7Networks_LH_SomMot,somatomotor,somatomotor,L,233.0,50.77367028088451,109890.0,-9.237035615309718e-06,Q8,23.130000000000003,23.128076923076925,0.08371376211124187,52
41,7Networks_LH_SomMot_10,7networks_lh_sommot,7Networks_LH_SomMot,somatomotor,somatomotor,L,177.0,35.47997950994621,104396.0,-9.237035615309718e-06,Q8,23.130000000000003,23.128076923076925,0.08371376211124187,52
42,7Networks_LH_SomMot_11,7networks_lh_sommot,7Networks_LH_SomMot,somatomotor,somatomotor,L,151.0,26.42209510799964,139632.0,-9.237035615309718e-06,Q8,23.130000000000003,23.128076923076925,0.08371376211124187,52
43,7Networks_LH_SomMot_12,7networks_lh_sommot,7Networks_LH_SomMot,somatomotor,somatomotor,L,326.0,87.63314266199944,127985.0,-9.237035615309718e-06,Q8,23.130000000000003,23.128076923076925,0.08371376211124187,52
44,7Networks_LH_SomMot_13,7networks_lh_sommot,7Networks_LH_SomMot,somatomotor,somatomotor,L,192.0,35.5760266370699,140705.0,-9.237035615309718e-06,Q8,23.130000000000003,23.128076923076925,0.08371376211124187,52
45,7Networks_LH_SomMot_14,7networks_lh_sommot,7Networks_LH_SomMot,somatomotor,somatomotor,L,274.0,73.54102279518482,111107.0,-9.237035615309718e-06,Q8,23.130000000000003,23.128076923076925,0.08371376211124187,52
46,7Networks_LH_SomMot_15,7networks_lh_sommot,7Networks_LH_SomMot,somatomotor,somatomotor,L,283.0,71.27635960044398,84179.0,-9.237035615309718e-06,Q8,23.130000000000003,23.128076923076925,0.08371376211124187,52
47,7Networks_LH_SomMot_16,7networks_lh_sommot,7Networks_LH_SomMot,somatomotor,somatomotor,L,236.0,56.5866131648596,63796.0,-9.237035615309718e-06,Q8,23.130000000000003,23.128076923076925,0.08371376211124187,52
48,7Networks_LH_SomMot_17,7networks_lh_sommot,7Networks_LH_SomMot,somatomotor,somatomotor,L,277.0,72.5316315205327,92753.0,-9.237035615309718e-06,Q8,23.130000000000003,23.128076923076925,0.08371376211124187,52
49,7Networks_LH_SomMot_18,7networks_lh_sommot,7Networks_LH_SomMot,somatomotor,somatomotor,L,317.0,87.5082387091266,7.0,-9.237035615309718e-06,Q8,23.130000000000003,23.128076923076925,0.08371376211124187,52
50,7Networks_LH_SomMot_19,7networks_lh_sommot,7Networks_LH_SomMot,somatomotor,somatomotor,L,200.0,42.14701613591736,113624.0,-9.237035615309718e-06,Q8,23.130000000000003,23.128076923076925,0.08371376211124187,52
51,7Networks_LH_SomMot_20,7networks_lh_sommot,7Networks_LH_SomMot,somatomotor,somatomotor,L,228.0,54.089131733970824,72596.0,-9.237035615309718e-06,Q8,23.130000000000003,23.128076923076925,0.08371376211124187,52
52,7Networks_LH_SomMot_21,7networks_lh_sommot,7Networks_LH_SomMot,somatomotor,somatomotor,L,241.0,59.315888329206814,95825.0,-9.237035615309718e-06,Q8,23.130000000000003,23.128076923076925,0.08371376211124187,52
53,7Networks_LH_SomMot_22,7networks_lh_sommot,7Networks_LH_SomMot,somatomotor,somatomotor,L,187.0,38.06761717749509,131902.0,-9.237035615309718e-06,Q8,23.130000000000003,23.128076923076925,0.08371376211124187,52
54,7Networks_LH_SomMot_23,7networks_lh_sommot,7Networks_LH_SomMot,somatomotor,somatomotor,L,204.0,46.387774267907396,64249.0,-9.237035615309718e-06,Q8,23.130000000000003,23.128076923076925,0.08371376211124187,52
55,7Networks_LH_SomMot_24,7networks_lh_sommot,7Networks_LH_SomMot,somatomotor,somatomotor,L,322.0,92.11192691880811,1.0,-9.237035615309718e-06,Q8,23.130000000000003,23.128076923076925,0.08371376211124187,52
56,7Networks_LH_SomMot_25,7networks_lh_sommot,7Networks_LH_SomMot,somatomotor,somatomotor,L,297.0,80.57116024929562,180375.0,-9.237035615309718e-06,Q8,23.130000000000003,23.128076923076925,0.08371376211124187,52
57,7Networks_LH_SomMot_26,7networks_lh_sommot,7Networks_LH_SomMot,somatomotor,somatomotor,L,96.0,-2.4938956714761384,195267.0,-9.237035615309718e-06,Q8,23.130000000000003,23.128076923076925,0.08371376211124187,52
58,7Networks_LH_SomMot_27,7networks_lh_sommot,7Networks_LH_SomMot,somatomotor,somatomotor,L,176.0,37.62272688465806,96103.0,-9.237035615309718e-06,Q8,23.130000000000003,23.128076923076925,0.08371376211124187,52
59,7Networks_LH_SomMot_28,7networks_lh_sommot,7Networks_LH_SomMot,somatomotor,somatomotor,L,281.0,69.60206608042347,52694.0,-9.237035615309718e-06,Q8,23.130000000000003,23.128076923076925,0.08371376211124187,52
60,7Networks_LH_SomMot_29,7networks_lh_sommot,7Networks_LH_SomMot,somatomotor,somatomotor,L,257.0,60.440023905062716,51731.0,-9.237035615309718e-06,Q8,23.130000000000003,23.128076923076925,0.08371376211124187,52
61,7Networks_LH_SomMot_30,7networks_lh_sommot,7Networks_LH_SomMot,somatomotor,somatomotor,L,222.0,46.07359344318276,194805.0,-9.237035615309718e-06,Q8,23.130000000000003,23.128076923076925,0.08371376211124187,52
62,7Networks_LH_SomMot_31,7networks_lh_sommot,7Networks_LH_SomMot,somatomotor,somatomotor,L,170.0,23.195423887987708,185626.0,-9.237035615309718e-06,Q8,23.130000000000003,23.128076923076925,0.08371376211124187,52
63,7Networks_LH_SomMot_32,7networks_lh_sommot,7Networks_LH_SomMot,somatomotor,somatomotor,L,251.0,63.93041919235039,58112.0,-9.237035615309718e-06,Q8,23.130000000000003,23.128076923076925,0.08371376211124187,52
64,7Networks_LH_SomMot_33,7networks_lh_sommot,7Networks_LH_SomMot,somatomotor,somatomotor,L,310.0,81.0878511056091,227.0,-9.237035615309718e-06,Q8,23.130000000000003,23.128076923076925,0.08371376211124187,52
65,7Networks_LH_SomMot_34,7networks_lh_sommot,7Networks_LH_SomMot,somatomotor,somatomotor,L,268.0,70.1908990011099,74694.0,-9.237035615309718e-06,Q8,23.130000000000003,23.128076923076925,0.08371376211124187,52
66,7Networks_LH_SomMot_35,7networks_lh_sommot,7Networks_LH_SomMot,somatomotor,somatomotor,L,280.0,69.37949287116876,144556.0,-9.237035615309718e-06,Q8,23.130000000000003,23.128076923076925,0.08371376211124187,52
67,7Networks_LH_SomMot_36,7networks_lh_sommot,7Networks_LH_SomMot,somatomotor,somatomotor,L,190.0,42.73986169213693,88367.0,-9.237035615309718e-06,Q8,23.130000000000003,23.128076923076925,0.08371376211124187,52
68,7Networks_LH_SomMot_37,7networks_lh_sommot,7Networks_LH_SomMot,somatomotor,somatomotor,L,135.0,13.118159310168183,175791.0,-9.237035615309718e-06,Q8,23.130000000000003,23.128076923076925,0.08371376211124187,52
69,7Networks_LH_DorsAttn_Post_1,7networks_lh_dorsattn_post,7Networks_LH_DorsAttn_Post,dorsal attention,posterior,L,277.0,63.65294971399301,35514.0,-9.237035615309718e-06,Q8,23.130000000000003,23.128076923076925,0.08371376211124187,52
70,7Networks_LH_DorsAttn_Post_2,7networks_lh_dorsattn_post,7Networks_LH_DorsAttn_Post,dorsal attention,posterior,L,334.0,91.23000085375227,1.0,-9.237035615309718e-06,Q8,23.130000000000003,23.128076923076925,0.08371376211124187,52
71,7Networks_LH_DorsAttn_Post_3,7networks_lh_dorsattn_post,7Networks_LH_DorsAttn_Post,dorsal attention,posterior,L,249.0,57.20788867070784,50760.0,-9.237035615309718e-06,Q8,23.130000000000003,23.128076923076925,0.08371376211124187,52
72,7Networks_LH_DorsAttn_Post_4,7networks_lh_dorsattn_post,7Networks_LH_DorsAttn_Post,dorsal attention,posterior,L,168.0,30.092461367711085,139400.0,-9.237035615309718e-06,Q8,23.130000000000003,23.128076923076925,0.08371376211124187,52
73,7Networks_LH_DorsAttn_Post_5,7networks_lh_dorsattn_post,7Networks_LH_DorsAttn_Post,dorsal attention,posterior,L,102.0,9.294886024075808,163959.0,-9.237035615309718e-06,Q8,23.130000000000003,23.128076923076925,0.08371376211124187,52
74,7Networks_LH_DorsAttn_Post_6,7networks_lh_dorsattn_post,7Networks_LH_DorsAttn_Post,dorsal attention,posterior,L,224.0,51.716981132075475,45609.0,-9.237035615309718e-06,Q8,23.130000000000003,23.128076923076925,0.08371376211124187,52
75,7Networks_LH_DorsAttn_Post_7,7networks_lh_dorsattn_post,7Networks_LH_DorsAttn_Post,dorsal attention,posterior,L,103.0,2.297874156919668,167332.0,-9.237035615309718e-06,Q8,23.130000000000003,23.128076923076925,0.08371376211124187,52
76,7Networks_LH_DorsAttn_Post_8,7networks_lh_dorsattn_post,7Networks_LH_DorsAttn_Post,dorsal attention,posterior,L,190.0,42.80124647827197,95433.0,-9.237035615309718e-06,Q8,23.130000000000003,23.128076923076925,0.08371376211124187,52
77,7Networks_LH_DorsAttn_Post_9,7networks_lh_dorsattn_post,7Networks_LH_DorsAttn_Post,dorsal attention,posterior,L,243.0,57.286263126440694,87036.0,-9.237035615309718e-06,Q8,23.130000000000003,23.128076923076925,0.08371376211124187,52
78,7Networks_LH_DorsAttn_Post_10,7networks_lh_dorsattn_post,7Networks_LH_DorsAttn_Post,dorsal attention,posterior,L,224.0,48.21395031161955,59874.0,-9.237035615309718e-06,Q8,23.130000000000003,23.128076923076925,0.08371376211124187,52
79,7Networks_LH_DorsAttn_Post_11,7networks_lh_dorsattn_post,7Networks_LH_DorsAttn_Post,dorsal attention,posterior,L,220.0,49.87458379578249,86388.0,-9.237035615309718e-06,Q8,23.130000000000003,23.128076923076925,0.08371376211124187,52
80,7Networks_LH_DorsAttn_Post_12,7networks_lh_dorsattn_post,7Networks_LH_DorsAttn_Post,dorsal attention,posterior,L,155.0,24.58533253649792,165986.0,-9.237035615309718e-06,Q8,23.130000000000003,23.128076923076925,0.08371376211124187,52
81,7Networks_LH_DorsAttn_Post_13,7networks_lh_dorsattn_post,7Networks_LH_DorsAttn_Post,dorsal attention,posterior,L,233.0,50.775463160590824,85917.0,-9.237035615309718e-06,Q8,23.130000000000003,23.128076923076925,0.08371376211124187,52
82,7Networks_LH_DorsAttn_Post_14,7networks_lh_dorsattn_post,7Networks_LH_DorsAttn_Post,dorsal attention,posterior,L,140.0,20.554085204473694,134414.0,-9.237035615309718e-06,Q8,23.130000000000003,23.128076923076925,0.08371376211124187,52
83,7Networks_LH_DorsAttn_Post_15,7networks_lh_dorsattn_post,7Networks_LH_DorsAttn_Post,dorsal attention,posterior,L,196.0,43.752070349184706,111482.0,-9.237035615309718e-06,Q8,23.130000000000003,23.128076923076925,0.08371376211124187,52
84,7Networks_LH_DorsAttn_Post_16,7networks_lh_dorsattn_post,7Networks_LH_DorsAttn_Post,dorsal attention,posterior,L,186.0,33.53299752411848,150519.0,-9.237035615309718e-06,Q8,23.130000000000003,23.128076923076925,0.08371376211124187,52
85,7Networks_LH_DorsAttn_Post_17,7networks_lh_dorsattn_post,7Networks_LH_DorsAttn_Post,dorsal attention,posterior,L,126.0,19.595833689063426,157238.0,-9.237035615309718e-06,Q8,23.130000000000003,23.128076923076925,0.08371376211124187,52
86,7Networks_LH_DorsAttn_FEF_1,7networks_lh_dorsattn_fef,7Networks_LH_DorsAttn_FEF,dorsal attention,frontal eye fields,L,284.0,71.9183812857509,29694.0,-9.237035615309718e-06,Q8,23.130000000000003,23.128076923076925,0.08371376211124187,52
87,7Networks_LH_DorsAttn_FEF_2,7networks_lh_dorsattn_fef,7Networks_LH_DorsAttn_FEF,dorsal attention,frontal eye fields,L,177.0,31.31238794501836,187592.0,-9.237035615309718e-06,Q8,23.130000000000003,23.128076923076925,0.08371376211124187,52
88,7Networks_LH_DorsAttn_FEF_3,7networks_lh_dorsattn_fef,7Networks_LH_DorsAttn_FEF,dorsal attention,frontal eye fields,L,187.0,32.31981558951594,187061.0,-9.237035615309718e-06,Q8,23.130000000000003,23.128076923076925,0.08371376211124187,52
89,7Networks_LH_DorsAttn_FEF_4,7networks_lh_dorsattn_fef,7Networks_LH_DorsAttn_FEF,dorsal attention,frontal eye fields,L,168.0,27.66131648595577,183213.0,-9.237035615309718e-06,Q8,23.130000000000003,23.128076923076925,0.08371376211124187,52
90,7Networks_LH_DorsAttn_PrCv_1,7networks_lh_dorsattn_prcv,7Networks_LH_DorsAttn_PrCv,dorsal attention,precentral ventral,L,235.0,54.66071885938698,54695.0,-9.237035615309718e-06,Q8,23.130000000000003,23.128076923076925,0.08371376211124187,52
91,7Networks_LH_DorsAttn_PrCv_2,7networks_lh_dorsattn_prcv,7Networks_LH_DorsAttn_PrCv,dorsal attention,precentral ventral,L,252.0,60.232305984803176,56836.0,-9.237035615309718e-06,Q8,23.130000000000003,23.128076923076925,0.08371376211124187,52
92,7Networks_LH_SalVentAttn_ParOper_1,7networks_lh_salventattn_paroper,7Networks_LH_SalVentAttn_ParOper,salience / ventral attention,parietal operculum,L,227.0,53.005890890463604,116181.0,-9.237035615309718e-06,Q8,23.130000000000003,23.128076923076925,0.08371376211124187,52
93,7Networks_LH_SalVentAttn_ParOper_2,7networks_lh_salventattn_paroper,7Networks_LH_SalVentAttn_ParOper,salience / ventral attention,parietal operculum,L,181.0,36.503201570904096,125732.0,-9.237035615309718e-06,Q8,23.130000000000003,23.128076923076925,0.08371376211124187,52
94,7Networks_LH_SalVentAttn_ParOper_3,7networks_lh_salventattn_paroper,7Networks_LH_SalVentAttn_ParOper,salience / ventral attention,parietal operculum,L,271.0,69.75770511397592,54394.0,-9.237035615309718e-06,Q8,23.130000000000003,23.128076923076925,0.08371376211124187,52
95,7Networks_LH_SalVentAttn_ParOper_4,7networks_lh_salventattn_paroper,7Networks_LH_SalVentAttn_ParOper,salience / ventral attention,parietal operculum,L,250.0,57.323572099376754,54932.0,-9.237035615309718e-06,Q8,23.130000000000003,23.128076923076925,0.08371376211124187,52
96,7Networks_LH_SalVentAttn_TempOcc_1,7networks_lh_salventattn_tempocc,7Networks_LH_SalVentAttn_TempOcc,salience / ventral attention,temporal occipital,L,268.0,72.91727140783743,48652.0,-9.237035615309718e-06,Q8,23.130000000000003,23.128076923076925,0.08371376211124187,52
97,7Networks_LH_SalVentAttn_FrOperIns_1,7networks_lh_salventattn_froperins,7Networks_LH_SalVentAttn_FrOperIns,salience / ventral attention,frontal operculum insula,L,331.0,93.40220268078204,1872.0,-9.237035615309718e-06,Q8,23.130000000000003,23.128076923076925,0.08371376211124187,52
98,7Networks_LH_SalVentAttn_FrOperIns_2,7networks_lh_salventattn_froperins,7Networks_LH_SalVentAttn_FrOperIns,salience / ventral attention,frontal operculum insula,L,308.0,87.77537778536664,9204.0,-9.237035615309718e-06,Q8,23.130000000000003,23.128076923076925,0.08371376211124187,52
99,7Networks_LH_SalVentAttn_FrOperIns_3,7networks_lh_salventattn_froperins,7Networks_LH_SalVentAttn_FrOperIns,salience / ventral attention,frontal operculum insula,L,216.0,46.2091692990694,133736.0,-9.237035615309718e-06,Q8,23.130000000000003,23.128076923076925,0.08371376211124187,52
100,7Networks_LH_SalVentAttn_FrOperIns_4,7networks_lh_salventattn_froperins,7Networks_LH_SalVentAttn_FrOperIns,salience / ventral attention,frontal operculum insula,L,314.0,85.50106719030141,956.0,-9.237035615309718e-06,Q8,23.130000000000003,23.128076923076925,0.08371376211124187,52
101,7Networks_LH_SalVentAttn_FrOperIns_5,7networks_lh_salventattn_froperins,7Networks_LH_SalVentAttn_FrOperIns,salience / ventral attention,frontal operculum insula,L,236.0,56.87748655340217,89172.0,-9.237035615309718e-06,Q8,23.130000000000003,23.128076923076925,0.08371376211124187,52
102,7Networks_LH_SalVentAttn_FrOperIns_6,7networks_lh_salventattn_froperins,7Networks_LH_SalVentAttn_FrOperIns,salience / ventral attention,frontal operculum insula,L,195.0,42.94868949030991,68352.0,-9.237035615309718e-06,Q8,23.130000000000003,23.128076923076925,0.08371376211124187,52
103,7Networks_LH_SalVentAttn_FrOperIns_7,7networks_lh_salventattn_froperins,7Networks_LH_SalVentAttn_FrOperIns,salience / ventral attention,frontal operculum insula,L,251.0,56.04857850251861,65104.0,-9.237035615309718e-06,Q8,23.130000000000003,23.128076923076925,0.08371376211124187,52
104,7Networks_LH_SalVentAttn_FrOperIns_8,7networks_lh_salventattn_froperins,7Networks_LH_SalVentAttn_FrOperIns,salience / ventral attention,frontal operculum insula,L,312.0,86.81004012635533,14228.0,-9.237035615309718e-06,Q8,23.130000000000003,23.128076923076925,0.08371376211124187,52
105,7Networks_LH_SalVentAttn_FrOperIns_9,7networks_lh_salventattn_froperins,7Networks_LH_SalVentAttn_FrOperIns,salience / ventral attention,frontal operculum insula,L,224.0,49.85366686587551,116343.0,-9.237035615309718e-06,Q8,23.130000000000003,23.128076923076925,0.08371376211124187,52
106,7Networks_LH_SalVentAttn_PFCl_1,7networks_lh_salventattn_pfcl,7Networks_LH_SalVentAttn_PFCl,salience / ventral attention,lateral prefrontal cortex,L,294.0,76.0632630410655,125426.0,-9.237035615309718e-06,Q8,23.130000000000003,23.128076923076925,0.08371376211124187,52
107,7Networks_LH_SalVentAttn_Med_1,7networks_lh_salventattn_med,7Networks_LH_SalVentAttn_Med,salience / ventral attention,medial,L,293.0,73.4809186374114,86035.0,-9.237035615309718e-06,Q8,23.130000000000003,23.128076923076925,0.08371376211124187,52
108,7Networks_LH_SalVentAttn_Med_2,7networks_lh_salventattn_med,7Networks_LH_SalVentAttn_Med,salience / ventral attention,medial,L,332.0,93.16776231537614,1.0,-9.237035615309718e-06,Q8,23.130000000000003,23.128076923076925,0.08371376211124187,52
109,7Networks_LH_SalVentAttn_Med_3,7networks_lh_salventattn_med,7Networks_LH_SalVentAttn_Med,salience / ventral attention,medial,L,306.0,79.64210706053107,32537.0,-9.237035615309718e-06,Q8,23.130000000000003,23.128076923076925,0.08371376211124187,52
110,7Networks_LH_SalVentAttn_Med_4,7networks_lh_salventattn_med,7Networks_LH_SalVentAttn_Med,salience / ventral attention,medial,L,238.0,60.52582600529325,89423.0,-9.237035615309718e-06,Q8,23.130000000000003,23.128076923076925,0.08371376211124187,52
111,7Networks_LH_SalVentAttn_Med_5,7networks_lh_salventattn_med,7Networks_LH_SalVentAttn_Med,salience / ventral attention,medial,L,209.0,48.11798855971996,75865.0,-9.237035615309718e-06,Q8,23.130000000000003,23.128076923076925,0.08371376211124187,52
112,7Networks_LH_SalVentAttn_Med_6,7networks_lh_salventattn_med,7Networks_LH_SalVentAttn_Med,salience / ventral attention,medial,L,319.0,88.91539315290711,8.0,-9.237035615309718e-06,Q8,23.130000000000003,23.128076923076925,0.08371376211124187,52
113,7Networks_LH_SalVentAttn_Med_7,7networks_lh_salventattn_med,7Networks_LH_SalVentAttn_Med,salience / ventral attention,medial,L,231.0,54.332877998804754,76741.0,-9.237035615309718e-06,Q8,23.130000000000003,23.128076923076925,0.08371376211124187,52
114,7Networks_LH_Limbic_OFC_1,7networks_lh_limbic_ofc,7Networks_LH_Limbic_OFC,limbic,orbital frontal cortex,L,153.0,22.273627593272415,128070.0,-9.237035615309718e-06,Q8,23.130000000000003,23.128076923076925,0.08371376211124187,52
115,7Networks_LH_Limbic_OFC_2,7networks_lh_limbic_ofc,7Networks_LH_Limbic_OFC,limbic,orbital frontal cortex,L,272.0,69.76777939042084,163291.0,-9.237035615309718e-06,Q8,23.130000000000003,23.128076923076925,0.08371376211124187,52
116,7Networks_LH_Limbic_OFC_3,7networks_lh_limbic_ofc,7Networks_LH_Limbic_OFC,limbic,orbital frontal cortex,L,175.0,35.989071971313926,127937.0,-9.237035615309718e-06,Q8,23.130000000000003,23.128076923076925,0.08371376211124187,52
117,7Networks_LH_Limbic_OFC_4,7networks_lh_limbic_ofc,7Networks_LH_Limbic_OFC,limbic,orbital frontal cortex,L,283.0,75.50738495688545,44263.5,-9.237035615309718e-06,Q8,23.130000000000003,23.128076923076925,0.08371376211124187,52
118,7Networks_LH_Limbic_OFC_5,7networks_lh_limbic_ofc,7Networks_LH_Limbic_OFC,limbic,orbital frontal cortex,L,196.0,40.95961751899604,117451.0,-9.237035615309718e-06,Q8,23.130000000000003,23.128076923076925,0.08371376211124187,52
119,7Networks_LH_Limbic_TempPole_1,7networks_lh_limbic_temppole,7Networks_LH_Limbic_TempPole,limbic,temporal pole,L,92.0,-6.077691453940069,193747.0,-9.237035615309718e-06,Q8,23.130000000000003,23.128076923076925,0.08371376211124187,52
120,7Networks_LH_Limbic_TempPole_2,7networks_lh_limbic_temppole,7Networks_LH_Limbic_TempPole,limbic,temporal pole,L,77.0,-18.836762571501758,198387.0,-9.237035615309718e-06,Q8,23.130000000000003,23.128076923076925,0.08371376211124187,52
121,7Networks_LH_Limbic_TempPole_3,7networks_lh_limbic_temppole,7Networks_LH_Limbic_TempPole,limbic,temporal pole,L,103.0,2.2037052847263734,197243.0,-9.237035615309718e-06,Q8,23.130000000000003,23.128076923076925,0.08371376211124187,52
122,7Networks_LH_Limbic_TempPole_4,7networks_lh_limbic_temppole,7Networks_LH_Limbic_TempPole,limbic,temporal pole,L,155.0,20.78382993255358,175134.0,-9.237035615309718e-06,Q8,23.130000000000003,23.128076923076925,0.08371376211124187,52
123,7Networks_LH_Limbic_TempPole_5,7networks_lh_limbic_temppole,7Networks_LH_Limbic_TempPole,limbic,temporal pole,L,159.0,26.720310765815743,130812.0,-9.237035615309718e-06,Q8,23.130000000000003,23.128076923076925,0.08371376211124187,52
124,7Networks_LH_Limbic_TempPole_6,7networks_lh_limbic_temppole,7Networks_LH_Limbic_TempPole,limbic,temporal pole,L,223.0,54.165371809100996,87998.0,-9.237035615309718e-06,Q8,23.130000000000003,23.128076923076925,0.08371376211124187,52
125,7Networks_LH_Limbic_TempPole_7,7networks_lh_limbic_temppole,7Networks_LH_Limbic_TempPole,limbic,temporal pole,L,322.0,89.10842653461962,2947.0,-9.237035615309718e-06,Q8,23.130000000000003,23.128076923076925,0.08371376211124187,52
126,7Networks_LH_Limbic_TempPole_8,7networks_lh_limbic_temppole,7Networks_LH_Limbic_TempPole,limbic,temporal pole,L,138.0,20.475539998292515,147364.0,-9.237035615309718e-06,Q8,23.130000000000003,23.128076923076925,0.08371376211124187,52
127,7Networks_LH_Cont_Par_1,7networks_lh_cont_par,7Networks_LH_Cont_Par,control,parietal ,L,182.0,34.40117817809269,144008.0,-9.237035615309718e-06,Q8,23.130000000000003,23.128076923076925,0.08371376211124187,52
128,7Networks_LH_Cont_Par_2,7networks_lh_cont_par,7Networks_LH_Cont_Par,control,parietal ,L,239.0,53.80551523947746,72206.0,-9.237035615309718e-06,Q8,23.130000000000003,23.128076923076925,0.08371376211124187,52
129,7Networks_LH_Cont_Par_3,7networks_lh_cont_par,7Networks_LH_Cont_Par,control,parietal ,L,242.0,54.88884145820882,88323.0,-9.237035615309718e-06,Q8,23.130000000000003,23.128076923076925,0.08371376211124187,52
130,7Networks_LH_Cont_Par_4,7networks_lh_cont_par,7Networks_LH_Cont_Par,control,parietal ,L,219.0,48.14300350038418,73229.0,-9.237035615309718e-06,Q8,23.130000000000003,23.128076923076925,0.08371376211124187,52
131,7Networks_LH_Cont_Par_5,7networks_lh_cont_par,7Networks_LH_Cont_Par,control,parietal ,L,253.0,57.94578673269015,70716.0,-9.237035615309718e-06,Q8,23.130000000000003,23.128076923076925,0.08371376211124187,52
132,7Networks_LH_Cont_Par_6,7networks_lh_cont_par,7Networks_LH_Cont_Par,control,parietal ,L,261.0,63.76965764535131,166826.0,-9.237035615309718e-06,Q8,23.130000000000003,23.128076923076925,0.08371376211124187,52
133,7Networks_LH_Cont_Temp_1,7networks_lh_cont_temp,7Networks_LH_Cont_Temp,control,temporal,L,281.0,72.25458891829592,19693.0,-9.237035615309718e-06,Q8,23.130000000000003,23.128076923076925,0.08371376211124187,52
134,7Networks_LH_Cont_OFC_1,7networks_lh_cont_ofc,7Networks_LH_Cont_OFC,control,orbital frontal cortex,L,246.0,59.04755399982925,111212.0,-9.237035615309718e-06,Q8,23.130000000000003,23.128076923076925,0.08371376211124187,52
135,7Networks_LH_Cont_PFCl_1,7networks_lh_cont_pfcl,7Networks_LH_Cont_PFCl,control,lateral prefrontal cortex,L,322.0,90.472039614104,0.0,-9.237035615309718e-06,Q8,23.130000000000003,23.128076923076925,0.08371376211124187,52
136,7Networks_LH_Cont_PFCl_2,7networks_lh_cont_pfcl,7Networks_LH_Cont_PFCl,control,lateral prefrontal cortex,L,311.0,79.74302057542901,71125.0,-9.237035615309718e-06,Q8,23.130000000000003,23.128076923076925,0.08371376211124187,52
137,7Networks_LH_Cont_PFCl_3,7networks_lh_cont_pfcl,7Networks_LH_Cont_PFCl,control,lateral prefrontal cortex,L,314.0,83.5392299154785,2577.0,-9.237035615309718e-06,Q8,23.130000000000003,23.128076923076925,0.08371376211124187,52
138,7Networks_LH_Cont_PFCl_4,7networks_lh_cont_pfcl,7Networks_LH_Cont_PFCl,control,lateral prefrontal cortex,L,329.0,86.57901476991378,706.0,-9.237035615309718e-06,Q8,23.130000000000003,23.128076923076925,0.08371376211124187,52
139,7Networks_LH_Cont_PFCl_5,7networks_lh_cont_pfcl,7Networks_LH_Cont_PFCl,control,lateral prefrontal cortex,L,296.0,74.30922906172637,55988.0,-9.237035615309718e-06,Q8,23.130000000000003,23.128076923076925,0.08371376211124187,52
140,7Networks_LH_Cont_PFCl_6,7networks_lh_cont_pfcl,7Networks_LH_Cont_PFCl,control,lateral prefrontal cortex,L,284.0,70.47229573977631,4865.0,-9.237035615309718e-06,Q8,23.130000000000003,23.128076923076925,0.08371376211124187,52
141,7Networks_LH_Cont_PFCl_7,7networks_lh_cont_pfcl,7Networks_LH_Cont_PFCl,control,lateral prefrontal cortex,L,168.0,29.207376419363097,115911.0,-9.237035615309718e-06,Q8,23.130000000000003,23.128076923076925,0.08371376211124187,52
142,7Networks_LH_Cont_PFCl_8,7networks_lh_cont_pfcl,7Networks_LH_Cont_PFCl,control,lateral prefrontal cortex,L,245.0,59.096644753692495,45518.0,-9.237035615309718e-06,Q8,23.130000000000003,23.128076923076925,0.08371376211124187,52
143,7Networks_LH_Cont_PFCv_1,7networks_lh_cont_pfcv,7Networks_LH_Cont_PFCv,control,ventral prefrontal cortex,L,231.0,51.065482796892354,115396.0,-9.237035615309718e-06,Q8,23.130000000000003,23.128076923076925,0.08371376211124187,52
144,7Networks_LH_Cont_pCun_1,7networks_lh_cont_pcun,7Networks_LH_Cont_pCun,control,precuneus,L,239.0,54.7594126184581,140908.0,-9.237035615309718e-06,Q8,23.130000000000003,23.128076923076925,0.08371376211124187,52
145,7Networks_LH_Cont_pCun_2,7networks_lh_cont_pcun,7Networks_LH_Cont_pCun,control,precuneus,L,278.0,67.48108938785963,52851.5,-9.237035615309718e-06,Q8,23.130000000000003,23.128076923076925,0.08371376211124187,52
146,7Networks_LH_Cont_Cing_1,7networks_lh_cont_cing,7Networks_LH_Cont_Cing,control,cingulate,L,233.0,61.49449329804491,156718.0,-9.237035615309718e-06,Q8,23.130000000000003,23.128076923076925,0.08371376211124187,52
147,7Networks_LH_Cont_Cing_2,7networks_lh_cont_cing,7Networks_LH_Cont_Cing,control,cingulate,L,255.0,63.27900623239135,47804.0,-9.237035615309718e-06,Q8,23.130000000000003,23.128076923076925,0.08371376211124187,52
148,7Networks_LH_Cont_PFCmp_1,7networks_lh_cont_pfcmp,7Networks_LH_Cont_PFCmp,control,medial posterior prefrontal cortex,L,259.0,67.09100998890118,63188.0,-9.237035615309718e-06,Q8,23.130000000000003,23.128076923076925,0.08371376211124187,52
149,7Networks_LH_Default_Temp_1,7networks_lh_default_temp,7Networks_LH_Default_Temp,default,temporal,L,194.0,43.54486468026978,105949.0,-9.237035615309718e-06,Q8,23.130000000000003,23.128076923076925,0.08371376211124187,52
150,7Networks_LH_Default_Temp_2,7networks_lh_default_temp,7Networks_LH_Default_Temp,default,temporal,L,271.0,71.38717664133871,54118.0,-9.237035615309718e-06,Q8,23.130000000000003,23.128076923076925,0.08371376211124187,52
151,7Networks_LH_Default_Temp_3,7networks_lh_default_temp,7Networks_LH_Default_Temp,default,temporal,L,209.0,50.486297276530365,82510.0,-9.237035615309718e-06,Q8,23.130000000000003,23.128076923076925,0.08371376211124187,52
152,7Networks_LH_Default_Temp_4,7networks_lh_default_temp,7Networks_LH_Default_Temp,default,temporal,L,254.0,57.44676854776745,52494.0,-9.237035615309718e-06,Q8,23.130000000000003,23.128076923076925,0.08371376211124187,52
153,7Networks_LH_Default_Temp_5,7networks_lh_default_temp,7Networks_LH_Default_Temp,default,temporal,L,205.0,43.3109365662085,150718.0,-9.237035615309718e-06,Q8,23.130000000000003,23.128076923076925,0.08371376211124187,52
154,7Networks_LH_Default_Temp_6,7networks_lh_default_temp,7Networks_LH_Default_Temp,default,temporal,L,335.0,97.49252966789035,0.0,-9.237035615309718e-06,Q8,23.130000000000003,23.128076923076925,0.08371376211124187,52
155,7Networks_LH_Default_Temp_7,7networks_lh_default_temp,7Networks_LH_Default_Temp,default,temporal,L,274.0,64.70528472637244,81763.0,-9.237035615309718e-06,Q8,23.130000000000003,23.128076923076925,0.08371376211124187,52
156,7Networks_LH_Default_Temp_8,7networks_lh_default_temp,7Networks_LH_Default_Temp,default,temporal,L,158.0,31.625458891829563,119209.0,-9.237035615309718e-06,Q8,23.130000000000003,23.128076923076925,0.08371376211124187,52
157,7Networks_LH_Default_Temp_9,7networks_lh_default_temp,7Networks_LH_Default_Temp,default,temporal,L,215.0,47.645351319047236,82387.0,-9.237035615309718e-06,Q8,23.130000000000003,23.128076923076925,0.08371376211124187,52
158,7Networks_LH_Default_Temp_10,7networks_lh_default_temp,7Networks_LH_Default_Temp,default,temporal,L,257.0,65.69136856484252,93668.0,-9.237035615309718e-06,Q8,23.130000000000003,23.128076923076925,0.08371376211124187,52
159,7Networks_LH_Default_Par_1,7networks_lh_default_par,7Networks_LH_Default_Par,default,parietal,L,252.0,63.64407069068557,31880.0,-9.237035615309718e-06,Q8,23.130000000000003,23.128076923076925,0.08371376211124187,52
160,7Networks_LH_Default_Par_2,7networks_lh_default_par,7Networks_LH_Default_Par,default,parietal,L,241.0,53.881499188935386,126440.0,-9.237035615309718e-06,Q8,23.130000000000003,23.128076923076925,0.08371376211124187,52
161,7Networks_LH_Default_Par_3,7networks_lh_default_par,7Networks_LH_Default_Par,default,parietal,L,224.0,54.09946213608808,119226.0,-9.237035615309718e-06,Q8,23.130000000000003,23.128076923076925,0.08371376211124187,52
162,7Networks_LH_Default_Par_4,7networks_lh_default_par,7Networks_LH_Default_Par,default,parietal,L,232.0,54.844275591223415,101731.0,-9.237035615309718e-06,Q8,23.130000000000003,23.128076923076925,0.08371376211124187,52
163,7Networks_LH_Default_Par_5,7networks_lh_default_par,7Networks_LH_Default_Par,default,parietal,L,245.0,61.89259796806969,64536.0,-9.237035615309718e-06,Q8,23.130000000000003,23.128076923076925,0.08371376211124187,52
164,7Networks_LH_Default_Par_6,7networks_lh_default_par,7Networks_LH_Default_Par,default,parietal,L,217.0,51.12558695466581,103436.0,-9.237035615309718e-06,Q8,23.130000000000003,23.128076923076925,0.08371376211124187,52
165,7Networks_LH_Default_Par_7,7networks_lh_default_par,7Networks_LH_Default_Par,default,parietal,L,263.0,62.07905745752585,108093.0,-9.237035615309718e-06,Q8,23.130000000000003,23.128076923076925,0.08371376211124187,52
166,7Networks_LH_Default_PFC_1,7networks_lh_default_pfc,7Networks_LH_Default_PFC,default,prefrontal cortex,L,218.0,50.09673012891661,92781.0,-9.237035615309718e-06,Q8,23.130000000000003,23.128076923076925,0.08371376211124187,52
167,7Networks_LH_Default_PFC_2,7networks_lh_default_pfc,7Networks_LH_Default_PFC,default,prefrontal cortex,L,262.0,64.62554426705368,16102.5,-9.237035615309718e-06,Q8,23.130000000000003,23.128076923076925,0.08371376211124187,52
168,7Networks_LH_Default_PFC_3,7networks_lh_default_pfc,7Networks_LH_Default_PFC,default,prefrontal cortex,L,265.0,63.813711260992065,153738.0,-9.237035615309718e-06,Q8,23.130000000000003,23.128076923076925,0.08371376211124187,52
169,7Networks_LH_Default_PFC_4,7networks_lh_default_pfc,7Networks_LH_Default_PFC,default,prefrontal cortex,L,285.0,76.68692905318875,28661.0,-9.237035615309718e-06,Q8,23.130000000000003,23.128076923076925,0.08371376211124187,52
170,7Networks_LH_Default_PFC_5,7networks_lh_default_pfc,7Networks_LH_Default_PFC,default,prefrontal cortex,L,266.0,64.67164688807308,68695.0,-9.237035615309718e-06,Q8,23.130000000000003,23.128076923076925,0.08371376211124187,52
171,7Networks_LH_Default_PFC_6,7networks_lh_default_pfc,7Networks_LH_Default_PFC,default,prefrontal cortex,L,219.0,50.78844019465554,68083.0,-9.237035615309718e-06,Q8,23.130000000000003,23.128076923076925,0.08371376211124187,52
172,7Networks_LH_Default_PFC_7,7networks_lh_default_pfc,7Networks_LH_Default_PFC,default,prefrontal cortex,L,300.0,80.79057457525829,944.0,-9.237035615309718e-06,Q8,23.130000000000003,23.128076923076925,0.08371376211124187,52
173,7Networks_LH_Default_PFC_8,7networks_lh_default_pfc,7Networks_LH_Default_PFC,default,prefrontal cortex,L,283.0,70.65183983607959,37198.0,-9.237035615309718e-06,Q8,23.130000000000003,23.128076923076925,0.08371376211124187,52
174,7Networks_LH_Default_PFC_9,7networks_lh_default_pfc,7Networks_LH_Default_PFC,default,prefrontal cortex,L,349.0,99.41552121574328,0.0,-9.237035615309718e-06,Q8,23.130000000000003,23.128076923076925,0.08371376211124187,52
175,7Networks_LH_Default_PFC_10,7networks_lh_default_pfc,7Networks_LH_Default_PFC,default,prefrontal cortex,L,151.0,27.280457611201243,116282.0,-9.237035615309718e-06,Q8,23.130000000000003,23.128076923076925,0.08371376211124187,52
176,7Networks_LH_Default_PFC_11,7networks_lh_default_pfc,7Networks_LH_Default_PFC,default,prefrontal cortex,L,303.0,83.86331426619995,11144.5,-9.237035615309718e-06,Q8,23.130000000000003,23.128076923076925,0.08371376211124187,52
177,7Networks_LH_Default_PFC_12,7networks_lh_default_pfc,7Networks_LH_Default_PFC,default,prefrontal cortex,L,321.0,88.9504823700162,5980.5,-9.237035615309718e-06,Q8,23.130000000000003,23.128076923076925,0.08371376211124187,52
178,7Networks_LH_Default_PFC_13,7networks_lh_default_pfc,7Networks_LH_Default_PFC,default,prefrontal cortex,L,340.0,96.26628532399893,7213.0,-9.237035615309718e-06,Q8,23.130000000000003,23.128076923076925,0.08371376211124187,52
179,7Networks_LH_Default_PFC_14,7networks_lh_default_pfc,7Networks_LH_Default_PFC,default,prefrontal cortex,L,211.0,47.839579953897406,90299.0,-9.237035615309718e-06,Q8,23.130000000000003,23.128076923076925,0.08371376211124187,52
180,7Networks_LH_Default_PFC_15,7networks_lh_default_pfc,7Networks_LH_Default_PFC,default,prefrontal cortex,L,260.0,61.80824724664902,82353.0,-9.237035615309718e-06,Q8,23.130000000000003,23.128076923076925,0.08371376211124187,52
181,7Networks_LH_Default_PFC_16,7networks_lh_default_pfc,7Networks_LH_Default_PFC,default,prefrontal cortex,L,159.0,28.993340732519428,149212.0,-9.237035615309718e-06,Q8,23.130000000000003,23.128076923076925,0.08371376211124187,52
182,7Networks_LH_Default_PFC_17,7networks_lh_default_pfc,7Networks_LH_Default_PFC,default,prefrontal cortex,L,228.0,53.63100828139669,68880.0,-9.237035615309718e-06,Q8,23.130000000000003,23.128076923076925,0.08371376211124187,52
183,7Networks_LH_Default_PFC_18,7networks_lh_default_pfc,7Networks_LH_Default_PFC,default,prefrontal cortex,L,240.0,57.665072995816594,60509.0,-9.237035615309718e-06,Q8,23.130000000000003,23.128076923076925,0.08371376211124187,52
184,7Networks_LH_Default_PFC_19,7networks_lh_default_pfc,7Networks_LH_Default_PFC,default,prefrontal cortex,L,129.0,16.658925979680692,154961.0,-9.237035615309718e-06,Q8,23.130000000000003,23.128076923076925,0.08371376211124187,52
185,7Networks_LH_Default_PFC_20,7networks_lh_default_pfc,7Networks_LH_Default_PFC,default,prefrontal cortex,L,288.0,71.40783744557329,11529.0,-9.237035615309718e-06,Q8,23.130000000000003,23.128076923076925,0.08371376211124187,52
186,7Networks_LH_Default_PFC_21,7networks_lh_default_pfc,7Networks_LH_Default_PFC,default,prefrontal cortex,L,205.0,42.06744642704689,148924.0,-9.237035615309718e-06,Q8,23.130000000000003,23.128076923076925,0.08371376211124187,52
187,7Networks_LH_Default_PFC_22,7networks_lh_default_pfc,7Networks_LH_Default_PFC,default,prefrontal cortex,L,217.0,47.13967386664388,113075.0,-9.237035615309718e-06,Q8,23.130000000000003,23.128076923076925,0.08371376211124187,52
188,7Networks_LH_Default_PFC_23,7networks_lh_default_pfc,7Networks_LH_Default_PFC,default,prefrontal cortex,L,195.0,44.237940749594436,114654.0,-9.237035615309718e-06,Q8,23.130000000000003,23.128076923076925,0.08371376211124187,52
189,7Networks_LH_Default_PFC_24,7networks_lh_default_pfc,7Networks_LH_Default_PFC,default,prefrontal cortex,L,236.0,62.35652693588318,87931.0,-9.237035615309718e-06,Q8,23.130000000000003,23.128076923076925,0.08371376211124187,52
190,7Networks_LH_Default_pCunPCC_1,7networks_lh_default_pcunpcc,7Networks_LH_Default_pCunPCC,default,precuneus posterior cingulate cortex,L,282.0,71.2784939810467,46943.0,-9.237035615309718e-06,Q8,23.130000000000003,23.128076923076925,0.08371376211124187,52
191,7Networks_LH_Default_pCunPCC_2,7networks_lh_default_pcunpcc,7Networks_LH_Default_pCunPCC,default,precuneus posterior cingulate cortex,L,194.0,42.32843848715101,90524.0,-9.237035615309718e-06,Q8,23.130000000000003,23.128076923076925,0.08371376211124187,52
192,7Networks_LH_Default_pCunPCC_3,7networks_lh_default_pcunpcc,7Networks_LH_Default_pCunPCC,default,precuneus posterior cingulate cortex,L,241.0,58.82182190728246,74830.0,-9.237035615309718e-06,Q8,23.130000000000003,23.128076923076925,0.08371376211124187,52
193,7Networks_LH_Default_pCunPCC_4,7networks_lh_default_pcunpcc,7Networks_LH_Default_pCunPCC,default,precuneus posterior cingulate cortex,L,139.0,21.718432510885332,159078.0,-9.237035615309718e-06,Q8,23.130000000000003,23.128076923076925,0.08371376211124187,52
194,7Networks_LH_Default_pCunPCC_5,7networks_lh_default_pcunpcc,7Networks_LH_Default_pCunPCC,default,precuneus posterior cingulate cortex,L,157.0,27.10740203193033,168236.0,-9.237035615309718e-06,Q8,23.130000000000003,23.128076923076925,0.08371376211124187,52
195,7Networks_LH_Default_pCunPCC_6,7networks_lh_default_pcunpcc,7Networks_LH_Default_pCunPCC,default,precuneus posterior cingulate cortex,L,248.0,67.51276359600443,183878.0,-9.237035615309718e-06,Q8,23.130000000000003,23.128076923076925,0.08371376211124187,52
196,7Networks_LH_Default_pCunPCC_7,7networks_lh_default_pcunpcc,7Networks_LH_Default_pCunPCC,default,precuneus posterior cingulate cortex,L,239.0,63.94228634850164,20104.5,-9.237035615309718e-06,Q8,23.130000000000003,23.128076923076925,0.08371376211124187,52
197,7Networks_LH_Default_pCunPCC_8,7networks_lh_default_pcunpcc,7Networks_LH_Default_pCunPCC,default,precuneus posterior cingulate cortex,L,290.0,81.19217962947155,60488.0,-9.237035615309718e-06,Q8,23.130000000000003,23.128076923076925,0.08371376211124187,52
198,7Networks_LH_Default_pCunPCC_9,7networks_lh_default_pcunpcc,7Networks_LH_Default_pCunPCC,default,precuneus posterior cingulate cortex,L,326.0,94.56236660121233,4330.0,-9.237035615309718e-06,Q8,23.130000000000003,23.128076923076925,0.08371376211124187,52
199,7Networks_LH_Default_pCunPCC_10,7networks_lh_default_pcunpcc,7Networks_LH_Default_pCunPCC,default,precuneus posterior cingulate cortex,L,262.0,66.28984888585326,87550.0,-9.237035615309718e-06,Q8,23.130000000000003,23.128076923076925,0.08371376211124187,52
200,7Networks_LH_Default_pCunPCC_11,7networks_lh_default_pcunpcc,7Networks_LH_Default_pCunPCC,default,precuneus posterior cingulate cortex,L,307.0,84.4731494920175,18487.0,-9.237035615309718e-06,Q8,23.130000000000003,23.128076923076925,0.08371376211124187,52
201,7Networks_RH_Vis_1,7networks_rh_vis,7Networks_RH_Vis,visual,visual,R,172.0,34.77802441731408,93141.0,-9.237035615309718e-06,Q8,23.130000000000003,23.128076923076925,0.08371376211124187,52
202,7Networks_RH_Vis_2,7networks_rh_vis,7Networks_RH_Vis,visual,visual,R,126.0,13.359856569623503,133182.0,-9.237035615309718e-06,Q8,23.130000000000003,23.128076923076925,0.08371376211124187,52
203,7Networks_RH_Vis_3,7networks_rh_vis,7Networks_RH_Vis,visual,visual,R,185.0,35.82113890548959,112413.0,-9.237035615309718e-06,Q8,23.130000000000003,23.128076923076925,0.08371376211124187,52
204,7Networks_RH_Vis_4,7networks_rh_vis,7Networks_RH_Vis,visual,visual,R,175.0,33.94459147955263,88033.0,-9.237035615309718e-06,Q8,23.130000000000003,23.128076923076925,0.08371376211124187,52
205,7Networks_RH_Vis_5,7networks_rh_vis,7Networks_RH_Vis,visual,visual,R,165.0,33.297532656023236,180267.0,-9.237035615309718e-06,Q8,23.130000000000003,23.128076923076925,0.08371376211124187,52
206,7Networks_RH_Vis_6,7networks_rh_vis,7Networks_RH_Vis,visual,visual,R,216.0,46.526167506189694,115628.0,-9.237035615309718e-06,Q8,23.130000000000003,23.128076923076925,0.08371376211124187,52
207,7Networks_RH_Vis_7,7networks_rh_vis,7Networks_RH_Vis,visual,visual,R,134.0,17.10842653461966,139658.0,-9.237035615309718e-06,Q8,23.130000000000003,23.128076923076925,0.08371376211124187,52
208,7Networks_RH_Vis_8,7networks_rh_vis,7Networks_RH_Vis,visual,visual,R,157.0,17.11167079313584,166826.0,-9.237035615309718e-06,Q8,23.130000000000003,23.128076923076925,0.08371376211124187,52
209,7Networks_RH_Vis_9,7networks_rh_vis,7Networks_RH_Vis,visual,visual,R,255.0,57.21266968325788,91934.0,-9.237035615309718e-06,Q8,23.130000000000003,23.128076923076925,0.08371376211124187,52
210,7Networks_RH_Vis_10,7networks_rh_vis,7Networks_RH_Vis,visual,visual,R,197.0,36.848458977204785,154997.0,-9.237035615309718e-06,Q8,23.130000000000003,23.128076923076925,0.08371376211124187,52
211,7Networks_RH_Vis_11,7networks_rh_vis,7Networks_RH_Vis,visual,visual,R,285.0,71.02390506275079,88322.5,-9.237035615309718e-06,Q8,23.130000000000003,23.128076923076925,0.08371376211124187,52
212,7Networks_RH_Vis_12,7networks_rh_vis,7Networks_RH_Vis,visual,visual,R,165.0,29.434474515495577,148601.0,-9.237035615309718e-06,Q8,23.130000000000003,23.128076923076925,0.08371376211124187,52
213,7Networks_RH_Vis_13,7networks_rh_vis,7Networks_RH_Vis,visual,visual,R,160.0,23.40459318705715,167627.0,-9.237035615309718e-06,Q8,23.130000000000003,23.128076923076925,0.08371376211124187,52
214,7Networks_RH_Vis_14,7networks_rh_vis,7Networks_RH_Vis,visual,visual,R,187.0,38.990011098779156,174345.0,-9.237035615309718e-06,Q8,23.130000000000003,23.128076923076925,0.08371376211124187,52
215,7Networks_RH_Vis_15,7networks_rh_vis,7Networks_RH_Vis,visual,visual,R,171.0,30.900623239135996,186430.0,-9.237035615309718e-06,Q8,23.130000000000003,23.128076923076925,0.08371376211124187,52
216,7Networks_RH_Vis_16,7networks_rh_vis,7Networks_RH_Vis,visual,visual,R,322.0,89.88653632715793,122.0,-9.237035615309718e-06,Q8,23.130000000000003,23.128076923076925,0.08371376211124187,52
217,7Networks_RH_Vis_17,7networks_rh_vis,7Networks_RH_Vis,visual,visual,R,230.0,54.64210706053108,95059.0,-9.237035615309718e-06,Q8,23.130000000000003,23.128076923076925,0.08371376211124187,52
218,7Networks_RH_Vis_18,7networks_rh_vis,7Networks_RH_Vis,visual,visual,R,164.0,26.298215657816105,181959.0,-9.237035615309718e-06,Q8,23.130000000000003,23.128076923076925,0.08371376211124187,52
219,7Networks_RH_Vis_19,7networks_rh_vis,7Networks_RH_Vis,visual,visual,R,307.0,80.92119866814642,1230.0,-9.237035615309718e-06,Q8,23.130000000000003,23.128076923076925,0.08371376211124187,52
220,7Networks_RH_Vis_20,7networks_rh_vis,7Networks_RH_Vis,visual,visual,R,232.0,55.88440194655516,87520.0,-9.237035615309718e-06,Q8,23.130000000000003,23.128076923076925,0.08371376211124187,52
221,7Networks_RH_Vis_21,7networks_rh_vis,7Networks_RH_Vis,visual,visual,R,171.0,31.756936736958913,119219.0,-9.237035615309718e-06,Q8,23.130000000000003,23.128076923076925,0.08371376211124187,52
222,7Networks_RH_Vis_22,7networks_rh_vis,7Networks_RH_Vis,visual,visual,R,284.0,67.83078630581407,44897.0,-9.237035615309718e-06,Q8,23.130000000000003,23.128076923076925,0.08371376211124187,52
223,7Networks_RH_Vis_23,7networks_rh_vis,7Networks_RH_Vis,visual,visual,R,302.0,75.77016989669603,196331.0,-9.237035615309718e-06,Q8,23.130000000000003,23.128076923076925,0.08371376211124187,52
224,7Networks_RH_Vis_24,7networks_rh_vis,7Networks_RH_Vis,visual,visual,R,308.0,87.57184325108848,107.0,-9.237035615309718e-06,Q8,23.130000000000003,23.128076923076925,0.08371376211124187,52
225,7Networks_RH_Vis_25,7networks_rh_vis,7Networks_RH_Vis,visual,visual,R,314.0,82.59600443951166,17862.0,-9.237035615309718e-06,Q8,23.130000000000003,23.128076923076925,0.08371376211124187,52
226,7Networks_RH_Vis_26,7networks_rh_vis,7Networks_RH_Vis,visual,visual,R,263.0,62.23452574063007,56331.0,-9.237035615309718e-06,Q8,23.130000000000003,23.128076923076925,0.08371376211124187,52
227,7Networks_RH_Vis_27,7networks_rh_vis,7Networks_RH_Vis,visual,visual,R,157.0,26.043370613847866,112720.0,-9.237035615309718e-06,Q8,23.130000000000003,23.128076923076925,0.08371376211124187,52
228,7Networks_RH_Vis_28,7networks_rh_vis,7Networks_RH_Vis,visual,visual,R,217.0,43.18031247332025,166026.0,-9.237035615309718e-06,Q8,23.130000000000003,23.128076923076925,0.08371376211124187,52
229,7Networks_RH_Vis_29,7networks_rh_vis,7Networks_RH_Vis,visual,visual,R,165.0,31.616152992401606,123720.0,-9.237035615309718e-06,Q8,23.130000000000003,23.128076923076925,0.08371376211124187,52
230,7Networks_RH_Vis_30,7networks_rh_vis,7Networks_RH_Vis,visual,visual,R,201.0,42.454793818833714,87107.0,-9.237035615309718e-06,Q8,23.130000000000003,23.128076923076925,0.08371376211124187,52
231,7Networks_RH_SomMot_1,7networks_rh_sommot,7Networks_RH_SomMot,somatomotor,somatomotor,R,353.0,99.51822761034745,2.0,-9.237035615309718e-06,Q8,23.130000000000003,23.128076923076925,0.08371376211124187,52
232,7Networks_RH_SomMot_2,7networks_rh_sommot,7Networks_RH_SomMot,somatomotor,somatomotor,R,254.0,58.86758302740545,51802.0,-9.237035615309718e-06,Q8,23.130000000000003,23.128076923076925,0.08371376211124187,52
233,7Networks_RH_SomMot_3,7networks_rh_sommot,7Networks_RH_SomMot,somatomotor,somatomotor,R,231.0,46.7543754802356,157767.0,-9.237035615309718e-06,Q8,23.130000000000003,23.128076923076925,0.08371376211124187,52
234,7Networks_RH_SomMot_4,7networks_rh_sommot,7Networks_RH_SomMot,somatomotor,somatomotor,R,266.0,74.38094424997867,36936.0,-9.237035615309718e-06,Q8,23.130000000000003,23.128076923076925,0.08371376211124187,52
235,7Networks_RH_SomMot_5,7networks_rh_sommot,7Networks_RH_SomMot,somatomotor,somatomotor,R,258.0,64.70716298130273,144421.0,-9.237035615309718e-06,Q8,23.130000000000003,23.128076923076925,0.08371376211124187,52
236,7Networks_RH_SomMot_6,7networks_rh_sommot,7Networks_RH_SomMot,somatomotor,somatomotor,R,257.0,68.59532143771872,68236.0,-9.237035615309718e-06,Q8,23.130000000000003,23.128076923076925,0.08371376211124187,52
237,7Networks_RH_SomMot_7,7networks_rh_sommot,7Networks_RH_SomMot,somatomotor,somatomotor,R,243.0,56.49252966789039,111053.0,-9.237035615309718e-06,Q8,23.130000000000003,23.128076923076925,0.08371376211124187,52
238,7Networks_RH_SomMot_8,7networks_rh_sommot,7Networks_RH_SomMot,somatomotor,somatomotor,R,292.0,78.01417228720231,3676.5,-9.237035615309718e-06,Q8,23.130000000000003,23.128076923076925,0.08371376211124187,52
239,7Networks_RH_SomMot_9,7networks_rh_sommot,7Networks_RH_SomMot,somatomotor,somatomotor,R,309.0,80.22658584478793,5.0,-9.237035615309718e-06,Q8,23.130000000000003,23.128076923076925,0.08371376211124187,52
240,7Networks_RH_SomMot_10,7networks_rh_sommot,7Networks_RH_SomMot,somatomotor,somatomotor,R,238.0,58.85776487663274,128658.0,-9.237035615309718e-06,Q8,23.130000000000003,23.128076923076925,0.08371376211124187,52
241,7Networks_RH_SomMot_11,7networks_rh_sommot,7Networks_RH_SomMot,somatomotor,somatomotor,R,240.0,60.00290275761968,92832.0,-9.237035615309718e-06,Q8,23.130000000000003,23.128076923076925,0.08371376211124187,52
242,7Networks_RH_SomMot_12,7networks_rh_sommot,7Networks_RH_SomMot,somatomotor,somatomotor,R,124.0,11.712029369077074,150274.0,-9.237035615309718e-06,Q8,23.130000000000003,23.128076923076925,0.08371376211124187,52
243,7Networks_RH_SomMot_13,7networks_rh_sommot,7Networks_RH_SomMot,somatomotor,somatomotor,R,192.0,39.672671390762424,138476.0,-9.237035615309718e-06,Q8,23.130000000000003,23.128076923076925,0.08371376211124187,52
244,7Networks_RH_SomMot_14,7networks_rh_sommot,7Networks_RH_SomMot,somatomotor,somatomotor,R,218.0,45.67250064031417,79152.0,-9.237035615309718e-06,Q8,23.130000000000003,23.128076923076925,0.08371376211124187,52
245,7Networks_RH_SomMot_15,7networks_rh_sommot,7Networks_RH_SomMot,somatomotor,somatomotor,R,82.0,0.18321523093998232,170045.0,-9.237035615309718e-06,Q8,23.130000000000003,23.128076923076925,0.08371376211124187,52
246,7Networks_RH_SomMot_16,7networks_rh_sommot,7Networks_RH_SomMot,somatomotor,somatomotor,R,177.0,32.6297276530351,167857.0,-9.237035615309718e-06,Q8,23.130000000000003,23.128076923076925,0.08371376211124187,52
247,7Networks_RH_SomMot_17,7networks_rh_sommot,7Networks_RH_SomMot,somatomotor,somatomotor,R,195.0,42.11611030478952,168039.0,-9.237035615309718e-06,Q8,23.130000000000003,23.128076923076925,0.08371376211124187,52
248,7Networks_RH_SomMot_18,7networks_rh_sommot,7Networks_RH_SomMot,somatomotor,somatomotor,R,269.0,65.24067275676595,73182.0,-9.237035615309718e-06,Q8,23.130000000000003,23.128076923076925,0.08371376211124187,52
249,7Networks_RH_SomMot_19,7networks_rh_sommot,7Networks_RH_SomMot,somatomotor,somatomotor,R,200.0,42.21318193460254,87309.0,-9.237035615309718e-06,Q8,23.130000000000003,23.128076923076925,0.08371376211124187,52
250,7Networks_RH_SomMot_20,7networks_rh_sommot,7Networks_RH_SomMot,somatomotor,somatomotor,R,313.0,81.1651156834288,9312.0,-9.237035615309718e-06,Q8,23.130000000000003,23.128076923076925,0.08371376211124187,52
251,7Networks_RH_SomMot_21,7networks_rh_sommot,7Networks_RH_SomMot,somatomotor,somatomotor,R,227.0,53.389054896269045,132268.0,-9.237035615309718e-06,Q8,23.130000000000003,23.128076923076925,0.08371376211124187,52
252,7Networks_RH_SomMot_22,7networks_rh_sommot,7Networks_RH_SomMot,somatomotor,somatomotor,R,254.0,63.00102450268928,116932.0,-9.237035615309718e-06,Q8,23.130000000000003,23.128076923076925,0.08371376211124187,52
253,7Networks_RH_SomMot_23,7networks_rh_sommot,7Networks_RH_SomMot,somatomotor,somatomotor,R,207.0,45.83070093058993,109363.0,-9.237035615309718e-06,Q8,23.130000000000003,23.128076923076925,0.08371376211124187,52
254,7Networks_RH_SomMot_24,7networks_rh_sommot,7Networks_RH_SomMot,somatomotor,somatomotor,R,329.0,98.20609579100135,0.0,-9.237035615309718e-06,Q8,23.130000000000003,23.128076923076925,0.08371376211124187,52
255,7Networks_RH_SomMot_25,7networks_rh_sommot,7Networks_RH_SomMot,somatomotor,somatomotor,R,303.0,82.46734397677784,2907.0,-9.237035615309718e-06,Q8,23.130000000000003,23.128076923076925,0.08371376211124187,52
256,7Networks_RH_SomMot_26,7networks_rh_sommot,7Networks_RH_SomMot,somatomotor,somatomotor,R,165.0,29.504738324938103,195910.0,-9.237035615309718e-06,Q8,23.130000000000003,23.128076923076925,0.08371376211124187,52
257,7Networks_RH_SomMot_27,7networks_rh_sommot,7Networks_RH_SomMot,somatomotor,somatomotor,R,231.0,53.552804576112024,109808.0,-9.237035615309718e-06,Q8,23.130000000000003,23.128076923076925,0.08371376211124187,52
258,7Networks_RH_SomMot_28,7networks_rh_sommot,7Networks_RH_SomMot,somatomotor,somatomotor,R,245.0,55.43823102535641,99169.0,-9.237035615309718e-06,Q8,23.130000000000003,23.128076923076925,0.08371376211124187,52
259,7Networks_RH_SomMot_29,7networks_rh_sommot,7Networks_RH_SomMot,somatomotor,somatomotor,R,313.0,79.89336634508668,949.0,-9.237035615309718e-06,Q8,23.130000000000003,23.128076923076925,0.08371376211124187,52
260,7Networks_RH_SomMot_30,7networks_rh_sommot,7Networks_RH_SomMot,somatomotor,somatomotor,R,253.0,60.32596260565184,160206.0,-9.237035615309718e-06,Q8,23.130000000000003,23.128076923076925,0.08371376211124187,52
261,7Networks_RH_SomMot_31,7networks_rh_sommot,7Networks_RH_SomMot,somatomotor,somatomotor,R,216.0,49.35618543498679,87441.0,-9.237035615309718e-06,Q8,23.130000000000003,23.128076923076925,0.08371376211124187,52
262,7Networks_RH_SomMot_32,7networks_rh_sommot,7Networks_RH_SomMot,somatomotor,somatomotor,R,221.0,48.231196106889726,105374.0,-9.237035615309718e-06,Q8,23.130000000000003,23.128076923076925,0.08371376211124187,52
263,7Networks_RH_SomMot_33,7networks_rh_sommot,7Networks_RH_SomMot,somatomotor,somatomotor,R,184.0,36.56902586869285,100743.0,-9.237035615309718e-06,Q8,23.130000000000003,23.128076923076925,0.08371376211124187,52
264,7Networks_RH_SomMot_34,7networks_rh_sommot,7Networks_RH_SomMot,somatomotor,somatomotor,R,265.0,71.57850251856907,20252.5,-9.237035615309718e-06,Q8,23.130000000000003,23.128076923076925,0.08371376211124187,52
265,7Networks_RH_SomMot_35,7networks_rh_sommot,7Networks_RH_SomMot,somatomotor,somatomotor,R,203.0,44.86920515666353,158874.0,-9.237035615309718e-06,Q8,23.130000000000003,23.128076923076925,0.08371376211124187,52
266,7Networks_RH_SomMot_36,7networks_rh_sommot,7Networks_RH_SomMot,somatomotor,somatomotor,R,158.0,25.31332707248356,178422.0,-9.237035615309718e-06,Q8,23.130000000000003,23.128076923076925,0.08371376211124187,52
267,7Networks_RH_SomMot_37,7networks_rh_sommot,7Networks_RH_SomMot,somatomotor,somatomotor,R,144.0,23.89900110987793,101825.0,-9.237035615309718e-06,Q8,23.130000000000003,23.128076923076925,0.08371376211124187,52
268,7Networks_RH_SomMot_38,7networks_rh_sommot,7Networks_RH_SomMot,somatomotor,somatomotor,R,190.0,39.44745154956032,178751.0,-9.237035615309718e-06,Q8,23.130000000000003,23.128076923076925,0.08371376211124187,52
269,7Networks_RH_SomMot_39,7networks_rh_sommot,7Networks_RH_SomMot,somatomotor,somatomotor,R,92.0,-5.256211047554001,194543.0,-9.237035615309718e-06,Q8,23.130000000000003,23.128076923076925,0.08371376211124187,52
270,7Networks_RH_SomMot_40,7networks_rh_sommot,7Networks_RH_SomMot,somatomotor,somatomotor,R,154.0,32.0104157773414,139696.0,-9.237035615309718e-06,Q8,23.130000000000003,23.128076923076925,0.08371376211124187,52
271,7Networks_RH_DorsAttn_Post_1,7networks_rh_dorsattn_post,7Networks_RH_DorsAttn_Post,dorsal attention,posterior,R,265.0,59.89242721762143,54437.0,-9.237035615309718e-06,Q8,23.130000000000003,23.128076923076925,0.08371376211124187,52
272,7Networks_RH_DorsAttn_Post_2,7networks_rh_dorsattn_post,7Networks_RH_DorsAttn_Post,dorsal attention,posterior,R,313.0,81.3631008281397,144494.0,-9.237035615309718e-06,Q8,23.130000000000003,23.128076923076925,0.08371376211124187,52
273,7Networks_RH_DorsAttn_Post_3,7networks_rh_dorsattn_post,7Networks_RH_DorsAttn_Post,dorsal attention,posterior,R,204.0,44.66575599760949,123710.0,-9.237035615309718e-06,Q8,23.130000000000003,23.128076923076925,0.08371376211124187,52
274,7Networks_RH_DorsAttn_Post_4,7networks_rh_dorsattn_post,7Networks_RH_DorsAttn_Post,dorsal attention,posterior,R,201.0,41.95893451720313,98832.0,-9.237035615309718e-06,Q8,23.130000000000003,23.128076923076925,0.08371376211124187,52
275,7Networks_RH_DorsAttn_Post_5,7networks_rh_dorsattn_post,7Networks_RH_DorsAttn_Post,dorsal attention,posterior,R,88.0,1.7981729702040383,167602.0,-9.237035615309718e-06,Q8,23.130000000000003,23.128076923076925,0.08371376211124187,52
276,7Networks_RH_DorsAttn_Post_6,7networks_rh_dorsattn_post,7Networks_RH_DorsAttn_Post,dorsal attention,posterior,R,268.0,61.78323230598479,86669.0,-9.237035615309718e-06,Q8,23.130000000000003,23.128076923076925,0.08371376211124187,52
277,7Networks_RH_DorsAttn_Post_7,7networks_rh_dorsattn_post,7Networks_RH_DorsAttn_Post,dorsal attention,posterior,R,119.0,16.85511824468539,139684.0,-9.237035615309718e-06,Q8,23.130000000000003,23.128076923076925,0.08371376211124187,52
278,7Networks_RH_DorsAttn_Post_8,7networks_rh_dorsattn_post,7Networks_RH_DorsAttn_Post,dorsal attention,posterior,R,234.0,54.168701442841304,106696.0,-9.237035615309718e-06,Q8,23.130000000000003,23.128076923076925,0.08371376211124187,52
279,7Networks_RH_DorsAttn_Post_9,7networks_rh_dorsattn_post,7Networks_RH_DorsAttn_Post,dorsal attention,posterior,R,146.0,21.014684538546913,149370.0,-9.237035615309718e-06,Q8,23.130000000000003,23.128076923076925,0.08371376211124187,52
280,7Networks_RH_DorsAttn_Post_10,7networks_rh_dorsattn_post,7Networks_RH_DorsAttn_Post,dorsal attention,posterior,R,145.0,20.993852983864077,138089.0,-9.237035615309718e-06,Q8,23.130000000000003,23.128076923076925,0.08371376211124187,52
281,7Networks_RH_DorsAttn_Post_11,7networks_rh_dorsattn_post,7Networks_RH_DorsAttn_Post,dorsal attention,posterior,R,175.0,28.174336207632553,141354.0,-9.237035615309718e-06,Q8,23.130000000000003,23.128076923076925,0.08371376211124187,52
282,7Networks_RH_DorsAttn_Post_12,7networks_rh_dorsattn_post,7Networks_RH_DorsAttn_Post,dorsal attention,posterior,R,284.0,67.49722530521647,144027.0,-9.237035615309718e-06,Q8,23.130000000000003,23.128076923076925,0.08371376211124187,52
283,7Networks_RH_DorsAttn_Post_13,7networks_rh_dorsattn_post,7Networks_RH_DorsAttn_Post,dorsal attention,posterior,R,218.0,45.91197814394262,94392.0,-9.237035615309718e-06,Q8,23.130000000000003,23.128076923076925,0.08371376211124187,52
284,7Networks_RH_DorsAttn_Post_14,7networks_rh_dorsattn_post,7Networks_RH_DorsAttn_Post,dorsal attention,posterior,R,333.0,88.50405532314522,98062.0,-9.237035615309718e-06,Q8,23.130000000000003,23.128076923076925,0.08371376211124187,52
285,7Networks_RH_DorsAttn_Post_15,7networks_rh_dorsattn_post,7Networks_RH_DorsAttn_Post,dorsal attention,posterior,R,291.0,68.91991803978483,41671.0,-9.237035615309718e-06,Q8,23.130000000000003,23.128076923076925,0.08371376211124187,52
286,7Networks_RH_DorsAttn_Post_16,7networks_rh_dorsattn_post,7Networks_RH_DorsAttn_Post,dorsal attention,posterior,R,257.0,58.00964740032447,76435.0,-9.237035615309718e-06,Q8,23.130000000000003,23.128076923076925,0.08371376211124187,52
287,7Networks_RH_DorsAttn_Post_17,7networks_rh_dorsattn_post,7Networks_RH_DorsAttn_Post,dorsal attention,posterior,R,282.0,74.15871254162045,28571.0,-9.237035615309718e-06,Q8,23.130000000000003,23.128076923076925,0.08371376211124187,52
288,7Networks_RH_DorsAttn_Post_18,7networks_rh_dorsattn_post,7Networks_RH_DorsAttn_Post,dorsal attention,posterior,R,180.0,34.69051481260136,117355.0,-9.237035615309718e-06,Q8,23.130000000000003,23.128076923076925,0.08371376211124187,52
289,7Networks_RH_DorsAttn_Post_19,7networks_rh_dorsattn_post,7Networks_RH_DorsAttn_Post,dorsal attention,posterior,R,173.0,28.755058482028492,124146.0,-9.237035615309718e-06,Q8,23.130000000000003,23.128076923076925,0.08371376211124187,52
290,7Networks_RH_DorsAttn_FEF_1,7networks_rh_dorsattn_fef,7Networks_RH_DorsAttn_FEF,dorsal attention,frontal eye fields,R,174.0,30.1330145991633,164546.0,-9.237035615309718e-06,Q8,23.130000000000003,23.128076923076925,0.08371376211124187,52
291,7Networks_RH_DorsAttn_FEF_2,7networks_rh_dorsattn_fef,7Networks_RH_DorsAttn_FEF,dorsal attention,frontal eye fields,R,202.0,42.70511397592421,93394.0,-9.237035615309718e-06,Q8,23.130000000000003,23.128076923076925,0.08371376211124187,52
292,7Networks_RH_DorsAttn_FEF_3,7networks_rh_dorsattn_fef,7Networks_RH_DorsAttn_FEF,dorsal attention,frontal eye fields,R,179.0,43.83351831298557,96592.0,-9.237035615309718e-06,Q8,23.130000000000003,23.128076923076925,0.08371376211124187,52
293,7Networks_RH_DorsAttn_PrCv_1,7networks_rh_dorsattn_prcv,7Networks_RH_DorsAttn_PrCv,dorsal attention,precentral ventral,R,188.0,34.880901562366574,125500.0,-9.237035615309718e-06,Q8,23.130000000000003,23.128076923076925,0.08371376211124187,52
294,7Networks_RH_SalVentAttn_TempOccPar_1,7networks_rh_salventattn_tempoccpar,7Networks_RH_SalVentAttn_TempOccPar,salience / ventral attention,temporal occipital parietal,R,274.0,72.67659865107146,67353.0,-9.237035615309718e-06,Q8,23.130000000000003,23.128076923076925,0.08371376211124187,52
295,7Networks_RH_SalVentAttn_TempOccPar_2,7networks_rh_salventattn_tempoccpar,7Networks_RH_SalVentAttn_TempOccPar,salience / ventral attention,temporal occipital parietal,R,264.0,68.85767950140871,68714.0,-9.237035615309718e-06,Q8,23.130000000000003,23.128076923076925,0.08371376211124187,52
296,7Networks_RH_SalVentAttn_TempOccPar_3,7networks_rh_salventattn_tempoccpar,7Networks_RH_SalVentAttn_TempOccPar,salience / ventral attention,temporal occipital parietal,R,243.0,60.37915137027231,47094.0,-9.237035615309718e-06,Q8,23.130000000000003,23.128076923076925,0.08371376211124187,52
297,7Networks_RH_SalVentAttn_TempOccPar_4,7networks_rh_salventattn_tempoccpar,7Networks_RH_SalVentAttn_TempOccPar,salience / ventral attention,temporal occipital parietal,R,255.0,64.72833603688211,66877.0,-9.237035615309718e-06,Q8,23.130000000000003,23.128076923076925,0.08371376211124187,52
298,7Networks_RH_SalVentAttn_TempOccPar_5,7networks_rh_salventattn_tempoccpar,7Networks_RH_SalVentAttn_TempOccPar,salience / ventral attention,temporal occipital parietal,R,247.0,59.06403141808247,76920.0,-9.237035615309718e-06,Q8,23.130000000000003,23.128076923076925,0.08371376211124187,52
299,7Networks_RH_SalVentAttn_TempOccPar_6,7networks_rh_salventattn_tempoccpar,7Networks_RH_SalVentAttn_TempOccPar,salience / ventral attention,temporal occipital parietal,R,260.0,68.79484333646374,45209.0,-9.237035615309718e-06,Q8,23.130000000000003,23.128076923076925,0.08371376211124187,52
300,7Networks_RH_SalVentAttn_TempOccPar_7,7networks_rh_salventattn_tempoccpar,7Networks_RH_SalVentAttn_TempOccPar,salience / ventral attention,temporal occipital parietal,R,255.0,63.7023819687526,44757.0,-9.237035615309718e-06,Q8,23.130000000000003,23.128076923076925,0.08371376211124187,52
301,7Networks_RH_SalVentAttn_PrC_1,7networks_rh_salventattn_prc,7Networks_RH_SalVentAttn_PrC,salience / ventral attention,precentral,R,145.0,23.022197558268598,150658.0,-9.237035615309718e-06,Q8,23.130000000000003,23.128076923076925,0.08371376211124187,52
302,7Networks_RH_SalVentAttn_FrOperIns_1,7networks_rh_salventattn_froperins,7Networks_RH_SalVentAttn_FrOperIns,salience / ventral attention,frontal operculum insula,R,244.0,60.26141893622475,103996.0,-9.237035615309718e-06,Q8,23.130000000000003,23.128076923076925,0.08371376211124187,52
303,7Networks_RH_SalVentAttn_FrOperIns_2,7networks_rh_salventattn_froperins,7Networks_RH_SalVentAttn_FrOperIns,salience / ventral attention,frontal operculum insula,R,299.0,88.20225390591649,67803.0,-9.237035615309718e-06,Q8,23.130000000000003,23.128076923076925,0.08371376211124187,52
304,7Networks_RH_SalVentAttn_FrOperIns_3,7networks_rh_salventattn_froperins,7Networks_RH_SalVentAttn_FrOperIns,salience / ventral attention,frontal operculum insula,R,313.0,92.3733458550329,757.0,-9.237035615309718e-06,Q8,23.130000000000003,23.128076923076925,0.08371376211124187,52
305,7Networks_RH_SalVentAttn_FrOperIns_4,7networks_rh_salventattn_froperins,7Networks_RH_SalVentAttn_FrOperIns,salience / ventral attention,frontal operculum insula,R,306.0,87.09732775548545,238.0,-9.237035615309718e-06,Q8,23.130000000000003,23.128076923076925,0.08371376211124187,52
306,7Networks_RH_SalVentAttn_FrOperIns_5,7networks_rh_salventattn_froperins,7Networks_RH_SalVentAttn_FrOperIns,salience / ventral attention,frontal operculum insula,R,183.0,35.669683257918514,126672.0,-9.237035615309718e-06,Q8,23.130000000000003,23.128076923076925,0.08371376211124187,52
307,7Networks_RH_SalVentAttn_FrOperIns_6,7networks_rh_salventattn_froperins,7Networks_RH_SalVentAttn_FrOperIns,salience / ventral attention,frontal operculum insula,R,186.0,35.54213267309827,148801.0,-9.237035615309718e-06,Q8,23.130000000000003,23.128076923076925,0.08371376211124187,52
308,7Networks_RH_SalVentAttn_FrOperIns_7,7networks_rh_salventattn_froperins,7Networks_RH_SalVentAttn_FrOperIns,salience / ventral attention,frontal operculum insula,R,276.0,66.86544864680275,56490.0,-9.237035615309718e-06,Q8,23.130000000000003,23.128076923076925,0.08371376211124187,52
309,7Networks_RH_SalVentAttn_FrOperIns_8,7networks_rh_salventattn_froperins,7Networks_RH_SalVentAttn_FrOperIns,salience / ventral attention,frontal operculum insula,R,221.0,46.26158968667291,181509.0,-9.237035615309718e-06,Q8,23.130000000000003,23.128076923076925,0.08371376211124187,52
310,7Networks_RH_SalVentAttn_PFCl_1,7networks_rh_salventattn_pfcl,7Networks_RH_SalVentAttn_PFCl,salience / ventral attention,lateral prefrontal cortex,R,261.0,70.14565013233165,56491.0,-9.237035615309718e-06,Q8,23.130000000000003,23.128076923076925,0.08371376211124187,52
311,7Networks_RH_SalVentAttn_Med_1,7networks_rh_salventattn_med,7Networks_RH_SalVentAttn_Med,salience / ventral attention,medial,R,348.0,102.74020319303342,0.0,-9.237035615309718e-06,Q8,23.130000000000003,23.128076923076925,0.08371376211124187,52
312,7Networks_RH_SalVentAttn_Med_2,7networks_rh_salventattn_med,7Networks_RH_SalVentAttn_Med,salience / ventral attention,medial,R,312.0,88.84965423034235,19681.0,-9.237035615309718e-06,Q8,23.130000000000003,23.128076923076925,0.08371376211124187,52
313,7Networks_RH_SalVentAttn_Med_3,7networks_rh_salventattn_med,7Networks_RH_SalVentAttn_Med,salience / ventral attention,medial,R,325.0,90.08170408947309,27429.5,-9.237035615309718e-06,Q8,23.130000000000003,23.128076923076925,0.08371376211124187,52
314,7Networks_RH_SalVentAttn_Med_4,7networks_rh_salventattn_med,7Networks_RH_SalVentAttn_Med,salience / ventral attention,medial,R,292.0,75.36694271322469,67719.0,-9.237035615309718e-06,Q8,23.130000000000003,23.128076923076925,0.08371376211124187,52
315,7Networks_RH_SalVentAttn_Med_5,7networks_rh_salventattn_med,7Networks_RH_SalVentAttn_Med,salience / ventral attention,medial,R,300.0,81.32673098266876,17905.0,-9.237035615309718e-06,Q8,23.130000000000003,23.128076923076925,0.08371376211124187,52
316,7Networks_RH_SalVentAttn_Med_6,7networks_rh_salventattn_med,7Networks_RH_SalVentAttn_Med,salience / ventral attention,medial,R,191.0,35.74336207632547,174797.0,-9.237035615309718e-06,Q8,23.130000000000003,23.128076923076925,0.08371376211124187,52
317,7Networks_RH_SalVentAttn_Med_7,7networks_rh_salventattn_med,7Networks_RH_SalVentAttn_Med,salience / ventral attention,medial,R,222.0,55.48783403056436,97123.0,-9.237035615309718e-06,Q8,23.130000000000003,23.128076923076925,0.08371376211124187,52
318,7Networks_RH_SalVentAttn_Med_8,7networks_rh_salventattn_med,7Networks_RH_SalVentAttn_Med,salience / ventral attention,medial,R,147.0,23.276530350892166,181567.0,-9.237035615309718e-06,Q8,23.130000000000003,23.128076923076925,0.08371376211124187,52
319,7Networks_RH_Limbic_OFC_1,7networks_rh_limbic_ofc,7Networks_RH_Limbic_OFC,limbic,orbital frontal cortex,R,143.0,22.653547340561765,146209.0,-9.237035615309718e-06,Q8,23.130000000000003,23.128076923076925,0.08371376211124187,52
320,7Networks_RH_Limbic_OFC_2,7networks_rh_limbic_ofc,7Networks_RH_Limbic_OFC,limbic,orbital frontal cortex,R,284.0,72.28694612823358,51880.0,-9.237035615309718e-06,Q8,23.130000000000003,23.128076923076925,0.08371376211124187,52
321,7Networks_RH_Limbic_OFC_3,7networks_rh_limbic_ofc,7Networks_RH_Limbic_OFC,limbic,orbital frontal cortex,R,237.0,60.04021173055582,60544.0,-9.237035615309718e-06,Q8,23.130000000000003,23.128076923076925,0.08371376211124187,52
322,7Networks_RH_Limbic_OFC_4,7networks_rh_limbic_ofc,7Networks_RH_Limbic_OFC,limbic,orbital frontal cortex,R,259.0,69.01391616152992,49535.0,-9.237035615309718e-06,Q8,23.130000000000003,23.128076923076925,0.08371376211124187,52
323,7Networks_RH_Limbic_OFC_5,7networks_rh_limbic_ofc,7Networks_RH_Limbic_OFC,limbic,orbital frontal cortex,R,263.0,70.27115171177324,40921.0,-9.237035615309718e-06,Q8,23.130000000000003,23.128076923076925,0.08371376211124187,52
324,7Networks_RH_Limbic_OFC_6,7networks_rh_limbic_ofc,7Networks_RH_Limbic_OFC,limbic,orbital frontal cortex,R,271.0,71.75155809783996,30739.0,-9.237035615309718e-06,Q8,23.130000000000003,23.128076923076925,0.08371376211124187,52
325,7Networks_RH_Limbic_TempPole_1,7networks_rh_limbic_temppole,7Networks_RH_Limbic_TempPole,limbic,temporal pole,R,64.0,-27.7808417997097,198235.0,-9.237035615309718e-06,Q8,23.130000000000003,23.128076923076925,0.08371376211124187,52
326,7Networks_RH_Limbic_TempPole_2,7networks_rh_limbic_temppole,7Networks_RH_Limbic_TempPole,limbic,temporal pole,R,56.0,-31.08204559036968,192590.0,-9.237035615309718e-06,Q8,23.130000000000003,23.128076923076925,0.08371376211124187,52
327,7Networks_RH_Limbic_TempPole_3,7networks_rh_limbic_temppole,7Networks_RH_Limbic_TempPole,limbic,temporal pole,R,114.0,9.681806539742157,144233.0,-9.237035615309718e-06,Q8,23.130000000000003,23.128076923076925,0.08371376211124187,52
328,7Networks_RH_Limbic_TempPole_4,7networks_rh_limbic_temppole,7Networks_RH_Limbic_TempPole,limbic,temporal pole,R,150.0,19.869034406215313,167667.0,-9.237035615309718e-06,Q8,23.130000000000003,23.128076923076925,0.08371376211124187,52
329,7Networks_RH_Limbic_TempPole_5,7networks_rh_limbic_temppole,7Networks_RH_Limbic_TempPole,limbic,temporal pole,R,239.0,53.154870656535465,143555.0,-9.237035615309718e-06,Q8,23.130000000000003,23.128076923076925,0.08371376211124187,52
330,7Networks_RH_Limbic_TempPole_6,7networks_rh_limbic_temppole,7Networks_RH_Limbic_TempPole,limbic,temporal pole,R,159.0,27.427729872790927,154859.0,-9.237035615309718e-06,Q8,23.130000000000003,23.128076923076925,0.08371376211124187,52
331,7Networks_RH_Limbic_TempPole_7,7networks_rh_limbic_temppole,7Networks_RH_Limbic_TempPole,limbic,temporal pole,R,105.0,9.81746777085289,150865.0,-9.237035615309718e-06,Q8,23.130000000000003,23.128076923076925,0.08371376211124187,52
332,7Networks_RH_Cont_Par_1,7networks_rh_cont_par,7Networks_RH_Cont_Par,control,parietal,R,286.0,74.26107743532823,21460.0,-9.237035615309718e-06,Q8,23.130000000000003,23.128076923076925,0.08371376211124187,52
333,7Networks_RH_Cont_Par_2,7networks_rh_cont_par,7Networks_RH_Cont_Par,control,parietal,R,296.0,79.94006659267478,1716.0,-9.237035615309718e-06,Q8,23.130000000000003,23.128076923076925,0.08371376211124187,52
334,7Networks_RH_Cont_Par_3,7networks_rh_cont_par,7Networks_RH_Cont_Par,control,parietal,R,181.0,38.30513105096901,133314.0,-9.237035615309718e-06,Q8,23.130000000000003,23.128076923076925,0.08371376211124187,52
335,7Networks_RH_Cont_Par_4,7networks_rh_cont_par,7Networks_RH_Cont_Par,control,parietal,R,212.0,42.57192862631264,157166.0,-9.237035615309718e-06,Q8,23.130000000000003,23.128076923076925,0.08371376211124187,52
336,7Networks_RH_Cont_Par_5,7networks_rh_cont_par,7Networks_RH_Cont_Par,control,parietal,R,261.0,61.17092119866814,65051.0,-9.237035615309718e-06,Q8,23.130000000000003,23.128076923076925,0.08371376211124187,52
337,7Networks_RH_Cont_Par_6,7networks_rh_cont_par,7Networks_RH_Cont_Par,control,parietal,R,264.0,63.69683257918555,61279.5,-9.237035615309718e-06,Q8,23.130000000000003,23.128076923076925,0.08371376211124187,52
338,7Networks_RH_Cont_Temp_1,7networks_rh_cont_temp,7Networks_RH_Cont_Temp,control,temporal,R,166.0,28.637411423204973,116197.0,-9.237035615309718e-06,Q8,23.130000000000003,23.128076923076925,0.08371376211124187,52
339,7Networks_RH_Cont_Temp_2,7networks_rh_cont_temp,7Networks_RH_Cont_Temp,control,temporal,R,201.0,39.4845897720482,180827.0,-9.237035615309718e-06,Q8,23.130000000000003,23.128076923076925,0.08371376211124187,52
340,7Networks_RH_Cont_PFCv_1,7networks_rh_cont_pfcv,7Networks_RH_Cont_PFCv,control,ventral prefrontal cortex,R,242.0,57.15956629386157,88909.0,-9.237035615309718e-06,Q8,23.130000000000003,23.128076923076925,0.08371376211124187,52
341,7Networks_RH_Cont_PFCl_1,7networks_rh_cont_pfcl,7Networks_RH_Cont_PFCl,control,lateral prefrontal cortex,R,241.0,58.1935456330573,157771.0,-9.237035615309718e-06,Q8,23.130000000000003,23.128076923076925,0.08371376211124187,52
342,7Networks_RH_Cont_PFCl_2,7networks_rh_cont_pfcl,7Networks_RH_Cont_PFCl,control,lateral prefrontal cortex,R,254.0,59.683087168103825,55701.0,-9.237035615309718e-06,Q8,23.130000000000003,23.128076923076925,0.08371376211124187,52
343,7Networks_RH_Cont_PFCl_3,7networks_rh_cont_pfcl,7Networks_RH_Cont_PFCl,control,lateral prefrontal cortex,R,322.0,83.08546059933406,9160.5,-9.237035615309718e-06,Q8,23.130000000000003,23.128076923076925,0.08371376211124187,52
344,7Networks_RH_Cont_PFCl_4,7networks_rh_cont_pfcl,7Networks_RH_Cont_PFCl,control,lateral prefrontal cortex,R,225.0,49.67924528301896,109494.0,-9.237035615309718e-06,Q8,23.130000000000003,23.128076923076925,0.08371376211124187,52
345,7Networks_RH_Cont_PFCl_5,7networks_rh_cont_pfcl,7Networks_RH_Cont_PFCl,control,lateral prefrontal cortex,R,265.0,65.4261077435328,75464.0,-9.237035615309718e-06,Q8,23.130000000000003,23.128076923076925,0.08371376211124187,52
346,7Networks_RH_Cont_PFCl_6,7networks_rh_cont_pfcl,7Networks_RH_Cont_PFCl,control,lateral prefrontal cortex,R,323.0,85.89225646717321,36989.0,-9.237035615309718e-06,Q8,23.130000000000003,23.128076923076925,0.08371376211124187,52
347,7Networks_RH_Cont_PFCl_7,7networks_rh_cont_pfcl,7Networks_RH_Cont_PFCl,control,lateral prefrontal cortex,R,228.0,51.200546401434245,193203.0,-9.237035615309718e-06,Q8,23.130000000000003,23.128076923076925,0.08371376211124187,52
348,7Networks_RH_Cont_PFCl_8,7networks_rh_cont_pfcl,7Networks_RH_Cont_PFCl,control,lateral prefrontal cortex,R,194.0,38.83829932553575,140887.0,-9.237035615309718e-06,Q8,23.130000000000003,23.128076923076925,0.08371376211124187,52
349,7Networks_RH_Cont_PFCl_9,7networks_rh_cont_pfcl,7Networks_RH_Cont_PFCl,control,lateral prefrontal cortex,R,309.0,85.52924101425768,17793.5,-9.237035615309718e-06,Q8,23.130000000000003,23.128076923076925,0.08371376211124187,52
350,7Networks_RH_Cont_PFCl_10,7networks_rh_cont_pfcl,7Networks_RH_Cont_PFCl,control,lateral prefrontal cortex,R,218.0,50.6068470929736,138660.0,-9.237035615309718e-06,Q8,23.130000000000003,23.128076923076925,0.08371376211124187,52
351,7Networks_RH_Cont_PFCl_11,7networks_rh_cont_pfcl,7Networks_RH_Cont_PFCl,control,lateral prefrontal cortex,R,237.0,53.2101084265346,56295.0,-9.237035615309718e-06,Q8,23.130000000000003,23.128076923076925,0.08371376211124187,52
352,7Networks_RH_Cont_PFCl_12,7networks_rh_cont_pfcl,7Networks_RH_Cont_PFCl,control,lateral prefrontal cortex,R,239.0,55.86399726799282,83138.0,-9.237035615309718e-06,Q8,23.130000000000003,23.128076923076925,0.08371376211124187,52
353,7Networks_RH_Cont_PFCl_13,7networks_rh_cont_pfcl,7Networks_RH_Cont_PFCl,control,lateral prefrontal cortex,R,201.0,41.19644839067703,93335.0,-9.237035615309718e-06,Q8,23.130000000000003,23.128076923076925,0.08371376211124187,52
354,7Networks_RH_Cont_PFCl_14,7networks_rh_cont_pfcl,7Networks_RH_Cont_PFCl,control,lateral prefrontal cortex,R,170.0,31.366515837104096,145257.0,-9.237035615309718e-06,Q8,23.130000000000003,23.128076923076925,0.08371376211124187,52
355,7Networks_RH_Cont_PFCl_15,7networks_rh_cont_pfcl,7Networks_RH_Cont_PFCl,control,lateral prefrontal cortex,R,146.0,21.728421412106204,182656.0,-9.237035615309718e-06,Q8,23.130000000000003,23.128076923076925,0.08371376211124187,52
356,7Networks_RH_Cont_pCun_1,7networks_rh_cont_pcun,7Networks_RH_Cont_pCun,control,precuneus,R,269.0,68.23273286092378,58182.0,-9.237035615309718e-06,Q8,23.130000000000003,23.128076923076925,0.08371376211124187,52
357,7Networks_RH_Cont_pCun_2,7networks_rh_cont_pcun,7Networks_RH_Cont_pCun,control,precuneus,R,249.0,55.9279433108512,174725.0,-9.237035615309718e-06,Q8,23.130000000000003,23.128076923076925,0.08371376211124187,52
358,7Networks_RH_Cont_Cing_1,7networks_rh_cont_cing,7Networks_RH_Cont_Cing,control,cingulate,R,193.0,41.5863570391872,89285.0,-9.237035615309718e-06,Q8,23.130000000000003,23.128076923076925,0.08371376211124187,52
359,7Networks_RH_Cont_Cing_2,7networks_rh_cont_cing,7Networks_RH_Cont_Cing,control,cingulate,R,263.0,59.705199351148266,67461.0,-9.237035615309718e-06,Q8,23.130000000000003,23.128076923076925,0.08371376211124187,52
360,7Networks_RH_Cont_PFCmp_1,7networks_rh_cont_pfcmp,7Networks_RH_Cont_PFCmp,control,medial posterior prefrontal cortex,R,344.0,96.39050627507906,28.0,-9.237035615309718e-06,Q8,23.130000000000003,23.128076923076925,0.08371376211124187,52
361,7Networks_RH_Cont_PFCmp_2,7networks_rh_cont_pfcmp,7Networks_RH_Cont_PFCmp,control,medial posterior prefrontal cortex,R,268.0,69.41782634679419,33591.0,-9.237035615309718e-06,Q8,23.130000000000003,23.128076923076925,0.08371376211124187,52
362,7Networks_RH_Default_Par_1,7networks_rh_default_par,7Networks_RH_Default_Par,default,parietal,R,251.0,59.92862631264402,116625.0,-9.237035615309718e-06,Q8,23.130000000000003,23.128076923076925,0.08371376211124187,52
363,7Networks_RH_Default_Par_2,7networks_rh_default_par,7Networks_RH_Default_Par,default,parietal,R,264.0,72.98591308802186,63498.0,-9.237035615309718e-06,Q8,23.130000000000003,23.128076923076925,0.08371376211124187,52
364,7Networks_RH_Default_Par_3,7networks_rh_default_par,7Networks_RH_Default_Par,default,parietal,R,287.0,71.35029454452318,50810.0,-9.237035615309718e-06,Q8,23.130000000000003,23.128076923076925,0.08371376211124187,52
365,7Networks_RH_Default_Par_4,7networks_rh_default_par,7Networks_RH_Default_Par,default,parietal,R,222.0,49.30000853752237,127559.0,-9.237035615309718e-06,Q8,23.130000000000003,23.128076923076925,0.08371376211124187,52
366,7Networks_RH_Default_Par_5,7networks_rh_default_par,7Networks_RH_Default_Par,default,parietal,R,276.0,73.72910441389907,79.0,-9.237035615309718e-06,Q8,23.130000000000003,23.128076923076925,0.08371376211124187,52
367,7Networks_RH_Default_Temp_1,7networks_rh_default_temp,7Networks_RH_Default_Temp,default,temporal,R,116.0,12.838213950311621,144946.0,-9.237035615309718e-06,Q8,23.130000000000003,23.128076923076925,0.08371376211124187,52
368,7Networks_RH_Default_Temp_2,7networks_rh_default_temp,7Networks_RH_Default_Temp,default,temporal,R,186.0,33.869717408008185,100269.0,-9.237035615309718e-06,Q8,23.130000000000003,23.128076923076925,0.08371376211124187,52
369,7Networks_RH_Default_Temp_3,7networks_rh_default_temp,7Networks_RH_Default_Temp,default,temporal,R,327.0,88.57355075557074,26.0,-9.237035615309718e-06,Q8,23.130000000000003,23.128076923076925,0.08371376211124187,52
370,7Networks_RH_Default_Temp_4,7networks_rh_default_temp,7Networks_RH_Default_Temp,default,temporal,R,231.0,51.655852471612754,149822.0,-9.237035615309718e-06,Q8,23.130000000000003,23.128076923076925,0.08371376211124187,52
371,7Networks_RH_Default_Temp_5,7networks_rh_default_temp,7Networks_RH_Default_Temp,default,temporal,R,254.0,63.58814991889351,71555.0,-9.237035615309718e-06,Q8,23.130000000000003,23.128076923076925,0.08371376211124187,52
372,7Networks_RH_Default_Temp_6,7networks_rh_default_temp,7Networks_RH_Default_Temp,default,temporal,R,225.0,46.581661401861176,139683.0,-9.237035615309718e-06,Q8,23.130000000000003,23.128076923076925,0.08371376211124187,52
373,7Networks_RH_Default_Temp_7,7networks_rh_default_temp,7Networks_RH_Default_Temp,default,temporal,R,321.0,82.98736446683175,8539.0,-9.237035615309718e-06,Q8,23.130000000000003,23.128076923076925,0.08371376211124187,52
374,7Networks_RH_Default_Temp_8,7networks_rh_default_temp,7Networks_RH_Default_Temp,default,temporal,R,278.0,71.32775548535811,117564.0,-9.237035615309718e-06,Q8,23.130000000000003,23.128076923076925,0.08371376211124187,52
375,7Networks_RH_Default_PFCv_1,7networks_rh_default_pfcv,7Networks_RH_Default_PFCv,default,ventral prefrontal cortex,R,261.0,71.13762486126525,158919.0,-9.237035615309718e-06,Q8,23.130000000000003,23.128076923076925,0.08371376211124187,52
376,7Networks_RH_Default_PFCv_2,7networks_rh_default_pfcv,7Networks_RH_Default_PFCv,default,ventral prefrontal cortex,R,280.0,73.39665329121482,37140.0,-9.237035615309718e-06,Q8,23.130000000000003,23.128076923076925,0.08371376211124187,52
377,7Networks_RH_Default_PFCv_3,7networks_rh_default_pfcv,7Networks_RH_Default_PFCv,default,ventral prefrontal cortex,R,253.0,58.60001707504473,64166.0,-9.237035615309718e-06,Q8,23.130000000000003,23.128076923076925,0.08371376211124187,52
378,7Networks_RH_Default_PFCv_4,7networks_rh_default_pfcv,7Networks_RH_Default_PFCv,default,ventral prefrontal cortex,R,186.0,37.367369589345195,150228.0,-9.237035615309718e-06,Q8,23.130000000000003,23.128076923076925,0.08371376211124187,52
379,7Networks_RH_Default_PFCdPFCm_1,7networks_rh_default_pfcdpfcm,7Networks_RH_Default_PFCdPFCm,default,dorsal prefrontal cortex medial prefrontal cortex,R,336.0,96.04550499445055,0.0,-9.237035615309718e-06,Q8,23.130000000000003,23.128076923076925,0.08371376211124187,52
380,7Networks_RH_Default_PFCdPFCm_2,7networks_rh_default_pfcdpfcm,7Networks_RH_Default_PFCdPFCm,default,dorsal prefrontal cortex medial prefrontal cortex,R,260.0,65.19328950738489,104881.0,-9.237035615309718e-06,Q8,23.130000000000003,23.128076923076925,0.08371376211124187,52
381,7Networks_RH_Default_PFCdPFCm_3,7networks_rh_default_pfcdpfcm,7Networks_RH_Default_PFCdPFCm,default,dorsal prefrontal cortex medial prefrontal cortex,R,288.0,77.0547255186545,12079.0,-9.237035615309718e-06,Q8,23.130000000000003,23.128076923076925,0.08371376211124187,52
382,7Networks_RH_Default_PFCdPFCm_4,7networks_rh_default_pfcdpfcm,7Networks_RH_Default_PFCdPFCm,default,dorsal prefrontal cortex medial prefrontal cortex,R,238.0,58.21412106206784,71959.0,-9.237035615309718e-06,Q8,23.130000000000003,23.128076923076925,0.08371376211124187,52
383,7Networks_RH_Default_PFCdPFCm_5,7networks_rh_default_pfcdpfcm,7Networks_RH_Default_PFCdPFCm,default,dorsal prefrontal cortex medial prefrontal cortex,R,276.0,70.9069410057201,28515.5,-9.237035615309718e-06,Q8,23.130000000000003,23.128076923076925,0.08371376211124187,52
384,7Networks_RH_Default_PFCdPFCm_6,7networks_rh_default_pfcdpfcm,7Networks_RH_Default_PFCdPFCm,default,dorsal prefrontal cortex medial prefrontal cortex,R,277.0,63.859557756339136,65282.0,-9.237035615309718e-06,Q8,23.130000000000003,23.128076923076925,0.08371376211124187,52
385,7Networks_RH_Default_PFCdPFCm_7,7networks_rh_default_pfcdpfcm,7Networks_RH_Default_PFCdPFCm,default,dorsal prefrontal cortex medial prefrontal cortex,R,275.0,67.66660974985062,62928.0,-9.237035615309718e-06,Q8,23.130000000000003,23.128076923076925,0.08371376211124187,52
386,7Networks_RH_Default_PFCdPFCm_8,7networks_rh_default_pfcdpfcm,7Networks_RH_Default_PFCdPFCm,default,dorsal prefrontal cortex medial prefrontal cortex,R,195.0,41.24050200631777,69539.0,-9.237035615309718e-06,Q8,23.130000000000003,23.128076923076925,0.08371376211124187,52
387,7Networks_RH_Default_PFCdPFCm_9,7networks_rh_default_pfcdpfcm,7Networks_RH_Default_PFCdPFCm,default,dorsal prefrontal cortex medial prefrontal cortex,R,265.0,68.56518398360791,51948.0,-9.237035615309718e-06,Q8,23.130000000000003,23.128076923076925,0.08371376211124187,52
388,7Networks_RH_Default_PFCdPFCm_10,7networks_rh_default_pfcdpfcm,7Networks_RH_Default_PFCdPFCm,default,dorsal prefrontal cortex medial prefrontal cortex,R,119.0,10.801075727823797,185572.0,-9.237035615309718e-06,Q8,23.130000000000003,23.128076923076925,0.08371376211124187,52
389,7Networks_RH_Default_PFCdPFCm_11,7networks_rh_default_pfcdpfcm,7Networks_RH_Default_PFCdPFCm,default,dorsal prefrontal cortex medial prefrontal cortex,R,249.0,60.642619311875734,53525.0,-9.237035615309718e-06,Q8,23.130000000000003,23.128076923076925,0.08371376211124187,52
390,7Networks_RH_Default_PFCdPFCm_12,7networks_rh_default_pfcdpfcm,7Networks_RH_Default_PFCdPFCm,default,dorsal prefrontal cortex medial prefrontal cortex,R,145.0,22.62639801929482,194857.0,-9.237035615309718e-06,Q8,23.130000000000003,23.128076923076925,0.08371376211124187,52
391,7Networks_RH_Default_PFCdPFCm_13,7networks_rh_default_pfcdpfcm,7Networks_RH_Default_PFCdPFCm,default,dorsal prefrontal cortex medial prefrontal cortex,R,196.0,36.88465807222747,141593.0,-9.237035615309718e-06,Q8,23.130000000000003,23.128076923076925,0.08371376211124187,52
392,7Networks_RH_Default_pCunPCC_1,7networks_rh_default_pcunpcc,7Networks_RH_Default_pCunPCC,default,precuneus posterior cingulate cortex,R,323.0,89.88004781012555,619.0,-9.237035615309718e-06,Q8,23.130000000000003,23.128076923076925,0.08371376211124187,52
393,7Networks_RH_Default_pCunPCC_2,7networks_rh_default_pcunpcc,7Networks_RH_Default_pCunPCC,default,precuneus posterior cingulate cortex,R,156.0,27.106548279689253,197425.0,-9.237035615309718e-06,Q8,23.130000000000003,23.128076923076925,0.08371376211124187,52
394,7Networks_RH_Default_pCunPCC_3,7networks_rh_default_pcunpcc,7Networks_RH_Default_pCunPCC,default,precuneus posterior cingulate cortex,R,244.0,64.89959873644665,39601.0,-9.237035615309718e-06,Q8,23.130000000000003,23.128076923076925,0.08371376211124187,52
395,7Networks_RH_Default_pCunPCC_4,7networks_rh_default_pcunpcc,7Networks_RH_Default_pCunPCC,default,precuneus posterior cingulate cortex,R,178.0,36.43891402714931,169209.0,-9.237035615309718e-06,Q8,23.130000000000003,23.128076923076925,0.08371376211124187,52
396,7Networks_RH_Default_pCunPCC_5,7networks_rh_default_pcunpcc,7Networks_RH_Default_pCunPCC,default,precuneus posterior cingulate cortex,R,249.0,62.17390933151206,81440.0,-9.237035615309718e-06,Q8,23.130000000000003,23.128076923076925,0.08371376211124187,52
397,7Networks_RH_Default_pCunPCC_6,7networks_rh_default_pcunpcc,7Networks_RH_Default_pCunPCC,default,precuneus posterior cingulate cortex,R,190.0,39.34056176897459,183102.0,-9.237035615309718e-06,Q8,23.130000000000003,23.128076923076925,0.08371376211124187,52
398,7Networks_RH_Default_pCunPCC_7,7networks_rh_default_pcunpcc,7Networks_RH_Default_pCunPCC,default,precuneus posterior cingulate cortex,R,310.0,84.24647827200536,11979.0,-9.237035615309718e-06,Q8,23.130000000000003,23.128076923076925,0.08371376211124187,52
399,7Networks_RH_Default_pCunPCC_8,7networks_rh_default_pcunpcc,7Networks_RH_Default_pCunPCC,default,precuneus posterior cingulate cortex,R,195.0,46.14385725262528,181820.0,-9.237035615309718e-06,Q8,23.130000000000003,23.128076923076925,0.08371376211124187,52
400,7Networks_RH_Default_pCunPCC_9,7networks_rh_default_pcunpcc,7Networks_RH_Default_pCunPCC,default,precuneus posterior cingulate cortex,R,289.0,81.33432937761467,164379.0,-9.237035615309718e-06,Q8,23.130000000000003,23.128076923076925,0.08371376211124187,52
401,HIP-head-m1-rh,HIP-head-m1,"Hippocampus head, medial division",subcortex,Hippocampus head,R,197.0,38.107145906258005,167056.0,-9.237035615309718e-06,Q8,23.130000000000003,23.128076923076925,0.08371376211124187,52
402,HIP-head-m2-rh,HIP-head-m2,"Hippocampus head, medial division",subcortex,Hippocampus head,R,214.0,46.219670451634904,139789.0,-9.237035615309718e-06,Q8,23.130000000000003,23.128076923076925,0.08371376211124187,52
403,THA-VAip-rh,THA-VAip,"Thalamus, inferior ventro-anterior part, posterior division",subcortex,Thalamus,R,273.0,68.78707419106978,70320.0,-9.237035615309718e-06,Q8,23.130000000000003,23.128076923076925,0.08371376211124187,52
404,THA-VAia-rh,THA-VAia,"Thalamus, inferior ventro-anterior part, anterior division",subcortex,Thalamus,R,305.0,81.92640655681726,8829.0,-9.237035615309718e-06,Q8,23.130000000000003,23.128076923076925,0.08371376211124187,52
405,HIP-head-l-rh,HIP-head-l,"Hippocampus head, lateral division",subcortex,Hippocampus head,R,187.0,38.147528387262035,169554.0,-9.237035615309718e-06,Q8,23.130000000000003,23.128076923076925,0.08371376211124187,52
406,HIP-body-rh,HIP-body,Hippocampus body,subcortex,Hippocampus body,R,197.0,35.40783744557331,98816.0,-9.237035615309718e-06,Q8,23.130000000000003,23.128076923076925,0.08371376211124187,52
407,HIP-tail-rh,HIP-tail,Hippocampus tail,subcortex,Hippocampus tail,R,186.0,33.45001280628363,123756.0,-9.237035615309718e-06,Q8,23.130000000000003,23.128076923076925,0.08371376211124187,52
408,THA-VPm-rh,THA-VPm,"Thalamus, medial ventro-posterior part",subcortex,Thalamus,R,245.0,61.871424912490355,197031.0,-9.237035615309718e-06,Q8,23.130000000000003,23.128076923076925,0.08371376211124187,52
409,THA-VPl-rh,THA-VPl,"Thalamus, lateral ventro-posterior part",subcortex,Thalamus,R,240.0,56.58874754546229,198145.0,-9.237035615309718e-06,Q8,23.130000000000003,23.128076923076925,0.08371376211124187,52
410,THA-VAs-rh,THA-VAs,"Thalamus, superior ventro-anterior part",subcortex,Thalamus,R,235.0,57.17604371211479,139584.0,-9.237035615309718e-06,Q8,23.130000000000003,23.128076923076925,0.08371376211124187,52
411,THA-DAm-rh,THA-DAm,"Thalamus, medial dorso-anterior part",subcortex,Thalamus,R,281.0,73.09425424741738,81100.0,-9.237035615309718e-06,Q8,23.130000000000003,23.128076923076925,0.08371376211124187,52
412,THA-DAl-rh,THA-DAl,"Thalamus, lateral dorso-anterior part",subcortex,Thalamus,R,215.0,51.10851190984377,181909.0,-9.237035615309718e-06,Q8,23.130000000000003,23.128076923076925,0.08371376211124187,52
413,PUT-VA-rh,PUT-VA,"Putamen, ventro-anterior part",subcortex,Putamen,R,173.0,33.38009049773756,144484.0,-9.237035615309718e-06,Q8,23.130000000000003,23.128076923076925,0.08371376211124187,52
414,PUT-DA-rh,PUT-DA,"Putamen, dorso-anterior part",subcortex,Putamen,R,109.0,9.920942542474172,153640.0,-9.237035615309718e-06,Q8,23.130000000000003,23.128076923076925,0.08371376211124187,52
415,PUT-VP-rh,PUT-VP,"Putamen, ventro-posterior part",subcortex,Putamen,R,143.0,22.88448732177922,154789.0,-9.237035615309718e-06,Q8,23.130000000000003,23.128076923076925,0.08371376211124187,52
416,PUT-DP-rh,PUT-DP,"Putamen, dorso-posterior part",subcortex,Putamen,R,60.0,-5.203022282933496,166989.0,-9.237035615309718e-06,Q8,23.130000000000003,23.128076923076925,0.08371376211124187,52
417,CAU-VA-rh,CAU-VA,"Caudate, ventro-anterior part",subcortex,Caudate,R,81.0,-3.985315461453099,195189.0,-9.237035615309718e-06,Q8,23.130000000000003,23.128076923076925,0.08371376211124187,52
418,CAU-DA-rh,CAU-DA,"Caudate, dorso-anterior part",subcortex,Caudate,R,91.0,8.320840092205245,178136.0,-9.237035615309718e-06,Q8,23.130000000000003,23.128076923076925,0.08371376211124187,52
419,CAU-body-rh,CAU-body,Caudate body,subcortex,Caudate body,R,62.0,-14.749935968581905,186807.0,-9.237035615309718e-06,Q8,23.130000000000003,23.128076923076925,0.08371376211124187,52
420,CAU-tail-rh,CAU-tail,Caudate tail,subcortex,Caudate tail,R,67.0,-6.400751301972171,160253.0,-9.237035615309718e-06,Q8,23.130000000000003,23.128076923076925,0.08371376211124187,52
421,lAMY-rh,lAMY,"Amygdala, lateral nucleus",subcortex,Amygdala,R,240.0,58.68359941944848,91757.0,-9.237035615309718e-06,Q8,23.130000000000003,23.128076923076925,0.08371376211124187,52
422,mAMY-rh,mAMY,"Amygdala, medial nucleus",subcortex,Amygdala,R,260.0,63.9284555621958,50710.5,-9.237035615309718e-06,Q8,23.130000000000003,23.128076923076925,0.08371376211124187,52
423,THA-DP-rh,THA-DP,"Thalamus, dorso-posterior part",subcortex,Thalamus,R,272.0,72.31563220353448,42103.0,-9.237035615309718e-06,Q8,23.130000000000003,23.128076923076925,0.08371376211124187,52
424,NAc-shell-rh,NAc-shell,"Nucleus Accumbens, shell",subcortex,Nucleus Accumbens,R,225.0,47.4677708528985,118553.0,-9.237035615309718e-06,Q8,23.130000000000003,23.128076923076925,0.08371376211124187,52
425,NAc-core-rh,NAc-core,"Nucleus Accumbens, core",subcortex,Nucleus Accumbens,R,154.0,22.50448219926577,193921.0,-9.237035615309718e-06,Q8,23.130000000000003,23.128076923076925,0.08371376211124187,52
426,pGP-rh,pGP,"Pallidum, posterior part",subcortex,Pallidum,R,222.0,53.997097242380306,91503.0,-9.237035615309718e-06,Q8,23.130000000000003,23.128076923076925,0.08371376211124187,52
427,aGP-rh,aGP,"Pallidum, anterior part",subcortex,Pallidum,R,163.0,31.550926321181578,178299.0,-9.237035615309718e-06,Q8,23.130000000000003,23.128076923076925,0.08371376211124187,52
428,HIP-head-m1-lh,HIP-head-m1,"Hippocampus head, medial division",subcortex,Hippocampus head,L,203.0,42.38000512251344,167323.0,-9.237035615309718e-06,Q8,23.130000000000003,23.128076923076925,0.08371376211124187,52
429,HIP-head-m2-lh,HIP-head-m2,"Hippocampus head, medial division",subcortex,Hippocampus head,L,178.0,36.13856398873045,132476.0,-9.237035615309718e-06,Q8,23.130000000000003,23.128076923076925,0.08371376211124187,52
430,THA-VAip-lh,THA-VAip,"Thalamus, inferior ventro-anterior part, posterior division",subcortex,Thalamus,L,301.0,79.88235294117648,74961.0,-9.237035615309718e-06,Q8,23.130000000000003,23.128076923076925,0.08371376211124187,52
431,THA-VAia-lh,THA-VAia,"Thalamus, inferior ventro-anterior part, anterior division",subcortex,Thalamus,L,331.0,94.30188679245286,17.0,-9.237035615309718e-06,Q8,23.130000000000003,23.128076923076925,0.08371376211124187,52
432,HIP-head-l-lh,HIP-head-l,"Hippocampus head, lateral division",subcortex,Hippocampus head,L,226.0,52.49398104670024,124920.0,-9.237035615309718e-06,Q8,23.130000000000003,23.128076923076925,0.08371376211124187,52
433,HIP-body-lh,HIP-body,Hippocampus body,subcortex,Hippocampus body,L,181.0,34.4684538546914,195395.0,-9.237035615309718e-06,Q8,23.130000000000003,23.128076923076925,0.08371376211124187,52
434,HIP-tail-lh,HIP-tail,Hippocampus tail,subcortex,Hippocampus tail,L,121.0,12.83283531119269,164021.0,-9.237035615309718e-06,Q8,23.130000000000003,23.128076923076925,0.08371376211124187,52
435,THA-VPm-lh,THA-VPm,"Thalamus, medial ventro-posterior part",subcortex,Thalamus,L,270.0,72.7699991462477,33978.0,-9.237035615309718e-06,Q8,23.130000000000003,23.128076923076925,0.08371376211124187,52
436,THA-VPl-lh,THA-VPl,"Thalamus, lateral ventro-posterior part",subcortex,Thalamus,L,262.0,65.47664987620587,198359.0,-9.237035615309718e-06,Q8,23.130000000000003,23.128076923076925,0.08371376211124187,52
437,THA-VAs-lh,THA-VAs,"Thalamus, superior ventro-anterior part",subcortex,Thalamus,L,303.0,80.34244002390508,21367.0,-9.237035615309718e-06,Q8,23.130000000000003,23.128076923076925,0.08371376211124187,52
438,THA-DAm-lh,THA-DAm,"Thalamus, medial dorso-anterior part",subcortex,Thalamus,L,313.0,85.32237684623925,4857.0,-9.237035615309718e-06,Q8,23.130000000000003,23.128076923076925,0.08371376211124187,52
439,THA-DAl-lh,THA-DAl,"Thalamus, lateral dorso-anterior part",subcortex,Thalamus,L,268.0,67.52377699991462,97673.0,-9.237035615309718e-06,Q8,23.130000000000003,23.128076923076925,0.08371376211124187,52
440,PUT-VA-lh,PUT-VA,"Putamen, ventro-anterior part",subcortex,Putamen,L,182.0,35.680355160932294,108632.0,-9.237035615309718e-06,Q8,23.130000000000003,23.128076923076925,0.08371376211124187,52
441,PUT-DA-lh,PUT-DA,"Putamen, dorso-anterior part",subcortex,Putamen,L,137.0,17.172031076581575,148095.0,-9.237035615309718e-06,Q8,23.130000000000003,23.128076923076925,0.08371376211124187,52
442,PUT-VP-lh,PUT-VP,"Putamen, ventro-posterior part",subcortex,Putamen,L,109.0,9.745240331255872,127808.0,-9.237035615309718e-06,Q8,23.130000000000003,23.128076923076925,0.08371376211124187,52
443,PUT-DP-lh,PUT-DP,"Putamen, dorso-posterior part",subcortex,Putamen,L,94.0,2.191240502006316,166956.0,-9.237035615309718e-06,Q8,23.130000000000003,23.128076923076925,0.08371376211124187,52
444,CAU-VA-lh,CAU-VA,"Caudate, ventro-anterior part",subcortex,Caudate,L,82.0,-5.239392128404338,196359.0,-9.237035615309718e-06,Q8,23.130000000000003,23.128076923076925,0.08371376211124187,52
445,CAU-DA-lh,CAU-DA,"Caudate, dorso-anterior part",subcortex,Caudate,L,55.0,-11.655425595492177,193071.0,-9.237035615309718e-06,Q8,23.130000000000003,23.128076923076925,0.08371376211124187,52
446,CAU-body-lh,CAU-body,Caudate body,subcortex,Caudate body,L,67.0,-11.748313839323828,197009.0,-9.237035615309718e-06,Q8,23.130000000000003,23.128076923076925,0.08371376211124187,52
447,CAU-tail-lh,CAU-tail,Caudate tail,subcortex,Caudate tail,L,78.0,-4.967472039614107,177172.0,-9.237035615309718e-06,Q8,23.130000000000003,23.128076923076925,0.08371376211124187,52
448,lAMY-lh,lAMY,"Amygdala, lateral nucleus",subcortex,Amygdala,L,283.0,70.73388542644918,39135.0,-9.237035615309718e-06,Q8,23.130000000000003,23.128076923076925,0.08371376211124187,52
449,mAMY-lh,mAMY,"Amygdala, medial nucleus",subcortex,Amygdala,L,260.0,64.38162725177153,72715.0,-9.237035615309718e-06,Q8,23.130000000000003,23.128076923076925,0.08371376211124187,52
450,THA-DP-lh,THA-DP,"Thalamus, dorso-posterior part",subcortex,Thalamus,L,299.0,81.77119439938525,42536.0,-9.237035615309718e-06,Q8,23.130000000000003,23.128076923076925,0.08371376211124187,52
451,NAc-shell-lh,NAc-shell,"Nucleus Accumbens, shell",subcortex,Nucleus Accumbens,L,176.0,30.839238453000938,154301.0,-9.237035615309718e-06,Q8,23.130000000000003,23.128076923076925,0.08371376211124187,52
452,NAc-core-lh,NAc-core,"Nucleus Accumbens, core",subcortex,Nucleus Accumbens,L,94.0,5.29693502945445,195293.0,-9.237035615309718e-06,Q8,23.130000000000003,23.128076923076925,0.08371376211124187,52
453,pGP-lh,pGP,"Pallidum, posterior part",subcortex,Pallidum,L,249.0,58.0899001109878,87312.0,-9.237035615309718e-06,Q8,23.130000000000003,23.128076923076925,0.08371376211124187,52
454,aGP-lh,aGP,"Pallidum, anterior part",subcortex,Pallidum,L,128.0,11.115598053444886,179105.0,-9.237035615309718e-06,Q8,23.130000000000003,23.128076923076925,0.08371376211124187,52
