index,name,base_name,Label Name,network,component,hemisphere,beta1,intercept,pval,adj_r2,quad_beta2,quad_beta1,quad_intercept,quad_pval,quad_adj_r2,f_statistic,pval_quad_vs_linear,pval_adj,quad_pval_adj,pval_quad_vs_linear_adj
1,7Networks_LH_Vis_1,7networks_lh_vis,7Networks_LH_Vis,visual,visual,L,1.0675890200981912,-4.814927649742728,1.4296043783191958e-07,0.4298401292523868,0.017306579178735473,-0.36546044927130783,20.873532387182593,3.600869509943203e-07,0.4454984153594719,2.355447403504428,0.13155094691573108,1.3245722199120712e-06,2.302527827484809e-06,0.21717865418087964
2,7Networks_LH_Vis_2,7networks_lh_vis,7Networks_LH_Vis,visual,visual,L,1.4813359254068064,-30.97112946387448,5.0297101206818803e-08,0.4535866991435149,0.0508987240941833,-2.733268751892751,44.57874242706684,7.595639558242932e-10,0.5733840087357921,14.478798212390736,0.0004089052281904805,6.171590256188037e-07,2.3967313249562276e-08,0.003502697615065625
3,7Networks_LH_Vis_3,7networks_lh_vis,7Networks_LH_Vis,visual,visual,L,0.8027706189916336,4.543905845373246,2.5852943534128547e-05,0.2966391425703452,0.012781113281037659,-0.2555533522670652,23.51513721100131,8.440662910713953e-05,0.3005566529048126,1.2688430690425172,0.2657024947328461,8.444054938485152e-05,0.00017865432689827436,0.3723115203972596
4,7Networks_LH_Vis_4,7networks_lh_vis,7Networks_LH_Vis,visual,visual,L,1.5141367119140017,-18.691123012099006,2.7702595147017393e-09,0.5146266026835057,0.01641433348527739,0.15496852227933822,5.672961040248538,1.269765733206136e-08,0.5190649152380357,1.442968311872873,0.2356781740381608,7.398222468674056e-08,1.601315674654405e-07,0.3418462971671725
5,7Networks_LH_Vis_5,7networks_lh_vis,7Networks_LH_Vis,visual,visual,L,1.3548326604306897,-7.572326846078035,1.7575177588351752e-10,0.5665334637226338,0.014092335196018768,0.1879346116443985,13.345174282896664,8.097132744164432e-10,0.5722217483053222,1.638269147361715,0.20684491239782862,7.619650028576963e-09,2.3967313249562276e-08,0.3140722081224555
6,7Networks_LH_Vis_6,7networks_lh_vis,7Networks_LH_Vis,visual,visual,L,1.0167127297394918,-3.6275912051567545,3.038683297635832e-05,0.29207803063331905,0.025356774305754358,-1.0829229977202184,34.009915126484074,3.9653873647070874e-05,0.3226841680956405,3.1689949193434335,0.08151370596599919,9.715226881173717e-05,9.1851319570256e-05,0.14988146861323268
7,7Networks_LH_Vis_7,7networks_lh_vis,7Networks_LH_Vis,visual,visual,L,0.8604204061062095,14.40441718411789,1.5437078653894581e-06,0.37205998174992727,0.014880202075199037,-0.37171596629577763,36.49136298677494,3.909567557325682e-06,0.38627185503407124,2.1115180609433915,0.15283879670530218,8.343373462938263e-06,1.3991547360578404e-05,0.24519015443182754
8,7Networks_LH_Vis_8,7networks_lh_vis,7Networks_LH_Vis,visual,visual,L,0.8133534998140337,15.93392607175872,0.00011840731933875109,0.2526589879690945,0.027101182330853395,-1.4307257348757778,56.16068793322161,6.563165112557485e-05,0.3080048595080255,4.839046950503115,0.032775257447853444,0.0003079777355009047,0.00014325370005293742,0.07973958496926525
9,7Networks_LH_Vis_9,7networks_lh_vis,7Networks_LH_Vis,visual,visual,L,1.172258146142825,-15.428210495125835,6.274236394793242e-07,0.39454058270639014,0.022400061993087535,-0.6825507459852957,17.82059571847281,1.1577162607714785e-06,0.41724561928084947,2.8701562641693634,0.09685386762174769,4.069290461765903e-06,5.3632977794923596e-06,0.16880898108773407
10,7Networks_LH_Vis_10,7networks_lh_vis,7Networks_LH_Vis,visual,visual,L,1.7264428354068657,-40.09370983789069,6.268178111784354e-09,0.4981326534895333,-0.03608615707603888,4.714511575931926,-93.6570278316043,4.314689459276806e-09,0.5406553862691972,5.44348559319352,0.02397194557925591,1.1857303594792069e-07,6.690670724161479e-08,0.06478132912489394
11,7Networks_LH_Vis_11,7networks_lh_vis,7Networks_LH_Vis,visual,visual,L,1.251084503748195,-6.304069162127583,4.6152774045941125e-09,0.5043785566409347,0.02504389302225371,-0.8226434835009515,30.869021974315032,3.783682537605681e-09,0.5432152322726286,5.081047710053943,0.028890891334493896,1.102808390360909e-07,6.134970971689211e-08,0.07344796534680144
12,7Networks_LH_Vis_12,7networks_lh_vis,7Networks_LH_Vis,visual,visual,L,0.45028170734129747,18.2358933074127,0.0728715104105522,0.04600980855934045,0.039599813129993285,-2.82873089283763,77.01459281548316,0.008949440265547299,0.14701656014002618,6.683960378725312,0.012890735724986491,0.09113957500383113,0.012092398454043076,0.042103554094560194
13,7Networks_LH_Vis_13,7networks_lh_vis,7Networks_LH_Vis,visual,visual,L,0.29454450846529956,29.27933853143943,0.05036388885089255,0.05822364175217609,0.01334482124572671,-0.8104565901063179,49.087291549212225,0.05822055383024053,0.07626312913276145,1.9373831678442865,0.1705050931418458,0.06532915868087205,0.06919406135845341,0.2666912980433337
14,7Networks_LH_Vis_14,7networks_lh_vis,7Networks_LH_Vis,visual,visual,L,0.38510786856141177,27.49475316591294,0.131092034820075,0.02699497398004924,0.05313403127659359,-4.014588601781025,106.36253084473746,0.0010961997917613982,0.21992549835637998,12.871513747150598,0.0007925648453860163,0.15539369140551973,0.0017462270367006132,0.005258529744167468
15,7Networks_LH_Vis_15,7networks_lh_vis,7Networks_LH_Vis,visual,visual,L,0.7441867306605519,-4.116842853190345,0.0002192083114943949,0.23420951080849017,0.016283545217822333,-0.6041517013807298,20.053109872155588,0.00048442991852153117,0.24656772497285961,1.7873226294538218,0.18768802677749355,0.0005227189831295389,0.0008624752274853926,0.2878728518816962
16,7Networks_LH_Vis_16,7networks_lh_vis,7Networks_LH_Vis,visual,visual,L,1.3607552441989597,-9.68598286668145,1.0987183556416749e-07,0.4359153470522651,0.029820962049024333,-1.1085319210514912,34.57779589326386,9.793931017832684e-08,0.4753845519139118,4.611258189728647,0.03695129789106154,1.0843872466550443e-06,7.800780144028137e-07,0.08685318260914592
17,7Networks_LH_Vis_17,7networks_lh_vis,7Networks_LH_Vis,visual,visual,L,0.6655834126176057,20.77081279636917,0.01037446156947897,0.11100198823539376,0.014781567105959757,-0.5583856155120159,42.711352978401784,0.026047554251565432,0.10734416164076133,0.8033108965432079,0.37467313954897075,0.015752526931583452,0.0325773819014069,0.48739715001499345
18,7Networks_LH_Vis_18,7networks_lh_vis,7Networks_LH_Vis,visual,visual,L,1.345297157985333,-13.254937535575479,3.7375843933341694e-06,0.34922932252352523,0.006219644934755492,0.8302873006722482,-4.023009105336968,2.3800070400549715e-05,0.3372391127405152,0.13161732889172925,0.7183874619252989,1.6800626876967455e-05,6.174743260691984e-05,0.7965242750591378
19,7Networks_LH_Vis_19,7networks_lh_vis,7Networks_LH_Vis,visual,visual,L,0.3879841219854556,35.16454188152351,0.07100573125932029,0.046862675575430446,0.04479991166757742,-3.321616081496971,101.6618391604886,0.0006247772392696914,0.23836638609562955,13.069028909908006,0.0007297947148629073,0.08905138671749009,0.0010703730816167543,0.005020103038602424
20,7Networks_LH_Vis_20,7networks_lh_vis,7Networks_LH_Vis,visual,visual,L,0.8522946720486845,1.537785969190459,3.9561098849609646e-05,0.28457490127557883,0.016283151876594314,-0.4960111898681223,25.70715485122967,9.994377701920804e-05,0.2955096268476185,1.745030517747583,0.1928983788157811,0.00012218189712736585,0.00020718938249644043,0.29486822889685055
21,7Networks_LH_Vis_21,7networks_lh_vis,7Networks_LH_Vis,visual,visual,L,0.9537892075920317,4.352681864169497,4.57033026357749e-06,0.3439305007727481,0.010581914361944916,0.07756713015623706,20.05960357259076,2.119028015422321e-05,0.34050664797676256,0.7508012268764881,0.3906247297350435,1.9761237520611245e-05,5.625957421062771e-05,0.503817123010539
22,7Networks_LH_Vis_22,7networks_lh_vis,7Networks_LH_Vis,visual,visual,L,0.7576490658441134,4.498989234007077,0.0004283866987664291,0.2137228865952967,0.0004118004682794052,0.723550447251764,5.110231915957108,0.002164621492587974,0.19700984503678165,0.0009516432421697861,0.9755208180835018,0.0009173941567922585,0.0032115626066501314,0.984192114244244
23,7Networks_LH_Vis_23,7networks_lh_vis,7Networks_LH_Vis,visual,visual,L,1.1352057822364243,9.949770362603587,2.9011594320904695e-05,0.29338799637046054,0.028585745749368396,-1.2318008546382346,52.380095831579666,3.645462603867428e-05,0.32510434426096346,3.2557334393819333,0.07758404715287986,9.341321859355128e-05,8.575336902361721e-05,0.14743899005261027
24,7Networks_LH_Vis_24,7networks_lh_vis,7Networks_LH_Vis,visual,visual,L,0.713716116100408,17.02740243492795,0.0024267689642874907,0.15879184411878933,0.040800686932379204,-2.6647333252656784,77.58858006090905,0.0001743345771684479,0.27863162994363566,8.974164044846013,0.004360427841422035,0.004253873010758767,0.00033352640764649035,0.018161782018400036
25,7Networks_LH_Vis_25,7networks_lh_vis,7Networks_LH_Vis,visual,visual,L,1.506073903270068,-9.855139055424587,6.238768290702554e-09,0.49822918445433817,-0.002872496952659981,1.7439273918920444,-14.118836832582232,5.5285406959454295e-08,0.487996255170268,0.0406698962744806,0.8410467691030734,1.1857303594792069e-07,4.921485246978872e-07,0.8963268384337919
26,7Networks_LH_Vis_26,7networks_lh_vis,7Networks_LH_Vis,visual,visual,L,1.7560593353828469,-14.632661793273186,9.11554893894815e-12,0.6162066923140923,0.03373690319998977,-1.0374823997925686,35.44361732995182,2.9350416185654106e-12,0.6632106082707174,7.6991063891097,0.007902642555350687,1.3794864060941533e-09,6.662544474143481e-10,0.02988507378892523
27,7Networks_LH_Vis_27,7networks_lh_vis,7Networks_LH_Vis,visual,visual,L,0.9708969770857985,10.545313392539107,0.00030730812521708215,0.223933350830111,0.055662306660007495,-3.638150148819644,93.16585471566457,2.665908326996088e-06,0.39619021597604687,14.693599782207116,0.0003748980313609678,0.0006955607586384565,1.0616862986458105e-05,0.0033440611132008343
28,7Networks_LH_Vis_28,7networks_lh_vis,7Networks_LH_Vis,visual,visual,L,1.1895495493216734,-3.0440929558012115,1.869375168044658e-05,0.3057133042081134,0.028757562662310873,-1.1916841704084753,39.64126338069691,2.5114333295739583e-05,0.33572148312741246,3.168356422103946,0.08154344217504068,6.381175385656202e-05,6.441755545912865e-05,0.14988146861323268
29,7Networks_LH_Vis_29,7networks_lh_vis,7Networks_LH_Vis,visual,visual,L,1.5051865365716286,-23.704972549008716,1.2909905418069706e-07,0.43220108661448864,-0.012766457967347405,2.5622969930570925,-42.65445077462,7.544831665370427e-07,0.42776730070213376,0.6280853504978523,0.43204077453701684,1.247041927617797e-06,3.9371880184806596e-06,0.5433421375063868
30,7Networks_LH_Vis_30,7networks_lh_vis,7Networks_LH_Vis,visual,visual,L,1.9447442987411598,-34.299311376808596,1.5790595446245315e-11,0.6074257563132623,0.010399612586020499,1.0836174900211182,-18.86298340254588,1.3767217557679684e-10,0.6032886233480924,0.49942856692411314,0.48324037506511996,1.4337860665190746e-09,6.9447964124295285e-09,0.5945559086167058
31,7Networks_LH_Vis_31,7networks_lh_vis,7Networks_LH_Vis,visual,visual,L,1.0249524459161892,-9.686445911546745,7.184212378920403e-06,0.33187145117113903,-0.01115582300242756,1.9486963047633274,-26.24523031470416,3.357888829846936e-05,0.3274600841122912,0.6851553137255764,0.41200044736624775,2.912171803598092e-05,8.108944301864409e-05,0.5245818510375003
32,7Networks_LH_SomMot_1,7networks_lh_sommot,7Networks_LH_SomMot,somatomotor,somatomotor,L,0.344077063810156,59.237305073501325,0.14195114475996407,0.024475663305180473,0.061076268111555365,-4.7132663143587115,149.8938846542863,2.2596726592371304e-05,0.33870074731706223,23.807834685096537,1.263533638811046e-05,0.16739173953512645,5.9564174302135667e-05,0.00029986396265065525
33,7Networks_LH_SomMot_2,7networks_lh_sommot,7Networks_LH_SomMot,somatomotor,somatomotor,L,0.4679236326236862,29.279951403106836,0.04583688447030648,0.06135592037583448,0.03329306763821674,-2.288866858431351,78.69743759135392,0.011145855476932936,0.1390128595375858,5.329371374538889,0.02541560495858361,0.06014435129918827,0.014667299671094355,0.06747768801869566
34,7Networks_LH_SomMot_3,7networks_lh_sommot,7Networks_LH_SomMot,somatomotor,somatomotor,L,0.6533324909959211,45.10786405361345,0.012022982149015501,0.10608706069779217,0.04771623969213735,-3.2977505777565,115.93391834109957,0.0004942910512382292,0.24592136391616692,9.90099020619355,0.002865460857181369,0.01777991496955387,0.0008720699157396857,0.013009192291603416
35,7Networks_LH_SomMot_4,7networks_lh_sommot,7Networks_LH_SomMot,somatomotor,somatomotor,L,0.5162085924363891,54.88639400446621,0.04435929206569331,0.06244693995081252,0.0680278463886603,-5.116751460663021,155.86132355613282,4.6255616087200685e-06,0.3818641327362978,25.80364927143522,6.421072087784743e-06,0.05837425680528917,1.5555592373028972e-05,0.0002650151570776612
36,7Networks_LH_SomMot_5,7networks_lh_sommot,7Networks_LH_SomMot,somatomotor,somatomotor,L,0.6094804016616734,35.03807118815122,0.02276860851816726,0.08473780474645376,0.05778999844757879,-4.1757475601947105,120.81678287478042,0.00012834839438839236,0.28797078186085256,14.700537355736373,0.0003738504387140255,0.031708430267631704,0.0002601346921979024,0.0033440611132008343
37,7Networks_LH_SomMot_6,7networks_lh_sommot,7Networks_LH_SomMot,somatomotor,somatomotor,L,0.34706418068586564,36.209476882247095,0.09393378646219859,0.037710879427830024,0.044518617299718115,-3.339243797312005,102.28924398076825,0.0005369868969097818,0.24325817023119412,14.037828187158299,0.0004892643301729426,0.11402657501026246,0.0009333909654813541,0.003912391445032071
38,7Networks_LH_SomMot_7,7networks_lh_sommot,7Networks_LH_SomMot,somatomotor,somatomotor,L,0.792669853568782,18.179557450051064,0.00047909805650234486,0.21026050625744874,0.04530826125799343,-2.9590235968387817,85.43140697202898,7.066746584586122e-06,0.3706154555494028,13.229467078402276,0.0006826563470322169,0.0010116768262886724,2.212622723725586e-05,0.004919460024644865
39,7Networks_LH_SomMot_8,7networks_lh_sommot,7Networks_LH_SomMot,somatomotor,somatomotor,L,0.22914731890605566,46.04088693129856,0.3246920951511786,-0.00020075717100631607,0.023499888752676862,-1.7167313414269918,80.92218535895385,0.18611139457455575,0.029434764877535047,2.465646003846923,0.12306848548546508,0.3621872511022975,0.20311195465588536,0.20585850676015435
40,7Networks_LH_SomMot_9,7networks_lh_sommot,7Networks_LH_SomMot,somatomotor,somatomotor,L,0.6163992688198214,28.206787160356065,0.0033678440968652663,0.1481321031451961,0.025241625024313777,-1.4737016675663575,65.67337538715233,0.0021977802549545057,0.1964902154704985,3.8888128512009428,0.05450980234075416,0.005697121812086203,0.003250137575730767,0.11457152899399253
41,7Networks_LH_SomMot_10,7networks_lh_sommot,7Networks_LH_SomMot,somatomotor,somatomotor,L,0.7476247628126675,23.75438015929023,0.0007926895856229947,0.19453428530017391,0.047676436014081454,-3.2001624125614088,94.52135314697108,4.446479389825694e-06,0.3829018646095885,15.651873483836793,0.0002556201318635608,0.0015784257538282438,1.5293194265006555e-05,0.002698873020140851
42,7Networks_LH_SomMot_11,7networks_lh_sommot,7Networks_LH_SomMot,somatomotor,somatomotor,L,0.6520925745913887,29.799008345750686,0.0006882281182454835,0.19897115483502237,0.03957830425267027,-2.6251390101184437,88.54578184869659,6.730532525822215e-06,0.37191963172302456,14.217300380519518,0.0004547233966562979,0.0014138260890653824,2.145547694212878e-05,0.003753534946944714
43,7Networks_LH_SomMot_12,7networks_lh_sommot,7Networks_LH_SomMot,somatomotor,somatomotor,L,0.7361061795779287,26.075877264670225,0.0037573875660374236,0.1445544819715946,0.07200972007057943,-5.226567903546652,132.96117199559455,3.522467327687803e-08,0.49772359847851755,34.75057546199942,3.8799644287757155e-07,0.00627799425214227,3.476522101674484e-07,3.523007701328349e-05
44,7Networks_LH_SomMot_13,7networks_lh_sommot,7Networks_LH_SomMot,somatomotor,somatomotor,L,0.7102868860322988,5.495766996783193,0.00016821633386342058,0.2421862938350261,0.02582672137776499,-1.4282622162325267,43.830824037558074,6.64110159545449e-05,0.30765715860230924,5.539082837175533,0.02283033415861179,0.0004173235823715461,0.00014426124996824583,0.06243958860246839
45,7Networks_LH_SomMot_14,7networks_lh_sommot,7Networks_LH_SomMot,somatomotor,somatomotor,L,1.234304540084639,5.281963677706457,8.147532845030778e-07,0.3880955227096188,0.05306380305054136,-3.159576770540825,84.0455003647229,2.345750444432495e-09,0.5524143323432672,18.621884328217906,8.140200891657876e-05,5.067095769375306e-06,4.8407759171470576e-08,0.001055900344232193
46,7Networks_LH_SomMot_15,7networks_lh_sommot,7Networks_LH_SomMot,somatomotor,somatomotor,L,1.402372125628804,-11.101388749374436,2.2808667569160752e-07,0.4189063007550162,-0.03412513510657987,4.22806091436027,-61.753927323670965,1.382058911553087e-07,0.4676396093248041,5.394013627465778,0.02458668795585844,1.917617606740552e-06,1.0286143374509862e-06,0.06604944575124101
47,7Networks_LH_SomMot_16,7networks_lh_sommot,7Networks_LH_SomMot,somatomotor,somatomotor,L,1.2697989254780306,-4.551721930089528,3.328007656734565e-08,0.4627121116806078,0.014415496330795446,0.07614192635673955,16.845452958237765,1.4919744107364324e-07,0.4659031916683285,1.2867866593119168,0.2623935611272918,4.4995985741882195e-07,1.092510294313452e-06,0.3699586234527655
48,7Networks_LH_SomMot_17,7networks_lh_sommot,7Networks_LH_SomMot,somatomotor,somatomotor,L,1.1555819373264722,14.535171202340479,4.175643005647051e-07,0.40445861390472304,0.0487853454859378,-2.8840270887906554,86.94811803373484,9.325610328176156e-10,0.5696427045911229,19.423845575602748,6.0381331447704776e-05,2.9620967571308763e-06,2.4904865229364558e-08,0.0008566601399143114
49,7Networks_LH_SomMot_18,7networks_lh_sommot,7Networks_LH_SomMot,somatomotor,somatomotor,L,0.771306399278173,32.588138452154986,0.0034344534319588494,0.14749255188481047,-0.017210230125323578,2.196377806753383,7.042691010764877,0.008468745636653318,0.14901812343132959,1.0860505214613905,0.3026790258831413,0.005774969844849325,0.011511408739642534,0.4089770171159111
50,7Networks_LH_SomMot_19,7networks_lh_sommot,7Networks_LH_SomMot,somatomotor,somatomotor,L,0.9703957480601777,12.33268935088654,4.579080882021809e-05,0.28038636386698035,0.03818589808009169,-2.1915393990259657,69.0126898682503,6.105332981551174e-06,0.3745198756993471,8.223904313515359,0.006171398924144981,0.00013499368314531825,1.9941159522476498e-05,0.024153578547946735
51,7Networks_LH_SomMot_20,7networks_lh_sommot,7Networks_LH_SomMot,somatomotor,somatomotor,L,0.744777123237695,11.40012606669892,0.00035751264184391557,0.21929502611978424,0.022148068110013824,-1.0891657331075164,44.27489332505173,0.00040216207356343547,0.2525112644143299,3.1329812239765444,0.08320998050555829,0.0007841098521600854,0.0007245300849119036,0.15124973804390804
52,7Networks_LH_SomMot_21,7networks_lh_sommot,7Networks_LH_SomMot,somatomotor,somatomotor,L,0.9583318254482035,2.930671698183815,5.886481328451319e-05,0.27314308143121,0.03142315814051504,-1.6436231671657104,49.57261831224452,2.8799151989640793e-05,0.33184020872744546,5.216748967867795,0.026932475646576012,0.0001680794039696163,7.263786112942734e-05,0.06987053682026005
53,7Networks_LH_SomMot_22,7networks_lh_sommot,7Networks_LH_SomMot,somatomotor,somatomotor,L,0.8089831585890328,20.66438722162711,0.00033202325299189813,0.22156498028807414,0.030631053705929515,-1.727382624976407,66.1305992839444,0.00013453213210543573,0.28654363854476317,5.371641721659475,0.0248702283656101,0.0007425544672823731,0.0002702548140525125,0.06641813928227638
54,7Networks_LH_SomMot_23,7networks_lh_sommot,7Networks_LH_SomMot,somatomotor,somatomotor,L,0.5860944600871292,17.073728685328895,0.007764835719383902,0.12063160980648668,-0.038015658448041,3.7339331290734394,-39.35358215029663,0.0005658286598295769,0.24157157309764044,8.654141158296452,0.005052482895400146,0.012198046424222463,0.0009767536561316652,0.020480600308139876
55,7Networks_LH_SomMot_24,7networks_lh_sommot,7Networks_LH_SomMot,somatomotor,somatomotor,L,0.3816475794495119,31.82410030369332,0.0918295571237674,0.03844734054943855,0.044686347100443016,-3.3185490532295616,98.15283169714675,0.0015343168939775107,0.20868403636041277,11.326294140893255,0.0015300083868780092,0.11177109633831207,0.002385547499540376,0.00847102204442215
56,7Networks_LH_SomMot_25,7networks_lh_sommot,7Networks_LH_SomMot,somatomotor,somatomotor,L,0.48276809293527023,29.94890919948939,0.035222181338369435,0.07014172485713976,-0.017796507018246636,1.9563854193717112,3.5332406486073324,0.05379509473022186,0.0793654438665401,1.4809058159957191,0.2297083803173042,0.04703197155182271,0.064782421770612,0.33532991853394245
57,7Networks_LH_SomMot_26,7networks_lh_sommot,7Networks_LH_SomMot,somatomotor,somatomotor,L,0.8018249504023474,6.925275960985104,0.0025078053973042677,0.1577270365253275,0.03521491364498912,-2.1141015762477005,59.195391997813665,0.0010735144161203112,0.2206193462395365,4.8733715697411375,0.032191550500268735,0.004362236208337692,0.0017221750703838208,0.07936696041206069
58,7Networks_LH_SomMot_27,7networks_lh_sommot,7Networks_LH_SomMot,somatomotor,somatomotor,L,0.5010144917133978,19.455708199025185,0.05627877189745079,0.05453898054810702,0.013318656354143331,-0.6018200559984335,39.22482420776999,0.12140180857176944,0.046920606408511256,0.6163153236137141,0.43635936134056197,0.07238119671796787,0.13608992862119337,0.5457497246518324
59,7Networks_LH_SomMot_28,7networks_lh_sommot,7Networks_LH_SomMot,somatomotor,somatomotor,L,0.37801494686802517,46.906046478095924,0.08330071359311632,0.041625626568891794,0.04002303849609447,-2.9360422961632677,106.31294684500858,0.0030225991368877194,0.1855200958543346,9.4801779522678,0.003462996014284354,0.10248922485440327,0.0043842172784249985,0.015264079519272784
60,7Networks_LH_SomMot_29,7networks_lh_sommot,7Networks_LH_SomMot,somatomotor,somatomotor,L,0.15083870060668925,39.48894605497293,0.377106113262237,-0.004205789040718777,-0.013663806220045982,1.2822529478117892,19.207518026306985,0.32264511780020017,0.00644272631242504,1.51444315339151,0.22458583982615046,0.4125450010145918,0.34224505486282913,0.3321236849546329
61,7Networks_LH_SomMot_30,7networks_lh_sommot,7Networks_LH_SomMot,somatomotor,somatomotor,L,0.5134226155448263,22.10515258805365,0.02160289417091264,0.08649711898224288,0.02833207538161049,-1.8325791663463038,64.1589506660642,0.00979060356088693,0.14374966869087424,4.209484756417778,0.04579348014229777,0.03027072207899487,0.013073335343066666,0.10080839526748031
62,7Networks_LH_SomMot_31,7networks_lh_sommot,7Networks_LH_SomMot,somatomotor,somatomotor,L,0.9164510089609172,6.841927105452047,9.995155265587938e-08,0.43808407756211254,-0.014335040551740064,2.103445968733324,-14.435825854157649,2.67420112359815e-07,0.45247449729486,2.2615670754314943,0.13931035598019573,1.0313182933129371e-06,1.8970114220524376e-06,0.2266914036380246
63,7Networks_LH_SomMot_32,7networks_lh_sommot,7Networks_LH_SomMot,somatomotor,somatomotor,L,0.6339834060267764,19.20005238638031,0.008364696583313624,0.11816216399571444,-0.006213159781493248,1.1484562684002233,9.977749983256174,0.029555438435244493,0.10253201983364257,0.1640404600948796,0.6873010968100968,0.012916912410967298,0.036561768527523165,0.7733114965263139
64,7Networks_LH_SomMot_33,7networks_lh_sommot,7Networks_LH_SomMot,somatomotor,somatomotor,L,0.4260808747184044,25.28536480959644,0.03482440740333206,0.07052118851916378,0.0037178946574543334,0.11822529499858137,30.803901277326894,0.10607837423529709,0.05237712650245596,0.08094770487382995,0.7772670302823543,0.04663799693543585,0.12070070652337063,0.8459413156260851
65,7Networks_LH_SomMot_34,7networks_lh_sommot,7Networks_LH_SomMot,somatomotor,somatomotor,L,0.3478394522101137,22.975820764547812,0.1071953433768414,0.033436755540913854,-0.003281427257565951,0.6195538991649068,18.105140539444324,0.2696181701528319,0.01400484259805057,0.054019876005132646,0.8172195716341204,0.12817515332023735,0.2886949274749662,0.8791888282509257
66,7Networks_LH_SomMot_35,7networks_lh_sommot,7Networks_LH_SomMot,somatomotor,somatomotor,L,0.12495038147538184,53.152847968420346,0.5511307369579699,-0.013226554751216257,0.018579210877021787,-1.4134777511814671,80.73029763093905,0.3363871215377697,0.004677717555536143,1.8634440179651894,0.17872693817004096,0.5818915222765543,0.3551622166933661,0.27599329907890674
67,7Networks_LH_SomMot_36,7networks_lh_sommot,7Networks_LH_SomMot,somatomotor,somatomotor,L,0.6562319934326493,15.052472099701287,0.0025005372774808366,0.15782115696168286,0.024402632723346973,-1.3643972432439284,51.27372928954983,0.0021108681441389535,0.1978686263085767,3.396463461844842,0.07164809710759439,0.004362236208337692,0.0031518981479849127,0.13900955592670022
68,7Networks_LH_SomMot_37,7networks_lh_sommot,7Networks_LH_SomMot,somatomotor,somatomotor,L,0.5240585105314383,12.569873238033708,0.011601999063078499,0.10727568657663844,-0.016643632532453764,1.90221351867536,-12.134563425250956,0.01933076570271122,0.11860080393004468,1.6167530392441605,0.20980148489295986,0.01721342344652823,0.02431071365382519,0.3164447645893813
69,7Networks_LH_DorsAttn_Post_1,7networks_lh_dorsattn_post,7Networks_LH_DorsAttn_Post,dorsal attention,posterior,L,0.6294068679256034,28.074559680386677,0.0007165311123295628,0.19770762350261972,0.028234674448913297,-1.7085297525332015,69.98378383992902,0.00014709758183543287,0.28382755642834434,6.772013175792053,0.012347514758348981,0.0014522550223108103,0.0002891008751224525,0.04062153406007564
70,7Networks_LH_DorsAttn_Post_2,7networks_lh_dorsattn_post,7Networks_LH_DorsAttn_Post,dorsal attention,posterior,L,0.8246083620525975,18.800448557341795,1.3183964473913415e-05,0.31536935931474763,0.0008187625186200365,0.7568117639652163,20.015752172348222,8.349293525119935e-05,0.3008805220183307,0.005228416413476683,0.9426638013230952,4.788415896925353e-05,0.00017865432689827436,0.9638949680195613
71,7Networks_LH_DorsAttn_Post_3,7networks_lh_dorsattn_post,7Networks_LH_DorsAttn_Post,dorsal attention,posterior,L,0.7037005109741646,22.917866638789356,0.00022978445061882312,0.23278282180392174,0.03538522845036973,-2.226328718408514,75.44078393845159,8.106578019966252e-06,0.36692813623980614,11.17100184278846,0.0016366149298385295,0.0005405292258080088,2.4700580007145493e-05,0.008741449154666969
72,7Networks_LH_DorsAttn_Post_4,7networks_lh_dorsattn_post,7Networks_LH_DorsAttn_Post,dorsal attention,posterior,L,0.8334915650692769,7.080598496238384,1.2097972671549896e-06,0.37822146798737766,0.007546170809437133,0.20864040514030213,18.28151262652616,6.544758790937814e-06,0.37266726280513496,0.5750232166429534,0.45205555071325676,6.865599491104566e-06,2.1073194972239484e-05,0.5619815434615393
73,7Networks_LH_DorsAttn_Post_5,7networks_lh_dorsattn_post,7Networks_LH_DorsAttn_Post,dorsal attention,posterior,L,0.9702412147297738,-10.840711210263287,8.697585479156698e-07,0.3864739071800263,0.013088097809187585,-0.11350222334709725,8.58618269282477,3.283725408019431e-06,0.3908108918145189,1.3417251878907037,0.25258202250385503,5.264938410049521e-06,1.263399436644764e-05,0.3594741009929473
74,7Networks_LH_DorsAttn_Post_6,7networks_lh_dorsattn_post,7Networks_LH_DorsAttn_Post,dorsal attention,posterior,L,1.2571530820656311,-2.1120236657999243,9.118821848587422e-07,0.3852974535194915,-0.010123664913805897,2.0954303916930277,-17.138757654053407,5.275056649871314e-06,0.3783983731413233,0.46725387475963837,0.4976095051421632,5.447296209550907e-06,1.7354171877112877e-05,0.6040500410014494
75,7Networks_LH_DorsAttn_Post_7,7networks_lh_dorsattn_post,7Networks_LH_DorsAttn_Post,dorsal attention,posterior,L,1.015649378062061,1.2950035427182556,4.13639645377057e-06,0.3465634213487462,0.014917692756231254,-0.21959136291586745,23.437597422994152,1.4400742443256354e-05,0.35125795287924366,1.34734531924356,0.2516046224323977,1.8232271747687755e-05,4.04754601559926e-05,0.3592091150449954
76,7Networks_LH_DorsAttn_Post_8,7networks_lh_dorsattn_post,7Networks_LH_DorsAttn_Post,dorsal attention,posterior,L,1.293773544823111,6.466484519238875,5.531167285230815e-09,0.5006940380376128,0.00641818616760137,0.7623237310380215,15.9931111953277,4.372474385675488e-08,0.4930820375477153,0.2792206025852365,0.5996989402870759,1.1857303594792069e-07,3.970206742193343e-07,0.7003645099583184
77,7Networks_LH_DorsAttn_Post_9,7networks_lh_dorsattn_post,7Networks_LH_DorsAttn_Post,dorsal attention,posterior,L,0.16438200572593953,30.36086109114256,0.45304998992400036,-0.008805768694417848,0.06354986190064031,-5.097784187528154,124.68903946347649,3.1945319640972487e-06,0.3915243392939096,32.580302096457196,7.428216667958832e-07,0.4897254652988004,1.2502737169828887e-05,5.315634141065027e-05
78,7Networks_LH_DorsAttn_Post_10,7networks_lh_dorsattn_post,7Networks_LH_DorsAttn_Post,dorsal attention,posterior,L,-0.06816428552569853,39.00297418577716,0.7534679802276294,-0.018715761848321577,0.05709138174731026,-4.795544172307682,123.74471680991059,6.528369287500576e-05,0.3081613736805755,23.678847217389798,1.320986619606411e-05,0.7721771174341845,0.00014318259210266965,0.00029986396265065525
79,7Networks_LH_DorsAttn_Post_11,7networks_lh_dorsattn_post,7Networks_LH_DorsAttn_Post,dorsal attention,posterior,L,1.0577402752047076,17.236878270743198,9.38329920033512e-06,0.3246575303770498,0.02913907154936387,-1.35508380692489,60.48851496210385,6.758002649172722e-06,0.37181076092384635,4.602982867988707,0.037113474506991866,3.641040886283884e-05,2.145547694212878e-05,0.08685318260914592
80,7Networks_LH_DorsAttn_Post_12,7networks_lh_dorsattn_post,7Networks_LH_DorsAttn_Post,dorsal attention,posterior,L,-0.17890296460804012,40.34126643576876,0.46827812726301354,-0.009591266974211754,0.039288954292467815,-3.4321752906655436,98.65855270079257,0.0349126159806749,0.09614768897084269,6.615375237115353,0.013331488280314252,0.5037873691407776,0.042723255135381145,0.042925501271366455
81,7Networks_LH_DorsAttn_Post_13,7networks_lh_dorsattn_post,7Networks_LH_DorsAttn_Post,dorsal attention,posterior,L,-0.17380273533319057,46.30627470776626,0.2695656409072531,0.005028260759775249,0.014137047563888248,-1.3444031353691224,67.29014319121889,0.21217548312537737,0.024006435570335882,1.933359013939035,0.17094089808504428,0.3051940173862666,0.23055152564279366,0.2666912980433337
82,7Networks_LH_DorsAttn_Post_14,7networks_lh_dorsattn_post,7Networks_LH_DorsAttn_Post,dorsal attention,posterior,L,0.3609505753585829,17.036861256572767,0.08606703962056575,0.04055874303360407,0.019561590486438424,-1.2588222623063892,46.07247426130749,0.0825129829247606,0.062453563361604236,2.12095927697431,0.15194385863291676,0.10560658375064014,0.09580791367734351,0.24461883623880923
83,7Networks_LH_DorsAttn_Post_15,7networks_lh_dorsattn_post,7Networks_LH_DorsAttn_Post,dorsal attention,posterior,L,1.40732362775926,-4.727166404101098,3.832959993506045e-09,0.5081315831112658,0.01770905035282483,-0.059051959759223394,21.558688679230364,1.3826036625768522e-08,0.517319419381002,1.9136811354245467,0.17309099926490604,9.667576872509691e-08,1.6964920616483538e-07,0.2691209372132443
84,7Networks_LH_DorsAttn_Post_16,7networks_lh_dorsattn_post,7Networks_LH_DorsAttn_Post,dorsal attention,posterior,L,0.9216428249201525,5.150230251592372,0.0003836458477435541,0.21712508969055544,-0.0007687689786897919,0.9852997709636933,4.009132927694019,0.0019536020678430827,0.20050702478697235,0.0022837722127053805,0.9620870343383764,0.0008333742338544189,0.002956451129335865,0.9749721285482653
85,7Networks_LH_DorsAttn_Post_17,7networks_lh_dorsattn_post,7Networks_LH_DorsAttn_Post,dorsal attention,posterior,L,0.6397051621034066,-5.237214004398293,0.002749912401713948,0.15473506452303376,0.02044522990859754,-1.0532363238519813,25.110000544972063,0.003663227672530638,0.17883041255656185,2.408450487322773,0.12739015648822352,0.004746997073681112,0.005213496436767742,0.21107712060457473
86,7Networks_LH_DorsAttn_FEF_1,7networks_lh_dorsattn_fef,7Networks_LH_DorsAttn_FEF,dorsal attention,frontal eye fields,L,0.882203635264944,15.42576583010463,0.00021646562934370548,0.23459037170895702,0.023472781282785474,-1.061430425199899,50.2668281631621,0.0003101123602188684,0.2607332701918157,2.697437577777662,0.10718465332598655,0.0005199756387409645,0.0005700040953010779,0.18293922033833795
87,7Networks_LH_DorsAttn_FEF_2,7networks_lh_dorsattn_fef,7Networks_LH_DorsAttn_FEF,dorsal attention,frontal eye fields,L,-0.14831920047276725,52.97756427624554,0.3794379862674264,-0.004366303877845645,0.021282951040431753,-1.9106271285803689,84.56822304384957,0.10234030039571086,0.053822646280093034,3.951951446100538,0.052659645067359,0.4140981869360856,0.11703399591852073,0.1127711267008537
88,7Networks_LH_DorsAttn_FEF_3,7networks_lh_dorsattn_fef,7Networks_LH_DorsAttn_FEF,dorsal attention,frontal eye fields,L,0.2665630039146283,32.2870112599938,0.12384906309906471,0.02880450062218365,0.020226463007924175,-1.4082637646441043,62.3095062488251,0.05981658233659706,0.07519945454290644,3.40804117075212,0.07118262835564784,0.14719234200778894,0.07053695683328588,0.13869919859855845
89,7Networks_LH_DorsAttn_FEF_4,7networks_lh_dorsattn_fef,7Networks_LH_DorsAttn_FEF,dorsal attention,frontal eye fields,L,0.3615080095032721,23.329485733414415,0.06163369572920605,0.05153081394940773,0.026131840261875088,-1.8023060772771404,62.117436103369,0.018586440855276533,0.12007228264587544,4.738932678837764,0.03454409637669559,0.0788216841156607,0.023570514380713815,0.08306814472052583
90,7Networks_LH_DorsAttn_PrCv_1,7networks_lh_dorsattn_prcv,7Networks_LH_DorsAttn_PrCv,dorsal attention,precentral ventral,L,0.7221445626542243,23.26022548235386,0.0004422578229239005,0.21273788369165236,0.04188299328856263,-2.7459238920018785,85.42788947929196,4.901166744258697e-06,0.380339919600276,13.982759383861591,0.0005004064179818043,0.000942652824448126,1.6241822641558016e-05,0.0039169743752368825
91,7Networks_LH_DorsAttn_PrCv_2,7networks_lh_dorsattn_prcv,7Networks_LH_DorsAttn_PrCv,dorsal attention,precentral ventral,L,0.4457547003017881,30.93804250153051,0.08306418338306545,0.041718563885318694,0.06743111657556837,-5.137793892960481,131.02723549034772,1.160055096748302e-05,0.3571997521274761,24.558013684255222,9.773137892581459e-06,0.10247592189106446,3.333322872934994e-05,0.0002809470569323718
92,7Networks_LH_SalVentAttn_ParOper_1,7networks_lh_salventattn_paroper,7Networks_LH_SalVentAttn_ParOper,salience / ventral attention,parietal operculum,L,0.8429349148114115,26.2697438662979,0.00020032729071026425,0.23693069375987696,0.06307203099568989,-4.379665092790647,119.88866941752548,1.6283586700684823e-09,0.5593131007333632,36.11417189954767,2.6039632354649817e-07,0.0004837690956513828,3.6963741810554546e-08,3.523007701328349e-05
93,7Networks_LH_SalVentAttn_ParOper_2,7networks_lh_salventattn_paroper,7Networks_LH_SalVentAttn_ParOper,salience / ventral attention,parietal operculum,L,1.2286483748352137,5.771673420381369,1.6334465209715609e-06,0.37062349521832716,0.05971941973153762,-3.7163428838929633,94.41425907283019,7.24802418207343e-10,0.574233587702164,23.954568883154355,1.2013381572006874e-05,8.724526123777513e-06,2.3967313249562276e-08,0.00029986396265065525
94,7Networks_LH_SalVentAttn_ParOper_3,7networks_lh_salventattn_paroper,7Networks_LH_SalVentAttn_ParOper,salience / ventral attention,parietal operculum,L,0.3748600504767464,24.28230635338271,0.09164916848864828,0.0385112999222903,-0.04599880679170282,4.183733253187613,-43.99453205652941,0.0008656295472273936,0.22772508685466997,12.760399850053252,0.0008303462238832058,0.11177109633831207,0.0014187574528564503,0.005258529744167468
95,7Networks_LH_SalVentAttn_ParOper_4,7networks_lh_salventattn_paroper,7Networks_LH_SalVentAttn_ParOper,salience / ventral attention,parietal operculum,L,0.5641522526720045,22.756630502174623,0.0081146576339983,0.11916959169646335,0.030427495955040247,-1.955358187969492,67.92069821262871,0.002230215125428725,0.1959891419433898,5.586179869218692,0.0222894991758418,0.012616625225463111,0.0032873950225475357,0.0613298947020132
96,7Networks_LH_SalVentAttn_TempOcc_1,7networks_lh_salventattn_tempocc,7Networks_LH_SalVentAttn_TempOcc,salience / ventral attention,temporal occipital,L,1.7621652876266896,-15.433609155041808,4.4740651437549214e-12,0.6272945340991211,0.03251264157659314,-0.9300030073293204,32.82547689596669,1.6773879155331667e-12,0.6711341355748537,7.398660057082758,0.009119835993414684,1.3794864060941533e-09,6.662544474143481e-10,0.033661833666750136
97,7Networks_LH_SalVentAttn_FrOperIns_1,7networks_lh_salventattn_froperins,7Networks_LH_SalVentAttn_FrOperIns,salience / ventral attention,frontal operculum insula,L,0.5493441446134184,52.876555438322654,0.001657466510185662,0.17108917340511376,0.04314899498030218,-3.0235539839968215,116.92336802546224,6.527437406608005e-07,0.4312835576398577,22.960558044423117,1.6949419826132195e-05,0.003070956922381533,3.486419508941217e-06,0.0003497743909574553
98,7Networks_LH_SalVentAttn_FrOperIns_2,7networks_lh_salventattn_froperins,7Networks_LH_SalVentAttn_FrOperIns,salience / ventral attention,frontal operculum insula,L,-0.055003109432632424,73.47531594319084,0.7290689494866529,-0.01825847003236536,-0.005932146806199037,0.43620082781284886,64.67012604457389,0.8035658233603813,-0.032895967668895354,0.31977671658541174,0.574431659801211,0.7522665978794101,0.8143278656375292,0.6809189909915139
99,7Networks_LH_SalVentAttn_FrOperIns_3,7networks_lh_salventattn_froperins,7Networks_LH_SalVentAttn_FrOperIns,salience / ventral attention,frontal operculum insula,L,1.0081078558589012,20.595074089973586,5.673389701967893e-06,0.3381911609742816,0.03226822925422984,-1.6638221848902592,68.49137462971913,1.5220873746813945e-06,0.41042038428829286,6.880465719438715,0.011711741576543018,2.363044885039838e-05,6.73691818743131e-06,0.03968007966978007
100,7Networks_LH_SalVentAttn_FrOperIns_4,7networks_lh_salventattn_froperins,7Networks_LH_SalVentAttn_FrOperIns,salience / ventral attention,frontal operculum insula,L,0.4041420906851183,65.97243479289888,0.024377599837097117,0.08245202625764436,0.021132740671666123,-1.3457278572167946,97.3401336667359,0.014549102420155047,0.129194749063117,3.576524076133889,0.06477389510344139,0.033537667654673003,0.01876503550781361,0.12954779020688278
101,7Networks_LH_SalVentAttn_FrOperIns_5,7networks_lh_salventattn_froperins,7Networks_LH_SalVentAttn_FrOperIns,salience / ventral attention,frontal operculum insula,L,0.6200531796580606,28.93965385912106,0.00018455754324456458,0.2394009561350201,0.011954281508030587,-0.36980602907717675,46.683604273453355,0.0004943994066639241,0.24591433042223032,1.414597410346158,0.2402687544720252,0.0004525649718727889,0.0008720699157396857,0.34629210961999823
102,7Networks_LH_SalVentAttn_FrOperIns_6,7networks_lh_salventattn_froperins,7Networks_LH_SalVentAttn_FrOperIns,salience / ventral attention,frontal operculum insula,L,0.5635789967083783,29.136782338193328,0.004911368959727024,0.135765509614299,0.02001737403381324,-1.0939344229611154,58.84892288319517,0.005620897464614642,0.1637323988523962,2.6052405732166175,0.11320569515546679,0.00799197673016512,0.007851961381338608,0.19177382686784297
103,7Networks_LH_SalVentAttn_FrOperIns_7,7networks_lh_salventattn_froperins,7Networks_LH_SalVentAttn_FrOperIns,salience / ventral attention,frontal operculum insula,L,0.6683229863552433,37.97583175111431,0.00042832234239333273,0.2137275282943425,0.00810549264330783,-0.0028421128541173957,50.00695712238604,0.0017065331169128536,0.20509382666708187,0.4786583725084022,0.492434450939762,0.0009173941567922585,0.002617452821210931,0.602601727026016
104,7Networks_LH_SalVentAttn_FrOperIns_8,7networks_lh_salventattn_froperins,7Networks_LH_SalVentAttn_FrOperIns,salience / ventral attention,frontal operculum insula,L,0.8123644470524678,36.54799840529446,0.0009252674501465072,0.18965801147356776,0.060700907070715196,-4.213897633371624,126.64742298754092,3.214162312980275e-07,0.4481726327057062,23.48656473850633,1.4117526765668068e-05,0.001826397488550062,2.1779547613329024e-06,0.0003052074834101573
105,7Networks_LH_SalVentAttn_FrOperIns_9,7networks_lh_salventattn_froperins,7Networks_LH_SalVentAttn_FrOperIns,salience / ventral attention,frontal operculum insula,L,0.8891801060927772,18.245692766775292,0.00016133046240576646,0.24343924861876376,0.04719055592195047,-3.018374380832908,88.29146538316745,2.1241761621632343e-06,0.4019987738569605,13.727159876446406,0.0005557200831511739,0.0004046631487967844,8.847486033230352e-06,0.0042049486291772156
106,7Networks_LH_SalVentAttn_PFCl_1,7networks_lh_salventattn_pfcl,7Networks_LH_SalVentAttn_PFCl,salience / ventral attention,lateral prefrontal cortex,L,1.163959842991105,6.430138414981066,2.1773706949816874e-06,0.36326925205261906,0.026511340674267247,-1.031278296976688,45.78138792551451,2.6362373331986035e-06,0.3964777199393975,3.6411725154625696,0.06248608699321708,1.1494491808391699e-05,1.0591608400638638e-05,0.12608303775520247
107,7Networks_LH_SalVentAttn_Med_1,7networks_lh_salventattn_med,7Networks_LH_SalVentAttn_Med,salience / ventral attention,medial,L,0.4767880604187589,43.886463646725744,0.02968503931340467,0.07585987490762947,0.028306957027825805,-1.867133827855565,85.90297811017982,0.012044083489367866,0.1361685327454294,4.351134666828828,0.0424380398210396,0.040471495039897054,0.015803508393563617,0.09538054494431672
108,7Networks_LH_SalVentAttn_Med_2,7networks_lh_salventattn_med,7Networks_LH_SalVentAttn_Med,salience / ventral attention,medial,L,0.29540296563360025,49.5351185052413,0.09993132969454378,0.03570362145526196,0.01141022986441241,-0.6494067326729875,66.47152349070672,0.16266992694155957,0.034978855152242194,0.9639502380536631,0.33122080430051004,0.12034170737751426,0.17881875746118173,0.44227719162479867
109,7Networks_LH_SalVentAttn_Med_3,7networks_lh_salventattn_med,7Networks_LH_SalVentAttn_Med,salience / ventral attention,medial,L,0.9264621362907988,19.516440758936305,2.0741118183530897e-05,0.3028160656532699,-0.0002861087936661122,0.9501530142344228,19.091764441543383,0.0001282686725128284,0.2879896073466517,0.00047807439215350134,0.9826482788307819,6.923873275972814e-05,0.0002601346921979024,0.9851014100491134
110,7Networks_LH_SalVentAttn_Med_4,7networks_lh_salventattn_med,7Networks_LH_SalVentAttn_Med,salience / ventral attention,medial,L,0.9600816109891559,27.653203158205855,2.1323331900723735e-09,0.5198014617282696,0.014785843319006703,-0.26424150357052056,49.600090598517205,4.53714295630491e-09,0.539671685794507,3.0719358895521602,0.08617592569774316,6.050495426830359e-08,6.690670724161479e-08,0.15525345343958488
111,7Networks_LH_SalVentAttn_Med_5,7networks_lh_salventattn_med,7Networks_LH_SalVentAttn_Med,salience / ventral attention,medial,L,0.5741535161213308,14.058983790834933,0.0037612652788165143,0.14452072574687191,-0.006138688025159281,1.0824598386029103,4.947221126194474,0.013948984361980643,0.13075422688732397,0.23980999885444204,0.6266213756791474,0.00627799425214227,0.018042276069342483,0.7220459506556673
112,7Networks_LH_SalVentAttn_Med_6,7networks_lh_salventattn_med,7Networks_LH_SalVentAttn_Med,salience / ventral attention,medial,L,0.6127590979517537,33.172436646627254,0.0013339705802775353,0.178039290473485,0.019274401330157093,-0.9832334037053205,61.781769732726616,0.001626318220712668,0.20672070908115436,2.7354645569702387,0.10480753703715041,0.0025446329556554665,0.002511389361236569,0.1802372038441905
113,7Networks_LH_SalVentAttn_Med_7,7networks_lh_salventattn_med,7Networks_LH_SalVentAttn_Med,salience / ventral attention,medial,L,0.08211713975795476,25.67343951023676,0.6729698929661736,-0.0170121138593895,0.002247175692752349,-0.10395741032040728,29.008961936883967,0.9018313208471955,-0.03797922438687662,0.030403228047401934,0.8623273706888442,0.699149499786368,0.9078301988129197,0.9096166315874423
114,7Networks_LH_Limbic_OFC_1,7networks_lh_limbic_ofc,7Networks_LH_Limbic_OFC,limbic,orbital frontal cortex,L,0.5020299763860594,9.18433554931369,0.018122947282356885,0.09237567612743092,-0.009317081133110583,1.2735191329654194,-4.645171938958072,0.05001708384534637,0.08221372899760382,0.46853262285242187,0.49702463219193493,0.025873641717578697,0.06039296826007248,0.6040500410014494
115,7Networks_LH_Limbic_OFC_2,7networks_lh_limbic_ofc,7Networks_LH_Limbic_OFC,limbic,orbital frontal cortex,L,0.8052534935359028,32.3125000321472,0.00011632242146182441,0.2531856335339213,0.021690041581569272,-0.9907630535851788,64.50741045395922,0.00014653403046432136,0.2839445267019248,3.0618889557032656,0.0866752848847029,0.0003070370892073737,0.0002891008751224525,0.15553588671009927
116,7Networks_LH_Limbic_OFC_3,7networks_lh_limbic_ofc,7Networks_LH_Limbic_OFC,limbic,orbital frontal cortex,L,0.7015922699006749,37.45764551943992,2.2885824701365126e-05,0.30006309814804344,-0.0017552087740959205,0.8469301195342593,34.85235824781002,0.0001385844879771987,0.28564207753026305,0.031005371564592238,0.8609849182129244,7.584061616364793e-05,0.0002759533225510886,0.9096166315874423
117,7Networks_LH_Limbic_OFC_4,7networks_lh_limbic_ofc,7Networks_LH_Limbic_OFC,limbic,orbital frontal cortex,L,1.3300796004353264,20.083320256503455,7.475713796367214e-11,0.5814957329011464,0.02986023242520318,-1.1424592988039066,64.40538872689281,1.0936210780215515e-11,0.6438220539529801,9.399350503562847,0.0035921212292543436,4.848534376501021e-09,1.353071731953812e-09,0.015680990750783386
118,7Networks_LH_Limbic_OFC_5,7networks_lh_limbic_ofc,7Networks_LH_Limbic_OFC,limbic,orbital frontal cortex,L,0.9846389541822373,21.498840661355693,1.4910868101689155e-06,0.3729401706875195,0.019855704975353224,-0.6594876629281377,50.971012977826575,2.566029613114537e-06,0.39717054668919793,2.9293318229441723,0.09357606280468869,8.156065202610695e-06,1.0401584324589283e-05,0.1646648547028243
119,7Networks_LH_Limbic_TempPole_1,7networks_lh_limbic_temppole,7Networks_LH_Limbic_TempPole,limbic,temporal pole,L,0.5832686297461485,-1.342767754549035,0.001969006849869746,0.16554826178341608,-0.006380549774072302,1.1116020094156907,-10.81353006939457,0.007579178033191224,0.15302737124326882,0.29041066320021114,0.5925010689529486,0.003533316639687212,0.010364297671894023,0.695294037240028
120,7Networks_LH_Limbic_TempPole_2,7networks_lh_limbic_temppole,7Networks_LH_Limbic_TempPole,limbic,temporal pole,L,1.032558288107041,-15.712681508728643,5.274467778221643e-07,0.39878724340151095,0.000677079005981629,0.9764936146540957,-14.707681224883864,3.94475344086792e-06,0.38603781848480845,0.0032408926370072993,0.954843220240052,3.684012878942501e-06,1.3991547360578404e-05,0.9697960223467195
121,7Networks_LH_Limbic_TempPole_3,7networks_lh_limbic_temppole,7Networks_LH_Limbic_TempPole,limbic,temporal pole,L,1.0327567310194579,-23.747311683806508,1.3336034166886521e-06,0.37576520861066165,-0.00628783144735947,1.5534126865415425,-33.0804505546508,8.41134770041405e-06,0.3659331392821008,0.255694695608954,0.6154569209283782,7.474764829341334e-06,2.5458345706586522e-05,0.7127995971976625
122,7Networks_LH_Limbic_TempPole_4,7networks_lh_limbic_temppole,7Networks_LH_Limbic_TempPole,limbic,temporal pole,L,0.5905345558492855,5.556199308293719,0.0053030629171491326,0.13323892549489136,-0.020087442820583553,2.2538499330670305,-24.259945569984072,0.006857332943217329,0.1566269451579536,2.3311131264885496,0.1335133535160946,0.008567937951550555,0.00946270260249443,0.2180397931521833
123,7Networks_LH_Limbic_TempPole_5,7networks_lh_limbic_temppole,7Networks_LH_Limbic_TempPole,limbic,temporal pole,L,0.8609450875359365,7.1678017159626926,1.3440803975101994e-05,0.3148389747430207,0.0009077132945637181,0.785783032592545,8.515136533061941,8.499853438331996e-05,0.300348632189424,0.005881393830215114,0.9391955012445437,4.842956352933576e-05,0.00017865432689827436,0.9637387273123135
124,7Networks_LH_Limbic_TempPole_6,7networks_lh_limbic_temppole,7Networks_LH_Limbic_TempPole,limbic,temporal pole,L,0.29003499290174883,30.4336715451605,0.14567533114298284,0.02365972138527761,-0.002937685678839022,0.5332863518073381,26.073212994540498,0.3421535900072908,0.003957560209213007,0.05053871334063571,0.8231030562357939,0.171338342846928,0.360412366272181,0.8813414800260624
125,7Networks_LH_Limbic_TempPole_7,7networks_lh_limbic_temppole,7Networks_LH_Limbic_TempPole,limbic,temporal pole,L,0.7761310730188075,24.79985329846219,0.00011864151361651273,0.25260039154990976,0.013293661549521073,-0.32463381140884984,44.53186907884671,0.00036578839683136847,0.255520596890904,1.1882790252925142,0.2812343952248371,0.0003079777355009047,0.0006642717286457652,0.3869103497941699
126,7Networks_LH_Limbic_TempPole_8,7networks_lh_limbic_temppole,7Networks_LH_Limbic_TempPole,limbic,temporal pole,L,0.4213172572399714,13.935462252158938,0.006105574643477626,0.12858951025210186,-0.01857387926953033,1.9593039128603906,-13.634073611533935,0.003731016105335085,0.17818944148741156,3.897014007223176,0.05426550911479889,0.009777601665665825,0.005293379099444152,0.11457152899399253
127,7Networks_LH_Cont_Par_1,7networks_lh_cont_par,7Networks_LH_Cont_Par,control,parietal ,L,1.2999674146430082,-7.048508970411206,2.3836751209480703e-07,0.4178642392594131,0.00733264769472422,0.6927967670254063,3.835469043119474,1.6264998643555969e-06,0.4087534679448229,0.2603474195777339,0.6122696351867478,1.967615463473498e-06,7.032675603975629e-06,0.7109217758945869
128,7Networks_LH_Cont_Par_2,7networks_lh_cont_par,7Networks_LH_Cont_Par,control,parietal ,L,0.6362106130062222,20.914890116246596,0.00398057639076315,0.14266499600034022,0.04392085560587395,-3.0006004615697854,86.10738901315892,6.731876491761138e-05,0.3072570728446935,12.404547601765366,0.0009646110187970697,0.006619713118705018,0.00014553675844093127,0.005918018953160401
129,7Networks_LH_Cont_Par_3,7networks_lh_cont_par,7Networks_LH_Cont_Par,control,parietal ,L,1.1541447075626743,10.693277514704391,1.6789133623555716e-09,0.5244816486348467,0.019228173864649617,-0.43801998709501966,39.233994360238405,2.678779001828789e-09,0.5498786850213491,3.7082870905812104,0.060204734631328805,5.4373399683961686e-08,5.287676812305523e-08,0.12312139424605079
130,7Networks_LH_Cont_Par_4,7networks_lh_cont_par,7Networks_LH_Cont_Par,control,parietal ,L,0.4368610734546351,17.431962692130732,0.019198519312554282,0.09044646337424722,0.006737709724627727,-0.12104648562596543,27.432863806902553,0.05669655293257901,0.07730518580203083,0.31637057696625737,0.5764701093243221,0.027237899274686384,0.06755967199840124,0.6815558063365683
131,7Networks_LH_Cont_Par_5,7networks_lh_cont_par,7Networks_LH_Cont_Par,control,parietal ,L,0.9491512977406587,14.814377878416806,2.4943126929846045e-06,0.3597645876229858,0.04506300833763063,-2.7822342938025124,81.70219417472885,3.0414779148642068e-09,0.5474398673379899,20.90545073719086,3.514324256320535e-05,1.2176537232419467e-05,5.7534623889514575e-08,0.0005501735215067322
132,7Networks_LH_Cont_Par_6,7networks_lh_cont_par,7Networks_LH_Cont_Par,control,parietal ,L,0.7660215546517845,28.13071478285952,0.0012176215917218927,0.1809485443596176,0.05469509074618699,-3.762936476941519,109.3156005039937,1.8947191745638757e-06,0.4049006275149989,19.06370580861138,6.901434890199723e-05,0.002362394028383501,8.115117974075468e-06,0.0009215445412207866
133,7Networks_LH_Cont_Temp_1,7networks_lh_cont_temp,7Networks_LH_Cont_Temp,control,temporal,L,0.7087113897054537,21.193152479723423,0.000993703140962507,0.1874009455584158,0.03337747389795433,-2.055068255270718,70.7359243646842,0.00017516961706568788,0.27848493368261307,7.0595150871572585,0.01073716776615529,0.0019529923203332389,0.00033352640764649035,0.037497493583342326
134,7Networks_LH_Cont_OFC_1,7networks_lh_cont_ofc,7Networks_LH_Cont_OFC,control,orbital frontal cortex,L,0.06228851828358539,50.821721095766755,0.7335693276509582,-0.018346547628163457,0.005286010875989691,-0.3754129478863366,58.66784006244596,0.858591367156968,-0.03581125832273435,0.19067676991960708,0.6643535194531873,0.7551938203028005,0.8662232904205855,0.7578303965621784
135,7Networks_LH_Cont_PFCl_1,7networks_lh_cont_pfcl,7Networks_LH_Cont_PFCl,control,lateral prefrontal cortex,L,0.40527771645601585,36.68322984021835,0.11748859457318751,0.030490175549379273,0.02779991148124776,-1.8966589045990876,77.9471276758772,0.07449057530858168,0.06652533826639395,2.85295635899149,0.09783064686863009,0.13999953264101608,0.08716165255179403,0.1695233346502216
136,7Networks_LH_Cont_PFCl_2,7networks_lh_cont_pfcl,7Networks_LH_Cont_PFCl,control,lateral prefrontal cortex,L,0.5583477233078498,25.383277820982478,0.029535874220157392,0.07602839999098543,0.03811832213788346,-2.5979918830811055,81.96297417812197,0.005851920772048618,0.16229782127448822,5.943203356481887,0.01861035462539482,0.04038941836129956,0.008124685108593493,0.05392867379685507
137,7Networks_LH_Cont_PFCl_3,7networks_lh_cont_pfcl,7Networks_LH_Cont_PFCl,control,lateral prefrontal cortex,L,0.560369887207468,34.39238750653278,0.02133915030213378,0.0869083129390531,0.060861350744680215,-4.4791775293575595,124.72996145754004,8.48784058417543e-06,0.36568883054506807,22.096057407577284,2.2966343454812937e-05,0.029993728288448103,2.5519732617322155e-05,0.0004170687971394029
138,7Networks_LH_Cont_PFCl_4,7networks_lh_cont_pfcl,7Networks_LH_Cont_PFCl,control,lateral prefrontal cortex,L,0.7363060214470345,27.059735033963136,0.0003079465032738541,0.22386988939090868,0.03795457878608224,-2.406475023137875,83.39638425246159,1.0499811956758914e-05,0.35992096009426533,11.202570286824061,0.00161432707040884,0.0006955607586384565,3.075428792495837e-05,0.008725053451971589
139,7Networks_LH_Cont_PFCl_5,7networks_lh_cont_pfcl,7Networks_LH_Cont_PFCl,control,lateral prefrontal cortex,L,0.8199156696742826,27.066401547730898,0.00018541208098753027,0.2392619514248927,0.04824853545499958,-3.1752434786221873,98.6825518033973,5.734884945336828e-07,0.434407647187919,17.561386217570504,0.00012162321708017233,0.0004525649718727889,3.2090551272405034e-06,0.0014158189885743137
140,7Networks_LH_Cont_PFCl_6,7networks_lh_cont_pfcl,7Networks_LH_Cont_PFCl,control,lateral prefrontal cortex,L,1.1830619771423776,14.990637976196503,6.362996462763049e-08,0.44832513588840994,0.02768834967501725,-1.1096369092010114,56.08894265959833,3.663286647533912e-08,0.4968850799319743,5.632892448858275,0.021766640288867628,7.407180497678011e-07,3.538579016979566e-07,0.06062610239966811
141,7Networks_LH_Cont_PFCl_7,7networks_lh_cont_pfcl,7Networks_LH_Cont_PFCl,control,lateral prefrontal cortex,L,1.1206058843260527,3.7102886142145053,6.184256363809941e-07,0.39489506419669795,0.026940249704461988,-1.1101475271336136,43.69817534622561,4.855758631899654e-07,0.4383984327943027,4.718226256160359,0.03492267665703214,4.069061433579294e-06,2.8754823592301286e-06,0.08344681685417153
142,7Networks_LH_Cont_PFCl_8,7networks_lh_cont_pfcl,7Networks_LH_Cont_PFCl,control,lateral prefrontal cortex,L,1.2696928348061802,1.0306325033998007,1.8223320014886488e-08,0.47575841073582126,0.023104314386325486,-0.643430788847386,35.32477293774561,2.724140143886574e-08,0.5031868390063652,3.6500194848964127,0.06217998994977759,2.58543352711202e-07,3.0918990633112615e-07,0.12602551534463852
143,7Networks_LH_Cont_PFCv_1,7networks_lh_cont_pfcv,7Networks_LH_Cont_PFCv,control,ventral prefrontal cortex,L,0.2981418125837405,44.414027581843925,0.09744562608069934,0.03651967325738026,0.020148771272499096,-1.3702517897741204,74.3212033605613,0.0564410513236372,0.07748250913185872,3.1313591790272177,0.08328730068497138,0.11766041021446144,0.0674322034235034,0.15124973804390804
144,7Networks_LH_Cont_pCun_1,7networks_lh_cont_pcun,7Networks_LH_Cont_pCun,control,precuneus,L,0.4173458528798323,17.542716345841754,0.03959260786823614,0.06623654205249596,-0.003711316525392576,0.7246567386677554,12.03394391529337,0.11825585459078575,0.04798483426227318,0.07976048548365164,0.7788622685720343,0.052558608105787157,0.1328914801589523,0.8459413156260851
145,7Networks_LH_Cont_pCun_2,7networks_lh_cont_pcun,7Networks_LH_Cont_pCun,control,precuneus,L,0.5071534172850025,30.677552529394944,0.012863114686152316,0.10383338217414806,0.001932896688744544,0.34710234390160055,33.54658509969816,0.046340192996361544,0.0851909116775098,0.021830242767351273,0.8831716301982372,0.018960565154263476,0.056252533744246366,0.9238707836635938
146,7Networks_LH_Cont_Cing_1,7networks_lh_cont_cing,7Networks_LH_Cont_Cing,control,cingulate,L,0.09268005942145374,39.78509644299508,0.5815066506302162,-0.014325416692366977,0.044727457935835345,-3.610920704151183,106.17484937289136,4.390770314022397e-05,0.31974080170461616,24.572159734461046,9.726192126281416e-06,0.611120415245644,0.00010118831079016083,0.0002809470569323718
147,7Networks_LH_Cont_Cing_2,7networks_lh_cont_cing,7Networks_LH_Cont_Cing,control,cingulate,L,0.6664534079226783,21.0067592481457,0.002161358400391935,0.1625398122640489,0.029389569072887922,-1.7671128058238672,64.63021382193907,0.0008481706413736707,0.228394381980615,5.09667746394734,0.028657698578959896,0.0038330340381950716,0.0013951792434190092,0.07344796534680144
148,7Networks_LH_Cont_PFCmp_1,7networks_lh_cont_pfcmp,7Networks_LH_Cont_PFCmp,control,medial posterior prefrontal cortex,L,0.8899692319030121,34.04261589103495,3.3826718129165024e-07,0.4095282880208768,-0.01061474859840457,1.768910106892589,18.286957747619468,1.4678470376219395e-06,0.41133004137898277,1.146914514529803,0.2896648106105371,2.5243379377609778e-06,6.598045099805549e-06,0.3962773619592978
149,7Networks_LH_Default_Temp_1,7networks_lh_default_temp,7Networks_LH_Default_Temp,default,temporal,L,0.7596253351355249,10.765368503862241,9.457658534743357e-05,0.2592980747724525,0.022391772867966772,-1.0944971864376036,44.001871023171475,8.413557456172358e-05,0.30065237966423297,3.838369041496751,0.056039167696960594,0.0002540696434777209,0.00017865432689827436,0.11683613293572814
150,7Networks_LH_Default_Temp_2,7networks_lh_default_temp,7Networks_LH_Default_Temp,default,temporal,L,0.8963462955492666,12.184224075432589,7.143001166078369e-05,0.2675207606083202,0.0399374973629211,-2.4106278217968597,71.46415423301977,3.912040178059602e-06,0.386255342812595,10.28604408863301,0.0024136141977689003,0.00019895230241715213,1.3991547360578404e-05,0.011414383810282092
151,7Networks_LH_Default_Temp_3,7networks_lh_default_temp,7Networks_LH_Default_Temp,default,temporal,L,1.2042119579171762,6.675791624009214,8.909339255837407e-09,0.49086461843853435,0.027642191410118803,-1.084664851496015,47.705582782527195,3.768052449384293e-09,0.5432956868588723,6.510548536025166,0.014036472393498447,1.5557077008269934e-07,6.134970971689211e-08,0.0443598906513654
152,7Networks_LH_Default_Temp_4,7networks_lh_default_temp,7Networks_LH_Default_Temp,default,temporal,L,0.7304422323833955,29.6602731507027,0.0002650255851181517,0.2284495090377956,0.032745311962113686,-1.9809920405030015,78.26471594948218,3.117440991133621e-05,0.3295830965436418,8.24088574624764,0.006122588978855307,0.0006046312343901551,7.650368702565751e-05,0.024153578547946735
153,7Networks_LH_Default_Temp_5,7networks_lh_default_temp,7Networks_LH_Default_Temp,default,temporal,L,-0.01708104681175393,52.4951614457876,0.9311368740983891,-0.020672869628125312,0.022664904069446393,-1.8938198531691932,86.13707741402717,0.21270881553441504,0.023902165466429204,3.1919951144662053,0.08045054565477934,0.9395588636803486,0.23055152564279366,0.1497993778907581
154,7Networks_LH_Default_Temp_6,7networks_lh_default_temp,7Networks_LH_Default_Temp,default,temporal,L,1.4842719952998138,4.041909192709689,8.848719474073072e-11,0.578584976225438,0.027914045716070313,-0.8271153671733549,45.4752184816555,5.208081400442958e-11,0.6193638413801512,6.14240563619477,0.016845089482658473,5.021648301536468e-09,3.3778127940015757e-09,0.049660198864460686
155,7Networks_LH_Default_Temp_7,7networks_lh_default_temp,7Networks_LH_Default_Temp,default,temporal,L,0.896094581227488,11.775244993446506,2.0525816767666942e-05,0.303107437863808,0.029521245947878687,-1.5483749701391019,55.59414987004418,7.0246993125896526e-06,0.3707752665313091,6.161996347687553,0.01668141696829186,6.90275615742281e-05,2.212622723725586e-05,0.04949910655950657
156,7Networks_LH_Default_Temp_8,7networks_lh_default_temp,7Networks_LH_Default_Temp,default,temporal,L,0.19736253732476394,29.70329440607073,0.3425785656375878,-0.0016587022452860811,0.005566803378357639,-0.26358959799043724,37.9661986254133,0.5897965955957496,-0.019391179666774727,0.1650320964031888,0.6864090302908343,0.37934309463284116,0.6058091728517427,0.7733114965263139
157,7Networks_LH_Default_Temp_9,7networks_lh_default_temp,7Networks_LH_Default_Temp,default,temporal,L,0.8523305575469964,18.746472405568625,4.23207130485458e-06,0.345960772363038,0.02305105933217333,-1.056383348489594,52.96156542585136,2.7928041045441075e-06,0.3949942268230311,4.890220421733444,0.03190914639309331,1.8474618965422878e-05,1.1025504899678475e-05,0.07936696041206069
158,7Networks_LH_Default_Temp_10,7networks_lh_default_temp,7Networks_LH_Default_Temp,default,temporal,L,1.1493509867383696,-1.7962651340190803,3.2977768632974975e-06,0.35250742956916536,0.04663191788093869,-2.7119461815125137,67.42031120716311,6.967213548744512e-08,0.48293213668643475,13.107474445443252,0.0007181960073897264,1.5434955628217155e-05,5.751118092963653e-07,0.005020103038602424
159,7Networks_LH_Default_Par_1,7networks_lh_default_par,7Networks_LH_Default_Par,default,parietal,L,0.7252098880872839,9.880830185724228,0.00037129919275788486,0.21813181465774967,0.03180665611157739,-1.9085001705197042,57.09200958704645,6.269276400437257e-05,0.3093525541086378,7.339841723430306,0.009380623473712714,0.0008104318918849987,0.00013816754785429683,0.03434518594407719
160,7Networks_LH_Default_Par_2,7networks_lh_default_par,7Networks_LH_Default_Par,default,parietal,L,1.366540574507507,-4.542152264671209,1.024214871105377e-06,0.3823987982812296,0.036448936485148666,-1.6515676576094087,49.55964559019377,5.241487163677997e-07,0.4365687020072744,5.614857903906724,0.021966926095485673,5.9614557882287325e-06,3.01219642064533e-06,0.060810880776527416
161,7Networks_LH_Default_Par_3,7networks_lh_default_par,7Networks_LH_Default_Par,default,parietal,L,1.0131540836585455,1.8437957863740877,4.2475057692871194e-05,0.2825419380152996,0.0362216657729189,-1.9861352836670925,55.608251723556364,1.1158523247734267e-05,0.3582615180228935,6.663584064909119,0.013020036172282486,0.00012663506647109143,3.226732200300227e-05,0.04222211730154463
162,7Networks_LH_Default_Par_4,7networks_lh_default_par,7Networks_LH_Default_Par,default,parietal,L,1.0778163502709897,12.653548282939404,3.0009160349222176e-06,0.3549674526800831,0.0172164820078249,-0.34777273645259843,38.20827550354825,9.121600288676813e-06,0.3637421408384667,1.6619722264137695,0.2036460912836728,1.4191832081819653e-05,2.7244779809600484e-05,0.31025276994223977
163,7Networks_LH_Default_Par_5,7networks_lh_default_par,7Networks_LH_Default_Par,default,parietal,L,1.246140232271395,4.969156235568029,4.1236350504883794e-07,0.4047614609459773,0.016750688408328704,-0.14087940270208144,29.832497819388898,1.5391469990902648e-06,0.4101406891182038,1.437736503439915,0.2365164589035286,2.9620967571308763e-06,6.73691818743131e-06,0.3419696571407706
164,7Networks_LH_Default_Par_6,7networks_lh_default_par,7Networks_LH_Default_Par,default,parietal,L,1.157140083957022,1.7587705387046952,2.840624615572141e-07,0.4137014472928856,0.016067885473516987,-0.17334091485327185,25.608615710388975,9.991679700274032e-07,0.4208864983655929,1.5955351593713627,0.212767527234287,2.2235234059823313e-06,4.912771926464151e-06,0.3188001893213409
165,7Networks_LH_Default_Par_7,7networks_lh_default_par,7Networks_LH_Default_Par,default,parietal,L,0.7681703854318613,12.507209775285496,0.0007573333215878512,0.19596888552854008,0.020108937658876225,-0.8969248447707825,42.355259820309094,0.0013204779175143755,0.21372196604217586,2.0837742221604936,0.155504440792004,0.0015213687079685153,0.0020815867171928002,0.24858808492806275
166,7Networks_LH_Default_PFC_1,7networks_lh_default_pfc,7Networks_LH_Default_PFC,default,prefrontal cortex,L,0.21422828461796617,38.01982500843736,0.23294229047182127,0.009288644873004848,0.013387006654128078,-0.8942659235104466,57.89039457028082,0.2582599591648179,0.015809033839699227,1.3180060386272223,0.2567601396893893,0.2657180901361981,0.2785036139212051,0.3642784481843211
167,7Networks_LH_Default_PFC_2,7networks_lh_default_pfc,7Networks_LH_Default_PFC,default,prefrontal cortex,L,0.5738587095836449,34.23204471367608,0.023314001002508848,0.08394538617169267,0.07064194610015151,-5.275558574360911,139.08712847014877,5.145862635286109e-07,0.4370099774871171,31.101955106589077,1.1687942639492755e-06,0.03236867417473705,2.9951559441280684e-06,6.632907447912138e-05
168,7Networks_LH_Default_PFC_3,7networks_lh_default_pfc,7Networks_LH_Default_PFC,default,prefrontal cortex,L,1.1411511464654358,12.046783326217941,3.868124681401742e-11,0.5926826925784408,0.002023306639407335,0.9736137911030776,15.05001297732862,4.0914235952881364e-10,0.584468915328092,0.05118696877265643,0.8219916452577338,2.9268810089273183e-09,1.6886421020552852e-08,0.8813414800260624
169,7Networks_LH_Default_PFC_4,7networks_lh_default_pfc,7Networks_LH_Default_PFC,default,prefrontal cortex,L,0.8963408585849707,39.7520379689368,6.417965997479515e-07,0.3939843723393759,0.02394015968893594,-1.0859938815469183,75.2868382951888,2.9073292637474943e-07,0.45052360540045966,5.939035077038942,0.018649343141203187,4.1038824828953515e-06,1.9998901299111552e-06,0.05392867379685507
170,7Networks_LH_Default_PFC_5,7networks_lh_default_pfc,7Networks_LH_Default_PFC,default,prefrontal cortex,L,0.5430384854692636,27.07715680427183,0.011095324399675338,0.10876416642238029,0.04651309454747297,-3.3084196664622585,96.11736158053228,5.555509188688936e-05,0.3128957384851563,15.260303723646134,0.00029866463499233603,0.016569991044251987,0.00012323128381069984,0.003013194317478235
171,7Networks_LH_Default_PFC_6,7networks_lh_default_pfc,7Networks_LH_Default_PFC,default,prefrontal cortex,L,1.069219107340479,19.278852445276186,1.6363594813417276e-05,0.3094089682128609,0.04258941472140955,-2.4573436834312474,82.49507020662409,1.138579757115532e-06,0.41765879847970433,9.92259012284124,0.002837888566492309,5.714670804070341e-05,5.3632977794923596e-06,0.013009192291603416
172,7Networks_LH_Default_PFC_7,7networks_lh_default_pfc,7Networks_LH_Default_PFC,default,prefrontal cortex,L,0.21841644213927436,38.807010262269415,0.34747650036712585,-0.0020405628281308097,0.03056185664369146,-2.312219565928757,84.17051190737347,0.08144453516745252,0.0629733948676039,4.330396332721346,0.04291211391369433,0.3838304894566305,0.09480979222057294,0.0959709345656021
173,7Networks_LH_Default_PFC_8,7networks_lh_default_pfc,7Networks_LH_Default_PFC,default,prefrontal cortex,L,0.2647526137210474,46.68154234309309,0.14184116008105432,0.024500114584096955,0.04020193944162605,-3.0641182965529725,106.35398853176477,0.0004488556194854253,0.2490090974970035,15.34961614568497,0.00028821916415243317,0.16739173953512645,0.0008054563290370874,0.0029738977392091965
174,7Networks_LH_Default_PFC_9,7networks_lh_default_pfc,7Networks_LH_Default_PFC,default,prefrontal cortex,L,0.5300876848057448,49.069260482007586,0.004470839615674298,0.1388548163487059,0.0243112160515426,-1.4829719096169889,85.15482629714228,0.0020214531627320686,0.19934464464816304,4.626418956628394,0.03665617184099881,0.0073276577094445175,0.003028844012806466,0.08667657299902842
175,7Networks_LH_Default_PFC_10,7networks_lh_default_pfc,7Networks_LH_Default_PFC,default,prefrontal cortex,L,0.33939017160089624,28.804584492297607,0.08030101119760256,0.04282522420363566,-0.009524441042024795,1.1280495040058267,14.667289042095778,0.1656891030680259,0.034223379230632345,0.5724802714987736,0.45305120023551404,0.0993369457321841,0.18169771206010568,0.5619815434615393
176,7Networks_LH_Default_PFC_11,7networks_lh_default_pfc,7Networks_LH_Default_PFC,default,prefrontal cortex,L,0.5663389140094925,26.447278557179715,0.009400904662330121,0.11428129565581557,0.029868026532649743,-1.9068453664703098,70.78091595841249,0.003193177949109883,0.18361512380154998,5.076537731189259,0.02895855902439969,0.014418955123979308,0.004587667053467997,0.07344796534680144
177,7Networks_LH_Default_PFC_12,7networks_lh_default_pfc,7Networks_LH_Default_PFC,default,prefrontal cortex,L,0.5853703893132485,53.7737959088491,0.00150079064082075,0.1742725054455342,0.023570712667938268,-1.3663727560307217,88.76021952028937,0.0007850393313716511,0.23092987380889596,4.53615826284948,0.038451709757255606,0.0028114083302622074,0.0013103230016276823,0.08818133279313536
178,7Networks_LH_Default_PFC_13,7networks_lh_default_pfc,7Networks_LH_Default_PFC,default,prefrontal cortex,L,0.7196810632286135,42.907956237421516,1.7243735027408405e-05,0.3079567328098899,0.02506354203406684,-1.3556739356709322,80.1102127478822,3.831263145840822e-06,0.3868000140645802,7.17168556266683,0.01017086821468876,5.9760730553003173e-05,1.3991547360578404e-05,0.03607479819897419
179,7Networks_LH_Default_PFC_14,7networks_lh_default_pfc,7Networks_LH_Default_PFC,default,prefrontal cortex,L,0.23468466423660317,45.17168340746929,0.21511763158111466,0.011659949537867975,0.03974237998493804,-3.05613300462275,104.16199740723181,0.0015076753237331228,0.2092736439131797,12.995878545084793,0.0007524101734003169,0.24787666177113213,0.002352180745617999,0.005098421174981251
180,7Networks_LH_Default_PFC_15,7networks_lh_default_pfc,7Networks_LH_Default_PFC,default,prefrontal cortex,L,0.23047833377209237,49.731763227139645,0.2116481538626413,0.01214811566031182,0.02518015048416207,-1.8545322808217577,87.10710371215691,0.04839620315222305,0.08349941793205362,4.736890708040709,0.034581232053258554,0.24449939402961618,0.05859166994962471,0.08306814472052583
181,7Networks_LH_Default_PFC_16,7networks_lh_default_pfc,7Networks_LH_Default_PFC,default,prefrontal cortex,L,1.0830931688067078,15.704138709048344,4.0698979524158435e-05,0.2837643642650375,0.04466162575688555,-2.615056444186891,81.99617577721256,3.3814177729894616e-06,0.3900504474808679,9.364186797562802,0.0036498746586765846,0.00012396770752383656,1.2850369004630865e-05,0.01578136280989685
182,7Networks_LH_Default_PFC_17,7networks_lh_default_pfc,7Networks_LH_Default_PFC,default,prefrontal cortex,L,0.6285931816309946,19.717878078352427,0.0007870685987418607,0.1947581525273222,0.020266351180333625,-1.049536476754502,49.79957978344507,0.0008025308073425898,0.23020836302764236,3.2104814111879882,0.07960721825269693,0.0015741371974837214,0.0013346116722840137,0.14934577308563804
183,7Networks_LH_Default_PFC_18,7networks_lh_default_pfc,7Networks_LH_Default_PFC,default,prefrontal cortex,L,0.5540319540166937,17.168248145762984,0.007355382484557564,0.12242757266040316,-0.016576165852908928,1.926600468820519,-7.436046537791718,0.012828447993309884,0.13384624387601418,1.632793213068833,0.20759254821388112,0.011620734405800462,0.016784194204503423,0.3141567229636734
184,7Networks_LH_Default_PFC_19,7networks_lh_default_pfc,7Networks_LH_Default_PFC,default,prefrontal cortex,L,0.2703080421650046,28.47631803499419,0.27685984088803706,0.004263149051717874,-0.028513635910663894,2.631343714759275,-13.846973531399861,0.11646872273867302,0.0486015310982012,3.236962122387941,0.07841627239184457,0.3118966942014115,0.13120794075274828,0.14833744860790596
185,7Networks_LH_Default_PFC_20,7networks_lh_default_pfc,7Networks_LH_Default_PFC,default,prefrontal cortex,L,0.2520893182925521,36.752726397420005,0.33562642019308053,-0.0011041270392995184,0.04131013394591708,-3.1685442407366757,98.07008519086557,0.030041666679703826,0.10190863456036059,6.5056898964429655,0.014070097475322946,0.372553532439263,0.03696183380104481,0.0443598906513654
186,7Networks_LH_Default_PFC_21,7networks_lh_default_pfc,7Networks_LH_Default_PFC,default,prefrontal cortex,L,0.34467611866527215,27.73248260110646,0.04751512806800266,0.06015936174359182,0.029034520299812863,-2.0594907290597835,70.82893203286069,0.004084950415584061,0.17501396682575732,7.682562882588296,0.007964964600132055,0.06198812684733681,0.0057595263623452285,0.02988507378892523
187,7Networks_LH_Default_PFC_22,7networks_lh_default_pfc,7Networks_LH_Default_PFC,default,prefrontal cortex,L,0.521245438553058,29.487420373624303,0.004349529880305141,0.139758018924937,0.043980610565210694,-3.120513570093877,94.76861460825045,3.4248780827320147e-06,0.3897188876125506,20.65999185206342,3.840448531312598e-05,0.0071546614697772975,1.2850369004630865e-05,0.0005811878777386397
188,7Networks_LH_Default_PFC_23,7networks_lh_default_pfc,7Networks_LH_Default_PFC,default,prefrontal cortex,L,0.1782291518758632,38.038952614496296,0.35950487541641796,-0.002948624287623325,0.025475806281941144,-1.9312628683006599,75.85314020312049,0.08460990134038893,0.06145182285194073,4.293620442684458,0.04376703305391449,0.39423964598805256,0.0979920796136137,0.09692796588525453
189,7Networks_LH_Default_PFC_24,7networks_lh_default_pfc,7Networks_LH_Default_PFC,default,prefrontal cortex,L,0.4848520613875986,24.223617366165925,0.017774502418842306,0.09302519761015915,0.004327866407593049,0.12648853992844566,30.6475456369365,0.05882585745562163,0.07585647514732852,0.10825682802111632,0.7435991970428787,0.025456227438972894,0.06954932105430266,0.8169450325815947
190,7Networks_LH_Default_pCunPCC_1,7networks_lh_default_pcunpcc,7Networks_LH_Default_pCunPCC,default,precuneus posterior cingulate cortex,L,0.793892450654198,20.497788598696964,8.03338944863441e-05,0.2640889268198312,0.019418270817490008,-0.8140129825158962,49.3206696966661,0.00012642496078810395,0.288428135222627,2.6418327665326022,0.11077124145524998,0.0002210399278593953,0.0002585447396297261,0.18835259783027525
191,7Networks_LH_Default_pCunPCC_2,7networks_lh_default_pcunpcc,7Networks_LH_Default_pCunPCC,default,precuneus posterior cingulate cortex,L,1.329309099642873,-6.392485033743689,1.4698494313554966e-10,0.5697046259119827,0.01601920737852898,0.002858829116431316,17.3851063849108,5.066546661823731e-10,0.5806718154529031,2.255401180659402,0.13983818313957008,7.41457379817106e-09,1.916843487056645e-08,0.22673762551916005
192,7Networks_LH_Default_pCunPCC_3,7networks_lh_default_pcunpcc,7Networks_LH_Default_pCunPCC,default,precuneus posterior cingulate cortex,L,0.7759216963152178,28.0350533742982,0.0018517242320761165,0.1675266473681335,0.05876088251478939,-4.089699096670094,115.25486536754802,2.0191791817626908e-06,0.40328736010229693,19.96476369794996,4.947695270089848e-05,0.003360199756800034,8.567358397385623e-06,0.0007245979524583197
193,7Networks_LH_Default_pCunPCC_4,7networks_lh_default_pcunpcc,7Networks_LH_Default_pCunPCC,default,precuneus posterior cingulate cortex,L,0.0029712214776472234,33.11166216727987,0.9891481223441071,-0.020829357824095673,0.013095636334528746,-1.0813964346857827,52.54974563619449,0.662229705583533,-0.024428304297213987,0.8313699162888905,0.366529880730601,0.9903146882005969,0.6786733325844785,0.480938051594488
194,7Networks_LH_Default_pCunPCC_5,7networks_lh_default_pcunpcc,7Networks_LH_Default_pCunPCC,default,precuneus posterior cingulate cortex,L,1.6661727169050555,-12.872651213748583,6.772976070490252e-12,0.620873358315559,-6.41199126418246e-05,1.6714820854312196,-12.967825528466761,7.780122971382719e-11,0.6128070570139261,2.7067920225186382e-05,0.9958708980916172,1.3794864060941533e-09,4.415219786259693e-09,0.9958708980916172
195,7Networks_LH_Default_pCunPCC_6,7networks_lh_default_pcunpcc,7Networks_LH_Default_pCunPCC,default,precuneus posterior cingulate cortex,L,0.7214083968593277,39.47084921881556,0.0016639986848146632,0.17096290970108485,0.06312654602915643,-4.505705659358293,133.17069239357537,3.49109708641144e-08,0.4979147616445889,32.25702110799582,8.195911671245636e-07,0.003070956922381533,3.476522101674484e-07,5.315634141065027e-05
196,7Networks_LH_Default_pCunPCC_7,7networks_lh_default_pcunpcc,7Networks_LH_Default_pCunPCC,default,precuneus posterior cingulate cortex,L,0.7876937569033742,33.23625654218842,0.0003422281011755635,0.2206365685280125,0.05338061107372251,-3.632420442661201,112.47003695321358,1.6036322358186355e-07,0.46426040560102066,22.82766460004376,1.775491106339363e-05,0.0007616252839887541,1.1556333889867627e-06,0.0003504665053382917
197,7Networks_LH_Default_pCunPCC_8,7networks_lh_default_pcunpcc,7Networks_LH_Default_pCunPCC,default,precuneus posterior cingulate cortex,L,1.077849059528749,32.7774879796878,9.085418586943441e-06,0.325532734911375,0.05592654131470547,-3.55307768382121,115.79023745079444,7.400539584650078e-09,0.5299874763652077,21.87992786636785,2.4794978911231155e-05,3.555844860752002e-05,1.0181348398276168e-07,0.00043295847791149786
198,7Networks_LH_Default_pCunPCC_9,7networks_lh_default_pcunpcc,7Networks_LH_Default_pCunPCC,default,precuneus posterior cingulate cortex,L,0.36949349628820083,52.95942539757713,0.07528736896261783,0.0449385762218506,0.03223446396196519,-2.299640652005067,100.80560751981082,0.010251291565320165,0.14207267103515453,6.434535529558402,0.01457250394440237,0.0936451109836397,0.013648347128021569,0.04515158115881673
199,7Networks_LH_Default_pCunPCC_10,7networks_lh_default_pcunpcc,7Networks_LH_Default_pCunPCC,default,precuneus posterior cingulate cortex,L,0.31463406444706954,33.32890824894279,0.15589896102375134,0.021532355050436602,0.020171806652980205,-1.3556669535493349,63.270275848285834,0.13845976546054256,0.04157352818363369,2.0037038194180656,0.16350793912011563,0.18288922042579614,0.15369372498554112,0.2593547616178904
200,7Networks_LH_Default_pCunPCC_11,7networks_lh_default_pcunpcc,7Networks_LH_Default_pCunPCC,default,precuneus posterior cingulate cortex,L,0.49140248177049695,49.65753004196457,0.014658567475591853,0.09946974022652044,0.04768384604587639,-3.45699827194405,120.43550187024054,1.7343585801002866e-05,0.34610444108529215,19.10452063762254,6.797417507648724e-05,0.021330094980508658,4.743366237141748e-05,0.0009215445412207866
201,7Networks_RH_Vis_1,7networks_rh_vis,7Networks_RH_Vis,visual,visual,R,1.2514157349497634,-8.276723955200517,1.648953720768743e-07,0.42652007181452756,0.03217517420001809,-1.4128089993559314,39.48145332999182,6.725792845788168e-08,0.48370749877346375,6.3167467811516955,0.015446745251841401,1.4972499784580187e-06,5.654648059236719e-07,0.046752148962239976
202,7Networks_RH_Vis_2,7networks_rh_vis,7Networks_RH_Vis,visual,visual,R,1.6345225009502995,-37.05693894960315,3.3697434256035124e-08,0.46243887975842357,0.0494472287965929,-2.459892938226454,36.33845292764792,2.071384727760978e-09,0.5547771926182716,10.955103251196569,0.0017979954537498996,4.4995985741882195e-07,4.478136506683258e-08,0.009406345488621478
203,7Networks_RH_Vis_3,7networks_rh_vis,7Networks_RH_Vis,visual,visual,R,0.9997888903106609,-5.855286461060359,2.3481650245456662e-06,0.36132392181630424,0.041451666011840735,-2.4325640529987362,55.672150868523616,2.898470493746323e-08,0.5018737240531684,14.543534708234457,0.00039832814289156955,1.172935046987889e-05,3.209525863806904e-07,0.003477711093707165
204,7Networks_RH_Vis_4,7networks_rh_vis,7Networks_RH_Vis,visual,visual,R,1.2263029623454536,-9.717442041754431,7.388227877264719e-08,0.4449572619019244,0.02916707318407885,-1.188839759843245,33.57575796878777,4.0043667413954306e-08,0.4949755221516863,5.7539804451016785,0.02047157767089266,8.385638640695455e-07,3.787463542903178e-07,0.05845343561374382
205,7Networks_RH_Vis_5,7networks_rh_vis,7Networks_RH_Vis,visual,visual,R,1.2837960876117571,-6.570452359343527,5.831048203759701e-08,0.45028428923107566,0.004556171635440462,0.906528039599884,0.19235337884672532,4.544281401267224e-07,0.4399805316667944,0.11685148275733434,0.7339985076121748,6.966568117123432e-07,2.7508050082337594e-06,0.8088235981939985
206,7Networks_RH_Vis_6,7networks_rh_vis,7Networks_RH_Vis,visual,visual,R,1.30589241779464,-5.255190732916205,4.083594581960589e-08,0.45820954664055746,0.0029301085465547466,1.0632684737748574,-0.9059790530874494,3.343141811179705e-07,0.44724797637676117,0.04811678623386822,0.8273230895524115,5.29700554345745e-07,2.1996904090950525e-06,0.8837757238983408
207,7Networks_RH_Vis_7,7networks_rh_vis,7Networks_RH_Vis,visual,visual,R,0.075590823922846,37.84431393840752,0.7463949433743144,-0.0185882673903901,0.001981404590410407,-0.08847688510093965,40.785347640797234,0.9418425817216894,-0.03989841586927634,0.016358606401496924,0.8987731986889615,0.7666590594840244,0.9439217044186469,0.9316050963579647
208,7Networks_RH_Vis_8,7networks_rh_vis,7Networks_RH_Vis,visual,visual,R,0.7004947182393448,3.072696602401596,0.0016172258970511759,0.17187786373396774,0.03786490893361351,-2.4348613272644855,59.27624728086676,0.000135260751648534,0.2863796359042622,8.701693142037067,0.004942701569402028,0.0030091006445132538,0.000270521503297068,0.020216094707283968
209,7Networks_RH_Vis_9,7networks_rh_vis,7Networks_RH_Vis,visual,visual,R,0.8061198474506746,13.92327147770066,8.836138741561702e-05,0.26129649844190106,0.02628263004073339,-1.3701801968576577,52.935041770019886,5.003343926311583e-05,0.31594972075971073,4.835031942634944,0.03284427839042423,0.00023878613027791741,0.00011301085286295814,0.07973958496926525
210,7Networks_RH_Vis_10,7networks_rh_vis,7Networks_RH_Vis,visual,visual,R,0.8260521185221423,13.885091173254956,0.0014418460637726908,0.17555468061800017,0.04788333541068393,-3.138867100536129,84.9591685763375,5.564408189690191e-05,0.3128489391855951,10.590503147057667,0.0021097259229938257,0.002725992124625118,0.00012323128381069984,0.010299092140206417
211,7Networks_RH_Vis_11,7networks_rh_vis,7Networks_RH_Vis,visual,visual,R,1.518409155585171,-16.133488629766262,1.7964779631264873e-09,0.5231611830860783,0.023440381899705418,-0.4225421148117343,18.65948272882015,3.741150118450022e-09,0.5434349156295185,3.1314357917380358,0.08328364688295783,5.4373399683961686e-08,6.134970971689211e-08,0.15124973804390804
212,7Networks_RH_Vis_12,7networks_rh_vis,7Networks_RH_Vis,visual,visual,R,1.1497503657327632,-3.8389201036306844,1.0784962605427418e-08,0.48687303852178965,0.0030919771520221684,0.8937230959154903,0.7505559958639552,9.184427266623546e-08,0.4768169929125061,0.0773970432780482,0.7820766237025472,1.7487046510228743e-07,7.445946391155518e-07,0.84740521995455
213,7Networks_RH_Vis_13,7networks_rh_vis,7Networks_RH_Vis,visual,visual,R,0.3840110553747815,15.358339885421366,0.0491612462038673,0.05902684722110163,0.01271277799538216,-0.6686544987099334,34.22813998398338,0.08874852314742948,0.05954261430135621,1.0263242335364648,0.31621068370014266,0.06395187901591906,0.10200463166818477,0.4247326934907242
214,7Networks_RH_Vis_14,7networks_rh_vis,7Networks_RH_Vis,visual,visual,R,0.5225308917400411,21.436335356722502,0.01914551149892674,0.09053898984923014,0.02822278994127548,-1.8144216470473835,63.3279191324339,0.008849540503545224,0.1474239149894172,4.202619044486914,0.0459632991638071,0.027237899274686384,0.01199310862271502,0.10080839526748031
215,7Networks_RH_Vis_15,7networks_rh_vis,7Networks_RH_Vis,visual,visual,R,1.3605579537119419,-17.9068760099074,8.589822876582792e-07,0.38678367851719475,0.014415348263165664,0.16691321514405555,3.4900790990313624,4.187889591322968e-06,0.38447321676215584,0.8198256074926801,0.3698494934648059,5.264938410049521e-06,1.4625399034312518e-05,0.48250479894546516
216,7Networks_RH_Vis_16,7networks_rh_vis,7Networks_RH_Vis,visual,visual,R,0.889015173443946,16.60684501317928,0.0001852807251862979,0.23928327824636653,0.0038660877758099066,0.5688886493953511,22.34534713439409,0.0009618928378585349,0.22425205376691326,0.06993144033801764,0.79259285040543,0.0004525649718727889,0.0015540902077856755,0.8547200809597749
217,7Networks_RH_Vis_17,7networks_rh_vis,7Networks_RH_Vis,visual,visual,R,1.01417244263925,-1.2358048117800635,6.02560817595663e-07,0.3955323299613337,0.0048556690858455875,0.6121048858424247,5.9715502626153665,4.118479093640372e-06,0.3849108181875598,0.1711241552991469,0.6809962431817846,4.022979576300456e-06,1.4494492314052163e-05,0.7729307360113256
218,7Networks_RH_Vis_18,7networks_rh_vis,7Networks_RH_Vis,visual,visual,R,1.06303830984371,15.076626046364325,2.351037208720218e-06,0.36129238682489795,0.030975718136812977,-1.5018669773802555,61.05442958886159,8.8631687306621e-07,0.42383241871195876,6.210153483241845,0.016286265123019717,1.172935046987889e-05,4.521211914292802e-06,0.048644502406914154
219,7Networks_RH_Vis_19,7networks_rh_vis,7Networks_RH_Vis,visual,visual,R,1.4434796751335663,-6.423153309549846,2.166212626192624e-07,0.4201230935814674,0.013385068515845144,0.33514595210212317,13.444539439533656,1.1843292429485835e-06,0.41668175496439186,0.7168196691506884,0.401479547137935,1.8555859099838702e-06,5.431166427259161e-06,0.5148918485893291
220,7Networks_RH_Vis_20,7networks_rh_vis,7Networks_RH_Vis,visual,visual,R,0.6088990601498785,8.435288547513995,0.013622575066468585,0.10191820937640572,0.027035962832243784,-1.6297797561840124,48.565243959455,0.010970523624696613,0.13959358141641032,3.1018181859885043,0.08470958188969996,0.019886331447513627,0.014520751386624672,0.15321972182439755
221,7Networks_RH_Vis_21,7networks_rh_vis,7Networks_RH_Vis,visual,visual,R,0.7552395444458879,9.152171475202866,0.00012406856409303478,0.25127294549978385,0.009682953142623178,-0.04654518260262375,23.524749225826383,0.0004955815820723324,0.24583768959875718,0.6540634825539452,0.4227386867981706,0.0003164445398777404,0.0008720699157396857,0.5346054702127283
222,7Networks_RH_Vis_22,7networks_rh_vis,7Networks_RH_Vis,visual,visual,R,0.5594834795551994,24.90269772189309,0.009841742329605161,0.11275675966033938,0.019195536210137795,-1.029978695269044,53.39496992247597,0.013940323770322036,0.13077719941681898,1.9951201322959913,0.164394261182553,0.014993795361210548,0.018042276069342483,0.2593547616178904
223,7Networks_RH_Vis_23,7networks_rh_vis,7Networks_RH_Vis,visual,visual,R,1.330779888250251,-4.712697325319596,6.634329256830585e-10,0.5422418005980495,0.03506073977140807,-1.5723804651749136,47.32857571779446,3.85433437869648e-11,0.6242083445505071,11.469615417649333,0.0014380939776673582,2.316911909693143e-08,2.916446346547003e-09,0.008161183323262258
224,7Networks_RH_Vis_24,7networks_rh_vis,7Networks_RH_Vis,visual,visual,R,1.0850291612827165,17.32812140984943,2.6315083851330514e-07,0.41551988878447366,0.01276292547479596,0.028211208389311793,36.272356294603334,1.1574888777812938e-06,0.4172504902385967,1.1425464430367636,0.2905741312952883,2.131831034799936e-06,5.3632977794923596e-06,0.3962773619592978
225,7Networks_RH_Vis_25,7networks_rh_vis,7Networks_RH_Vis,visual,visual,R,1.2268582983186336,7.196145752448075,3.438102901666799e-07,0.4091384702843516,0.008566133439612184,0.5175504187309832,19.911008364051312,2.167451751027947e-06,0.4014853379633665,0.3862299878214307,0.5372906300041635,2.5243379377609778e-06,8.945664499697163e-06,0.6453173175182282
226,7Networks_RH_Vis_26,7networks_rh_vis,7Networks_RH_Vis,visual,visual,R,0.6941267183574312,17.702639016643964,0.010999718315360372,0.10905255590235285,0.0545634165216438,-3.8239281950827992,98.69207836908004,0.00017557887979628015,0.27841328046825375,12.265887465942479,0.0010229418881642237,0.01648142612268518,0.00033352640764649035,0.006192208229687433
227,7Networks_RH_Vis_27,7networks_rh_vis,7Networks_RH_Vis,visual,visual,R,0.46672712608924605,33.43044498803357,0.04180537773953434,0.06442284444607094,0.06309231837465942,-4.757552752350772,127.07948345288361,1.543258791834485e-06,0.4100737196443993,29.124263254586253,2.174712567776897e-06,0.05517337643531567,6.73691818743131e-06,9.873195057707112e-05
228,7Networks_RH_Vis_28,7networks_rh_vis,7Networks_RH_Vis,visual,visual,R,0.8331488874201645,21.1235752114723,3.229842843704813e-05,0.2903491633746562,0.021731530676826857,-0.9663031119257326,53.380068627502006,3.668053504761439e-05,0.3249268989359074,3.458594934865402,0.06918899866367711,0.00010254186370922973,8.584001500833471e-05,0.13539571290219574
229,7Networks_RH_Vis_29,7networks_rh_vis,7Networks_RH_Vis,visual,visual,R,1.3996353787315474,-17.481255055724695,6.005416842586448e-10,0.544108167557515,-0.0031999105862308003,1.6645999404897731,-22.230938651030826,5.722878624816877e-09,0.5351012108143266,0.07004721515768408,0.7924252833653023,2.2720493721118726e-08,8.119334048958943e-08,0.8547200809597749
230,7Networks_RH_Vis_30,7networks_rh_vis,7Networks_RH_Vis,visual,visual,R,1.282336324591656,-6.46649453295575,4.641935201205114e-08,0.45537100474679204,0.02524788587084178,-0.8082830332978252,31.00938677852112,5.760901724039819e-08,0.48709847939064976,3.9692225928593023,0.052165600456434195,5.85399605929756e-07,5.023388074521927e-07,0.11224257159820439
231,7Networks_RH_SomMot_1,7networks_rh_sommot,7Networks_RH_SomMot,somatomotor,somatomotor,R,0.5977045485719019,49.153471442112284,0.005699680505556301,0.13086070815895723,0.046538107074010834,-3.2558247340846753,118.23080275168444,3.2778400404335675e-05,0.32815023567105395,15.09526031469153,0.00031902511416160765,0.009176081381285676,7.957964590143527e-05,0.003148639170203693
232,7Networks_RH_SomMot_2,7networks_rh_sommot,7Networks_RH_SomMot,somatomotor,somatomotor,R,0.7730843421250868,22.402019993883194,0.0018428168830293566,0.1676818557325126,0.04950580958721694,-3.3261818055626837,95.88436436956428,2.928918242245172e-05,0.33136031749462747,12.750074621869892,0.0008339518537005676,0.003359995441346698,7.346568408725459e-05,0.005258529744167468
233,7Networks_RH_SomMot_3,7networks_rh_sommot,7Networks_RH_SomMot,somatomotor,somatomotor,R,0.40458774299465516,34.16840509904047,0.06957595795840472,0.04753211831860671,0.042166695694742615,-3.0869723317231754,96.7571735700785,0.0018968862768594743,0.2015086936525987,10.256050200271133,0.002445953820467902,0.08749995820807686,0.0028898871466248367,0.01144807252054049
234,7Networks_RH_SomMot_4,7networks_rh_sommot,7Networks_RH_SomMot,somatomotor,somatomotor,R,0.6331580475142871,50.06457793530283,0.0005872372464943934,0.20393205815994375,0.041457838326526705,-2.799705986530837,111.6011769401956,1.3673000194054937e-06,0.41310486120278944,18.107476075936322,9.881238866179516e-05,0.001222961972057131,6.207542088100941e-06,0.0012124547149312164
235,7Networks_RH_SomMot_5,7networks_rh_sommot,7Networks_RH_SomMot,somatomotor,somatomotor,R,1.1641615215491723,23.802127081700064,1.1730367595851476e-05,0.31857287506506915,0.047792643340120435,-2.793248054947462,94.74158864844244,4.876919419839646e-07,0.43829450522081015,11.230696158196956,0.0015947387784860426,4.4379890737638084e-05,2.8754823592301286e-06,0.008723028981116425
236,7Networks_RH_SomMot_6,7networks_rh_sommot,7Networks_RH_SomMot,somatomotor,somatomotor,R,0.8441830466112619,41.16826860455548,0.00034488442459559414,0.22039930348596737,0.06549296445674262,-4.578879304005593,138.3806282957152,3.5417174012682052e-09,0.5444979842975457,35.15294804999905,3.446721386153703e-07,0.0007637928232507304,6.134970971689211e-08,3.523007701328349e-05
237,7Networks_RH_SomMot_7,7networks_rh_sommot,7Networks_RH_SomMot,somatomotor,somatomotor,R,0.6129995527172638,25.934657713773028,0.007877299315170979,0.12015463208597355,0.0572435974986778,-4.126984367448454,110.90233685636109,3.3990017032139274e-06,0.38991581050736723,22.224179854579326,2.1949409391375627e-05,0.0122896697219506,1.2850369004630865e-05,0.0004152096609868556
238,7Networks_RH_SomMot_8,7networks_rh_sommot,7Networks_RH_SomMot,somatomotor,somatomotor,R,1.0331910398216926,4.713338128354245,5.846955056071308e-07,0.3962695684830816,0.03720909628418009,-2.047861266071306,59.943454550246344,1.9355708212290502e-08,0.5103595016254242,12.184362423067089,0.0010589578190611571,3.972794719397354e-06,2.253202955994843e-07,0.006325879603339018
239,7Networks_RH_SomMot_9,7networks_rh_sommot,7Networks_RH_SomMot,somatomotor,somatomotor,R,1.1523235370910647,22.938029070680955,1.0191166020789985e-05,0.3224122701795924,0.043108231463464056,-2.417199219900601,86.92433565241983,1.0063607690774583e-06,0.4207097062040329,9.144926610551813,0.004032839066291979,3.9210079435920785e-05,4.912771926464151e-06,0.017111298468192135
240,7Networks_RH_SomMot_10,7networks_rh_sommot,7Networks_RH_SomMot,somatomotor,somatomotor,R,0.4501937178089668,41.60829057119677,0.07512142439056158,0.045011008377664585,0.06356265874032871,-4.81303210162172,135.9554635178797,2.7965939200210453e-05,0.3326744218096471,21.691315148115777,2.6515197881997476e-05,0.0936451109836397,7.093037093237734e-05,0.00044584814216395757
241,7Networks_RH_SomMot_11,7networks_rh_sommot,7Networks_RH_SomMot,somatomotor,somatomotor,R,0.9522199494695092,24.76255734755226,5.652825260264895e-05,0.2743153903693195,0.03365768077663579,-1.8347618728209154,74.7212452336328,1.7788450413311723e-05,0.3453993384784576,6.212383228131446,0.016268213047250374,0.0001645117094974527,4.8086431871307725e-05,0.048644502406914154
242,7Networks_RH_SomMot_12,7networks_rh_sommot,7Networks_RH_SomMot,somatomotor,somatomotor,R,0.715919640407107,21.263681001334923,0.0012732441131987394,0.17952546197378094,0.02845381845678588,-1.6401629233345405,63.498184468268335,0.000665238203973028,0.23632994435015653,4.57040993540833,0.03775936274707624,0.0024390414657899906,0.0011227440319842182,0.08746301371006435
243,7Networks_RH_SomMot_13,7networks_rh_sommot,7Networks_RH_SomMot,somatomotor,somatomotor,R,0.2394137940162806,38.60274890327814,0.2596555020950139,0.006109188397092513,0.03444151398152848,-2.6124723485759667,89.724894209311,0.020831356041231094,0.11579230993448242,6.954245696963589,0.011299207910655733,0.2947089948778408,0.026125512825190378,0.038770219924932355
244,7Networks_RH_SomMot_14,7networks_rh_sommot,7Networks_RH_SomMot,somatomotor,somatomotor,R,0.6512536360393226,27.73906035883381,0.0027777991873985655,0.15440710994913875,0.02323221126760728,-1.272460327620892,62.22304038480062,0.002753794167256017,0.18874173204182942,3.031488522880765,0.0882060695604249,0.0047769728449960185,0.004007123563891769,0.15765966763949962
245,7Networks_RH_SomMot_15,7networks_rh_sommot,7Networks_RH_SomMot,somatomotor,somatomotor,R,-0.18952437615250184,33.86880299532939,0.30637029614967926,0.001404581054572307,0.014755300128988645,-1.411318400370504,55.77035464119581,0.2842489892412257,0.011785167697066723,1.5042103625165955,0.22613375447437142,0.3442874120097881,0.30364480262474464,0.33214136674899114
246,7Networks_RH_SomMot_16,7networks_rh_sommot,7Networks_RH_SomMot,somatomotor,somatomotor,R,0.7328961666500393,25.247476093092367,0.00023141243987956115,0.2325688761274678,0.038883905772946856,-2.486836627419449,82.96354171253043,4.328668662602619e-06,0.38360659782990825,12.761661653407163,0.0008299067190551216,0.0005415528232233029,1.500164559405793e-05,0.005258529744167468
247,7Networks_RH_SomMot_17,7networks_rh_sommot,7Networks_RH_SomMot,somatomotor,somatomotor,R,0.5432686560547901,17.92389973260961,0.015840112852867003,0.09687867409019624,-0.002398676092813787,0.741888005753867,14.36350259604103,0.0554159479306767,0.07820176605364448,0.027453565498314233,0.8691106698875823,0.02290258355159751,0.06638216453964967,0.9120176609493225
248,7Networks_RH_SomMot_18,7networks_rh_sommot,7Networks_RH_SomMot,somatomotor,somatomotor,R,0.5388937661906933,28.380542994093517,0.010573747617551837,0.11036832809566399,0.006392442944616536,0.009575587528718899,37.8689585512751,0.035255420713734976,0.09577179891513754,0.22515864930482235,0.6373344487205181,0.016001604727895115,0.04302677689256903,0.7290159174526242
249,7Networks_RH_SomMot_19,7networks_rh_sommot,7Networks_RH_SomMot,somatomotor,somatomotor,R,0.047097171189061204,28.42703915442059,0.7813706622626115,-0.019179412882397218,-0.016814456158150793,1.4393970142904176,3.469045977351975,0.30657591453273353,0.008600314803765885,2.3449943033539453,0.13238983162426485,0.7971736644207318,0.325961276809979,0.2172574361463117
250,7Networks_RH_SomMot_20,7networks_rh_sommot,7Networks_RH_SomMot,somatomotor,somatomotor,R,0.8176322765981533,23.400780682494293,0.0002574124700340569,0.22933628149007457,0.02511587009327553,-1.262055681270795,60.680708652109956,0.0002432971421229798,0.2683273554000416,3.5579356580998143,0.0654486847168542,0.0005902285929063729,0.0004545551544190651,0.1303232581642623
251,7Networks_RH_SomMot_21,7networks_rh_sommot,7Networks_RH_SomMot,somatomotor,somatomotor,R,0.17656935206102076,39.1124378326692,0.22617046327999793,0.010163726217112257,0.004543264066435758,-0.1996299009728153,45.856084639037086,0.43308064852683503,-0.006081269586066584,0.22495346834813307,0.6374874872878674,0.2586433005771261,0.45303828209950026,0.7290159174526242
252,7Networks_RH_SomMot_22,7networks_rh_sommot,7Networks_RH_SomMot,somatomotor,somatomotor,R,0.7015845674422475,28.177366997952014,5.012691739271177e-05,0.2777843476705416,0.000408758421950553,0.6677378416608528,28.784094317002086,0.000293700141979861,0.2624418415286244,0.0015156278139020062,0.9691102484204671,0.00014682335804058804,0.0005442443447300282,0.9799021220108954
253,7Networks_RH_SomMot_23,7networks_rh_sommot,7Networks_RH_SomMot,somatomotor,somatomotor,R,0.5881306177657706,15.18440815974811,0.001139971627830668,0.1830447690802357,0.02284491806375187,-1.3035140204348323,49.09352206762978,0.0006349910654149312,0.2378406529196524,4.450987558399292,0.04023375469131091,0.0022308065475651864,0.0010837817432269878,0.09133062314927576
254,7Networks_RH_SomMot_24,7networks_rh_sommot,7Networks_RH_SomMot,somatomotor,somatomotor,R,0.8971435924223824,30.58989828009542,3.405047704445269e-06,0.3516706866507967,-0.005405484648884351,1.344737933728518,22.566442289804705,2.0784150725469974e-05,0.34104950685806945,0.22632028451779637,0.6364696305817878,1.5615067250688405e-05,5.550590840801981e-05,0.7290159174526242
255,7Networks_RH_SomMot_25,7networks_rh_sommot,7Networks_RH_SomMot,somatomotor,somatomotor,R,0.9337926364917735,20.875880005657883,2.6765279511805365e-07,0.41511695014825745,0.01957000631532288,-0.6866770632735983,49.923984773308234,3.2933329152662577e-07,0.44760094118048677,3.8226542834434225,0.056525174470815495,2.131831034799936e-06,2.198784034604237e-06,0.11718004205365405
256,7Networks_RH_SomMot_26,7networks_rh_sommot,7Networks_RH_SomMot,somatomotor,somatomotor,R,0.6842462206439117,14.751099200141887,0.0006047481243897779,0.2030152435419429,0.04179361982471464,-2.7764217770171795,76.78610459189235,4.599808389371446e-06,0.3820109723895957,14.902827721568904,0.00034461567954838793,0.0012536787601504986,1.5555592373028972e-05,0.0033288408194674067
257,7Networks_RH_SomMot_27,7networks_rh_sommot,7Networks_RH_SomMot,somatomotor,somatomotor,R,0.14757583121571327,33.29783201509659,0.5033905849719472,-0.011255792779478968,0.005883321049536087,-0.33958515080708196,42.030548983860925,0.7386498620841564,-0.0292002085548011,0.16310553568101085,0.6881450321511693,0.5352209029912507,0.7518991869645897,0.7733114965263139
258,7Networks_RH_SomMot_28,7networks_rh_sommot,7Networks_RH_SomMot,somatomotor,somatomotor,R,0.13750378212023784,31.841329696201235,0.3496829637195382,-0.002210258074664573,0.009549678986397032,-0.6532453464493253,46.01608627137354,0.3978682094408277,-0.002457222751188315,0.9881747527933398,0.3252793718997574,0.3853302561375494,0.41813001640309205,0.43562488154126805
259,7Networks_RH_SomMot_29,7networks_rh_sommot,7Networks_RH_SomMot,somatomotor,somatomotor,R,0.5737852924333088,34.06570555653922,0.013163353357216228,0.10306319271373865,0.033647403361460645,-2.212345521450934,84.00913849441261,0.0031626784066783984,0.18394846653190844,5.757656819505221,0.02043357394146295,0.019340331469825785,0.00455827300518093,0.05845343561374382
260,7Networks_RH_SomMot_30,7networks_rh_sommot,7Networks_RH_SomMot,somatomotor,somatomotor,R,0.4255933093114528,36.53817524984905,0.006116385182927521,0.1285310683587304,0.012331027562230965,-0.5954618814536801,54.84133646242413,0.011025595521223014,0.13941022465790465,1.6067925942447854,0.2111875450363538,0.009777601665665825,0.014551221996032699,0.31748061406127365
261,7Networks_RH_SomMot_31,7networks_rh_sommot,7Networks_RH_SomMot,somatomotor,somatomotor,R,0.09364449607452097,36.56314349212371,0.6873444774783346,-0.017358418487389393,0.06189605904259914,-5.031580636575889,128.43655317857298,4.791646511660095e-05,0.317206994694029,24.51977789449046,9.901217865458039e-06,0.7108300518796444,0.00010877037581468416,0.0002809470569323718
262,7Networks_RH_SomMot_32,7networks_rh_sommot,7Networks_RH_SomMot,somatomotor,somatomotor,R,0.204291634917817,28.25372052696519,0.16881897074774352,0.019054285292165907,0.029556990858489816,-2.2431377287059964,72.12568220342294,0.002357056487201912,0.19409438966021908,11.425445488739287,0.001465785015769478,0.1972897068118132,0.003440847733728836,0.008215634532831395
263,7Networks_RH_SomMot_33,7networks_rh_sommot,7Networks_RH_SomMot,somatomotor,somatomotor,R,0.6525847694629259,16.368937930532958,6.649327320824418e-05,0.26960626419538836,-0.006921478595373072,1.2257090781962674,6.095265446941987,0.0003004132219285389,0.2617322012943575,0.488051598739481,0.48824029929283386,0.00018634534590458555,0.000554421149412832,0.5990840429160718
264,7Networks_RH_SomMot_34,7networks_rh_sommot,7Networks_RH_SomMot,somatomotor,somatomotor,R,-0.12628492091665422,54.161909761815004,0.48110483146696104,-0.010222215959222014,-0.010667998100792192,0.7570652119830381,38.32721244491792,0.5200780707599616,-0.013948815924277547,0.8235839960426496,0.36876408870455335,0.5163631051678494,0.5378483920843339,0.48247520539443006
265,7Networks_RH_SomMot_35,7networks_rh_sommot,7Networks_RH_SomMot,somatomotor,somatomotor,R,0.6792942874617691,7.2212095523862665,0.0015047846349200804,0.17418741022948003,0.009197242550814368,-0.08227178639882604,20.87283852403194,0.005423230658717504,0.1650053898583146,0.47216787693857165,0.4953683455445741,0.0028114083302622074,0.00759921826869675,0.6040500410014494
266,7Networks_RH_SomMot_36,7networks_rh_sommot,7Networks_RH_SomMot,somatomotor,somatomotor,R,0.35170164275469673,14.977525440862298,0.06764815146772944,0.04845766140703889,0.024311587374139264,-1.6613886985675048,51.06364241666167,0.027055677876399054,0.1059005774032521,4.083840452340616,0.04901260113606021,0.08531183546208103,0.033652815769548414,0.10697942747966988
267,7Networks_RH_SomMot_37,7networks_rh_sommot,7Networks_RH_SomMot,somatomotor,somatomotor,R,0.13817966724686787,18.656770956311384,0.5008190214265318,-0.011140431083982438,0.0009455174402331901,0.059887287683457524,20.06021913210632,0.7972203564627158,-0.032547567792848175,0.004847239898117339,0.9447898121061544,0.5337367035860222,0.8097047915751073,0.9638979206656048
268,7Networks_RH_SomMot_38,7networks_rh_sommot,7Networks_RH_SomMot,somatomotor,somatomotor,R,0.3966133790178594,23.821594210205728,0.03196690712243768,0.073382975255745,0.0019716431629940717,0.23335395268441594,26.74813885409959,0.1013500623996606,0.05421404316777356,0.027149077890315915,0.8698318220067326,0.043371625595365414,0.11619426345819675,0.9120176609493225
269,7Networks_RH_SomMot_39,7networks_rh_sommot,7Networks_RH_SomMot,somatomotor,somatomotor,R,0.2692217641196815,19.872130489823494,0.16904338314932893,0.01901312487894158,0.011154177834821012,-0.6543858686979753,36.42847294175161,0.2684307702656705,0.014190013209067986,0.7651582320569152,0.38616724963202154,0.1972897068118132,0.2881030016562989,0.49948698385452356
270,7Networks_RH_SomMot_40,7networks_rh_sommot,7Networks_RH_SomMot,somatomotor,somatomotor,R,0.32607564560376917,19.223586927634713,0.057450979423019126,0.053856051864525356,-0.004032024813029965,0.6599423768117887,13.238781541907812,0.15711372369899523,0.03640493370116149,0.1306995011308201,0.7193280898111156,0.07368006965551041,0.1731301712605433,0.7965242750591378
271,7Networks_RH_DorsAttn_Post_1,7networks_rh_dorsattn_post,7Networks_RH_DorsAttn_Post,dorsal attention,posterior,R,1.0022276478955172,7.751674651176721,5.7508192040998425e-05,0.2738181365541964,0.04873903646547353,-3.0335468181668452,80.09588418854769,9.599366442192954e-07,0.4218727532552834,13.292486890503268,0.0006650250446499563,0.00016629757443702728,4.814885317585446e-06,0.004880803174357325
272,7Networks_RH_DorsAttn_Post_2,7networks_rh_dorsattn_post,7Networks_RH_DorsAttn_Post,dorsal attention,posterior,R,0.2169527856459762,31.080930461752466,0.3133026662937634,0.0007830641627167845,0.008478869119084353,-0.4851292819001425,43.66626510671434,0.5055828563624456,-0.012729919664113076,0.3595299091163925,0.5516472589817649,0.35034337560928225,0.5240516365035395,0.6556226585804222
273,7Networks_RH_DorsAttn_Post_3,7networks_rh_dorsattn_post,7Networks_RH_DorsAttn_Post,dorsal attention,posterior,R,0.974258857137481,11.061878568205106,3.2108831048950773e-07,0.41077664167131334,-0.01827155796357842,2.4872121781746075,-16.058916460799608,5.866774792091669e-07,0.43386014516410887,2.957128010313593,0.09207951796635348,2.4707473383429915e-06,3.2090551272405034e-06,0.16266187220515363
274,7Networks_RH_DorsAttn_Post_4,7networks_rh_dorsattn_post,7Networks_RH_DorsAttn_Post,dorsal attention,posterior,R,0.8078789037504307,10.396018053040361,0.00012340448618147095,0.25143232903619017,0.014515085199147765,-0.3940244260566321,31.941014451231894,0.0003588405593589404,0.2561278711987869,1.3029902789446712,0.2594503476506019,0.0003164445398777404,0.0006542715419636904,0.36694846677063314
275,7Networks_RH_DorsAttn_Post_5,7networks_rh_dorsattn_post,7Networks_RH_DorsAttn_Post,dorsal attention,posterior,R,0.8848040157391116,-4.375190295722177,3.894419502438067e-05,0.28502379288837276,0.04135087082598285,-2.5392027092843437,57.00263496569482,7.928797272219068e-07,0.42655730766925837,12.84705777986302,0.000800722600041461,0.00012193561752461259,4.090538592713019e-06,0.005258529744167468
276,7Networks_RH_DorsAttn_Post_6,7networks_rh_dorsattn_post,7Networks_RH_DorsAttn_Post,dorsal attention,posterior,R,0.6584159418057405,31.31365252192925,0.0004558337981899962,0.21180242990361708,0.028706622753459157,-1.7185997629951797,73.92339785527571,8.954615346781505e-05,0.29879516795475736,6.954966702490318,0.011295253639670353,0.0009670492727955994,0.00018734540863773287,0.038770219924932355
277,7Networks_RH_DorsAttn_Post_7,7networks_rh_dorsattn_post,7Networks_RH_DorsAttn_Post,dorsal attention,posterior,R,0.36403948341104,8.632874280265307,0.024861706464987768,0.08179378386496428,-0.017632748083983116,1.8240969577572876,-17.539724002652665,0.01925292717228021,0.11875212134955038,3.0130547173365745,0.08914899666962244,0.03410034663173549,0.0242800803783756,0.15872017446277875
278,7Networks_RH_DorsAttn_Post_8,7networks_rh_dorsattn_post,7Networks_RH_DorsAttn_Post,dorsal attention,posterior,R,0.5943627303380479,29.395166805579485,0.0021950200461455733,0.16204033134066798,0.029114665935085007,-1.8164404756709276,72.61057781417472,0.0004753719923360228,0.24717263671369505,6.428004954638242,0.014619564824550792,0.0038775840503894564,0.0008496806477187179,0.04515158115881673
279,7Networks_RH_DorsAttn_Post_9,7networks_rh_dorsattn_post,7Networks_RH_DorsAttn_Post,dorsal attention,posterior,R,1.1441920007973707,4.013899764771082,7.354939932812658e-07,0.39062781120733947,0.028155407536727586,-1.1871810229348352,45.805466651614,5.339982147660956e-07,0.4361221666830679,4.872698896478151,0.03220288111035478,4.6376982354124256e-06,3.0304398687975925e-06,0.07936696041206069
280,7Networks_RH_DorsAttn_Post_10,7networks_rh_dorsattn_post,7Networks_RH_DorsAttn_Post,dorsal attention,posterior,R,0.5089782078441075,19.24608675645602,0.020888985433303302,0.08762201439445294,0.016904366377649943,-0.8907665376272349,44.33753525457147,0.03479237961541804,0.09628036733076661,1.4598781811517618,0.2329938189461983,0.029543923323114323,0.04269119012270214,0.33903587756914755
281,7Networks_RH_DorsAttn_Post_11,7networks_rh_dorsattn_post,7Networks_RH_DorsAttn_Post,dorsal attention,posterior,R,0.7413339576639304,21.28371177133618,0.001228231633466475,0.18067227270798747,0.05041973785111094,-3.4336088676670036,96.12261595246414,4.611059186717853e-06,0.3819467260408391,16.631619743859275,0.00017404477630950796,0.0023728389855054454,1.5555592373028972e-05,0.0019272275230369908
282,7Networks_RH_DorsAttn_Post_12,7networks_rh_dorsattn_post,7Networks_RH_DorsAttn_Post,dorsal attention,posterior,R,0.44947435192883045,24.078141665844413,0.013334759632411267,0.10263125904900261,0.022131228342436304,-1.3830741086931095,56.9279133608348,0.0074241210584477125,0.15377203552639418,3.9008226789595395,0.05415246575542884,0.019528970558434566,0.010182933415514385,0.11457152899399253
283,7Networks_RH_DorsAttn_Post_13,7networks_rh_dorsattn_post,7Networks_RH_DorsAttn_Post,dorsal attention,posterior,R,0.9081664612019934,16.020243276086113,1.2561487741214267e-05,0.3166973058154895,0.036739519706182874,-2.1340031481755597,70.55335891962791,6.396754653852548e-07,0.4317727737284174,10.720798660183434,0.0019922489917072604,4.636516613423803e-05,3.4572935867250676e-06,0.009831315676468437
284,7Networks_RH_DorsAttn_Post_14,7networks_rh_dorsattn_post,7Networks_RH_DorsAttn_Post,dorsal attention,posterior,R,0.19156217753743887,36.91911367713152,0.33183207243863355,-0.0007950482004568382,0.010195720808439578,-0.6526816295995741,52.052801497833464,0.46110598745084974,-0.008769334126366157,0.6205616968173042,0.4347936343346722,0.3692445119782834,0.48014247317129766,0.5452936739998375
285,7Networks_RH_DorsAttn_Post_15,7networks_rh_dorsattn_post,7Networks_RH_DorsAttn_Post,dorsal attention,posterior,R,1.123367943887183,1.605717783046991,2.7859059796838663e-05,0.29453282895637256,0.017854823186223383,-0.3550781793156075,28.107946048308392,9.130014935562849e-05,0.2982161142478874,1.251926123671587,0.26887094061589,9.034295105546252e-05,0.00019013884315346484,0.37446615205385253
286,7Networks_RH_DorsAttn_Post_16,7networks_rh_dorsattn_post,7Networks_RH_DorsAttn_Post,dorsal attention,posterior,R,1.0994923462027664,4.874614896698496,2.213858012141553e-06,0.3628416178321894,0.013203787470472433,0.00616937158065145,24.473228999943444,9.631353268295413e-06,0.3622681494078219,0.9568368988563586,0.33299341510175307,1.1552776293244426e-05,2.8393729764974786e-05,0.44334020661641027
287,7Networks_RH_DorsAttn_Post_17,7networks_rh_dorsattn_post,7Networks_RH_DorsAttn_Post,dorsal attention,posterior,R,0.6997327961593098,21.787672964048355,0.0024031972249140693,0.1591080955461206,0.006269587782242049,0.18058748432629024,31.093732441707136,0.009562977064468728,0.1446063653031594,0.18624242287139972,0.668035815148114,0.0042288819384146805,0.012844945524463912,0.7601209525745458
288,7Networks_RH_DorsAttn_Post_18,7networks_rh_dorsattn_post,7Networks_RH_DorsAttn_Post,dorsal attention,posterior,R,1.0438630364617612,-0.5196607975737457,2.3002052771913367e-06,0.3618560536578863,0.00954221111148839,0.25373227585876634,13.644011079452255,1.221700393927127e-05,0.35578194725339296,0.547424810322177,0.46305170849640576,1.172935046987889e-05,3.488377225427142e-05,0.5728214595568617
289,7Networks_RH_DorsAttn_Post_19,7networks_rh_dorsattn_post,7Networks_RH_DorsAttn_Post,dorsal attention,posterior,R,0.7419893987586571,8.768479488098858,0.0028862996399175406,0.15316101066032595,0.0110976447089082,-0.17693707984276585,25.240908826362492,0.009650162563825226,0.14427594942159772,0.5016116011105628,0.4822907806535984,0.004944830326500239,0.01292381653090458,0.5945559086167058
290,7Networks_RH_DorsAttn_FEF_1,7networks_rh_dorsattn_fef,7Networks_RH_DorsAttn_FEF,dorsal attention,frontal eye fields,R,0.01821258782178392,46.27643537546885,0.9312808120179666,-0.020673541341352797,0.03602291777020613,-2.9646197017136986,99.74588615464796,0.028224333749627937,0.10429022105655938,7.6966563680651205,0.007911839442738839,0.9395588636803486,0.035010512356095855,0.02988507378892523
291,7Networks_RH_DorsAttn_FEF_2,7networks_rh_dorsattn_fef,7Networks_RH_DorsAttn_FEF,dorsal attention,frontal eye fields,R,0.1178759996698413,40.93554906614846,0.4281289864223572,-0.007428816342316846,0.017094550802816105,-1.2976167273495562,66.30929165341156,0.15377714228572478,0.0372847030102359,3.229370339947306,0.07875566759314147,0.4638915509206448,0.16986574841294172,0.14836129911737023
292,7Networks_RH_DorsAttn_FEF_3,7networks_rh_dorsattn_fef,7Networks_RH_DorsAttn_FEF,dorsal attention,frontal eye fields,R,0.30045048269548846,10.036930464898745,0.2179653898942651,0.011266030826873163,0.04779292317256746,-3.656982264974114,80.97680739186626,0.003461206819991759,0.18081026653459553,10.934357062245041,0.0018143617954744027,0.25052224559999076,0.004957059609704286,0.009406345488621478
293,7Networks_RH_DorsAttn_PrCv_1,7networks_rh_dorsattn_prcv,7Networks_RH_DorsAttn_PrCv,dorsal attention,precentral ventral,R,0.3577343064000007,38.57522644683441,0.22044053014262208,0.010928481909246113,0.08833708999173692,-6.956907058072874,169.69552368149328,3.785058737313355e-07,0.4443200630318772,38.436651046625194,1.341017972578818e-07,0.25272727445644044,2.386689814917032e-06,3.0441107977539164e-05
294,7Networks_RH_SalVentAttn_TempOccPar_1,7networks_rh_salventattn_tempoccpar,7Networks_RH_SalVentAttn_TempOccPar,salience / ventral attention,temporal occipital parietal,R,0.48198463743315967,32.19229523767444,0.009211797265097405,0.11495702365820915,0.02192198040013242,-1.3332373111387454,64.73147652954889,0.00589467721907247,0.16203827758793765,3.696901455262038,0.060585212663411755,0.014176799858827869,0.008159095906886895,0.12334388587080242
295,7Networks_RH_SalVentAttn_TempOccPar_2,7networks_rh_salventattn_tempoccpar,7Networks_RH_SalVentAttn_TempOccPar,salience / ventral attention,temporal occipital parietal,R,0.9632694490603759,13.18286831332184,1.2871623325487265e-05,0.31602794589469396,0.028188728024329035,-1.3708626356383675,55.02389338628685,7.460143711674617e-06,0.36916286364996254,5.043002393628412,0.0294671154040776,4.712674991750983e-05,2.3040171735376025e-05,0.07432261329695128
296,7Networks_RH_SalVentAttn_TempOccPar_3,7networks_rh_salventattn_tempoccpar,7Networks_RH_SalVentAttn_TempOccPar,salience / ventral attention,temporal occipital parietal,R,1.4864385213360218,-18.68369468434902,1.1270959261309213e-08,0.4859478959514866,0.041067545955227464,-1.9141078449705606,42.27358648544281,1.1506343437665205e-09,0.5657772468031523,9.824523387292144,0.0029653636720477893,1.764488105046339e-07,2.9021555115000016e-08,0.013329456506036596
297,7Networks_RH_SalVentAttn_TempOccPar_4,7networks_rh_salventattn_tempoccpar,7Networks_RH_SalVentAttn_TempOccPar,salience / ventral attention,temporal occipital parietal,R,0.7386965034173213,26.377553939357824,4.0302269296454976e-05,0.28404443759163933,0.0439704414512256,-2.902220464566941,91.64365397913949,1.0848075362682119e-08,0.5222759998798945,24.936655866067692,8.594404514492418e-06,0.00012362993419317946,1.407150347045052e-07,0.0002809470569323718
298,7Networks_RH_SalVentAttn_TempOccPar_5,7networks_rh_salventattn_tempoccpar,7Networks_RH_SalVentAttn_TempOccPar,salience / ventral attention,temporal occipital parietal,R,0.09839417798605987,56.329882830267096,0.5677143632998081,-0.013840469814264678,0.02276968577657333,-1.7870209455249362,90.1273281303483,0.1058689960892671,0.05245679431093919,4.358441766985832,0.04227236060372144,0.598010025378452,0.12070070652337063,0.09538054494431672
299,7Networks_RH_SalVentAttn_TempOccPar_6,7networks_rh_salventattn_tempoccpar,7Networks_RH_SalVentAttn_TempOccPar,salience / ventral attention,temporal occipital parietal,R,0.683087157270517,27.767414093731695,0.00014646707170562603,0.24633019665101763,0.019818187706215608,-0.9579328896693675,57.183898867390816,0.00015084366595470634,0.2830607567644382,3.459158013847085,0.06916714376904301,0.00036942250307974567,0.00029266249719417386,0.13539571290219574
300,7Networks_RH_SalVentAttn_TempOccPar_7,7networks_rh_salventattn_tempoccpar,7Networks_RH_SalVentAttn_TempOccPar,salience / ventral attention,temporal occipital parietal,R,0.7670127386408613,20.030974436632018,4.0958493675276395e-05,0.28358257219442184,-0.011630448191377277,1.7300573378682564,2.7676955130418364,0.00014264896871783514,0.2847628253418516,1.0792075035860742,0.304189943610972,0.00012396770752383656,0.00028280625239256396,0.40979891513169525
301,7Networks_RH_SalVentAttn_PrC_1,7networks_rh_salventattn_prc,7Networks_RH_SalVentAttn_PrC,salience / ventral attention,precentral,R,-0.0020922731517208915,42.27529126845454,0.9903146882005969,-0.020830166647886728,0.0035128210862784004,-0.2929669943598552,47.489433425594704,0.9537702303258565,-0.0404554480342465,0.09461427846331881,0.7597499771789491,0.9903146882005969,0.9537702303258565,0.8291502154789493
302,7Networks_RH_SalVentAttn_FrOperIns_1,7networks_rh_salventattn_froperins,7Networks_RH_SalVentAttn_FrOperIns,salience / ventral attention,frontal operculum insula,R,0.24992615853467792,44.62632265500659,0.18885793870198722,0.015602009380156101,0.03923172835109451,-2.9986076455958655,102.85866744818564,0.001695428824229772,0.205314617315011,12.458880934875225,0.0009427171513985173,0.21872832696607702,0.002609236224407852,0.00586292584568393
303,7Networks_RH_SalVentAttn_FrOperIns_2,7networks_rh_salventattn_froperins,7Networks_RH_SalVentAttn_FrOperIns,salience / ventral attention,frontal operculum insula,R,0.13885274635350797,56.02705407211418,0.4232667675770466,-0.00714608743047962,-0.017746951769252554,1.6083667128745103,29.684941249389254,0.21277772961306285,0.023888710562454007,2.526127522322995,0.11867977010902418,0.46082281170258793,0.23055152564279366,0.20029968635500733
304,7Networks_RH_SalVentAttn_FrOperIns_3,7networks_rh_salventattn_froperins,7Networks_RH_SalVentAttn_FrOperIns,salience / ventral attention,frontal operculum insula,R,0.028288489382708892,75.85497750375708,0.8798659191279667,-0.02034255344889746,0.0076242756991402455,-0.6030300474662273,87.17182409632385,0.8181522920951089,-0.03368695852461556,0.38034291876073795,0.540395804683651,0.8916498376877163,0.8272631194012905,0.6456958689722244
305,7Networks_RH_SalVentAttn_FrOperIns_4,7networks_rh_salventattn_froperins,7Networks_RH_SalVentAttn_FrOperIns,salience / ventral attention,frontal operculum insula,R,0.6653577788459015,48.63194948833066,0.0014470574934683997,0.17543928255901053,0.025293592188077432,-1.4290462330173588,86.17567349082171,0.0009561657805055082,0.2244491591728346,4.033294471004021,0.05037661908040771,0.002725992124625118,0.0015540902077856755,0.10890945267859573
306,7Networks_RH_SalVentAttn_FrOperIns_5,7networks_rh_salventattn_froperins,7Networks_RH_SalVentAttn_FrOperIns,salience / ventral attention,frontal operculum insula,R,0.664672250037154,33.562473724948674,0.0006079844590767097,0.20284862444587104,0.02203279604753823,-1.159725648505722,66.2661406324062,0.0005319941052033885,0.24355891645278915,3.583273250004682,0.0645307903579104,0.0012546588382764828,0.0009289435529320706,0.12954779020688278
307,7Networks_RH_SalVentAttn_FrOperIns_6,7networks_rh_salventattn_froperins,7Networks_RH_SalVentAttn_FrOperIns,salience / ventral attention,frontal operculum insula,R,1.3221426732664787,9.495432354795874,1.3596186427971998e-06,0.3752770898687565,0.027619601684607087,-0.9648636224060434,50.491693186201935,2.079046964680082e-06,0.40254498134214334,3.190723568885292,0.08050891675186117,7.527644680852789e-06,8.739697425599604e-06,0.1497993778907581
308,7Networks_RH_SalVentAttn_FrOperIns_7,7networks_rh_salventattn_froperins,7Networks_RH_SalVentAttn_FrOperIns,salience / ventral attention,frontal operculum insula,R,0.8611625230530664,41.280802300548665,0.00011622065122445343,0.2532115737434435,0.04072787840859141,-2.511258100295197,101.7339089533841,4.7530823712903815e-06,0.38114837670907764,10.923164634672975,0.0018232563942702426,0.0003070370892073737,1.586690732768995e-05,0.009406345488621478
309,7Networks_RH_SalVentAttn_FrOperIns_8,7networks_rh_salventattn_froperins,7Networks_RH_SalVentAttn_FrOperIns,salience / ventral attention,frontal operculum insula,R,0.48122999440790437,31.29958771014023,0.04096327383682791,0.06510133597901746,0.06111367085717857,-4.579210470956234,122.01168484446895,7.12291708968845e-06,0.37040338036073417,24.276011454316347,1.0760111683453945e-05,0.05421961026798796,2.2149344922729837e-05,0.0002873582767228289
310,7Networks_RH_SalVentAttn_PFCl_1,7networks_rh_salventattn_pfcl,7Networks_RH_SalVentAttn_PFCl,salience / ventral attention,lateral prefrontal cortex,R,1.0392496557880835,30.873456426083983,1.848833616665529e-05,0.30602069726343273,0.031830379306837686,-1.5964247720930675,78.1198485836131,9.305996703877108e-06,0.36320004196649214,5.310001141052897,0.025669807394915988,6.358867136107199e-05,2.7613872572288934e-05,0.06760982351384416
311,7Networks_RH_SalVentAttn_Med_1,7networks_rh_salventattn_med,7Networks_RH_SalVentAttn_Med,salience / ventral attention,medial,R,0.7723963236594684,42.65547758450817,0.0004064911765110068,0.21534247573256682,0.03719442044376124,-2.3074407677704247,97.86381039820023,3.39440568151733e-05,0.32715046601827313,8.976201606256378,0.00435635736419628,0.0008787952101714147,8.121894618874062e-05,0.018161782018400036
312,7Networks_RH_SalVentAttn_Med_2,7networks_rh_salventattn_med,7Networks_RH_SalVentAttn_Med,salience / ventral attention,medial,R,0.8794866648915138,36.09198992682935,3.50509597236813e-05,0.2880257736368327,0.010492889374902628,0.010636189268187657,51.66677028031816,0.0001501912665603196,0.28319297817029976,0.6763784738025568,0.4149896393226835,0.00011050788690660632,0.00029266249719417386,0.5262717772416153
313,7Networks_RH_SalVentAttn_Med_3,7networks_rh_salventattn_med,7Networks_RH_SalVentAttn_Med,salience / ventral attention,medial,R,0.7800809841809102,23.80715917449499,0.00023519215852885016,0.23207772240275126,0.007238278553920265,0.1807244542902957,34.551063411617854,0.0010661296098113723,0.22084824702325745,0.3082030347022939,0.581417774908519,0.0005475755896005024,0.0017163930597672446,0.6856199215804354
314,7Networks_RH_SalVentAttn_Med_4,7networks_rh_salventattn_med,7Networks_RH_SalVentAttn_Med,salience / ventral attention,medial,R,0.6591080570776964,31.53557732036101,0.0033756074172933675,0.1480569295300479,-0.03381898462293766,3.459446440994928,-18.662536703416443,0.000708891042060673,0.23426177370140822,6.403716803099491,0.014796019578918945,0.005697121812086203,0.0011919871596131318,0.04538778978938649
315,7Networks_RH_SalVentAttn_Med_5,7networks_rh_salventattn_med,7Networks_RH_SalVentAttn_Med,salience / ventral attention,medial,R,1.0457536911372949,3.5078652251021865,1.4887798349209303e-05,0.31202209162833905,0.036226931278419784,-1.9539716797327795,57.280136844762026,3.2459599957979357e-06,0.3911106797804166,7.234716401218347,0.009866667114383679,5.239581744605445e-05,1.2595434513609084e-05,0.03527139267661567
316,7Networks_RH_SalVentAttn_Med_6,7networks_rh_salventattn_med,7Networks_RH_SalVentAttn_Med,salience / ventral attention,medial,R,0.4536136627392976,30.357528401399335,0.007371743411609104,0.12235394204500993,0.024282694658904348,-1.5570842537247942,66.40075941152037,0.001985325099072489,0.19995883397358527,5.6560539266658605,0.021512285681582432,0.011620734405800462,0.002994477059730598,0.06062610239966811
317,7Networks_RH_SalVentAttn_Med_7,7networks_rh_salventattn_med,7Networks_RH_SalVentAttn_Med,salience / ventral attention,medial,R,0.4893020533132538,28.304805229471732,0.007180141812318866,0.12322649151057574,0.003969183816949204,0.16063879155798277,34.19633461883792,0.026426026438136477,0.10679603578863872,0.11704167664626532,0.7337905856943101,0.011397847492282395,0.03295993407393945,0.8088235981939985
318,7Networks_RH_SalVentAttn_Med_8,7networks_rh_salventattn_med,7Networks_RH_SalVentAttn_Med,salience / ventral attention,medial,R,0.03524179246167436,25.841284242130406,0.8764554476432427,-0.02031407104290328,0.022967033980530595,-1.8665145002683379,59.93165695428756,0.29851457116595165,0.009723826251789691,2.4559767349424946,0.12378716375665669,0.890180700738327,0.3181352472050283,0.20585850676015435
319,7Networks_RH_Limbic_OFC_1,7networks_rh_limbic_ofc,7Networks_RH_Limbic_OFC,limbic,orbital frontal cortex,R,0.8311554651086255,6.521903893168691,1.4168530700259693e-05,0.3133876116027653,0.021484456143478235,-0.9478378390062114,38.41166023132076,1.444278534200617e-05,0.3511774695930011,3.795700054363829,0.05736958485444363,5.064970817258189e-05,4.04754601559926e-05,0.11785426028921904
320,7Networks_RH_Limbic_OFC_2,7networks_rh_limbic_ofc,7Networks_RH_Limbic_OFC,limbic,orbital frontal cortex,R,0.8056614806726949,28.894390370746287,8.5512218306496e-06,0.3271739035677257,0.010251763095880537,-0.04322283741972832,44.11126274493185,3.52361021314003e-05,0.3260800021253445,0.9220867916074886,0.34184183134419865,3.4054865886972966e-05,8.33186998315403e-05,0.45115171927402964
321,7Networks_RH_Limbic_OFC_3,7networks_rh_limbic_ofc,7Networks_RH_Limbic_OFC,limbic,orbital frontal cortex,R,0.3415301797636531,35.06189949670116,0.051054952676808124,0.05777091912017762,-0.013718703553908328,1.4774901314865958,14.698986389297826,0.07271647639111956,0.06748233883563426,1.4998813060118157,0.22679256319865032,0.06603689035689711,0.08530563380250201,0.33214136674899114
322,7Networks_RH_Limbic_OFC_4,7networks_rh_limbic_ofc,7Networks_RH_Limbic_OFC,limbic,orbital frontal cortex,R,-0.14816862264739206,57.376829653537754,0.4613942917997568,-0.009241206273655322,0.02570919496480404,-2.27698609846014,95.53744017131919,0.10928530672971162,0.05117535372038895,4.056407620823459,0.04974781719661984,0.4975605902068636,0.1240388231382227,0.10806463639839907
323,7Networks_RH_Limbic_OFC_5,7networks_rh_limbic_ofc,7Networks_RH_Limbic_OFC,limbic,orbital frontal cortex,R,0.7238904479966527,31.101502363748615,2.5649410963479977e-05,0.2968615826377431,0.016021203355051028,-0.602725096849233,54.88205644547964,4.596344986683905e-05,0.31841498194094586,2.5178783851497486,0.11926770376939225,8.438284476391239e-05,0.00010486133788716044,0.20054643522705215
324,7Networks_RH_Limbic_OFC_6,7networks_rh_limbic_ofc,7Networks_RH_Limbic_OFC,limbic,orbital frontal cortex,R,-0.043842997325709065,60.072609321173275,0.7986522613971928,-0.019435897274449943,0.012033154197256007,-1.0402331596523386,77.93363185612742,0.5507760316550712,-0.016426274665585883,1.142127263753592,0.2906615892785158,0.8129778624984878,0.5683007235713688,0.3962773619592978
325,7Networks_RH_Limbic_TempPole_1,7networks_rh_limbic_temppole,7Networks_RH_Limbic_TempPole,limbic,temporal pole,R,0.9674257728899867,-29.652148890175884,8.717922303408998e-05,0.2616919394983309,-0.03701695435408671,4.032568008507365,-84.59706566390705,1.9357866148349456e-05,0.3430399420009217,6.943594397530087,0.011357795704881064,0.00023700219914656793,5.20027883511873e-05,0.038770219924932355
326,7Networks_RH_Limbic_TempPole_2,7networks_rh_limbic_temppole,7Networks_RH_Limbic_TempPole,limbic,temporal pole,R,0.9381765970540066,-12.589348486564266,0.0001122691892969987,0.25423612715745647,-0.020559449103407436,2.640575859432076,-43.10610059682427,0.00023532222181785284,0.26936428032040405,1.9938623752749507,0.164524606488882,0.00029982477612257297,0.0004414722673772941,0.2593547616178904
327,7Networks_RH_Limbic_TempPole_3,7networks_rh_limbic_temppole,7Networks_RH_Limbic_TempPole,limbic,temporal pole,R,0.8662753642266339,-5.691394680593163,0.0002229779305547145,0.23369350409618606,0.015616976693250108,-0.4268687015235737,17.489158653428635,0.0006557070867668901,0.23679875888865154,1.1952987259576546,0.27983540198801116,0.0005272498982908353,0.0011107873783289853,0.38615584347281784
328,7Networks_RH_Limbic_TempPole_4,7networks_rh_limbic_temppole,7Networks_RH_Limbic_TempPole,limbic,temporal pole,R,1.0662049933875266,-15.345265841268834,1.2028852238560914e-05,0.317884961087176,-0.011660634079764795,2.0317490970455396,-32.653350210205005,5.558880023797648e-05,0.312878003031525,0.6502309812062826,0.424091630069825,4.476310587136603e-05,0.00012323128381069984,0.5348266668102793
329,7Networks_RH_Limbic_TempPole_5,7networks_rh_limbic_temppole,7Networks_RH_Limbic_TempPole,limbic,temporal pole,R,1.1803698461973164,6.6519680261537175,3.4473337476030974e-07,0.40907414231079187,0.03178950479297828,-1.4519200190968564,53.83768942344998,1.2635232067685578e-07,0.46966709763508263,6.484219143478064,0.014219721971777195,2.5243379377609778e-06,9.72270399784619e-07,0.044522439828874806
330,7Networks_RH_Limbic_TempPole_6,7networks_rh_limbic_temppole,7Networks_RH_Limbic_TempPole,limbic,temporal pole,R,0.3577193598878482,16.92604005236102,0.054857460999371076,0.055386883696717404,0.035465490274112284,-2.5789558486185484,69.56809138945516,0.001428748931396232,0.2110808166281506,10.472844542539573,0.002222086132235474,0.0707536570844161,0.0022367310857030667,0.010732203234413885
331,7Networks_RH_Limbic_TempPole_7,7networks_rh_limbic_temppole,7Networks_RH_Limbic_TempPole,limbic,temporal pole,R,0.21426651396653185,14.229449781651999,0.35246168320501625,-0.0024219436221915025,-0.00816981003594033,0.8907573337837187,2.1028569726361646,0.5642141306970339,-0.01746942910317606,0.29012186270413565,0.5926845647839005,0.38745182608977574,0.5808462932799396,0.695294037240028
332,7Networks_RH_Cont_Par_1,7networks_rh_cont_par,7Networks_RH_Cont_Par,control,parietal,R,0.6232269807203893,31.3452078286794,0.001732555508630987,0.1696661258104808,0.02184650644387949,-1.1857454420588986,63.77236179909372,0.0016165473772725644,0.20692410254286497,3.254995882346946,0.07761656084267368,0.0031845352263905587,0.002504820850790936,0.14743899005261027
333,7Networks_RH_Cont_Par_2,7networks_rh_cont_par,7Networks_RH_Cont_Par,control,parietal,R,0.5888244962970287,26.919263213327053,0.001857731583605305,0.16742238114864827,-0.014479339673238126,1.7877679628978345,5.427324528295415,0.003924654977470954,0.1764180955218574,1.5242882190176938,0.22310885834062308,0.003360199756800034,0.005550758130130258,0.33101771793020546
334,7Networks_RH_Cont_Par_3,7networks_rh_cont_par,7Networks_RH_Cont_Par,control,parietal,R,1.2916713981772991,-4.842123756344769,1.2625247848852634e-08,0.4835588522311547,-0.004787782005130997,1.6881176508451778,-11.948712842154308,1.0328508708872706e-07,0.47419679716938556,0.14534822050203305,0.7047390464010503,1.9106208411263652e-07,8.084729230738291e-07,0.788057948438613
335,7Networks_RH_Cont_Par_4,7networks_rh_cont_par,7Networks_RH_Cont_Par,control,parietal,R,0.423972844196012,30.95561398260953,0.01687647275682176,0.09475942646523494,0.0020292485242180344,0.2559434785532293,33.96766327790978,0.05843243403936507,0.07612032558960291,0.03160891313980232,0.8596527771908414,0.024246577948092027,0.06926455627642752,0.9096166315874423
336,7Networks_RH_Cont_Par_5,7networks_rh_cont_par,7Networks_RH_Cont_Par,control,parietal,R,0.6630954783802658,17.615600957280115,0.0013744983816768599,0.17708365162897477,0.0342058121485225,-2.1692736710944986,68.38788988469148,0.00015040094174753173,0.2831504235552379,8.102194406964186,0.006533525380491533,0.002610971821260646,0.00029266249719417386,0.02513746205714539
337,7Networks_RH_Cont_Par_6,7networks_rh_cont_par,7Networks_RH_Cont_Par,control,parietal,R,1.1684458580678614,-3.1085934547961713,9.352702500334797e-07,0.384666643047301,-0.01447966526211758,2.3674162846453335,-24.60101541713098,3.922458903706241e-06,0.38618587589020015,1.1188033536453985,0.2955825819110274,5.514450565132464e-06,1.3991547360578404e-05,0.40177991672936053
338,7Networks_RH_Cont_Temp_1,7networks_rh_cont_temp,7Networks_RH_Cont_Temp,control,temporal,R,0.6597567733147626,27.074430409523593,4.2577688126262544e-05,0.28247281698454074,0.011867915513121843,-0.32295100809925703,44.69018625774039,0.00011909360396348072,0.29023471923290334,1.524921855178298,0.22301420807900266,0.00012663506647109143,0.0002457658918155466,0.33101771793020546
339,7Networks_RH_Cont_Temp_2,7networks_rh_cont_temp,7Networks_RH_Cont_Temp,control,temporal,R,0.47369035605797793,27.291777651124125,0.002017699133138932,0.1647604547619066,0.0035929317129561184,0.17618217540844938,32.624829421232576,0.008357970464737016,0.14949478498527569,0.13845072747073517,0.7114985556732512,0.0035922957115493144,0.01139495072369551,0.7917165300873922
340,7Networks_RH_Cont_PFCv_1,7networks_rh_cont_pfcv,7Networks_RH_Cont_PFCv,control,ventral prefrontal cortex,R,0.16589492144115314,43.760410333054516,0.5161519790068378,-0.011813813880898305,0.04525870434692181,-3.5816950314247284,110.93870165982378,0.016653785128580127,0.12417382099567797,8.452856092399884,0.005546567732481198,0.5475070057689355,0.02129808013626867,0.02228444027032269
341,7Networks_RH_Cont_PFCl_1,7networks_rh_cont_pfcl,7Networks_RH_Cont_PFCl,control,lateral prefrontal cortex,R,-0.591120479442731,72.94578521401112,0.002616094862638814,0.15635540648540158,0.027018980211094456,-2.828393071243431,113.05053302251854,0.000932767241753791,0.22526637709816766,5.269501789561428,0.02621017736957439,0.004533233082587868,0.0015232961430079895,0.06838747428613089
342,7Networks_RH_Cont_PFCl_2,7networks_rh_cont_pfcl,7Networks_RH_Cont_PFCl,control,lateral prefrontal cortex,R,-0.14868509513977457,50.00921899308308,0.4855380522111218,-0.01043402663469406,0.007352675102539723,-0.7575140870116757,60.9229240404766,0.6859807537736723,-0.02596553612327268,0.2733552646721703,0.6035459864959678,0.5198921596788898,0.7014307707505568,0.7025894304337676
343,7Networks_RH_Cont_PFCl_3,7networks_rh_cont_pfcl,7Networks_RH_Cont_PFCl,control,lateral prefrontal cortex,R,1.0008718127459528,32.61366670312349,1.3790162976096333e-07,0.43067520150342553,0.027625556655273262,-1.2866275767647597,73.61876660228495,3.275786281276758e-08,0.4992729977075847,7.575827152770085,0.008379803971784592,1.3043195814891115e-06,3.476522101674484e-07,0.031183860681886926
344,7Networks_RH_Cont_PFCl_4,7networks_rh_cont_pfcl,7Networks_RH_Cont_PFCl,control,lateral prefrontal cortex,R,0.18407677167657344,40.37320890523354,0.17925437682122608,0.017202297780712694,0.02670934415225669,-2.0275567966503147,80.01835846261983,0.0031408179684806665,0.18418928773754883,10.825043233006165,0.001903227296868373,0.2086704796841965,0.004541182667803257,0.009708597671665632
345,7Networks_RH_Cont_PFCl_5,7networks_rh_cont_pfcl,7Networks_RH_Cont_PFCl,control,lateral prefrontal cortex,R,0.33167072960765664,51.726045833257416,0.09438899290776913,0.037553848523080635,0.04170699166731702,-3.1218241326978475,113.63246752649626,0.0007210263893563458,0.23370848603261285,13.286998392700808,0.0006665414026655378,0.1142736074136725,0.001207918748220594,0.004880803174357325
346,7Networks_RH_Cont_PFCl_6,7networks_rh_cont_pfcl,7Networks_RH_Cont_PFCl,control,lateral prefrontal cortex,R,0.43891435921451927,35.010727184076124,0.010828974471070053,0.10957381225084606,0.013312754763314338,-0.663431514709234,54.77108335769699,0.019239305170054805,0.11877866261003556,1.50138688033785,0.22656317261350795,0.01627931923796624,0.0242800803783756,0.33214136674899114
347,7Networks_RH_Cont_PFCl_7,7networks_rh_cont_pfcl,7Networks_RH_Cont_PFCl,control,lateral prefrontal cortex,R,0.9180666457503163,6.341561356118312,5.149991468936558e-06,0.3407662556844646,0.03371386382185372,-1.8735673427657735,56.38364272492745,4.3247735519114e-07,0.4411591393328239,9.622952891039892,0.0032467336566002454,2.1851365671936424e-05,2.6855035321570755e-06,0.014451147844083445
348,7Networks_RH_Cont_PFCl_8,7networks_rh_cont_pfcl,7Networks_RH_Cont_PFCl,control,lateral prefrontal cortex,R,0.9974336480047947,13.5331368511578,3.5696177010004106e-06,0.3504350929966703,-0.011685439954836244,1.9650317708737273,-3.8117673146818305,1.5869522402219315e-05,0.3485712872782645,0.8626669768520092,0.3577392017863197,1.6206064362541864e-05,4.393148274760713e-05,0.47076405104634533
349,7Networks_RH_Cont_PFCl_9,7networks_rh_cont_pfcl,7Networks_RH_Cont_PFCl,control,lateral prefrontal cortex,R,0.7366031030880422,24.62841687491705,0.0005480130381705457,0.20608591335567705,0.023450388931182266,-1.205176786933782,59.436241846428196,0.0005386529360266846,0.24315841006511485,3.351191934637364,0.0735008181885227,0.001151842219117721,0.0009333909654813541,0.14139564176944622
350,7Networks_RH_Cont_PFCl_10,7networks_rh_cont_pfcl,7Networks_RH_Cont_PFCl,control,lateral prefrontal cortex,R,0.42548664985919293,36.05565337122878,0.037526983494600985,0.06802483968102901,0.019037456326380597,-1.1508859194920844,64.3132848184541,0.041010447855396676,0.08993490696013651,2.155613194529038,0.14871088650714018,0.04996261145615498,0.04991620194731928,0.24026598745281721
351,7Networks_RH_Cont_PFCl_11,7networks_rh_cont_pfcl,7Networks_RH_Cont_PFCl,control,lateral prefrontal cortex,R,0.8386429098664336,19.225554887006204,0.0008406370882331847,0.1926850496601763,0.046456012681062926,-3.0080886500838155,88.18103204442528,3.155025480499801e-05,0.3292411223501521,10.772053278049267,0.001947943477083607,0.0016665905592046543,7.700976172832848e-05,0.009734165128994124
352,7Networks_RH_Cont_PFCl_12,7networks_rh_cont_pfcl,7Networks_RH_Cont_PFCl,control,lateral prefrontal cortex,R,0.39573149044368827,23.33321673352644,0.07676869673610869,0.044299264564140794,0.013884278574789008,-0.7539386921321247,43.941895758219836,0.13442900150731465,0.04277768005392346,0.9237000068128959,0.3414239695920679,0.09522674403877962,0.14958521246157072,0.45115171927402964
353,7Networks_RH_Cont_PFCl_13,7networks_rh_cont_pfcl,7Networks_RH_Cont_PFCl,control,lateral prefrontal cortex,R,0.0901619156670253,32.12018971382072,0.6673457972134698,-0.016871361137293484,-0.009134464888839,0.8465297643756144,18.561742730609566,0.7346939483187124,-0.02896505251590753,0.43584363263445763,0.5123580363587428,0.6948967704929249,0.7495529270487538,0.6186450758161416
354,7Networks_RH_Cont_PFCl_14,7networks_rh_cont_pfcl,7Networks_RH_Cont_PFCl,control,lateral prefrontal cortex,R,0.5760341536710798,22.47853044093826,0.004064835464075079,0.14197853095608215,-0.004084855773967062,0.9142754859920785,16.41530713017105,0.016009163736206655,0.1256438335760406,0.10326534614749802,0.7493704648497816,0.006735165330985714,0.02053152637355317,0.8197932314260262
355,7Networks_RH_Cont_PFCl_15,7networks_rh_cont_pfcl,7Networks_RH_Cont_PFCl,control,lateral prefrontal cortex,R,0.20817966842418922,34.881822207460864,0.1832626779704042,0.016522880862366862,-0.0014473423027336688,0.3280250230438342,32.733506557121046,0.41230194806546305,-0.003978491182619948,0.019833724724328393,0.8886043312848139,0.2127909355461982,0.43229811644739086,0.9274169342604724
356,7Networks_RH_Cont_pCun_1,7networks_rh_cont_pcun,7Networks_RH_Cont_pCun,control,precuneus,R,0.32042902222269226,32.71189449129277,0.10728316797729116,0.03341035694906758,-0.03260707310728358,3.02041660102156,-15.68735794252833,0.009553262299101186,0.1446433607816947,7.2420561660052005,0.009831877624933916,0.12817515332023735,0.012844945524463912,0.03527139267661567
357,7Networks_RH_Cont_pCun_2,7networks_rh_cont_pcun,7Networks_RH_Cont_pCun,control,precuneus,R,0.5285940647817289,28.66511933893782,0.03200329201420135,0.07334493890603133,0.05358440415133092,-3.908394963639071,108.20139340141642,0.00016289453921981714,0.2807120991435158,14.83816366095842,0.00035369089202709047,0.043371625595365414,0.00031469838640764674,0.0033440611132008343
358,7Networks_RH_Cont_Cing_1,7networks_rh_cont_cing,7Networks_RH_Cont_Cing,control,cingulate,R,-0.006210583573765804,36.82776319475299,0.9720231764329225,-0.02080690156168674,0.014339415598840458,-1.19356781360542,58.11201011376667,0.4686304137006121,-0.009464401044769533,1.539335536992238,0.22087439785083693,0.9784889625289287,0.48686088746013245,0.32985847573776306
359,7Networks_RH_Cont_Cing_2,7networks_rh_cont_cing,7Networks_RH_Cont_Cing,control,cingulate,R,0.4947004120793851,24.963947959970213,0.0040830259032256415,0.14183216211531768,0.022325280141416923,-1.3539162631034687,58.10175415511945,0.001908205053315405,0.20130652073502775,4.574298886693417,0.03768161202906574,0.006740704582052513,0.002897408341823391,0.08746301371006435
360,7Networks_RH_Cont_PFCmp_1,7networks_rh_cont_pfcmp,7Networks_RH_Cont_PFCmp,control,medial posterior prefrontal cortex,R,0.898698603044499,39.489023240531964,3.949331104158238e-05,0.2846238955479923,0.026261316647404012,-1.2758366126003713,78.46915768805853,3.0077760067734625e-05,0.3306039634703416,4.297066519417584,0.04368614130693637,0.00012218189712736585,7.502913775138197e-05,0.09692796588525453
361,7Networks_RH_Cont_PFCmp_2,7networks_rh_cont_pfcmp,7Networks_RH_Cont_PFCmp,control,medial posterior prefrontal cortex,R,0.6203050830242902,34.937546829359995,0.0018068763726318657,0.16831562896812402,-0.02021649512794725,2.2943064738486805,4.929847340194193,0.0021174646148356792,0.19776211902707042,2.7618608599175887,0.10319249515242171,0.003307749488608335,0.0031518981479849127,0.17813457338098654
362,7Networks_RH_Default_Par_1,7networks_rh_default_par,7Networks_RH_Default_Par,default,parietal,R,0.6096902227193598,16.634413999940694,0.0111677465682479,0.10854734032364677,0.04061451795125565,-2.7533437308800845,76.91925773103021,0.000960637403470492,0.22429516511486336,8.162383602779915,0.006351708790823128,0.01662346538355589,0.0015540902077856755,0.024646801632766665
363,7Networks_RH_Default_Par_2,7networks_rh_default_par,7Networks_RH_Default_Par,default,parietal,R,0.5722459699402678,29.230528256787103,0.0007128438221748351,0.19786946123784688,0.0108951499218947,-0.329913183120798,45.402391019174516,0.002017889658070644,0.19940475623229648,1.0920492100187549,0.30136266990695865,0.0014512605168940588,0.003028844012806466,0.40841388697838577
364,7Networks_RH_Default_Par_3,7networks_rh_default_par,7Networks_RH_Default_Par,default,parietal,R,1.3181889789995922,12.02718637687088,2.6414763991885365e-06,0.3582808853560592,0.045664102369208814,-2.4629694459902227,79.80721712233333,2.803052866531771e-07,0.4513769861347232,9.145142883986297,0.0040324410629379555,1.2623476686648375e-05,1.9578246175468063e-06,0.017111298468192135
365,7Networks_RH_Default_Par_4,7networks_rh_default_par,7Networks_RH_Default_Par,default,parietal,R,1.4358668338072251,-9.2450874777428,5.172467055652925e-09,0.5020617919137865,0.03666136648559192,-1.599831396672128,45.172023965132425,8.446630220110054e-10,0.5714518280762493,8.772105807490963,0.004784752834634476,1.1741500216332139e-07,2.3967313249562276e-08,0.019747979881127746
366,7Networks_RH_Default_Par_5,7networks_rh_default_par,7Networks_RH_Default_Par,default,parietal,R,0.775290767281986,32.003540068102126,0.00032808221568387993,0.22193094620431586,0.008838759050066744,0.04340846773741891,45.123065670980104,0.0013581654075529182,0.21277983932512545,0.44201996830902246,0.5093983400070796,0.0007373729005964429,0.002133588564114273,0.6167115903019044
367,7Networks_RH_Default_Temp_1,7networks_rh_default_temp,7Networks_RH_Default_Temp,default,temporal,R,0.8927856373386727,5.3126654161043305,6.604120095240461e-06,0.3341312977334303,0.012857215458867442,-0.17183987880827667,24.396856583534603,2.380132314143386e-05,0.337237628305894,1.2249733446652002,0.2740195269339263,2.701144615530783e-05,6.174743260691984e-05,0.3804420674152059
368,7Networks_RH_Default_Temp_2,7networks_rh_default_temp,7Networks_RH_Default_Temp,default,temporal,R,1.0211859750054726,6.898503950067443,1.9314709579251255e-05,0.30480349852908173,-0.0009195850363140079,1.0973310545570087,5.533547697770032,0.00011972878663248413,0.2900740433628626,0.00410198927281851,0.949204611973455,6.543938917149305e-05,0.00024595868385134746,0.9662307036680461
369,7Networks_RH_Default_Temp_3,7networks_rh_default_temp,7Networks_RH_Default_Temp,default,temporal,R,0.06614202981696282,50.73555043672852,0.7725501518306216,-0.01903953764101618,0.03518282321886674,-2.8471272895564925,102.95803408933443,0.05517813711734827,0.07837044412795613,6.073273849693935,0.01743651762498233,0.7899499300250049,0.06627215410390506,0.05107212259188373
370,7Networks_RH_Default_Temp_4,7networks_rh_default_temp,7Networks_RH_Default_Temp,default,temporal,R,1.0742202298690904,10.96195128747793,8.523314552043164e-06,0.3272623337141083,0.029228888116241927,-1.3460409998432787,54.34690428965149,6.363020179358343e-06,0.37341858164189623,4.53585317984586,0.03845793809039824,3.4054865886972966e-05,2.063436543877634e-05,0.08818133279313536
371,7Networks_RH_Default_Temp_5,7networks_rh_default_temp,7Networks_RH_Default_Temp,default,temporal,R,1.2459536948689842,19.431021515077575,1.1348189513894917e-06,0.3798295053336844,0.030165633228367184,-1.2518735328376627,64.20640177205969,9.65098158370651e-07,0.4217408137956,4.478963852484048,0.039638706584261746,6.52161777127632e-06,4.814885317585446e-06,0.09043202406660719
372,7Networks_RH_Default_Temp_6,7networks_rh_default_temp,7Networks_RH_Default_Temp,default,temporal,R,1.14929149426328,1.015027235679021,0.00014617582422717985,0.2463896358576665,0.057399140011957006,-3.6035719276120015,86.2135808679716,3.8383786395835046e-06,0.3867515955456978,11.986370312729548,0.0011520895628224987,0.00036942250307974567,1.3991547360578404e-05,0.006792839760018369
373,7Networks_RH_Default_Temp_7,7networks_rh_default_temp,7Networks_RH_Default_Temp,default,temporal,R,1.2009549951150542,13.314087501769272,1.5690877661981833e-08,0.4789521276646961,0.01945343655014979,-0.40986229221222104,42.189165715573694,3.3751603122914896e-08,0.4986358192452153,2.884492814070861,0.09604807136253528,2.2979543414644362e-07,3.476522101674484e-07,0.1683622563652163
374,7Networks_RH_Default_Temp_8,7networks_rh_default_temp,7Networks_RH_Default_Temp,default,temporal,R,1.5991698450784986,-6.10133278473176,5.7828168440078845e-09,0.49978443092139513,0.02828778932906867,-0.7431648860662099,35.88673072614381,8.434318118584985e-09,0.5273649984293973,3.8010351243238403,0.05720135757051137,1.1857303594792069e-07,1.1262295370110539e-07,0.11785426028921904
375,7Networks_RH_Default_PFCv_1,7networks_rh_default_pfcv,7Networks_RH_Default_PFCv,default,ventral prefrontal cortex,R,0.6817100312714433,27.19656522466974,0.0020029405520617413,0.16499726245772717,0.048498828928396534,-3.3341743525284633,99.18423048757455,7.812976805563216e-06,0.3679211390850985,16.410017136176943,0.00018973671838168536,0.0035800590969922463,2.396683425490338e-05,0.002050963574887742
376,7Networks_RH_Default_PFCv_2,7networks_rh_default_pfcv,7Networks_RH_Default_PFCv,default,ventral prefrontal cortex,R,0.5113743172894414,42.76646218738943,0.024255985009454105,0.08261944367798169,0.0685276998677112,-5.1629754729451065,144.4833330544544,3.316053012796168e-08,0.4990126095601315,40.894960120243056,6.779610048227682e-08,0.033537667654673003,3.476522101674484e-07,3.0441107977539164e-05
377,7Networks_RH_Default_PFCv_3,7networks_rh_default_pfcv,7Networks_RH_Default_PFCv,default,ventral prefrontal cortex,R,0.5307713514438867,28.18726967230858,0.021202296890223935,0.0871236806704303,0.0532849293858789,-3.8814200465908977,107.27902807025681,3.922377254051376e-05,0.3229984168139024,17.72372357181685,0.00011431650785162543,0.029893921702365427,9.132098837637562e-05,0.001365781435911525
378,7Networks_RH_Default_PFCv_4,7networks_rh_default_pfcv,7Networks_RH_Default_PFCv,default,ventral prefrontal cortex,R,0.5322927963247238,29.592631782222128,0.007834124169417624,0.12033694751592616,0.001758777686422762,0.3866594274054691,32.20321645322548,0.02998377823811051,0.10198234371608761,0.01892688164061413,0.8911640079449148,0.012264456458329659,0.03696183380104481,0.9279551825848424
379,7Networks_RH_Default_PFCdPFCm_1,7networks_rh_default_pfcdpfcm,7Networks_RH_Default_PFCdPFCm,default,dorsal prefrontal cortex medial prefrontal cortex,R,0.7947375179152605,47.07008664777328,8.724098177795402e-06,0.3266322283210761,0.01161298714022703,-0.16686124098592625,64.3074478258619,3.103225288065178e-05,0.32971347236377835,1.2206514795564818,0.27485682403565537,3.444122237147054e-05,7.650368702565751e-05,0.3804420674152059
380,7Networks_RH_Default_PFCdPFCm_2,7networks_rh_default_pfcdpfcm,7Networks_RH_Default_PFCdPFCm,default,dorsal prefrontal cortex medial prefrontal cortex,R,0.6265100864271438,36.11322802976071,0.000576274476836376,0.20451963763678271,0.0272246578501208,-1.6277933829620168,76.52326677739968,0.00013061011293620533,0.2874413125526223,6.585842213528902,0.013526201745072134,0.0012056618086807131,0.00026354218343572095,0.04324574360748415
381,7Networks_RH_Default_PFCdPFCm_3,7networks_rh_default_pfcdpfcm,7Networks_RH_Default_PFCdPFCm,default,dorsal prefrontal cortex medial prefrontal cortex,R,0.5549444179369439,34.68892878285564,0.01556741071874819,0.09745923673415768,0.04219679267345874,-2.939107799158263,97.32237072905002,0.0006176964410560662,0.23873570593797167,9.90790567044583,0.002856602646271819,0.022580205962657116,0.00106225069787672,0.013009192291603416
382,7Networks_RH_Default_PFCdPFCm_4,7networks_rh_default_pfcdpfcm,7Networks_RH_Default_PFCdPFCm,default,dorsal prefrontal cortex medial prefrontal cortex,R,0.004623925741461532,63.10725170377174,0.9744001338047716,-0.02081120356860322,0.003888974208607787,-0.3173976805205445,68.87972455994438,0.9199361000871754,-0.03885753690980276,0.16617633351899,0.685383566896228,0.9787116388216069,0.9240066138043753,0.7733114965263139
383,7Networks_RH_Default_PFCdPFCm_5,7networks_rh_default_pfcdpfcm,7Networks_RH_Default_PFCdPFCm,default,dorsal prefrontal cortex medial prefrontal cortex,R,0.8966651393398405,16.752979700464905,0.0002477265680463809,0.23050194292129145,0.02016991976097078,-0.7734796369426569,46.69154655279321,0.0005252421966523372,0.2439699522156884,1.8550777155294822,0.17968653245009042,0.0005738156219033517,0.0009206948157535177,0.27653452790624083
384,7Networks_RH_Default_PFCdPFCm_6,7networks_rh_default_pfcdpfcm,7Networks_RH_Default_PFCdPFCm,default,dorsal prefrontal cortex medial prefrontal cortex,R,0.08980627686120879,30.49088162250484,0.6606993371725935,-0.016701136680271844,0.054559014625759135,-4.42788414314004,111.47378716341413,4.424640397410725e-05,0.3195183255774632,24.71633916823198,9.260936404562546e-06,0.6895574691410516,0.00010145387577901359,0.0002809470569323718
385,7Networks_RH_Default_PFCdPFCm_7,7networks_rh_default_pfcdpfcm,7Networks_RH_Default_PFCdPFCm,default,dorsal prefrontal cortex medial prefrontal cortex,R,0.23427873002186572,40.5329790059262,0.30752849308613867,0.0012995060293463645,0.02535321424761765,-1.8650622113122197,78.16520108062409,0.1408694198109085,0.04086959801065071,2.9802984152760774,0.09085251104844015,0.34473564410149865,0.15598711364427428,0.16112125006246808
386,7Networks_RH_Default_PFCdPFCm_8,7networks_rh_default_pfcdpfcm,7Networks_RH_Default_PFCdPFCm,default,dorsal prefrontal cortex medial prefrontal cortex,R,0.6402348048648223,21.842284128091414,0.001926511766489303,0.16625148474109663,0.007960086417552005,-0.018890115143876507,33.65758047960871,0.007115833073146158,0.1552979012650353,0.3775651704448957,0.5418725244018007,0.003470779134865649,0.009789661258207138,0.6456958689722244
387,7Networks_RH_Default_PFCdPFCm_9,7networks_rh_default_pfcdpfcm,7Networks_RH_Default_PFCdPFCm,default,dorsal prefrontal cortex medial prefrontal cortex,R,0.31704338816643174,43.69791343394182,0.04667558878612645,0.06075245965072762,0.006727010237742297,-0.23997821339215397,53.68293311203954,0.11423047388302518,0.04938680507398918,0.426105778254111,0.5170863508234697,0.06106834959337582,0.12900655508182446,0.6226981519200404
388,7Networks_RH_Default_PFCdPFCm_10,7networks_rh_default_pfcdpfcm,7Networks_RH_Default_PFCdPFCm,default,dorsal prefrontal cortex medial prefrontal cortex,R,1.1084207754345858,3.804147481730176,1.1446350322065443e-05,0.3192432959074295,0.012388637725891799,0.0825952477003753,22.19282047405364,5.217737996923672e-05,0.31472730899119716,0.6836772064270623,0.4125015877101049,4.366926929594715e-05,0.00011726995300016568,0.5245818510375003
389,7Networks_RH_Default_PFCdPFCm_11,7networks_rh_default_pfcdpfcm,7Networks_RH_Default_PFCdPFCm,default,dorsal prefrontal cortex medial prefrontal cortex,R,0.5749921999156998,20.107971190350206,0.0031365528451079774,0.1504531488437152,0.04073197676379571,-2.7977677825681893,80.56716110393816,2.6630858511538797e-05,0.3340620557355988,14.234307500747025,0.00045158567646451505,0.005353364630372262,6.792365036089108e-05,0.003753534946944714
390,7Networks_RH_Default_PFCdPFCm_12,7networks_rh_default_pfcdpfcm,7Networks_RH_Default_PFCdPFCm,default,dorsal prefrontal cortex medial prefrontal cortex,R,1.2302362740987027,8.770428721384327,1.6897120619502282e-07,0.4259503221219695,0.05740527432808346,-3.5231350920895013,93.97808762705542,1.2333924880264222e-11,0.6419944439303493,29.966360077341097,1.6659903277221248e-06,1.5041750512262816e-06,1.353071731953812e-09,8.403995653176051e-05
391,7Networks_RH_Default_PFCdPFCm_13,7networks_rh_default_pfcdpfcm,7Networks_RH_Default_PFCdPFCm,default,dorsal prefrontal cortex medial prefrontal cortex,R,0.14123899898034376,32.64400499873159,0.424943754174943,-0.00724414118043315,0.01639565069721573,-1.2163821859434618,56.98035785997786,0.26777255219581586,0.01429299802077233,2.0487727890560863,0.15894525747496485,0.46154178085029696,0.2880775798504749,0.25319700664433
392,7Networks_RH_Default_pCunPCC_1,7networks_rh_default_pcunpcc,7Networks_RH_Default_pCunPCC,default,precuneus posterior cingulate cortex,R,0.9279631149826516,20.499886083237904,5.86293493831768e-07,0.39620274882202466,0.02345606962408374,-1.0142871576528645,55.316143007191926,3.5435615336356843e-07,0.4458768347912808,5.302935297112497,0.025763214686993482,3.972794719397354e-06,2.298252766100858e-06,0.06760982351384416
393,7Networks_RH_Default_pCunPCC_2,7networks_rh_default_pcunpcc,7Networks_RH_Default_pCunPCC,default,precuneus posterior cingulate cortex,R,-0.22110022352758973,38.85667227572765,0.27071972649157716,0.004905529324164659,0.02491542243030937,-2.2841903653819733,75.83907225171541,0.08681174810926146,0.060425222465452455,3.836331215461807,0.056101931673984,0.30573819857506473,0.10028634514403233,0.11683613293572814
394,7Networks_RH_Default_pCunPCC_3,7networks_rh_default_pcunpcc,7Networks_RH_Default_pCunPCC,default,precuneus posterior cingulate cortex,R,0.1414967696190781,25.05122724640973,0.49333046946906955,-0.010798774413992795,-0.020894570485834298,1.871645335559772,-5.962951429267534,0.2390716669046324,0.01903703888715491,2.459911429102725,0.12349413619397503,0.5269930191504885,0.25842508755881693,0.20585850676015435
395,7Networks_RH_Default_pCunPCC_4,7networks_rh_default_pcunpcc,7Networks_RH_Default_pCunPCC,default,precuneus posterior cingulate cortex,R,0.9006909713596591,30.911003292963365,4.267657526448676e-05,0.28240636901822835,0.05077938925814633,-3.3040323352950116,106.28374438671509,4.3292748082057556e-08,0.49329617102782053,20.977568586749754,3.4241137987108223e-05,0.00012663506647109143,3.970206742193343e-07,0.0005501735215067322
396,7Networks_RH_Default_pCunPCC_5,7networks_rh_default_pcunpcc,7Networks_RH_Default_pCunPCC,default,precuneus posterior cingulate cortex,R,0.7413664859356075,33.78791036612519,5.839031017702248e-05,0.27337746976632493,0.027381993176667722,-1.5259649368054298,74.43148470775165,1.3972861399108477e-05,0.3520900939696826,6.831375514706795,0.011995089711291984,0.0001677797520276469,3.96479942199703e-05,0.039750151306033286
397,7Networks_RH_Default_pCunPCC_6,7networks_rh_default_pcunpcc,7Networks_RH_Default_pCunPCC,default,precuneus posterior cingulate cortex,R,0.44578323029064393,44.721447293072124,0.0644830312222039,0.05003805353619262,0.04773325217787182,-3.5067085358942736,115.57275351252018,0.001077721324130329,0.22048962130499927,11.495915739569615,0.0014218676724002401,0.08200363074196239,0.0017228362012505962,0.008161183323262258
398,7Networks_RH_Default_pCunPCC_7,7networks_rh_default_pcunpcc,7Networks_RH_Default_pCunPCC,default,precuneus posterior cingulate cortex,R,0.3772340704260211,55.802453889779024,0.09080774609321808,0.03881139845548054,0.04238794695053453,-3.132646435581862,118.71962949337815,0.0022915216966613154,0.19506081060864466,10.317438984456569,0.002380246298067587,0.11112322567741512,0.003355970484787862,0.011375071782344048
399,7Networks_RH_Default_pCunPCC_8,7networks_rh_default_pcunpcc,7Networks_RH_Default_pCunPCC,default,precuneus posterior cingulate cortex,R,0.5093630654622829,39.521849794471905,0.024347377777883285,0.08249355234802769,0.05315114988176636,-3.891750889398949,118.41503692020841,3.416920423358912e-05,0.32696115405545667,18.435018725387934,8.732229898145685e-05,0.033537667654673003,8.121894618874062e-05,0.0011012312149328168
400,7Networks_RH_Default_pCunPCC_9,7networks_rh_default_pcunpcc,7Networks_RH_Default_pCunPCC,default,precuneus posterior cingulate cortex,R,1.274111308674746,12.653192658646994,9.522955729797561e-08,0.43919014495510356,0.029901959929423245,-1.2018827839428603,57.03719799787254,5.864307664089474e-08,0.4867100458918525,5.443794831183006,0.02396815531939841,1.005446953797231e-06,5.023388074521927e-07,0.06478132912489394
401,HIP-head-m1-rh,HIP-head-m1,"Hippocampus head, medial division",subcortex,Hippocampus head,R,1.0590648125172963,13.691514303513337,1.0594292861428246e-07,0.43675083289091987,0.012970961570562309,-0.014979307001455666,32.94454082624138,4.3772524532956734e-07,0.44087223879294557,1.3538144535520185,0.2504854549685454,1.068846435352983e-06,2.6855035321570755e-06,0.35873942131141834
402,HIP-head-m2-rh,HIP-head-m2,"Hippocampus head, medial division",subcortex,Hippocampus head,R,0.6613779048799093,24.193459164502116,0.0006983111321725397,0.1985153273340764,0.019998142037141113,-0.9945430335521759,53.877053318398076,0.0008449656343462984,0.22851867883052845,2.8667475573440826,0.09704657282797047,0.0014280777207492479,0.0013949614472480707,0.16880898108773407
403,THA-VAip-rh,THA-VAip,"Thalamus, inferior ventro-anterior part, posterior division",subcortex,Thalamus,R,0.3986379164447772,41.70489071982746,0.06496623303746156,0.049791667040568366,0.012249481241787992,-0.6156649340668086,59.88701129391335,0.12659046503866522,0.04522174425322856,0.7702542004156395,0.38460282845959326,0.08215785459333579,0.14155682543732515,0.49888481177330096
404,THA-VAia-rh,THA-VAia,"Thalamus, inferior ventro-anterior part, anterior division",subcortex,Thalamus,R,0.961973116880059,26.622787455571796,6.122824179013664e-05,0.2720021495976459,0.034597630263210694,-1.9028400375909822,77.97665890584716,1.7794098137400214e-05,0.3453904959201689,6.3812854862729225,0.014961004580045258,0.0001737351360795127,4.8086431871307725e-05,0.045585879727117765
405,HIP-head-l-rh,HIP-head-l,"Hippocampus head, lateral division",subcortex,Hippocampus head,R,0.8334727759204983,11.819491335492728,1.4404937321594344e-05,0.31293156480089945,0.004315967718522114,0.47609451040841266,18.225758172681886,8.481475022979215e-05,0.3004130729102189,0.1410822765766933,0.7088974036345055,5.1092512062529936e-05,0.00017865432689827436,0.7907602487716597
406,HIP-body-rh,HIP-body,Hippocampus body,subcortex,Hippocampus body,R,1.1323200014081503,-7.904097080003908,6.450654344149656e-06,0.3347611593198886,0.047697430740021474,-2.8172056157779837,62.89403874885611,1.3212914581214319e-07,0.46865724965694244,13.095793782881268,0.0007216993552933864,2.6623609747672217e-05,9.997772033118834e-07,0.005020103038602424
407,HIP-tail-rh,HIP-tail,Hippocampus tail,subcortex,Hippocampus tail,R,0.0921690779380262,17.053758270405943,0.5972398952551479,-0.014851394407702001,-0.013392443144043155,1.2011134477597234,-2.824880769089896,0.4405104943044471,-0.006809777771454861,1.3833868194985717,0.24544826836246797,0.6262053405215638,0.45975118256142294,0.35263770201443184
408,THA-VPm-rh,THA-VPm,"Thalamus, medial ventro-posterior part",subcortex,Thalamus,R,0.4317713020403269,33.25053689082836,0.034581175305174745,0.07075538651672508,-0.0002846522760683312,0.4553415748805971,32.82802250813737,0.10977842050373977,0.05099356493583185,0.0004625882028586911,0.9829315831547322,0.04644927097203945,0.12428778780223905,0.9851014100491134
409,THA-VPl-rh,THA-VPl,"Thalamus, lateral ventro-posterior part",subcortex,Thalamus,R,0.49224317871028783,20.621196161775405,0.02255206788662172,0.08505769989865497,-0.0026115762774974807,0.7084914597850416,16.74478753445413,0.07493275340909018,0.06629021292047599,0.03520409936983943,0.8519763138667231,0.031503504063157724,0.08745365050829548,0.9058483524484597
410,THA-VAs-rh,THA-VAs,"Thalamus, superior ventro-anterior part",subcortex,Thalamus,R,0.1111535686696743,46.82179825135302,0.6142393303949618,-0.015388438629176271,0.02782126406858136,-2.192551126458992,88.11739010815465,0.13354637721144574,0.04304596520563275,3.931019967613758,0.05326526934533986,0.6425452903209969,0.1489681947272638,0.11353254592856477
411,THA-DAm-rh,THA-DAm,"Thalamus, medial dorso-anterior part",subcortex,Thalamus,R,0.6732995008894003,32.56122897577289,0.0012590912730119867,0.17988173261590745,-0.000313474446172593,0.6992563571871724,32.09593333878249,0.005828196849118344,0.16244261646200997,0.000572866003389265,0.9810060916657439,0.002422150160794245,0.008116568618097326,0.9851014100491134
412,THA-DAl-rh,THA-DAl,"Thalamus, lateral dorso-anterior part",subcortex,Thalamus,R,0.38618795973134157,29.66749882481104,0.06475891777671022,0.04989714543554191,0.01857595464512364,-1.1519705447485253,57.24011520502016,0.07162799503836166,0.06808062493877332,1.9365692349703256,0.17059313395933032,0.08212443762744816,0.08424639830936838,0.2666912980433337
413,PUT-VA-rh,PUT-VA,"Putamen, ventro-anterior part",subcortex,Putamen,R,0.7386987879959674,16.893550179692006,0.00016541007713513585,0.24269082043655232,-0.0046029799194909765,1.119842736954391,10.061266081752706,0.0008332041589188508,0.22897871401472358,0.14635157263305332,0.703771199822351,0.00041261634626017405,0.0013805645552888988,0.788057948438613
414,PUT-DA-rh,PUT-DA,"Putamen, dorso-anterior part",subcortex,Putamen,R,0.6609266513954462,9.839615415218212,0.0031767148166482596,0.1500383536600809,-0.0010664316111897165,0.7492311764405781,8.256692207620198,0.013465363562420264,0.1320584467718653,0.005652480372146192,0.9403882295139976,0.005401604969132247,0.01751654744223152,0.9637387273123135
415,PUT-VP-rh,PUT-VP,"Putamen, ventro-posterior part",subcortex,Putamen,R,0.7437493833889182,1.4045093853268291,0.0011799671959965253,0.18194828697751764,0.01081609593237793,-0.1518638037387019,17.459030919879062,0.004132719478704843,0.17460572350661985,0.5730003749233501,0.4528472784832983,0.002299163549280783,0.005808837905052628,0.5619815434615393
416,PUT-DP-rh,PUT-DP,"Putamen, dorso-posterior part",subcortex,Putamen,R,0.9976981929627615,-6.46695355883265,3.385436778547502e-06,0.35182174354973994,-0.012112114879827544,2.0006265950588737,-24.445178824480585,1.4579295648424364e-05,0.3509176839891984,0.9331442902763254,0.3389916952769704,1.5615067250688405e-05,4.06073633397832e-05,0.45000651946124137
417,CAU-VA-rh,CAU-VA,"Caudate, ventro-anterior part",subcortex,Caudate,R,0.5276179145710187,-10.628993255346389,0.009716737781939933,0.11318210127953898,-0.027422964682255947,2.7983419311768505,-51.333382323734995,0.0036184191487032393,0.17926036238373577,4.864509995171452,0.03234116228244764,0.014853195127948584,0.005165919161985128,0.07936696041206069
418,CAU-DA-rh,CAU-DA,"Caudate, dorso-anterior part",subcortex,Caudate,R,0.40364558824448443,-0.15163417787659483,0.034045831341062906,0.07127675855772408,0.04126180149055539,-3.0129858627543786,61.09398390151908,0.00018170765814596308,0.2773589722064045,14.688603157973557,0.0003756544422318118,0.04598043351396844,0.00034373031999278015,0.0033440611132008343
419,CAU-body-rh,CAU-body,Caudate body,subcortex,Caudate body,R,1.018890346763485,-26.685699783358956,5.129421619387996e-06,0.34087253407194684,-0.00176444418726018,1.1649929231404461,-29.304695341273575,3.4000298638351075e-05,0.3271030634913298,0.01777738608995225,0.8945001842902693,2.1851365671936424e-05,8.121894618874062e-05,0.9292976742969846
420,CAU-tail-rh,CAU-tail,Caudate tail,subcortex,Caudate tail,R,1.1300315177255442,-27.272179555640975,4.0465474937309085e-06,0.34714172454319614,-0.00887406220083634,1.864837050160602,-40.44410624647137,2.2697361573280773e-05,0.33857568991899456,0.3783571971956755,0.5414506994610471,1.801110355052777e-05,5.9564174302135667e-05,0.6456958689722244
421,lAMY-rh,lAMY,"Amygdala, lateral nucleus",subcortex,Amygdala,R,1.3797866976550641,3.428064346449851,1.4351611267396442e-11,0.608966889096719,-0.0018075736018725863,1.5294605508329555,0.7450510394329939,1.585242743390026e-10,0.6009006495258111,0.029866876647245594,0.8635347317493121,1.4337860665190746e-09,7.197002054990717e-09,0.9096166315874423
422,mAMY-rh,mAMY,"Amygdala, medial nucleus",subcortex,Amygdala,R,1.3111503079336533,16.61586480493731,9.309425053114535e-09,0.48994952242759937,0.022271867803801207,-0.5330436259733338,49.67439012741144,1.6496067358884967e-08,0.5136791148076215,3.3421170443677153,0.0738785560776716,1.5653625830051848e-07,1.9708459423509935e-07,0.1415226348492106
423,THA-DP-rh,THA-DP,"Thalamus, dorso-posterior part",subcortex,Thalamus,R,1.1256365801833923,12.343406128090344,1.1938834560420914e-05,0.31809067469259633,0.0013708183100687305,1.0121276982976068,14.378135869445885,7.592913001260893e-05,0.303699907461922,0.00796102933938954,0.9292825453332505,4.476310587136603e-05,0.00016337357832096896,0.9566763618623486
424,NAc-shell-rh,NAc-shell,"Nucleus Accumbens, shell",subcortex,Nucleus Accumbens,R,0.9567709316941648,12.495257399130203,6.178581861261665e-05,0.27173918849548284,-0.0014880792844797763,1.0799894607275373,10.286475129893972,0.0003556520498720843,0.2564103402077281,0.01049630246638033,0.9188342098620969,0.00017422833323060846,0.0006510727042013156,0.9480698438122545
425,NAc-core-rh,NAc-core,"Nucleus Accumbens, core",subcortex,Nucleus Accumbens,R,0.7090717135353368,4.070751169280761,0.006909820535235056,0.12449730728015496,0.018493797680656024,-0.8222838870824023,31.521420521329002,0.014599518650148077,0.12906655499691622,1.2518262350158875,0.26888979200342716,0.011007222887707772,0.018776718037300924,0.37446615205385253
426,pGP-rh,pGP,"Pallidum, posterior part",subcortex,Pallidum,R,-0.3332667744204819,22.234882116036445,0.034130850427769525,0.07119340807598928,0.027209133303824212,-2.586284753326348,62.62187750640511,0.00227126142489335,0.19536494213527278,8.407375028702294,0.005665137348550503,0.04598043351396844,0.0033370637116556016,0.02256116101966604
427,aGP-rh,aGP,"Pallidum, anterior part",subcortex,Pallidum,R,0.10299094667882691,15.778467859228185,0.5412744564729699,-0.012845094803976664,0.014989059076889478,-1.138159192505056,38.02699202516409,0.3314306940746232,0.0053062206688549995,1.8759109193200927,0.17730827716419262,0.5728172569667327,0.3507448370859649,0.2747370574489537
428,HIP-head-m1-lh,HIP-head-m1,"Hippocampus head, medial division",subcortex,Hippocampus head,L,1.1655294853168243,11.000895596840707,8.298852582731769e-08,0.44232339790548303,0.04023235102332082,-2.1658596176375875,70.71848223140681,1.5741644810467323e-09,0.5599473813655884,13.830172954329417,0.0005326925734665528,8.970664458476721e-07,3.6963741810554546e-08,0.0040990242093866935
429,HIP-head-m2-lh,HIP-head-m2,"Hippocampus head, medial division",subcortex,Hippocampus head,L,0.7691498250116832,17.82304353111722,0.00019778417613128778,0.23731604557172814,0.04181705671726714,-2.693458834988806,79.89283671492689,2.285594725632726e-06,0.40013208170931713,14.02815085839816,0.0004912033312044671,0.000480181903548688,9.34828833727259e-06,0.003912391445032071
430,THA-VAip-lh,THA-VAip,"Thalamus, inferior ventro-anterior part, posterior division",subcortex,Thalamus,L,0.7526974335643017,30.080121516460572,0.005173342618923418,0.13405479317789804,0.037054854873372754,-2.3155831067689308,85.08129469794409,0.0017777924057300553,0.20370885979072229,5.198709527945861,0.027184367593626302,0.008388205532111542,0.002717568189230455,0.07012331186083148
431,THA-VAia-lh,THA-VAia,"Thalamus, inferior ventro-anterior part, anterior division",subcortex,Thalamus,L,0.8995363900725155,23.476536877568478,8.51536822899288e-05,0.2623816986250248,0.03508860991501951,-2.0059317154566925,75.5591780653047,1.6315743334106587e-05,0.34780214628728945,7.286714168787831,0.009622995440000028,0.00023289019132305825,4.4893014992026614e-05,0.034950719438080105
432,HIP-head-l-lh,HIP-head-l,"Hippocampus head, lateral division",subcortex,Hippocampus head,L,0.9202566765552662,21.004655143197304,2.4503114014354006e-06,0.36022460140694823,0.02804553096425988,-1.4020181561222622,62.63313029991356,6.981066226270743e-07,0.42965525315446096,6.843257612720975,0.011925843174876839,1.2091754089692086e-05,3.685353565961532e-06,0.039750151306033286
433,HIP-body-lh,HIP-body,Hippocampus body,subcortex,Hippocampus body,L,0.6884135421901469,17.45490474645471,0.010660568810617315,0.11009594874776119,0.061531697715097984,-4.406641110110467,108.78748650244803,2.434738407134805e-05,0.33659759188474736,17.388362082470074,0.00012995172870193533,0.016079396146246712,6.280518391131827e-05,0.001474952120766966
434,HIP-tail-lh,HIP-tail,Hippocampus tail,subcortex,Hippocampus tail,L,0.7961588839595911,-1.6430661071060086,0.00011871388482964388,0.2525823065778504,0.020337235172904013,-0.8878402340626566,28.54384995557855,0.00017485104917477613,0.2785408191838996,2.727067363230316,0.10532728553071531,0.0003079777355009047,0.00033352640764649035,0.18044750049413114
435,THA-VPm-lh,THA-VPm,"Thalamus, medial ventro-posterior part",subcortex,Thalamus,L,0.28145022046820833,44.69388489090568,0.23760847523096842,0.008702908626093464,0.039079535948027024,-2.9544814836051527,102.70032782192315,0.018022229717118338,0.1212257794730267,7.146172332426787,0.010296822189096088,0.270361523195137,0.022919026026811555,0.03623842847945445
436,THA-VPl-lh,THA-VPl,"Thalamus, lateral ventro-posterior part",subcortex,Thalamus,L,0.09320747637782412,37.09005522571984,0.681375303488141,-0.017216936450163534,0.027278047167978825,-2.165516828165194,77.57934067740268,0.16733041197649387,0.03381819357009752,3.535429900118144,0.06627607672799249,0.70626572553337,0.18305543864416438,0.13139449272711173
437,THA-VAs-lh,THA-VAs,"Thalamus, superior ventro-anterior part",subcortex,Thalamus,L,0.7278068874287584,23.07905575160853,0.008308963747175746,0.11838412176108826,0.043110617495954476,-2.8419134419750502,87.06890396336217,0.001300229672220595,0.21423882609119005,6.8555015959325765,0.011854932806479432,0.01287464007241566,0.0020568093072757844,0.039750151306033286
438,THA-DAm-lh,THA-DAm,"Thalamus, medial dorso-anterior part",subcortex,Thalamus,L,0.57950723366471,37.1262386280035,0.016464806001858998,0.09558533095060129,0.028095055544652255,-1.7468684194533601,78.82822399093163,0.010688333731258437,0.14054715781312765,3.5110949472339046,0.06718372608784391,0.023730228332838048,0.014188606766056521,0.1326148332342658
439,THA-DAl-lh,THA-DAl,"Thalamus, lateral dorso-anterior part",subcortex,Thalamus,L,0.4647564926481481,27.69085238293527,0.0629181671586392,0.05084926057593464,0.03430530031549156,-2.3758506490613107,78.61081334737574,0.01751389755420726,0.12229503673536901,4.907232383530322,0.031626721758380875,0.08023833676972526,0.022335139015758697,0.07932890430002718
440,PUT-VA-lh,PUT-VA,"Putamen, ventro-anterior part",subcortex,Putamen,L,0.7891194999520352,6.606502160531207,0.00012334548513340837,0.2514465298075066,-0.00411519973237065,1.1298734254920464,0.4982387783114106,0.0006465110691592356,0.23725731656347449,0.1070615942916321,0.744967496671322,0.0003164445398777404,0.0010993109565479138,0.8169450325815947
441,PUT-DA-lh,PUT-DA,"Putamen, dorso-anterior part",subcortex,Putamen,L,1.119808790495707,-1.3451809553193144,5.214169946066502e-06,0.3404372730025309,0.0076629877113763845,0.48528475428028717,10.029126558265958,3.0321958281911715e-05,0.3303735913461421,0.2786175794981758,0.6000920580920394,2.1918825514020297e-05,7.522496754091758e-05,0.7003645099583184
442,PUT-VP-lh,PUT-VP,"Putamen, ventro-posterior part",subcortex,Putamen,L,1.207244417553914,-14.493377540331792,1.8692237296703892e-07,0.42358870636836166,0.01093626823375509,0.3016805145197621,1.7395178559521725,1.0406959403735847e-06,0.41988210997755104,0.6933095327364912,0.40925215206925636,1.6319761024429937e-06,5.0263399673362495e-06,0.523381625463218
443,PUT-DP-lh,PUT-DP,"Putamen, dorso-posterior part",subcortex,Putamen,L,1.2245360193754504,-17.036436831745874,8.173218077395957e-08,0.44266975724549396,-0.006487114837690822,1.76169338478444,-26.665375545856563,5.865865462082616e-07,0.43386387947266913,0.25339133510527834,0.6170483444887321,8.970664458476721e-07,3.2090551272405034e-06,0.712824296177823
444,CAU-VA-lh,CAU-VA,"Caudate, ventro-anterior part",subcortex,Caudate,L,0.602385161471158,-7.735089579446964,0.0002199104092020747,0.23411275603571624,-0.0011062981527831042,0.6939907852305975,-9.377187396305196,0.0011609188920687935,0.2180190479713836,0.012126849018577452,0.9127815214644636,0.0005227189831295389,0.0018428572622350779,0.943969956138648
445,CAU-DA-lh,CAU-DA,"Caudate, dorso-anterior part",subcortex,Caudate,L,0.7969928580916306,-15.861444914025547,0.00035215203540849655,0.21975909341163502,0.04195331657949086,-2.6768986280086597,46.4106011811897,1.0630555612764074e-05,0.3595838054007443,11.480038187786718,0.0014316403395218697,0.0007761020586187254,3.093764261663391e-05,0.008161183323262258
446,CAU-body-lh,CAU-body,Caudate body,subcortex,Caudate body,L,0.9836012765488711,-22.698260672912447,2.5738535241211715e-06,0.35895250595874206,0.02119621312531064,-0.7715244278532505,8.763651480860467,3.846573639068206e-06,0.38669593772621813,3.1713287205399014,0.08140511845007589,1.2431164893095872e-05,1.3991547360578404e-05,0.14988146861323268
447,CAU-tail-lh,CAU-tail,Caudate tail,subcortex,Caudate tail,L,0.841649059078523,-16.85433499078411,0.000256059118286055,0.22949657384412425,0.02515245943117233,-1.241068632784422,20.479903176972506,0.0002658580572318897,0.2655611168108726,3.3570348765945544,0.07325874157149567,0.000590105785288675,0.000494670319603598,0.14139564176944622
448,lAMY-lh,lAMY,"Amygdala, lateral nucleus",subcortex,Amygdala,L,1.1815066868491264,12.32813731280865,7.275812264932477e-09,0.49506361365715545,0.02523408914243716,-0.9079702503392371,49.78353989751907,4.568519657467089e-09,0.5395366680182536,5.6359969645038746,0.021732360668004803,1.321287507311738e-07,6.690670724161479e-08,0.06062610239966811
449,mAMY-lh,mAMY,"Amygdala, medial nucleus",subcortex,Amygdala,L,1.2733768187556622,18.6292815092622,1.8461707117697488e-10,0.5656563858913195,0.0312135727207674,-1.3112237174139683,64.96013679649842,1.4901671056760045e-11,0.6391017163450514,10.768336457786292,0.0019511212042697475,7.619650028576963e-09,1.353071731953812e-09,0.009734165128994124
450,THA-DP-lh,THA-DP,"Thalamus, dorso-posterior part",subcortex,Thalamus,L,0.83396113923245,28.564475185466996,0.0007308825226676095,0.19708533667018158,0.03170940948333652,-1.7916965349281808,75.63130970514104,0.00038465893547309316,0.2539253226619811,4.6568984452615085,0.03607054431194756,0.0014747585124048653,0.0006957575964334036,0.08573836187237797
451,NAc-shell-lh,NAc-shell,"Nucleus Accumbens, shell",subcortex,Nucleus Accumbens,L,0.9355815251353902,10.736752441629363,2.283159396817874e-06,0.36204776044836173,0.026084701888592854,-1.224329328075794,49.45473449457835,1.109053867279737e-06,0.4183095262616223,5.6426147254581345,0.021659481472058623,1.172935046987889e-05,5.300110060473691e-06,0.06062610239966811
452,NAc-core-lh,NAc-core,"Nucleus Accumbens, core",subcortex,Nucleus Accumbens,L,1.0002104857329648,-11.040392256882217,7.659956983924062e-05,0.265481148204028,0.01720393374803872,-0.424339558159434,14.49570936090116,0.0002325802279087811,0.2697285901385047,1.279180055663897,0.26378983900266273,0.00021205002870131246,0.00043813868659994446,0.37077581085823186
453,pGP-lh,pGP,"Pallidum, posterior part",subcortex,Pallidum,L,-0.7204319394932489,42.35553704693679,0.00462349952182608,0.13775173278109532,0.013666760091707773,-1.8520907783171574,62.641349559292316,0.01319869084941393,0.13279691984758657,0.7257493357073698,0.3985845831705772,0.007550607132766333,0.01721898174032737,0.512627197618816
454,aGP-lh,aGP,"Pallidum, anterior part",subcortex,Pallidum,L,0.32670155107189053,6.8611150971523625,0.10670960270744036,0.03358317781939668,0.01979276388866625,-1.3122133087092704,36.23986285101335,0.08799114843006471,0.05988554114390454,2.3429358815654955,0.13255574848574525,0.12816444346343364,0.10139081570367862,0.2172574361463117
