index,name,base_name,Label Name,network,component,hemisphere,beta1,intercept,pval,adj_r2,quad_beta2,quad_beta1,quad_intercept,quad_pval,quad_adj_r2,f_statistic,pval_quad_vs_linear,pval_adj,quad_pval_adj,pval_quad_vs_linear_adj
1,7Networks_LH_Vis_1,7networks_lh_vis,7Networks_LH_Vis,visual,visual,L,1006.8503228247323,68115.75191479691,0.08128420357591622,0.04242695499457649,113.84295377264232,-8434.975636960004,237456.84914889064,0.0015152635584837503,0.20910469825203726,11.115791127695534,0.001676376722236817,0.16927994689663284,0.005829912335183243,0.0152215006379103
2,7Networks_LH_Vis_2,7networks_lh_vis,7Networks_LH_Vis,visual,visual,L,-1216.2424429448613,120362.17857740592,0.03526524849435127,0.07010090008665237,-54.37445830113484,3293.427720411905,39480.313472142196,0.03852567913606895,0.0923521485708273,2.1767338242013685,0.14677971750975727,0.09245494294945056,0.07380024610875656,0.28332949352421527
3,7Networks_LH_Vis_3,7networks_lh_vis,7Networks_LH_Vis,visual,visual,L,-271.5934755176795,90722.49326379456,0.6840920825436693,-0.017281736083156085,-116.2496019995474,9369.83336382827,-82198.48693973235,0.023300963323246965,0.11156681918667366,7.961390891873199,0.00698074710166775,0.79840052821292,0.04989923277714208,0.03791069115796978
4,7Networks_LH_Vis_4,7networks_lh_vis,7Networks_LH_Vis,visual,visual,L,735.2502208350977,16748.64250439733,0.19602933636367093,0.01446596950358725,-0.1484316369968326,747.560738412235,16527.850830952768,0.4373619656843527,-0.006502506922341,1.5537445446291886e-05,0.9968716249143774,0.32842473146468676,0.4951679112735564,0.9968716249143774
5,7Networks_LH_Vis_5,7networks_lh_vis,7Networks_LH_Vis,visual,visual,L,1104.842371791978,-8890.722316787425,0.06142737972362256,0.051641649734109896,113.92722721614706,-8343.972998933323,160575.7314450304,0.0014887865086802468,0.20969774908840466,10.599735746994362,0.0021011661195371096,0.13944015197262322,0.005777000640519931,0.01799866826924241
6,7Networks_LH_Vis_6,7networks_lh_vis,7Networks_LH_Vis,visual,visual,L,283.02235575276654,81668.37116998373,0.6544296302172332,-0.01653665201432486,-118.87115754603825,10141.873905136626,-95152.16608113618,0.011730035867840258,0.13713918434026062,9.548818084154306,0.0033571882677333573,0.7757468723723862,0.028378111709816644,0.024706129080676157
7,7Networks_LH_Vis_7,7networks_lh_vis,7Networks_LH_Vis,visual,visual,L,-80.94545234754423,142078.17912380092,0.8622767837377725,-0.02018681416131818,50.8593705619668,-4299.083767954802,217731.3603720593,0.25018252902783195,0.017138924197161676,2.8228776022527566,0.09956556854622178,0.910296569463761,0.31815929461802717,0.22158219666659162
8,7Networks_LH_Vis_8,7networks_lh_vis,7Networks_LH_Vis,visual,visual,L,-25.66205894730018,12411.488302785288,0.927541378232049,-0.020655629889070992,7.145269229392959,-618.2713181419249,23040.057671732797,0.9267815902562032,-0.039185324619628314,0.14411286803698672,0.7059359656363711,0.9484319498138518,0.9329464345372867,0.8081873089055049
9,7Networks_LH_Vis_9,7networks_lh_vis,7Networks_LH_Vis,visual,visual,L,-576.6733989281927,127669.10053278158,0.3097097693379325,0.0011029724133476693,87.50680068380218,-7834.250218342937,257835.23863944516,0.034437391216261645,0.09667466677370429,6.078393310317922,0.017391967758878964,0.4463753500934011,0.0676821455072848,0.06926274879413201
10,7Networks_LH_Vis_10,7networks_lh_vis,7Networks_LH_Vis,visual,visual,L,1614.7763846460296,54638.86939830033,0.006620693217392951,0.12591183173513298,-99.88448354633026,9898.924665012179,-93939.03972883645,0.0006481234214078188,0.23717646727928676,8.001229349953384,0.00685101132095397,0.023855513656320635,0.0030334848795788632,0.03791069115796978
11,7Networks_LH_Vis_11,7networks_lh_vis,7Networks_LH_Vis,visual,visual,L,-1976.9311960177404,184736.45173598194,0.0004956875144289488,0.20920471729189705,-22.956600822490163,-72.97295871581599,150588.56780274087,0.0020090926192743133,0.19955358683762203,0.42125512190755654,0.5194705707579885,0.0031255851604269826,0.007239111501194748,0.65511010867813
12,7Networks_LH_Vis_12,7networks_lh_vis,7Networks_LH_Vis,visual,visual,L,-738.358836161585,118475.77328962178,0.2879416872703702,0.003146999704603637,123.48702597145672,-10980.037999216664,302162.40280157333,0.01175128854943949,0.13707271660629927,8.449566765347601,0.005555054287923827,0.4244335260413898,0.028378111709816644,0.034402420911560073
13,7Networks_LH_Vis_13,7networks_lh_vis,7Networks_LH_Vis,visual,visual,L,638.5316296594974,118506.87056639272,0.15988137639908712,0.020744960894733655,19.301919484640962,-962.3172452539311,147218.42552816035,0.30587442448084445,0.008696951165293343,0.416621922334512,0.5217662593351986,0.28243636142095546,0.3713021088617738,0.6561824978896957
14,7Networks_LH_Vis_14,7networks_lh_vis,7Networks_LH_Vis,visual,visual,L,-223.33478581032477,37415.06825770324,0.6684170386850041,-0.01689840189162517,-77.66338683914212,6217.855974639132,-78109.01739209045,0.06566820974666678,0.07151923625213186,5.570958060314561,0.022462777679505014,0.7861692631165593,0.114227460632133,0.08428182699582873
15,7Networks_LH_Vis_15,7networks_lh_vis,7Networks_LH_Vis,visual,visual,L,91.49109651989602,113549.5701247939,0.8851901869946471,-0.020385379084774558,141.34126928364873,-11630.970604328737,323794.3400624521,0.0017027531366909372,0.20516883055071322,14.621260059548028,0.0003860067620609501,0.9217347359990132,0.006388842347584177,0.005017849220557329
16,7Networks_LH_Vis_16,7networks_lh_vis,7Networks_LH_Vis,visual,visual,L,502.6689699634448,37104.24269805315,0.41768013057672715,-0.006815269756563547,-88.63060114193722,7853.450752773905,-94733.54566316043,0.06396300514128597,0.07255816056652264,5.1079930767792545,0.0284901384891344,0.5677448481492039,0.11168924743901473,0.09652629010497774
17,7Networks_LH_Vis_17,7networks_lh_vis,7Networks_LH_Vis,visual,visual,L,-696.0926975913343,65235.0438865029,0.17426117646001893,0.018072947169044618,122.88931480974128,-10888.199317277522,248032.579602135,0.0001800841608455889,0.2776349013446312,18.247474751506758,9.371880842672414e-05,0.3003177912614649,0.0010349140382771818,0.0017905860131896903
18,7Networks_LH_Vis_18,7networks_lh_vis,7Networks_LH_Vis,visual,visual,L,-1247.4403397054248,110123.97132939438,0.028703674664952713,0.07698460042712418,21.147722624135785,-3001.375123070791,141581.15365378754,0.07967656267340036,0.06384808011028398,0.3264416150718271,0.5704842118160156,0.07850282107161766,0.13397466464342134,0.6873346040825025
19,7Networks_LH_Vis_19,7networks_lh_vis,7Networks_LH_Vis,visual,visual,L,-1048.7519182960332,85423.86215436188,0.043546056387099685,0.06306329643753139,52.11537762131735,-5371.060054394203,162945.35063214845,0.039851630538450526,0.09104425946155692,2.4776145473899707,0.12218550636644411,0.10744516086816988,0.07538600110190224,0.2512689768068953
20,7Networks_LH_Vis_20,7networks_lh_vis,7Networks_LH_Vis,visual,visual,L,796.4593909614916,63264.46965904612,0.24510782614374277,0.007789500039192432,-108.46184016243846,9791.990376014302,-98072.23509492104,0.024643033501698306,0.10944719472708375,6.479258855990479,0.01425452984417874,0.3850482805164679,0.05203691725474898,0.058302311254568896
21,7Networks_LH_Vis_21,7networks_lh_vis,7Networks_LH_Vis,visual,visual,L,-134.60628374364717,33507.69196554129,0.7878319575256814,-0.019278012206230155,-78.22542229409252,6353.198173671792,-82852.41995967606,0.05222766949436615,0.08052314259004911,6.209979339464299,0.01628767589676602,0.8702571988239887,0.09561033044533157,0.0658385725435449
22,7Networks_LH_Vis_22,7networks_lh_vis,7Networks_LH_Vis,visual,visual,L,-2722.919952059239,153666.6916587965,8.612910051911119e-07,0.38671699926962055,55.808871534563586,-7351.556460329151,236682.24271287344,1.3585187332447695e-06,0.4132657499865051,3.1719203103980274,0.0813776184513931,2.561805477727449e-05,2.1267844996314668e-05,0.19661602566465147
23,7Networks_LH_Vis_23,7networks_lh_vis,7Networks_LH_Vis,visual,visual,L,-322.9125566519445,23152.550003961707,0.2987399499256135,0.002109625081955002,-12.451923520619506,709.8162232164921,4630.346197937071,0.4882949865567956,-0.011231661669524273,0.3667309002036755,0.5477049827964605,0.43610269217436826,0.5433478526881991,0.6757012559499812
24,7Networks_LH_Vis_24,7networks_lh_vis,7Networks_LH_Vis,visual,visual,L,-1074.1615146737613,105478.05478885854,0.07900500864655571,0.043358052499714805,1.4374545056314068,-1193.3800944585469,107616.26462215131,0.21721751050930574,0.02303055577488966,0.0012790588701565432,0.9716220588723649,0.16529158491030552,0.28501950800932024,0.9824419036259546
25,7Networks_LH_Vis_25,7networks_lh_vis,7Networks_LH_Vis,visual,visual,L,-294.65134582434644,62414.72424912248,0.6252195034396812,-0.015718700565278798,134.16361248794033,-11421.817650530244,261982.7483972921,0.0015693428223499313,0.20792361441744056,14.552772579219418,0.00039684235677470056,0.7509250120677653,0.005987240683587133,0.005017849220557329
26,7Networks_LH_Vis_26,7networks_lh_vis,7Networks_LH_Vis,visual,visual,L,-149.15580325534285,33503.51358817256,0.7275283460794812,-0.018227925388502042,-39.2598434817335,3106.94918241833,-24895.401339078802,0.35952649868724545,0.0018561063335527095,1.9658261987833128,0.1674618788436113,0.8399778087914956,0.42068306805157074,0.31031711426530423
27,7Networks_LH_Vis_27,7networks_lh_vis,7Networks_LH_Vis,visual,visual,L,-89.89187750168662,78064.41257416515,0.8903570349412424,-0.020425033590390385,53.6060403522593,-4535.831539345394,157803.25798181296,0.4587948846067863,-0.008553665619672302,1.5649929022312992,0.21712728935283743,0.9248363394970843,0.5155764297313885,0.37266434401276577
28,7Networks_LH_Vis_28,7networks_lh_vis,7Networks_LH_Vis,visual,visual,L,-1126.692304018917,134078.39403729347,0.07605535580158923,0.04460551073035135,115.44969662116863,-10701.77715981063,305809.5170738271,0.0032324280288560056,0.1831906002085013,9.143985973532184,0.004034570583250182,0.16184907124122208,0.010790605331622254,0.027752955224175497
29,7Networks_LH_Vis_29,7networks_lh_vis,7Networks_LH_Vis,visual,visual,L,899.448535959157,34324.76415058844,0.17463413412560955,0.018006954287317023,7.497297389685642,277.64301549162883,45476.97449111747,0.39605476538159534,-0.0022623674080135547,0.029268709457798598,0.8648944967325294,0.3003177912614649,0.4563676738153408,0.934229814866641
30,7Networks_LH_Vis_30,7networks_lh_vis,7Networks_LH_Vis,visual,visual,L,1099.8979518104975,23294.745506354055,0.13363017836400487,0.02638633073989105,48.16647172783355,-2894.8986348921208,94942.24675246427,0.19924229023578482,0.026614953934205765,1.011273969506175,0.3197472643311283,0.2506946321374306,0.2644912273890243,0.5005698551942492
31,7Networks_LH_Vis_31,7networks_lh_vis,7Networks_LH_Vis,visual,visual,L,-1255.1861806098245,124503.01335593942,0.07486068600252263,0.04512515328957123,212.02214930429335,-18839.728455827106,439885.40823673824,1.9246198354374085e-07,0.460084659593775,37.89107312197448,1.5645496512686956e-07,0.16184167354831083,5.461108783053646e-06,1.0147222023942682e-05
32,7Networks_LH_SomMot_1,7networks_lh_sommot,7Networks_LH_SomMot,somatomotor,somatomotor,L,557.0373584154869,-5572.506738451666,0.14332700888765648,0.024171524527476174,58.83141590658312,-4322.280786008455,81939.07119681987,0.018864593991081476,0.11951589878697622,6.197742875937248,0.016387133694758974,0.2592553268286882,0.04177817400951703,0.0658385725435449
33,7Networks_LH_SomMot_2,7networks_lh_sommot,7Networks_LH_SomMot,somatomotor,somatomotor,L,-80.2937092074178,8149.431712590715,0.6659588973055263,-0.01683619006545012,-9.68277081719124,722.769052559859,-6253.664659311969,0.6713822161567371,-0.02502683733970068,0.616448023756745,0.4363102997176266,0.7853125698096335,0.7023214887906881,0.6022707858828064
34,7Networks_LH_SomMot_3,7networks_lh_sommot,7Networks_LH_SomMot,somatomotor,somatomotor,L,910.1126329751369,28911.42886669387,0.16405441318957492,0.01994284169569871,-115.62270590280613,10499.54640956096,-143077.04502567468,0.007950211857489037,0.1513030626950569,8.429378298443966,0.005607443056069263,0.28757028412381086,0.020984861530814084,0.034402420911560073
35,7Networks_LH_SomMot_4,7networks_lh_sommot,7Networks_LH_SomMot,somatomotor,somatomotor,L,1277.7109782498924,-6865.368430200473,0.014753626365399796,0.09925374396678566,2.4478315244028295,1074.6944676414105,-3224.2254130018264,0.052673007354830846,0.08019086937601949,0.005208852693129829,0.9427709819021566,0.0465149053464688,0.09594565501549532,0.9707416357788805
36,7Networks_LH_SomMot_5,7networks_lh_sommot,7Networks_LH_SomMot,somatomotor,somatomotor,L,164.3866914934277,46895.94974530712,0.7782279376246719,-0.01913027695232339,-109.75368113746912,9267.059464858552,-116362.36509443233,0.012511160035980837,0.13476881981959266,9.537783674776602,0.0033739647643214136,0.8646185033740087,0.02973856888133665,0.024706129080676157
37,7Networks_LH_SomMot_6,7networks_lh_sommot,7Networks_LH_SomMot,somatomotor,somatomotor,L,-26.171703067325353,28773.921570539533,0.9575648458243217,-0.020772491057501785,-34.95428532039828,2872.841960992844,-23220.486805504268,0.5631812987780658,-0.01739010227768767,1.1595795566200309,0.2870491342937737,0.9639344567721554,0.6073261511763465,0.4604957843440752
38,7Networks_LH_SomMot_7,7networks_lh_sommot,7Networks_LH_SomMot,somatomotor,somatomotor,L,1467.3044868142438,16718.110818157053,0.02763490150834119,0.078254324837571,-97.24299765970997,9532.375088762921,-127930.59493235256,0.006364450222511027,0.1592996293988096,5.6273021340023535,0.021828514133948415,0.07714521524680032,0.017946959012546622,0.0827523481839899
39,7Networks_LH_SomMot_8,7networks_lh_sommot,7Networks_LH_SomMot,somatomotor,somatomotor,L,-603.5225143737241,52180.64385288992,0.20765048791508287,0.01272219555953491,-55.293102545086974,3982.3375121490717,-30067.702172654088,0.0948944335889216,0.05685915949690534,3.246296818048604,0.0780011857479327,0.3391126673145598,0.15116516789252776,0.19351113841290407
40,7Networks_LH_SomMot_9,7networks_lh_sommot,7Networks_LH_SomMot,somatomotor,somatomotor,L,-2122.3771179658643,161655.58016843762,0.0003361816534970789,0.22118336571980013,97.7592137111556,-10230.261279769366,307072.1559509934,3.871966224674419e-05,0.3233709666499499,8.249178800918559,0.006098900898535598,0.0022445069218775563,0.00029025012257980864,0.03643290799914686
41,7Networks_LH_SomMot_10,7networks_lh_sommot,7Networks_LH_SomMot,somatomotor,somatomotor,L,1691.0120698600022,6384.843780052608,0.004839642202886753,0.1362495122431695,-99.5315346124165,9945.887722485291,-141668.05472713895,0.0005290630183048353,0.2437367350683437,7.822209850526884,0.007454830585517366,0.019273662807987597,0.0025827377452730667,0.039817565715586874
42,7Networks_LH_SomMot_11,7networks_lh_sommot,7Networks_LH_SomMot,somatomotor,somatomotor,L,809.4674922788417,49418.28277486834,0.20440263150266713,0.013198053522107456,-104.99466527302445,9517.44039144992,-106761.00836131396,0.0164532573514707,0.12462518569201908,7.109956851321987,0.010478467385514277,0.33621564618824,0.0370320894404023,0.048566411382328645
43,7Networks_LH_SomMot_12,7networks_lh_sommot,7Networks_LH_SomMot,somatomotor,somatomotor,L,833.5861306146544,-2880.816389376727,0.07777867272094649,0.04387069891564355,58.668841365553625,-4032.248522112839,84388.93233953693,0.033567665280732614,0.09765739827110864,3.8611766352554664,0.0553419344728319,0.1634792472931005,0.06654899579673627,0.15379550531041114
44,7Networks_LH_SomMot_13,7networks_lh_sommot,7Networks_LH_SomMot,somatomotor,somatomotor,L,538.3402439294982,29235.550044757314,0.3075713602170974,0.0012956266400059313,64.86193553683347,-4841.132850001488,125717.5102236047,0.1010227235050149,0.054344231175940005,3.692663759553067,0.060727499869425244,0.44470508770242745,0.1577020597726374,0.16286068644449578
45,7Networks_LH_SomMot_14,7networks_lh_sommot,7Networks_LH_SomMot,somatomotor,somatomotor,L,848.5017475659315,490.46859893882356,0.11932052109940385,0.029994808109620297,46.15406438774774,-2979.3912299486333,69144.51916796414,0.13000630157422455,0.044139358014193886,1.7102901464893883,0.19730857430953783,0.22857179991193818,0.19163266530746084,0.34991442475207096
46,7Networks_LH_SomMot_15,7networks_lh_sommot,7Networks_LH_SomMot,somatomotor,somatomotor,L,1577.4835547059008,12641.934543687246,0.005668196935751939,0.13104346041882142,-80.37073755445456,8243.214643906242,-106909.32824386947,0.0017763550121634448,0.20373626712684734,5.3820339642934565,0.02473808279722495,0.02126744965976347,0.006556627443269951,0.08767742861349728
47,7Networks_LH_SomMot_16,7networks_lh_sommot,7Networks_LH_SomMot,somatomotor,somatomotor,L,-1303.4424087760053,82411.6138015737,0.009962025552255938,0.1123524881285144,60.856219740073406,-6350.692293944324,172935.08216558353,0.006134646709995155,0.16061422014082893,3.7598312863719983,0.05851481077622536,0.03325558529944262,0.017500777013439762,0.15812931007384712
48,7Networks_LH_SomMot_17,7networks_lh_sommot,7Networks_LH_SomMot,somatomotor,somatomotor,L,-146.33227832008586,15966.703924505146,0.6728527718819535,-0.017009213166687243,-21.14469700010676,1607.3515679907234,-15485.97779202467,0.6006221547274028,-0.02018046427092557,0.8507910528239525,0.36103960439497507,0.7873071093670281,0.6431190052977378,0.5439844823573564
49,7Networks_LH_SomMot_18,7networks_lh_sommot,7Networks_LH_SomMot,somatomotor,somatomotor,L,838.799031228678,7632.5633182053425,0.1360694052884432,0.025813112417836237,-26.63052014683182,3047.462177364937,-31980.266041312778,0.25732910203176074,0.015960246429288283,0.5193918073592202,0.474670695934722,0.25395892164769596,0.32362164078232514,0.6223581054704378
50,7Networks_LH_SomMot_19,7networks_lh_sommot,7Networks_LH_SomMot,somatomotor,somatomotor,L,1644.9368372799454,-28934.10602205529,0.0012801050664812306,0.17935413533306888,54.96448392148201,-2913.668451479981,52825.42065675945,0.001325742229701606,0.21358883133750506,3.089575369342429,0.08530695002711598,0.006680088507844583,0.0053264333830489305,0.19963585212531265
51,7Networks_LH_SomMot_20,7networks_lh_sommot,7Networks_LH_SomMot,somatomotor,somatomotor,L,1679.2540581213093,-16620.955597151435,0.005555451221978205,0.13170619016539364,81.31520593026022,-5064.808677732214,104335.20143955747,0.002232268687085367,0.19595765259488507,4.835706174642185,0.03283267687748429,0.021018123789817544,0.007917577999505909,0.10880317738961948
52,7Networks_LH_SomMot_21,7networks_lh_sommot,7Networks_LH_SomMot,somatomotor,somatomotor,L,1294.9257297722424,32347.55171393804,0.024763957004825317,0.08192565403435115,139.18715095735905,-10248.879236868404,239388.07625161728,2.4022420019515036e-05,0.3369768043015161,19.464595646501778,5.947827795388753e-05,0.07206946461660702,0.00019829415797926957,0.0014212177995297337
53,7Networks_LH_SomMot_22,7networks_lh_sommot,7Networks_LH_SomMot,somatomotor,somatomotor,L,1421.4147743193514,-1314.9307848845347,0.022556261746848074,0.08505147520709644,-4.994637441684375,1835.6564633639919,-8744.44097091275,0.07569715763445936,0.0658868616584779,0.015214097120044654,0.9023595301676561,0.06606801827786468,0.12823324464941996,0.9505132869979487
54,7Networks_LH_SomMot_23,7networks_lh_sommot,7Networks_LH_SomMot,somatomotor,somatomotor,L,2778.726208557282,-40846.60411802795,9.821506807721254e-05,0.2581862845177576,63.59577134224028,-2495.734659621581,53751.94011907192,0.00018864791418029983,0.2762054164131028,2.1949776229193576,0.14513499928183832,0.0009069147286186248,0.0010705769129732015,0.28332949352421527
55,7Networks_LH_SomMot_24,7networks_lh_sommot,7Networks_LH_SomMot,somatomotor,somatomotor,L,3570.15067072911,-25939.772127012206,2.816972430957534e-09,0.5142941491962607,-96.0146404626093,11533.34465680366,-168761.29974607803,2.4444726751391364e-10,0.5934772771355891,10.349514620749632,0.002346656577750922,1.0349687511448902e-06,1.8496509908552797e-08,0.01902468011248069
56,7Networks_LH_SomMot_25,7networks_lh_sommot,7Networks_LH_SomMot,somatomotor,somatomotor,L,579.3054232485351,95487.70141917207,0.37489428404723457,-0.004052265574721936,56.835563335811564,-4134.482119674588,180030.45385359685,0.28317936451852915,0.011943693360260355,1.7770873215620302,0.1889333957656291,0.5157636513861954,0.35126620626068916,0.33903463113674154
57,7Networks_LH_SomMot_26,7networks_lh_sommot,7Networks_LH_SomMot,somatomotor,somatomotor,L,1964.2252455357266,-52323.92001360011,9.028389348819205e-07,0.38554554551452347,110.1035172746297,-7167.461988646248,111454.77516902053,2.1266855112873212e-12,0.6677960864968253,41.782258776794954,5.326086717520093e-08,2.561805477727449e-05,4.827576110622219e-10,4.030072282923537e-06
58,7Networks_LH_SomMot_27,7networks_lh_sommot,7Networks_LH_SomMot,somatomotor,somatomotor,L,2831.262446318927,-52174.75511882327,1.178877365045279e-05,0.3184369495471483,29.646325555147087,372.47657540908585,-8075.923069069337,5.623668489840002e-05,0.31253910829147147,0.5882000217220934,0.44695151957468926,0.0001530544294712505,0.0004052611895852954,0.6115687843443638
59,7Networks_LH_SomMot_28,7networks_lh_sommot,7Networks_LH_SomMot,somatomotor,somatomotor,L,2214.8505408765895,3165.758688269503,0.000675474350680181,0.1995570994224264,89.83504802011606,-5235.824800777033,136795.15864380443,0.00025894406398574226,0.2663841793366505,5.37245182769136,0.024859900000059085,0.003931607118061566,0.0014055273393823228,0.08767742861349728
60,7Networks_LH_SomMot_29,7networks_lh_sommot,7Networks_LH_SomMot,somatomotor,somatomotor,L,-192.07682259688045,97791.65107706547,0.8063442708089968,-0.01954268600290976,176.8591259855018,-14860.293270052065,360869.14035286626,0.0013965172132808553,0.21184646040539612,15.092024548048768,0.0003194385400600577,0.8809790619909593,0.005561568551136038,0.004532034287102069
61,7Networks_LH_SomMot_30,7networks_lh_sommot,7Networks_LH_SomMot,somatomotor,somatomotor,L,2322.9241294004773,-10859.773236354478,7.91286377946623e-05,0.26453130878035147,-45.85565914620311,6126.068185152394,-79069.94678577653,0.0001987135142829569,0.2746026178147849,1.666424839026197,0.2030518927344023,0.0007643489693356742,0.0011137769812896597,0.35592880039157776
62,7Networks_LH_SomMot_31,7networks_lh_sommot,7Networks_LH_SomMot,somatomotor,somatomotor,L,2822.3965533209157,978.919964315879,1.5040088164925191e-05,0.31174114580018386,-29.920336776828748,5303.90817211779,-43527.50306403244,7.086583770484983e-05,0.3057417168738493,0.5852082784416323,0.4481023437936268,0.00018555459685685942,0.00046886757023865435,0.6115687843443638
63,7Networks_LH_SomMot_32,7networks_lh_sommot,7Networks_LH_SomMot,somatomotor,somatomotor,L,1692.2786629883833,44060.726055045176,0.014929709794684378,0.0988572647694671,137.57416958163753,-9717.750001112257,248701.9449973307,0.00029188539935960466,0.2626363449379535,11.66149083171972,0.0013240388615979053,0.046745436184735915,0.0015408833873169828,0.012523200899280187
64,7Networks_LH_SomMot_33,7networks_lh_sommot,7Networks_LH_SomMot,somatomotor,somatomotor,L,815.4875918728956,74227.76781913222,0.25788160694327056,0.0063079461286785765,99.79158933338364,-7460.956294305883,222667.49704645172,0.054069194334142624,0.07916631784078909,4.797864815262751,0.033490720564168346,0.3990901484944677,0.09741037391944743,0.1088156883348901
65,7Networks_LH_SomMot_34,7networks_lh_sommot,7Networks_LH_SomMot,somatomotor,somatomotor,L,1768.5465777393333,48027.12036876449,0.0015252627963865742,0.17375453278780395,-98.8019942171294,9962.916127749882,-98940.58870051747,9.624934873851857e-05,0.2966378733472993,9.386007894576677,0.0036139209068200224,0.007526840321298964,0.0006154535820744708,0.026043176058671274
66,7Networks_LH_SomMot_35,7networks_lh_sommot,7Networks_LH_SomMot,somatomotor,somatomotor,L,1775.9724894739643,37345.38645209739,0.011627169084829435,0.10720342982467035,80.91409622476002,-4934.823294806278,157704.89384656044,0.008315972161207823,0.149677085094848,3.3976014490870683,0.07160219663458181,0.03825170119212003,0.021697996328668687,0.1826258273713491
67,7Networks_LH_SomMot_36,7networks_lh_sommot,7Networks_LH_SomMot,somatomotor,somatomotor,L,1289.9000877349156,58807.14377130284,0.02957347236899577,0.07598584148383503,83.16166615694095,-5607.30305360037,182509.90558611427,0.008379146831905692,0.1494031980498879,5.1430124203279455,0.02797823288477698,0.07944589618653301,0.021737900923915338,0.09550464458412593
68,7Networks_LH_SomMot_37,7networks_lh_sommot,7Networks_LH_SomMot,somatomotor,somatomotor,L,1303.297214141359,75322.42329844485,0.04481197991768206,0.06210880448069345,109.45502835500034,-7774.606107087875,238136.4929020991,0.0038099787783631915,0.17745672417478342,7.731196166866275,0.00778322566300941,0.10997102098717651,0.011847468256006088,0.040615913229957154
69,7Networks_LH_DorsAttn_Post_1,7networks_lh_dorsattn_post,7Networks_LH_DorsAttn_Post,dorsal attention,posterior,L,-151.57392925254294,86811.54859513702,0.8080022014975803,-0.01956511481749823,61.71746636788737,-5270.253274908238,178616.11907491245,0.31562351598924016,0.007372552895364648,2.302611623312408,0.1358548022366363,0.8809790619909593,0.38109860707211446,0.26891704655442555
70,7Networks_LH_DorsAttn_Post_2,7networks_lh_dorsattn_post,7Networks_LH_DorsAttn_Post,dorsal attention,posterior,L,225.5674663716493,7989.492691853877,0.5115107900482398,-0.011613618952427629,0.16112422441621632,212.2042600033305,8229.164556026652,0.8079698119759582,-0.033136224959681826,4.949648483542964e-05,0.9944164079747657,0.6504927133946804,0.8206225830807271,0.9968716249143774
71,7Networks_LH_DorsAttn_Post_3,7networks_lh_dorsattn_post,7Networks_LH_DorsAttn_Post,dorsal attention,posterior,L,1990.5882643447233,-37349.099785118764,0.0006989763568164369,0.19848547936053673,122.52154414639836,-8171.016453543178,144901.3780266444,6.319375492161963e-06,0.3736020697188247,14.418940151070984,0.00041894753012897856,0.004016902101198257,6.598858221148157e-05,0.005017849220557329
72,7Networks_LH_DorsAttn_Post_4,7networks_lh_dorsattn_post,7Networks_LH_DorsAttn_Post,dorsal attention,posterior,L,555.6644060722008,18727.880663780525,0.3470975830457885,-0.0020112766391973125,-67.07549993870794,6118.724530562987,-81046.75079765164,0.1435403770805221,0.0401026807382564,3.1059231165188512,0.08451033468315418,0.4848686237008861,0.20557517726989602,0.19879633132721244
73,7Networks_LH_DorsAttn_Post_5,7networks_lh_dorsattn_post,7Networks_LH_DorsAttn_Post,dorsal attention,posterior,L,233.03212370192114,62969.48103146865,0.736143894843156,-0.01839616890811091,227.05298347852226,-18598.12678961562,400710.20259879174,3.988434552369284e-08,0.4950611893835224,49.809781858337,6.68454179086695e-09,0.8460995652121338,1.2933923476968964e-06,1.011593991017865e-06
74,7Networks_LH_DorsAttn_Post_6,7networks_lh_dorsattn_post,7Networks_LH_DorsAttn_Post,dorsal attention,posterior,L,-521.328589108511,57106.95348202003,0.26912834489233295,0.0050749327109177456,54.68487110227285,-5056.743548668364,138450.55682051036,0.11296172012794523,0.04983850624819264,3.2613540370964027,0.07733677106308444,0.409519994037517,0.17094873646029043,0.19291700034417766
75,7Networks_LH_DorsAttn_Post_7,7networks_lh_dorsattn_post,7Networks_LH_DorsAttn_Post,dorsal attention,posterior,L,-422.66836569963243,116401.29481004925,0.5436206160933015,-0.012937045325216001,156.51571201227546,-13403.65720883018,349218.0087848722,0.0012356039712945164,0.21594161283233904,15.011935553995157,0.0003298523768680308,0.6799001644803274,0.005053731558267662,0.004537969063578363
76,7Networks_LH_DorsAttn_Post_8,7networks_lh_dorsattn_post,7Networks_LH_DorsAttn_Post,dorsal attention,posterior,L,1354.389341473891,1830.3138950794018,0.03778961124675664,0.06779201648747124,-7.419939627489995,1969.7790188603904,-9206.82697566197,0.1165508049277102,0.048573008589461786,0.030390784124402045,0.8623552577782746,0.09638473879790738,0.1748016265908713,0.934229814866641
77,7Networks_LH_DorsAttn_Post_9,7networks_lh_dorsattn_post,7Networks_LH_DorsAttn_Post,dorsal attention,posterior,L,485.49148090707945,36662.95604312833,0.4446909633852466,-0.008356971663063817,-11.826447287748536,1466.3449576755775,19071.14650445299,0.7203001233782527,-0.028099070042419516,0.07827878672240542,0.7808713074590795,0.5868886551654127,0.7415334603485867,0.8731910679468525
78,7Networks_LH_DorsAttn_Post_10,7networks_lh_dorsattn_post,7Networks_LH_DorsAttn_Post,dorsal attention,posterior,L,-479.20045194699765,131219.60218203068,0.4542538962578926,-0.008869358497685331,40.88041621946823,-3869.7113471459943,192029.11483589886,0.4766829706430341,-0.01019651566976476,0.9369394535898158,0.33802098537789516,0.5955480623454408,0.5330395780096983,0.5202085673273369
79,7Networks_LH_DorsAttn_Post_11,7networks_lh_dorsattn_post,7Networks_LH_DorsAttn_Post,dorsal attention,posterior,L,1236.2454003635273,14543.55638077377,0.06434866362611487,0.050106906792438344,23.837298915740817,-740.7555492365263,50001.47643395691,0.15868568048025067,0.03599663163425981,0.29741614000708966,0.5880857691561813,0.1453447427176923,0.21897659251682008,0.6989291602013253
80,7Networks_LH_DorsAttn_Post_12,7networks_lh_dorsattn_post,7Networks_LH_DorsAttn_Post,dorsal attention,posterior,L,1502.0078894790183,40109.68650530992,0.008659896573464892,0.1170102990140478,53.378530114562594,-2925.062690026107,119510.11102693107,0.011306663302810901,0.13848788201880213,2.1966447861975595,0.1449857698814543,0.029457927260305262,0.027704688430836597,0.28332949352421527
81,7Networks_LH_DorsAttn_Post_13,7networks_lh_dorsattn_post,7Networks_LH_DorsAttn_Post,dorsal attention,posterior,L,914.1148196877579,78207.68144472732,0.07219434510005426,0.04631670084790185,-27.748205072508483,3215.475723536726,36932.29866926301,0.14272159507573245,0.04033631679537675,0.7008760052661107,0.40672638245487136,0.1575780417087723,0.20504938026703334,0.5813877612621486
82,7Networks_LH_DorsAttn_Post_14,7networks_lh_dorsattn_post,7Networks_LH_DorsAttn_Post,dorsal attention,posterior,L,449.64621053297515,116770.9735999248,0.41374612363177565,-0.006578405377978935,38.83826859422557,-2771.4944968524023,174542.79697999504,0.4067311403801056,-0.0033974803053857805,1.1521674176797918,0.2885761940853692,0.5640863066931716,0.46569766887396186,0.46071205596897624
83,7Networks_LH_DorsAttn_Post_15,7networks_lh_dorsattn_post,7Networks_LH_DorsAttn_Post,dorsal attention,posterior,L,1825.1156569841924,24416.679137294457,0.008694630512953536,0.1168773208130921,-5.365824686635477,2270.1426098434076,16435.02889115439,0.03295640603849981,0.09836277744441146,0.01435071726769065,0.905156569236504,0.029457927260305262,0.06562372079596014,0.9512525056328075
84,7Networks_LH_DorsAttn_Post_16,7networks_lh_dorsattn_post,7Networks_LH_DorsAttn_Post,dorsal attention,posterior,L,2751.9591766605304,-30637.3383377423,3.076583193786469e-05,0.29172707306499646,26.989224177073908,513.5460906959433,9509.062332518923,0.00014814865085068657,0.283610539188359,0.4561706342843227,0.5027286687313002,0.00032545190428618574,0.0009079559097297538,0.6411202685505907
85,7Networks_LH_DorsAttn_Post_17,7networks_lh_dorsattn_post,7Networks_LH_DorsAttn_Post,dorsal attention,posterior,L,92.62964165355788,132558.56964519416,0.8484618599996179,-0.02004898931925303,54.75654027187092,-4448.729364538963,214008.78068679984,0.22460775965061583,0.02163867725227253,3.0452648207856385,0.08750866460600638,0.9084945387731757,0.29134835108965595,0.20373812169808667
86,7Networks_LH_DorsAttn_FEF_1,7networks_lh_dorsattn_fef,7Networks_LH_DorsAttn_FEF,dorsal attention,frontal eye fields,L,2466.2552426669818,-28131.41740060922,6.719133234398326e-06,0.3336684326064886,26.108519486613446,300.8854161552417,10704.937336377741,3.217650666054457e-05,0.32867987881581107,0.6433138611574314,0.4265502822123802,9.840278994893032e-05,0.0002562830530506532,0.5940301476209221
87,7Networks_LH_DorsAttn_FEF_2,7networks_lh_dorsattn_fef,7Networks_LH_DorsAttn_FEF,dorsal attention,frontal eye fields,L,2529.997788025955,-34704.053124691665,1.1799350289633849e-05,0.3184124044982857,-129.55017115884965,13274.537775850244,-227409.5953114966,2.0034594160905333e-08,0.5096407008158638,19.718841956328305,5.415396209217397e-05,0.0001530544294712505,8.96742659610406e-07,0.00136588326610261
88,7Networks_LH_DorsAttn_FEF_3,7networks_lh_dorsattn_fef,7Networks_LH_DorsAttn_FEF,dorsal attention,frontal eye fields,L,2933.4131956967867,-35862.22459472055,1.7452458664941226e-07,0.42519493833036326,-17.661601593223992,4398.218551567262,-62133.81096519678,1.1832381521336392e-06,0.41670463294867166,0.301323683777292,0.5856523167607905,7.923416233883317e-06,1.9895930409950823e-05,0.6978639155102334
89,7Networks_LH_DorsAttn_FEF_4,7networks_lh_dorsattn_fef,7Networks_LH_DorsAttn_FEF,dorsal attention,frontal eye fields,L,779.1245315510699,36152.774714680265,0.21288397142328566,0.011973177381063627,-137.6656665771336,12196.74170841155,-168624.54577010358,0.000862591343335461,0.22784062348175171,14.41903980957248,0.0004189305972190261,0.3451761536648989,0.003802101649265042,0.005017849220557329
90,7Networks_LH_DorsAttn_PrCv_1,7networks_lh_dorsattn_prcv,7Networks_LH_DorsAttn_PrCv,dorsal attention,precentral ventral,L,-52.99752938128262,29184.189073727288,0.9064786169369855,-0.02053677380366903,-49.076822467665735,4017.3010797392108,-43817.456526885384,0.2536293424537724,0.016566475109810463,2.8109571239661384,0.10026269615240278,0.9374516904086365,0.3198547818722574,0.22204519050337007
91,7Networks_LH_DorsAttn_PrCv_2,7networks_lh_dorsattn_prcv,7Networks_LH_DorsAttn_PrCv,dorsal attention,precentral ventral,L,1290.0317026765604,5600.355380477718,0.03739453053395182,0.06814288725990802,5.78148204306126,810.5312555147493,14200.29486172492,0.11610121279286033,0.04872947254699933,0.0204217629714712,0.8869763207444982,0.09638473879790738,0.1748016265908713,0.9386649175244806
92,7Networks_LH_SalVentAttn_ParOper_1,7networks_lh_salventattn_paroper,7Networks_LH_SalVentAttn_ParOper,salience / ventral attention,parietal operculum,L,1392.023753059149,-21331.21322227503,0.013225244227925875,0.10290659191651774,116.53782938554131,-8273.30788430206,152018.50446723227,0.00014433831209779345,0.28440441436260067,13.174328143251579,0.0006984854248971234,0.042283527320270055,0.0008976656670191537,0.0072070996114385
93,7Networks_LH_SalVentAttn_ParOper_2,7networks_lh_salventattn_paroper,7Networks_LH_SalVentAttn_ParOper,salience / ventral attention,parietal operculum,L,1406.863556128235,2968.7537327247046,0.01718638162566718,0.09415078558630186,-65.44635553605562,6834.806860443046,-94382.529672851,0.013331138965217506,0.13242837517240935,3.1177782301239874,0.08393783442136561,0.05236655877887852,0.031197613867055402,0.1984780043088541
94,7Networks_LH_SalVentAttn_ParOper_3,7networks_lh_salventattn_paroper,7Networks_LH_SalVentAttn_ParOper,salience / ventral attention,parietal operculum,L,1163.886844597334,-3217.1933710528065,0.05828546967375164,0.05337853925836478,-22.791380310997454,3054.1421405857755,-37119.31222376457,0.14453916869860217,0.03981940120823346,0.322170613293711,0.5730075867128941,0.1343228590450926,0.20635466223007984,0.6882154612900897
95,7Networks_LH_SalVentAttn_ParOper_4,7networks_lh_salventattn_paroper,7Networks_LH_SalVentAttn_ParOper,salience / ventral attention,parietal operculum,L,727.6442233665002,57296.850832852215,0.1868070572806953,0.01593591896046398,73.18464485849249,-5342.0918189935865,166158.81945126317,0.05156145248727606,0.08102531651188272,4.399757510848243,0.04134871005476356,0.31764196256717475,0.09477287218309041,0.12598868701250104
96,7Networks_LH_SalVentAttn_TempOcc_1,7networks_lh_salventattn_tempocc,7Networks_LH_SalVentAttn_TempOcc,salience / ventral attention,temporal occipital,L,-2829.406614814219,161691.21523316862,7.958629684798941e-06,0.32911429741340603,92.97980585140243,-10540.899645615107,299998.43427225674,2.103686583160727e-06,0.4022453722275442,6.872462425192431,0.011757445895186859,0.00010949145081511271,2.8941627538029397e-05,0.05042901039929483
97,7Networks_LH_SalVentAttn_FrOperIns_1,7networks_lh_salventattn_froperins,7Networks_LH_SalVentAttn_FrOperIns,salience / ventral attention,frontal operculum insula,L,1616.6734185047956,12813.136225666356,0.008678010243402137,0.11694088571811367,-14.995339950029987,2860.3462618741924,-9492.392894807213,0.03084958684085525,0.10089386620508511,0.14330810604717728,0.7067188582279416,0.029457927260305262,0.06254250903835352,0.8081873089055049
98,7Networks_LH_SalVentAttn_FrOperIns_2,7networks_lh_salventattn_froperins,7Networks_LH_SalVentAttn_FrOperIns,salience / ventral attention,frontal operculum insula,L,-232.0906616735092,27371.20010852151,0.5177127865961151,-0.011880442937197921,-21.25198780118878,1530.4915928156884,-4241.076395180078,0.5459792659527553,-0.016048007429753985,0.8031164923508602,0.37473045458491205,0.6547119919627751,0.5987308858515722,0.5523624233167209
99,7Networks_LH_SalVentAttn_FrOperIns_3,7networks_lh_salventattn_froperins,7Networks_LH_SalVentAttn_FrOperIns,salience / ventral attention,frontal operculum insula,L,738.210091557817,17202.73215713048,0.14990466437067684,0.022760361383101335,3.7351512255679893,428.42677483432453,22758.759877002536,0.35640724210545777,0.002226152397365344,0.01215888381566597,0.9126668727781088,0.26899888389046356,0.4191940101447612,0.9540795319298278
100,7Networks_LH_SalVentAttn_FrOperIns_4,7networks_lh_salventattn_froperins,7Networks_LH_SalVentAttn_FrOperIns,salience / ventral attention,frontal operculum insula,L,943.7892161582183,3170.4198381749593,0.06705537626969747,0.04874774741855503,-52.38000281227683,5288.0446482006355,-74744.69792195047,0.05559040209106979,0.07807846666744178,2.527108840659564,0.11861004957748451,0.14864436562524103,0.0997551088906944,0.2488526776384931
101,7Networks_LH_SalVentAttn_FrOperIns_5,7networks_lh_salventattn_froperins,7Networks_LH_SalVentAttn_FrOperIns,salience / ventral attention,frontal operculum insula,L,1250.6325878237342,23221.367939002423,0.02807938463629336,0.07772038030399697,-92.73003117206585,8941.409983854937,-114714.3119151077,0.0032118861887831186,0.18341215852651127,7.21268784204081,0.009971867519073753,0.07735388349497944,0.010790605331622254,0.047158623475619624
102,7Networks_LH_SalVentAttn_FrOperIns_6,7networks_lh_salventattn_froperins,7Networks_LH_SalVentAttn_FrOperIns,salience / ventral attention,frontal operculum insula,L,1691.9776761308594,-1357.9700119387926,0.0034188315854531658,0.14764144943580204,-17.965759855227247,3182.0090936845154,-28081.991004967567,0.01280995998383048,0.1338993987357403,0.23840436937682968,0.6276312876279537,0.014580731484900753,0.030290217878432488,0.74398069081747
103,7Networks_LH_SalVentAttn_FrOperIns_7,7networks_lh_salventattn_froperins,7Networks_LH_SalVentAttn_FrOperIns,salience / ventral attention,frontal operculum insula,L,-375.7232312912489,83451.75898858484,0.5592327926470293,-0.013530783460742324,-156.1586873205172,12575.654951792148,-148833.88168711425,0.00035285730360419743,0.25665992701680806,18.44713432557763,8.692511608127691e-05,0.6936931362342932,0.0017999687172618611,0.0017905860131896903
104,7Networks_LH_SalVentAttn_FrOperIns_8,7networks_lh_salventattn_froperins,7Networks_LH_SalVentAttn_FrOperIns,salience / ventral attention,frontal operculum insula,L,325.32896655772356,30595.337158615366,0.5786253731631259,-0.014225982381784075,27.644118215662147,-1967.399255561898,71715.89100561316,0.6674584113317609,-0.02477120077883832,0.5060648828988376,0.48036327328164863,0.7119130607481278,0.7023214887906881,0.626680822039852
105,7Networks_LH_SalVentAttn_FrOperIns_9,7networks_lh_salventattn_froperins,7Networks_LH_SalVentAttn_FrOperIns,salience / ventral attention,frontal operculum insula,L,995.8175277749842,2464.016505721316,0.06650238278333319,0.04902076596775673,45.41587174501856,-2770.851753178067,70020.00744130145,0.08264140150501322,0.06239151831215162,1.6845033135532486,0.20066075070279524,0.14864436562524103,0.1379382216296912,0.35447463353723363
106,7Networks_LH_SalVentAttn_PFCl_1,7networks_lh_salventattn_pfcl,7Networks_LH_SalVentAttn_PFCl,salience / ventral attention,lateral prefrontal cortex,L,-1413.009296258273,105841.32488438376,0.013129180579068308,0.10314997207027454,84.0586538256488,-8384.606163119415,230878.35352020458,0.0030200508504443645,0.1855493276533292,5.85624139346663,0.019442163761333578,0.04227409916948235,0.01030904576016347,0.07609260644521935
107,7Networks_LH_SalVentAttn_Med_1,7networks_lh_salventattn_med,7Networks_LH_SalVentAttn_Med,salience / ventral attention,medial,L,2410.540223465414,-37218.335292163916,2.466338504263284e-06,0.36005613111092716,-7.650689840611818,3045.0676979687305,-48598.716503937976,1.659695747093016e-05,0.34732770375954414,0.06390310055186862,0.8015323802928251,4.383556744018964e-05,0.00014490420561158254,0.8811033914114834
108,7Networks_LH_SalVentAttn_Med_2,7networks_lh_salventattn_med,7Networks_LH_SalVentAttn_Med,salience / ventral attention,medial,L,659.0052232819834,13032.215124772218,0.2593206912023524,0.006146576850691199,-68.62226825484453,6350.3501186531685,-89043.23017837225,0.1053311687317244,0.052662129636055655,3.3568640118226534,0.07326580804876281,0.3990901484944677,0.16320938772765486,0.18479264918965735
109,7Networks_LH_SalVentAttn_Med_3,7networks_lh_salventattn_med,7Networks_LH_SalVentAttn_Med,salience / ventral attention,medial,L,2613.2028026559515,-64434.79783735169,5.5401554382322635e-06,0.33882424286811597,84.53613526714199,-4397.995080519363,61312.48319909384,1.4400916593546797e-06,0.4118080466810601,6.95591721929209,0.011290042891464222,8.673208858473958e-05,2.1793387111567485e-05,0.050251759536517226
110,7Networks_LH_SalVentAttn_Med_4,7networks_lh_salventattn_med,7Networks_LH_SalVentAttn_Med,salience / ventral attention,medial,L,3043.366038566911,-24703.588874324472,1.3155901492113607e-06,0.3761085872974518,-74.85800759198668,9251.886249587982,-136054.68020055475,1.1059431533196478e-06,0.4183790471556609,4.488495493966609,0.03943815905523724,2.844180608295037e-05,1.931146890796616e-05,0.12262329170464586
111,7Networks_LH_SalVentAttn_Med_5,7networks_lh_salventattn_med,7Networks_LH_SalVentAttn_Med,salience / ventral attention,medial,L,2836.466861060859,-57692.22182803095,5.310394119406597e-07,0.3986216876800681,58.78571469305745,-2039.0609486083831,29751.37567114868,7.629278047656149e-07,0.42749620666189936,3.4209043280686133,0.07066940038578645,1.722084950150425e-05,1.3854768934543566e-05,0.1812650156787969
112,7Networks_LH_SalVentAttn_Med_6,7networks_lh_salventattn_med,7Networks_LH_SalVentAttn_Med,salience / ventral attention,medial,L,3179.54551923328,-42026.26669039196,7.526402220418902e-06,0.33061950091811354,29.053511609609387,769.9260298588197,1190.7561593518767,3.8998364487595435e-05,0.3231644288274489,0.47129927032060376,0.49576324029507035,0.00010678083150219317,0.00029025012257980864,0.6365399600161744
113,7Networks_LH_SalVentAttn_Med_7,7networks_lh_salventattn_med,7Networks_LH_SalVentAttn_Med,salience / ventral attention,medial,L,1742.9635770566188,52529.53186798207,0.015760700314589614,0.09704670643285618,-166.79059926269375,15576.123713709754,-195571.0501310086,3.3534190670884966e-05,0.32749820344274405,17.44853874458437,0.00012698937739654542,0.04867590437295023,0.00025804275533189446,0.0022174298976166008
114,7Networks_LH_Limbic_OFC_1,7networks_lh_limbic_ofc,7Networks_LH_Limbic_OFC,limbic,orbital frontal cortex,L,-983.0999125588583,213155.75642196313,2.4883327583583e-05,0.2977143835284557,-45.84172239368219,2818.8882667212465,144966.31375561876,4.0076648315813095e-07,0.4429671154635668,13.51655212185112,0.0006061120244781737,0.00027553733470601666,9.110914573956255e-06,0.006735566470937902
115,7Networks_LH_Limbic_OFC_2,7networks_lh_limbic_ofc,7Networks_LH_Limbic_OFC,limbic,orbital frontal cortex,L,-723.6222813924469,96234.40678168548,0.28506032346939697,0.0034320297354983875,-158.73618322746293,12441.526424669835,-139885.25234253576,0.0004049696015458515,0.25228994856094966,16.975684800052985,0.0001523195725691335,0.42293263678139287,0.001998436946758876,0.002384589170565056
116,7Networks_LH_Limbic_OFC_3,7networks_lh_limbic_ofc,7Networks_LH_Limbic_OFC,limbic,orbital frontal cortex,L,-2466.02789623987,229119.27468872027,1.873395377395453e-06,0.36712644957907214,-110.38840788134166,6689.287392529708,64916.8054706101,6.2172030621380695e-09,0.5334593383868306,18.11314644079684,9.860055138709748e-05,3.6979195710327636e-05,3.246856166659934e-07,0.0017905860131896903
117,7Networks_LH_Limbic_OFC_4,7networks_lh_limbic_ofc,7Networks_LH_Limbic_OFC,limbic,orbital frontal cortex,L,-701.7255597592341,182961.77910913553,0.012423935633045502,0.10499267717446481,-53.572702064892226,3741.4491149097403,103272.52431711707,0.0003652469313578756,0.2555675250605258,10.708862713328802,0.0020027182359566294,0.04057889767915581,0.001842467853738617,0.017828119198515877
118,7Networks_LH_Limbic_OFC_5,7networks_lh_limbic_ofc,7Networks_LH_Limbic_OFC,limbic,orbital frontal cortex,L,-236.25311415095348,167010.0639559682,0.46116033046945026,-0.009229164693695946,-40.25187894286171,3102.1286032791277,107135.49886403381,0.12055231962271379,0.04720534924807396,3.843064522945403,0.055894842238365286,0.5985070347749519,0.18003537206813178,0.15379550531041114
119,7Networks_LH_Limbic_TempPole_1,7networks_lh_limbic_temppole,7Networks_LH_Limbic_TempPole,limbic,temporal pole,L,392.5902921166073,134524.4554289984,0.33141632130898835,-0.0007609013626639349,-82.16977500039876,7207.528669926704,12297.129126173139,0.003411030861438925,0.1813191483488834,11.675518266401061,0.0013160827707139919,0.467276428180996,0.011118083984293581,0.012523200899280187
120,7Networks_LH_Limbic_TempPole_2,7networks_lh_limbic_temppole,7Networks_LH_Limbic_TempPole,limbic,temporal pole,L,-262.6604697139687,143467.74217710158,0.5148203988615656,-0.011756694598839657,-6.168553619106532,248.9426446212692,134292.03473461003,0.7895990067647585,-0.032125588460736765,0.05272486575091462,0.819384252484144,0.6528727963216502,0.8053078558241202,0.8963866280187985
121,7Networks_LH_Limbic_TempPole_3,7networks_lh_limbic_temppole,7Networks_LH_Limbic_TempPole,limbic,temporal pole,L,-588.0863376718046,172677.34364862775,0.15781006414921864,0.02115175545371284,11.691065754272515,-1557.7116370705853,190067.77350885703,0.340499981171396,0.0041628788963490315,0.181125047990069,0.6723506914376607,0.2799638405301762,0.4025702902390984,0.7826851638787127
122,7Networks_LH_Limbic_TempPole_4,7networks_lh_limbic_temppole,7Networks_LH_Limbic_TempPole,limbic,temporal pole,L,1503.4867625223187,73629.08005297935,0.0073524174784102055,0.12244093360648378,-140.94837129398996,13193.362569247794,-136031.25514836062,2.792173781357165e-06,0.39500003796377203,22.624525339005615,1.906438399293477e-05,0.026078105743736195,3.335912886147771e-05,0.0006182307380565989
123,7Networks_LH_Limbic_TempPole_5,7networks_lh_limbic_temppole,7Networks_LH_Limbic_TempPole,limbic,temporal pole,L,1042.9857719992647,69990.61093274038,0.10959803178179536,0.03272272339126192,-206.57351664403856,18175.633225516267,-237286.95705683302,3.46993029876363e-08,0.49804467875168923,45.49689626111456,1.9917297181169062e-08,0.21540046073132077,1.2118064274143754e-06,1.8084905840501508e-06
124,7Networks_LH_Limbic_TempPole_6,7networks_lh_limbic_temppole,7Networks_LH_Limbic_TempPole,limbic,temporal pole,L,532.3622009802193,37617.6662614872,0.3779747355892731,-0.004265740821530528,-69.05306913214262,6259.436553221389,-65098.59422462202,0.14805447665923624,0.0388370732467781,3.152533163412382,0.08228423981560304,0.518430604101299,0.20745905062744832,0.19661602566465147
125,7Networks_LH_Limbic_TempPole_7,7networks_lh_limbic_temppole,7Networks_LH_Limbic_TempPole,limbic,temporal pole,L,-922.6926336117763,140819.7722290781,0.13820893792438654,0.025319442305108297,66.66512568044892,-6451.717429639477,239983.97305016514,0.0870756600887728,0.06030385205093158,2.7870155916511647,0.1016795123838228,0.2561096237455979,0.14169300960682024,0.2240897991371629
126,7Networks_LH_Limbic_TempPole_8,7networks_lh_limbic_temppole,7Networks_LH_Limbic_TempPole,limbic,temporal pole,L,36.53483789656775,136682.6111094681,0.9404415261893355,-0.020713376100985892,-12.602680634736373,1081.767004110162,117936.15648883967,0.925609719919313,-0.039129375876929995,0.14931864138733497,0.7009312446256135,0.9573104324886959,0.9329464345372867,0.8056273039494394
127,7Networks_LH_Cont_Par_1,7networks_lh_cont_par,7Networks_LH_Cont_Par,control,parietal ,L,1079.9616497602478,57046.73549459101,0.0661671510123459,0.049187418094017055,4.9236530216490735,671.607216075935,64370.65654069379,0.18674685446227662,0.029293977678806815,0.01629832516468369,0.8989588462814827,0.14864436562524103,0.2530837967936525,0.949133293515798
128,7Networks_LH_Cont_Par_2,7networks_lh_cont_par,7Networks_LH_Cont_Par,control,parietal ,L,966.1881435520133,71156.72564858355,0.0918044570517629,0.03845623221701111,57.131878165039865,-3772.1749480033404,156140.24561973652,0.07558715562347576,0.06594466527076803,2.412598095125507,0.12707098523619265,0.18859377150000162,0.12823324464941996,0.25640101020991757
129,7Networks_LH_Cont_Par_3,7networks_lh_cont_par,7Networks_LH_Cont_Par,control,parietal ,L,1331.862217063855,-4342.172645714767,0.026709688014343678,0.07939396186288805,-33.60932520486172,4119.328535303146,-54335.95635283213,0.06078341458621929,0.07456824796741224,0.7497014053450443,0.3909692793409566,0.07578873974070018,0.107376148724294,0.5707397196810106
130,7Networks_LH_Cont_Par_4,7networks_lh_cont_par,7Networks_LH_Cont_Par,control,parietal ,L,1206.6058666507008,13573.39955614796,0.05578232751683681,0.054832620564747026,-37.76129901441951,4338.425636731385,-42596.434378916834,0.10743994081591574,0.05186269783880837,0.8496459420802193,0.3613600961102974,0.1312185320862379,0.16534824789974828,0.5439844823573564
131,7Networks_LH_Cont_Par_5,7networks_lh_cont_par,7Networks_LH_Cont_Par,control,parietal ,L,-375.1770725648064,106796.46101458056,0.5888846107538329,-0.014575610829150376,95.50586913349221,-8296.174943871898,248861.19260667273,0.09309629307844393,0.05762663119177369,4.677637475459733,0.03567786621611589,0.7225773331952436,0.1498784292823175,0.11327098784696933
132,7Networks_LH_Cont_Par_6,7networks_lh_cont_par,7Networks_LH_Cont_Par,control,parietal ,L,64.208033433418,76776.28371180808,0.9233675272943617,-0.02063450464342176,42.999994349912996,-3502.0949257680027,140738.66331429488,0.6223673976875057,-0.0217255589433214,0.9487429809925298,0.3350261360288489,0.9484319498138518,0.6632741750002995,0.5191189957580116
133,7Networks_LH_Cont_Temp_1,7networks_lh_cont_temp,7Networks_LH_Cont_Temp,control,temporal,L,-562.8226662398259,53083.79175733968,0.18353995991000774,0.01647650152964697,23.554897565626497,-2516.402013446189,88121.64053773961,0.29191913306915035,0.010664854381893019,0.718033808535233,0.40108410748522316,0.3132599315757275,0.3591633778140766,0.5762410911338333
134,7Networks_LH_Cont_OFC_1,7networks_lh_cont_ofc,7Networks_LH_Cont_OFC,control,orbital frontal cortex,L,-331.7386321461327,73718.35692084415,0.6140118255459824,-0.015381459715950285,-107.35851817560328,8572.285818403823,-85977.15925129509,0.035898802885019586,0.095075673525995,6.858989796718303,0.011834813357150564,0.7413866191432873,0.06998378724040075,0.05042901039929483
135,7Networks_LH_Cont_PFCl_1,7networks_lh_cont_pfcl,7Networks_LH_Cont_PFCl,control,lateral prefrontal cortex,L,-335.5226376045515,96397.7879482637,0.5992198548305663,-0.014915589921558725,-7.2063296077679055,262.1508038389575,85678.39142551465,0.8598955505203321,-0.035878161893070804,0.028646908827837027,0.8663232424203874,0.7297257312593396,0.8714120087862294,0.934229814866641
136,7Networks_LH_Cont_PFCl_2,7networks_lh_cont_pfcl,7Networks_LH_Cont_PFCl,control,lateral prefrontal cortex,L,-169.32907163308641,76754.06499112438,0.7624999908362471,-0.01887265428583529,94.77157781302105,-8029.426811470335,217726.5401564693,0.030363534254734856,0.10150126540975946,7.430669207367976,0.008981160637106413,0.8565398687699475,0.06209479527770101,0.04432007531789469
137,7Networks_LH_Cont_PFCl_3,7networks_lh_cont_pfcl,7Networks_LH_Cont_PFCl,control,lateral prefrontal cortex,L,-189.2881071965219,58107.48146066025,0.7641994109699657,-0.018901439663872255,-79.935690430629,6440.361352958328,-60796.6498632807,0.14709540521719386,0.039102845089915905,3.8975064125799945,0.0542508797286649,0.8565398687699475,0.20739538499567087,0.1520364160297152
138,7Networks_LH_Cont_PFCl_4,7networks_lh_cont_pfcl,7Networks_LH_Cont_PFCl,control,lateral prefrontal cortex,L,71.03337866349955,50040.62621652751,0.9185769675474995,-0.02060878206037109,-85.805569107699,7187.514663163242,-77594.93435152121,0.16879957909033655,0.03345871875626927,3.685079354147424,0.060983076421947766,0.9456552001509405,0.23082834008136383,0.16286068644449578
139,7Networks_LH_Cont_PFCl_5,7networks_lh_cont_pfcl,7Networks_LH_Cont_PFCl,control,lateral prefrontal cortex,L,-190.40278279787555,46326.849986007146,0.721084268452099,-0.018097972775336535,-20.799640456876112,1534.6630092592227,15387.438978836919,0.7911174090254574,-0.032209969611256994,0.3437615717088259,0.5604714539294349,0.8372692017321047,0.8053078558241202,0.6821824130937358
140,7Networks_LH_Cont_PFCl_6,7networks_lh_cont_pfcl,7Networks_LH_Cont_PFCl,control,lateral prefrontal cortex,L,3.3980445580269816,11964.418800313195,0.9915133355314505,-0.020830901986136574,5.508489369879711,-453.4611303681511,20158.282391209737,0.967161844362919,-0.04107295579198289,0.06671422278810037,0.7973100954547534,0.9915133355314505,0.9692968594718879,0.8807269667553723
141,7Networks_LH_Cont_PFCl_7,7networks_lh_cont_pfcl,7Networks_LH_Cont_PFCl,control,lateral prefrontal cortex,L,-712.6264711038607,105582.27399786598,0.29047840668402175,0.002898981994100658,-123.96623636392926,9568.7971027725,-78817.17972479011,0.008761989215584035,0.14778455378799726,9.160503869084996,0.004004278447245525,0.42678704412474394,0.0224742548241534,0.027752955224175497
142,7Networks_LH_Cont_PFCl_8,7networks_lh_cont_pfcl,7Networks_LH_Cont_PFCl,control,lateral prefrontal cortex,L,31.709745271126394,95807.866149243,0.9484488321410351,-0.02074350364053057,50.21761011637148,-4133.202698779027,170506.4304061365,0.2990710366232911,0.009645343561959119,2.4728710126590614,0.12253459181845364,0.9604295360920645,0.3659791122020867,0.2512689768068953
143,7Networks_LH_Cont_PFCv_1,7networks_lh_cont_pfcv,7Networks_LH_Cont_PFCv,control,ventral prefrontal cortex,L,-662.0824733785369,89887.74011726624,0.32187124461605837,3.872355342759981e-05,-113.742725797269,8771.43084984493,-79304.2682645027,0.01801675475866714,0.121237141214951,7.620129639748615,0.008204899867204402,0.4567376084387614,0.04029362886913735,0.041854208311357284
144,7Networks_LH_Cont_pCun_1,7networks_lh_cont_pcun,7Networks_LH_Cont_pCun,control,precuneus,L,234.2316474893155,120346.5605163749,0.6462743185517403,-0.016316931633783227,38.624441142924724,-2969.1747907673935,177800.31611954645,0.4694239065853625,-0.009537075858374822,1.3223587176755296,0.2559869193990298,0.7701011564894754,0.5262184039253199,0.4272722845851453
145,7Networks_LH_Cont_pCun_2,7networks_lh_cont_pcun,7Networks_LH_Cont_pCun,control,precuneus,L,2119.8259836660163,-802.1917217087466,0.0008379100327443779,0.19278744448120033,-17.33378856934621,3557.4434160310357,-26586.157072951843,0.003654241018124447,0.17891623673999468,0.18909860190838057,0.6656581273712763,0.004696434010690711,0.011441554636058615,0.7768863491685333
146,7Networks_LH_Cont_Cing_1,7networks_lh_cont_cing,7Networks_LH_Cont_Cing,control,cingulate,L,2556.8549304294115,-4373.794648567666,0.00010581534108984042,0.2559869566148487,7.681390680359755,1919.7812115068518,7052.253982369613,0.0005806838216473607,0.24073473946524981,0.0357698932977437,0.8508058433727674,0.0009419640167605402,0.002804579308807466,0.9240809877780775
147,7Networks_LH_Cont_Cing_2,7networks_lh_cont_cing,7Networks_LH_Cont_Cing,control,cingulate,L,746.8461135278169,22900.57256358944,0.14665912747864523,0.023447986727981873,-37.647272523949844,3869.2088356126246,-33099.647263882296,0.1894772196025319,0.028694233890037335,1.2592591051808508,0.2674916290324867,0.26421922172740053,0.2545049044365369,0.44160436211181436
148,7Networks_LH_Cont_PFCmp_1,7networks_lh_cont_pfcmp,7Networks_LH_Cont_PFCmp,control,medial posterior prefrontal cortex,L,1741.7513860934,72165.77508364458,0.0031550552490625192,0.15026141374040747,77.72287010245881,-4704.372754957498,187778.34193269763,0.001433092568003644,0.2109789033102597,4.693740904495646,0.03537615283045125,0.013653574972668935,0.005608827809255642,0.11310403792271034
149,7Networks_LH_Default_Temp_1,7networks_lh_default_temp,7Networks_LH_Default_Temp,default,temporal,L,554.1210386822386,44370.4485910199,0.35628442955963513,-0.002709540548185174,-115.68175624826002,10148.452290835625,-127705.86253641525,0.006481516661470075,0.15864732630868805,10.205568427267595,0.002501419166714253,0.4931497896953487,0.018164250396959347,0.019580074167039153
150,7Networks_LH_Default_Temp_2,7networks_lh_default_temp,7Networks_LH_Default_Temp,default,temporal,L,-1139.2663733611782,138327.01455114246,0.05654786354536355,0.05438092510622938,-18.145325803603406,365.6577571508579,111335.88967758267,0.14864481710358318,0.038674300191898214,0.2157517519417325,0.6444406868912347,0.13165502589535924,0.20764537527700544,0.7579690980534212
151,7Networks_LH_Default_Temp_3,7networks_lh_default_temp,7Networks_LH_Default_Temp,default,temporal,L,-1749.1026057103836,164624.14891496726,0.001682105153969059,0.1706154289577233,-5.1239367100028375,-1324.1371858793173,157002.3064040749,0.0075118424012795065,0.15334894327258985,0.021094574558310358,0.8851426933038417,0.008124209998956945,0.020299859822505335,0.9386649175244806
152,7Networks_LH_Default_Temp_4,7networks_lh_default_temp,7Networks_LH_Default_Temp,default,temporal,L,989.1506173422674,-12416.314945327154,0.054632975116858384,0.055522860528515294,2.350355224831439,794.2185267638064,-8920.167669864868,0.16051115975891836,0.03552731122656472,0.004858947624295387,0.9447232867427942,0.12918422241173805,0.22082444403196647,0.9707416357788805
153,7Networks_LH_Default_Temp_5,7networks_lh_default_temp,7Networks_LH_Default_Temp,default,temporal,L,81.56670435751391,33500.62566521257,0.8701953990028024,-0.02025964803159952,15.550986222668755,-1208.1899345178647,56632.67716906101,0.8849388096478286,-0.03714436265810184,0.21855979625154492,0.64229989765816,0.910296569463761,0.8947933620937955,0.7574133858098822
154,7Networks_LH_Default_Temp_6,7networks_lh_default_temp,7Networks_LH_Default_Temp,default,temporal,L,1747.3153521624795,-28723.612778002418,0.0064073616676707515,0.1269950321683022,75.62390315737912,-4524.726160723648,83766.74620698085,0.004392109084724049,0.17246486877535183,3.637413294960039,0.062616654456975,0.023459211267117103,0.01338266794942764,0.16624538668693947
155,7Networks_LH_Default_Temp_7,7networks_lh_default_temp,7Networks_LH_Default_Temp,default,temporal,L,41.175019996780975,99774.66258886576,0.9371144961504487,-0.02069957206075901,-29.63783758924852,2499.2569220257556,55688.45636627798,0.6926446197864571,-0.026387686917476172,0.7339898786759551,0.39594023344267315,0.9560673736006826,0.7163112924443087,0.5734158538690638
156,7Networks_LH_Default_Temp_8,7networks_lh_default_temp,7Networks_LH_Default_Temp,default,temporal,L,-946.9931536855618,145034.23522665616,0.0764359161472023,0.04444176120562582,50.182752630523964,-5109.014612357514,219680.94906413782,0.07452807574279534,0.06650534586347545,2.1345025479084336,0.15067072154238456,0.16184907124122208,0.12720205408732738,0.2850187815843441
157,7Networks_LH_Default_Temp_9,7networks_lh_default_temp,7Networks_LH_Default_Temp,default,temporal,L,-1649.9224737240847,103988.85390848419,0.0018272056230166714,0.16795565052257022,2.046670027975124,-1819.667737360182,107033.27024456835,0.008169516906579886,0.1503197674710678,0.0037165111484644318,0.9516470226617164,0.008641159925516341,0.021439079049637388,0.9730805141631064
158,7Networks_LH_Default_Temp_10,7networks_lh_default_temp,7Networks_LH_Default_Temp,default,temporal,L,-2012.1759757444759,171873.72578307893,0.00306306547707793,0.15122575500309587,61.520259364439596,-7114.499507158716,263384.95135884976,0.004661549688015786,0.1703656097572378,2.107370956416103,0.15323384424661365,0.013501278898964858,0.014108957055727778,0.2886645862571062
159,7Networks_LH_Default_Par_1,7networks_lh_default_par,7Networks_LH_Default_Par,default,parietal,L,-314.8467109660803,63138.5008729008,0.5780117404910992,-0.014204679039677037,-103.325403674672,8254.682156574605,-90557.76798330514,0.014495117976584785,0.1293324884764575,8.913220545829644,0.004484053157975873,0.7119130607481278,0.033575426333517816,0.029937649025309505
160,7Networks_LH_Default_Par_2,7networks_lh_default_par,7Networks_LH_Default_Par,default,parietal,L,-1263.282230179209,97861.27271781444,0.026572798842832278,0.07956593193943884,-11.65105483625036,-296.9753278523241,80530.35899393554,0.08354526095097539,0.061957414903689556,0.0989654082397765,0.7544670591121642,0.07578873974070018,0.13837633970660207,0.8459608236212985
161,7Networks_LH_Default_Par_3,7networks_lh_default_par,7Networks_LH_Default_Par,default,parietal,L,-1094.575632963683,98031.59264136234,0.07664658660101926,0.04435147730344868,33.72223294833706,-3891.4062133560265,148193.32632283206,0.14990684827370718,0.03832838950480977,0.6993690869320901,0.40722755084000717,0.16184907124122208,0.2081275508142601,0.5813877612621486
162,7Networks_LH_Default_Par_4,7networks_lh_default_par,7Networks_LH_Default_Par,default,parietal,L,-1883.0707516490247,115860.14097846337,0.0022399630616574562,0.1613849796896336,65.99643228190823,-7356.635930017073,214029.66211082612,0.0022750114066776004,0.1953084549298545,3.0235415936781913,0.0886111965131872,0.010272153838307931,0.008006629291718068,0.20525246539279077
163,7Networks_LH_Default_Par_5,7networks_lh_default_par,7Networks_LH_Default_Par,default,parietal,L,-362.17058621781507,42322.20312171368,0.46152613472919224,-0.009247987790129697,-63.06228117259974,4868.044053572958,-51482.77587751604,0.11107675803721918,0.0505186400068065,4.021437023548845,0.050702571986260055,0.5985070347749519,0.16870681898919482,0.14476337848045784
164,7Networks_LH_Default_Par_6,7networks_lh_default_par,7Networks_LH_Default_Par,default,parietal,L,-75.12151185706955,53045.44961008362,0.8922429883253808,-0.02043904179178191,-31.447328522870713,2533.0346627104436,6267.630336531967,0.6891927517372061,-0.026169501581913668,0.7319525970102426,0.3965915817508503,0.9248363394970843,0.7157681008721887,0.5734158538690638
165,7Networks_LH_Default_Par_7,7networks_lh_default_par,7Networks_LH_Default_Par,default,parietal,L,418.2831960961405,47003.416652417196,0.43903174677910384,-0.008045755580489589,79.42649228542464,-6169.134750322091,165150.11706156743,0.05692407665101799,0.07714792253745262,5.431150613980384,0.024123659134844155,0.5828082252564712,0.10134717960612613,0.08767742861349728
166,7Networks_LH_Default_PFC_1,7networks_lh_default_pfc,7Networks_LH_Default_PFC,default,prefrontal cortex,L,174.1815817371819,73515.72725465379,0.7826841906018607,-0.01919972068582121,83.95218731018429,-6788.585240960057,198394.38722601143,0.12150158964893912,0.04688728576144274,4.328227881214383,0.042962015964513094,0.8666795671542554,0.18085810393645363,0.13003170165259295
167,7Networks_LH_Default_PFC_2,7networks_lh_default_pfc,7Networks_LH_Default_PFC,default,prefrontal cortex,L,454.53655456850515,67012.35519437431,0.4831215791619453,-0.01031896371842489,109.55289834064806,-8631.483837946667,229972.00614677873,0.024639877090751907,0.1094520489287879,7.455585687610543,0.008874764159474337,0.6195966015240768,0.05203691725474898,0.044276295916498336
168,7Networks_LH_Default_PFC_3,7networks_lh_default_pfc,7Networks_LH_Default_PFC,default,prefrontal cortex,L,98.32569217103037,88105.63748226778,0.882668082619914,-0.020365341404253057,-71.47192188067189,6026.013133910663,-18208.660167403374,0.2625729315394736,0.015115156414659547,2.729201039492125,0.10519494511299679,0.9212214011711286,0.32930417380917404,0.2285095936904332
169,7Networks_LH_Default_PFC_4,7networks_lh_default_pfc,7Networks_LH_Default_PFC,default,prefrontal cortex,L,144.87103124644432,96858.902960379,0.8215085656344031,-0.019740127370139637,-122.34258730664631,10291.633553993988,-85125.37701834505,0.011185575617994829,0.13888251694522202,9.841867778746547,0.0029423856868593294,0.8880116399952834,0.0275991920139655,0.02264140850566331
170,7Networks_LH_Default_PFC_5,7networks_lh_default_pfc,7Networks_LH_Default_PFC,default,prefrontal cortex,L,-1712.0382698602564,142472.40315743707,0.006613518812572635,0.12594769902669634,-54.651957512496566,2820.646925791684,61177.75869801647,0.010287211909260697,0.14194496333296425,1.8948944460293737,0.17517362275166345,0.023855513656320635,0.025803282910521308,0.31939287039861525
171,7Networks_LH_Default_PFC_6,7networks_lh_default_pfc,7Networks_LH_Default_PFC,default,prefrontal cortex,L,-938.768213740166,134275.67508161144,0.1647621492174755,0.019809051796376598,42.532342546455446,-4466.285400158109,197542.42384444934,0.24362532607009518,0.01824910838333993,0.9237308726020578,0.34141598145516805,0.28770006055666875,0.31244603964921813,0.5236582958805618
172,7Networks_LH_Default_PFC_7,7networks_lh_default_pfc,7Networks_LH_Default_PFC,default,prefrontal cortex,L,-110.35464107504237,57224.53804375472,0.8586919045415766,-0.020152367885359235,-109.20190746933662,8946.555520103264,-105213.01490172594,0.02281314653877856,0.11236634138078827,8.166129836344865,0.006340571005494025,0.910296569463761,0.04931985013621651,0.036438218183471996
173,7Networks_LH_Default_PFC_8,7networks_lh_default_pfc,7Networks_LH_Default_PFC,default,prefrontal cortex,L,773.7330943898146,100503.3276888097,0.22120655679897544,0.010824907678246953,132.48603275551042,-10214.299295195608,297575.95635422727,0.00173884603173549,0.20445907596329027,12.683170276797982,0.0008577174153980971,0.35486846921107723,0.006470787691868135,0.008465297969363829
174,7Networks_LH_Default_PFC_9,7networks_lh_default_pfc,7Networks_LH_Default_PFC,default,prefrontal cortex,L,2284.334354190957,-23181.847399378228,0.00018171440755272066,0.2398679645994839,-23.69211466403324,4249.29411554621,-58423.806256278476,0.0008032019755665092,0.2301809787566006,0.39599398348539333,0.5322124119665907,0.0014223851901540548,0.0036281962345067983,0.6656320524320446
175,7Networks_LH_Default_PFC_10,7networks_lh_default_pfc,7Networks_LH_Default_PFC,default,prefrontal cortex,L,851.4779291334332,15341.153478193932,0.14251818365698538,0.02434992926333812,-92.64028744391166,8534.812223645096,-122461.03281402322,0.015314045895649664,0.12729390930542106,6.662056326531696,0.01302978617819724,0.2592553268286882,0.03493757204334144,0.05377748113546861
176,7Networks_LH_Default_PFC_11,7networks_lh_default_pfc,7Networks_LH_Default_PFC,default,prefrontal cortex,L,-886.5207503290462,184020.95782251173,0.04077008334456891,0.06525898684040154,69.23244174318043,-6628.471780653873,287004.03460036544,0.005154582926555069,0.16680864468765544,6.850257021498856,0.011885251349613539,0.10170119691447409,0.015395925320105273,0.05042901039929483
177,7Networks_LH_Default_PFC_12,7networks_lh_default_pfc,7Networks_LH_Default_PFC,default,prefrontal cortex,L,1968.1616642616148,-24217.759311468748,0.002654314005366836,0.15588451571299244,-6.3225917461895165,2492.540283262635,-33622.59806680627,0.011350378960651117,0.13834640251622532,0.023007115732882905,0.8800877877758939,0.01193127285580736,0.027704688430836597,0.9386649175244806
178,7Networks_LH_Default_PFC_13,7networks_lh_default_pfc,7Networks_LH_Default_PFC,default,prefrontal cortex,L,3256.2468129261115,-28189.821165215515,1.073372213364346e-06,0.381225486345799,61.233926881877764,-1822.3290786264315,62895.48558849271,2.213970776456506e-06,0.40094425363560093,2.5799878987134393,0.11492117406474915,2.7072832492634057e-05,2.9359740991431023e-05,0.24267075825765633
179,7Networks_LH_Default_PFC_14,7networks_lh_default_pfc,7Networks_LH_Default_PFC,default,prefrontal cortex,L,202.4263367743988,65793.7119169494,0.7597358743615197,-0.018825339180728484,-35.90607849764592,3180.3791466619978,12383.513668684303,0.6848009528052281,-0.025890387754911925,0.6694360960892346,0.4173772438751657,0.8565398687699475,0.7147117990197094,0.5884759898115691
180,7Networks_LH_Default_PFC_15,7networks_lh_default_pfc,7Networks_LH_Default_PFC,default,prefrontal cortex,L,858.816384097594,50275.71942438616,0.22273189746051852,0.010619906457612127,-57.40803070111511,5620.082818350708,-35118.57672494334,0.22226638754765735,0.0220748452190076,1.5622486116231713,0.21752434176956592,0.35605732903899795,0.28996821823746105,0.37266434401276577
181,7Networks_LH_Default_PFC_16,7networks_lh_default_pfc,7Networks_LH_Default_PFC,default,prefrontal cortex,L,-181.6544353060516,92993.70670898937,0.7585758772585297,-0.01880529945634901,-62.008413321792275,4961.155261954791,756.3533930484123,0.2685377779345821,0.014173293639593298,2.6057309650794913,0.11317267077392976,0.8565398687699475,0.3358571657914608,0.24009529220263603
182,7Networks_LH_Default_PFC_17,7networks_lh_default_pfc,7Networks_LH_Default_PFC,default,prefrontal cortex,L,-1896.192960958523,174658.6446504465,0.0006601928681847958,0.200273487613146,-9.563142544697612,-1103.051843801857,160433.49502230814,0.0031075605585554346,0.1845587570470959,0.0749706693288255,0.7854321412465404,0.0038927766532120423,0.010528600698389307,0.8739857650145327
183,7Networks_LH_Default_PFC_18,7networks_lh_default_pfc,7Networks_LH_Default_PFC,default,prefrontal cortex,L,461.9950204612792,133694.04537963914,0.14114864891412598,0.02465454739636519,-34.201831358198206,3298.6021927852125,82818.91031260967,0.08437765145471277,0.061561595558097926,2.8877512934018594,0.09586597863792085,0.25839309115731124,0.13837633970660207,0.2164012189098193
184,7Networks_LH_Default_PFC_19,7networks_lh_default_pfc,7Networks_LH_Default_PFC,default,prefrontal cortex,L,808.8763349931182,26779.323692454396,0.21047399654368376,0.0123154225867117,-92.67608543911804,8495.179618179503,-111076.11202439676,0.038934392511592246,0.09194446611690954,5.209207418300471,0.027037474258092376,0.3424917363112273,0.07426980756412975,0.0934230470064197
185,7Networks_LH_Default_PFC_20,7networks_lh_default_pfc,7Networks_LH_Default_PFC,default,prefrontal cortex,L,-263.2929041080082,84754.86323313566,0.6216297486822449,-0.015612134156191448,34.65644649322262,-3137.6046232777026,136306.23712947356,0.5491534948669833,-0.016298677577772702,0.9675744100007821,0.33032260985035855,0.7485939148587245,0.6007592888176032,0.5153486765362982
186,7Networks_LH_Default_PFC_21,7networks_lh_default_pfc,7Networks_LH_Default_PFC,default,prefrontal cortex,L,1297.4989988693503,10705.832633648002,0.02733666743227213,0.07861744006493954,-13.592469082754121,2424.821535663562,-9512.929725514216,0.08442785484301492,0.061537842483355254,0.12642115896772008,0.7237628184868992,0.07708600629969906,0.13837633970660207,0.8214707989826305
187,7Networks_LH_Default_PFC_22,7networks_lh_default_pfc,7Networks_LH_Default_PFC,default,prefrontal cortex,L,2480.410745507007,-10624.85633981933,0.0002676301013883092,0.22815179123784002,-30.49637977024871,5009.6978085363535,-55988.14182058214,0.001079512801319471,0.220434526140593,0.524826666791741,0.47238108594050043,0.0018692933235429595,0.004455443743627635,0.6223581054704378
188,7Networks_LH_Default_PFC_23,7networks_lh_default_pfc,7Networks_LH_Default_PFC,default,prefrontal cortex,L,-648.115839286208,135655.56906213763,0.22650829303692727,0.01011934582325169,20.966942058408733,-2387.0571726228945,166843.8407658527,0.40722901881709883,-0.003449715914972007,0.35092416380740166,0.5564298618255095,0.36082373697812276,0.46569766887396186,0.6790837560988744
189,7Networks_LH_Default_PFC_24,7networks_lh_default_pfc,7Networks_LH_Default_PFC,default,prefrontal cortex,L,1422.8966756132745,79656.00443285491,0.008399409777186593,0.11802465295602438,23.150594347958034,-497.1508587781009,114092.45322997555,0.02576339412371786,0.10776073431695554,0.4478296196725462,0.5066415455278654,0.02910940487666193,0.05390129461828529,0.6433910955688074
190,7Networks_LH_Default_pCunPCC_1,7networks_lh_default_pcunpcc,7Networks_LH_Default_pCunPCC,default,precuneus posterior cingulate cortex,L,88.68446614077357,119334.20895340356,0.8696869273316271,-0.020255105409691998,12.116556573744987,-916.2298883273961,137357.5552994118,0.9326879029223631,-0.03946628344424363,0.11287498176179478,0.7383897409214877,0.910296569463761,0.9368148405459135,0.8339028417372025
191,7Networks_LH_Default_pCunPCC_2,7networks_lh_default_pcunpcc,7Networks_LH_Default_pCunPCC,default,precuneus posterior cingulate cortex,L,-2173.806040381533,148657.4736680316,0.0010391117139280839,0.1859852858951354,28.409604006488166,-4530.0215787746165,190916.6856351848,0.003878132546458423,0.17683590329142418,0.4664850341090495,0.49796172452560306,0.005616151406230358,0.011977361742123292,0.6368299237595036
192,7Networks_LH_Default_pCunPCC_3,7networks_lh_default_pcunpcc,7Networks_LH_Default_pCunPCC,default,precuneus posterior cingulate cortex,L,371.18951945781015,49134.72188603201,0.5230274774111883,-0.012104728988759028,-89.05883583758974,7757.487926989444,-83340.06446963217,0.0495573612768606,0.08257428222304619,5.953635428030961,0.018513158907954488,0.6577686281016052,0.09145952040526306,0.07308673168879423
193,7Networks_LH_Default_pCunPCC_4,7networks_lh_default_pcunpcc,7Networks_LH_Default_pCunPCC,default,precuneus posterior cingulate cortex,L,-1132.9365306510495,152309.57672739885,0.02646030342004456,0.07970792330199694,54.87919675518894,-5684.468333050547,233942.2389684831,0.021450267340072503,0.11469002273653806,2.8966698851043,0.09536956366497379,0.07578873974070018,0.04681933352111979,0.2164012189098193
194,7Networks_LH_Default_pCunPCC_5,7networks_lh_default_pcunpcc,7Networks_LH_Default_pCunPCC,default,precuneus posterior cingulate cortex,L,1058.6209223200308,17079.81624433103,0.13900774271070418,0.02513725707890846,0.2390937888329745,1038.7911316530272,17435.467632502492,0.3386314202694979,0.004396038946150926,2.5603234308430756e-05,0.9959841666569675,0.25654274467747845,0.4014064355152795,0.9968716249143774
195,7Networks_LH_Default_pCunPCC_6,7networks_lh_default_pcunpcc,7Networks_LH_Default_pCunPCC,default,precuneus posterior cingulate cortex,L,506.4468545983698,-5455.015857600021,0.11128300141072031,0.03223186455815452,-3.332363931534223,782.824085103538,-10411.898526652445,0.2816428573129206,0.01217242037037769,0.025282001769689023,0.874347685151812,0.21647303470369064,0.35031741704127656,0.9384251750801954
196,7Networks_LH_Default_pCunPCC_7,7networks_lh_default_pcunpcc,7Networks_LH_Default_pCunPCC,default,precuneus posterior cingulate cortex,L,-279.69646106333994,18382.294728927933,0.3110681300611583,0.0009814714629613475,-13.880542583255606,871.5181109005781,-2264.976211945398,0.45131073500431285,-0.007848047650785395,0.5794833175023502,0.4503176431363507,0.44691433875875275,0.5088088236684374,0.6115687843443638
197,7Networks_LH_Default_pCunPCC_8,7networks_lh_default_pcunpcc,7Networks_LH_Default_pCunPCC,default,precuneus posterior cingulate cortex,L,1292.4403562512612,-12445.570935649448,0.021726930386828127,0.0863054687325352,49.22206389092449,-2789.9041827675146,60772.12090378041,0.029343810431734584,0.10280641720283623,1.882803379071341,0.17652968988750675,0.06405211945207771,0.06028094993668552,0.32039464056624206
198,7Networks_LH_Default_pCunPCC_9,7networks_lh_default_pcunpcc,7Networks_LH_Default_pCunPCC,default,precuneus posterior cingulate cortex,L,1372.20596214484,-16466.678028489863,0.019680644218143178,0.08961640610479726,79.64595847514946,-5233.413915080429,102006.47776627843,0.0069188123544088355,0.15630656235227325,4.794183238883312,0.03355549860547272,0.05956674983358001,0.01903721702364613,0.1088156883348901
199,7Networks_LH_Default_pCunPCC_10,7networks_lh_default_pcunpcc,7Networks_LH_Default_pCunPCC,default,precuneus posterior cingulate cortex,L,478.9045448005836,113084.68871274142,0.3885749996278357,-0.004982284927518954,71.04665628375801,-5413.512521218054,218766.4048946023,0.10108215725514864,0.054320563425066526,4.010044007336902,0.05101793074201158,0.5313646079248114,0.1577020597726374,0.14476337848045784
200,7Networks_LH_Default_pCunPCC_11,7networks_lh_default_pcunpcc,7Networks_LH_Default_pCunPCC,default,precuneus posterior cingulate cortex,L,2030.8400250692446,-40855.71233444305,0.00042935306756074817,0.21365326849455546,79.11650420901006,-4530.86835066303,76829.8816184004,0.00017095809663381068,0.27923173771514054,5.367237969953847,0.024926454330369587,0.0027454407418673193,0.0009950637932275646,0.08767742861349728
201,7Networks_RH_Vis_1,7networks_rh_vis,7Networks_RH_Vis,visual,visual,R,-622.0381814828877,111995.39475450726,0.2840636825507431,0.003531452294715187,17.081175814598737,-2038.704596797576,137403.59929098983,0.5137501955514838,-0.013420759926164427,0.197069747553326,0.6591337063147509,0.42293263678139287,0.5677499658558857,0.7732472937129119
202,7Networks_RH_Vis_2,7networks_rh_vis,7Networks_RH_Vis,visual,visual,R,414.14009186602925,70768.0633781681,0.5460186550702191,-0.013030283379845242,-151.60586617745335,12987.91963195667,-154745.267704996,0.001600159438011687,0.20726789738695373,14.339074628049929,0.0004327510206118777,0.6810232675875809,0.006053936540477548,0.005037665727122884
203,7Networks_RH_Vis_3,7networks_rh_vis,7Networks_RH_Vis,visual,visual,R,-562.1163767440246,123240.81171393607,0.27091114243824765,0.0048852349344457036,33.81636725059276,-3366.754200969107,173542.56992483925,0.331948007113543,0.0052402033418322835,1.0171282390098648,0.3183653301048037,0.4099788622232148,0.39511324185535834,0.5001310030020101
204,7Networks_RH_Vis_4,7networks_rh_vis,7Networks_RH_Vis,visual,visual,R,124.09668415208114,67946.72530085713,0.8307393853209046,-0.019851915533678266,-96.1104781517758,8095.239188351896,-75017.36063123451,0.03634416829352598,0.09460075980417104,7.067741359081035,0.010694518286777201,0.8958567243128045,0.07048485468758159,0.04904354850703888
205,7Networks_RH_Vis_5,7networks_rh_vis,7Networks_RH_Vis,visual,visual,R,414.8057094113366,25164.06644907692,0.44316209909784876,-0.008273489889181418,-63.959300678324034,5719.416715203788,-69975.22672864058,0.14625315396742838,0.039337616321903246,3.378913900409206,0.07236009587475567,0.5865760728583771,0.20732563806433704,0.18352784093373783
206,7Networks_RH_Vis_6,7networks_rh_vis,7Networks_RH_Vis,visual,visual,R,-330.56284311819127,53263.6533313267,0.5296663456610341,-0.01237935051023431,-57.37808071240145,4428.21962026486,-32086.092287795203,0.20720110430506514,0.024991228524862352,2.8397658012560543,0.09858724537866224,0.6642776821273743,0.27425452289941565,0.22048576060055497
207,7Networks_RH_Vis_7,7networks_rh_vis,7Networks_RH_Vis,visual,visual,R,222.7150986094939,150765.99803314597,0.46705711618206724,-0.009529768987071474,36.919974678345596,-2839.327511851712,205684.36420951996,0.1409914662898147,0.04083425217437919,3.5203913100837054,0.06683537913444099,0.6006910219452083,0.20320674823992343,0.17575463748560027
208,7Networks_RH_Vis_8,7networks_rh_vis,7Networks_RH_Vis,visual,visual,R,-1227.9830822798347,139732.62211216736,0.05375685014310276,0.05605908491369038,25.012871111719132,-3302.482802860103,176939.2027451043,0.13254037343128428,0.04335383123767744,0.3625101982715003,0.5500091697919367,0.12777806264381494,0.19348337471962399,0.6767050490123016
209,7Networks_RH_Vis_9,7networks_rh_vis,7Networks_RH_Vis,visual,visual,R,-704.7014706627366,55232.25616734995,0.1243459218561274,0.028676762886434948,78.14757266534232,-7186.04929091852,171476.56697256007,0.00851293586323079,0.14882963831863605,7.775774017028879,0.007620503520482345,0.2371976828684111,0.02195950501083397,0.040229169747662614
210,7Networks_RH_Vis_10,7networks_rh_vis,7Networks_RH_Vis,visual,visual,R,214.58807264077836,90283.61185246534,0.6716648569424911,-0.016979719530907378,37.788943043141245,-2919.5244182396086,146494.5662082545,0.485422625168085,-0.01097781843549428,1.284962980716696,0.2627274602474336,0.7873071093670281,0.5414788005560457,0.43532214216180604
211,7Networks_RH_Vis_11,7networks_rh_vis,7Networks_RH_Vis,visual,visual,R,-2216.038305852485,203000.8704153165,0.0005530078572936911,0.2058034764098673,-64.39486139348244,3124.6969248582463,107213.68180821474,0.0007330911195740061,0.23316718660020685,2.7128350093849254,0.1062148710263178,0.003439254345360764,0.0033961568192510077,0.22962643545689657
212,7Networks_RH_Vis_12,7networks_rh_vis,7Networks_RH_Vis,visual,visual,R,1391.398478566974,75708.68760504716,0.017140872877611325,0.09423947470646732,-102.9656833296492,9931.093115886619,-77452.49817482584,0.001070391746907087,0.22071595251821896,8.790318503993266,0.004744773410033882,0.05236655877887852,0.004455443743627635,0.031219233741382354
213,7Networks_RH_Vis_13,7networks_rh_vis,7Networks_RH_Vis,visual,visual,R,632.8798150453549,78214.15473913713,0.31252521443925646,0.000851889626113489,100.72420446128952,-7720.912641539774,228041.14654023104,0.02654003965908956,0.10663238778021,6.683510172011317,0.012893577735467164,0.44759131657861967,0.05527145873957183,0.05370352561378067
214,7Networks_RH_Vis_14,7networks_rh_vis,7Networks_RH_Vis,visual,visual,R,1459.2909444646166,51263.75649723441,0.020215266089619603,0.08871934827419514,-43.1215856127406,5035.678353373358,-12879.4897920261,0.03943052535459051,0.09145505520429642,1.1445321262278283,0.29016030230261486,0.060779674203227156,0.07490150004595855,0.46071205596897624
215,7Networks_RH_Vis_15,7networks_rh_vis,7Networks_RH_Vis,visual,visual,R,-2250.627010548676,148661.95164678476,0.0008151386603688145,0.19365532143762987,114.80350089900021,-11772.118144968266,319431.8602296026,7.125960869265892e-05,0.30557799474191016,8.736345158890506,0.0048642925835947984,0.004625911897593022,0.00046886757023865435,0.031548411899314836
216,7Networks_RH_Vis_16,7networks_rh_vis,7Networks_RH_Vis,visual,visual,R,-82.24791970329241,16545.954030725865,0.7926821807973147,-0.019349899042887975,-43.879008041989145,3556.9580521292623,-48723.9561493429,0.09547691008908092,0.05661353401510061,4.865059462112129,0.03233186370316963,0.8712131770165222,0.15156124888266692,0.10793136853852214
217,7Networks_RH_Vis_17,7networks_rh_vis,7Networks_RH_Vis,visual,visual,R,484.0564189184229,115238.82285819431,0.32192959185110936,3.3742641898037995e-05,35.86978547674681,-2490.8863462054624,168595.03533239622,0.3317955786658857,0.005259645380896183,1.2521696544300434,0.26882498759129825,0.4567376084387614,0.39511324185535834,0.44219762451612105
218,7Networks_RH_Vis_18,7networks_rh_vis,7Networks_RH_Vis,visual,visual,R,1748.0780658116332,-9416.276850002294,0.002981000171485417,0.15211025682109036,-36.40242691472508,4767.196667820505,-63564.79207593908,0.007925446368537337,0.1514157309214592,0.9607142809535085,0.3320255937012473,0.013268373312297837,0.020984861530814084,0.5162315737683776
219,7Networks_RH_Vis_19,7networks_rh_vis,7Networks_RH_Vis,visual,visual,R,-129.85711407879666,24885.057070687315,0.7944543067948022,-0.019375711821391528,-43.66002760813861,3491.187214222057,-40059.120284360906,0.4025409261119052,-0.00295541644057562,1.78585165936523,0.18786640014275963,0.8712131770165222,0.46266729229064546,0.33845772089211457
220,7Networks_RH_Vis_20,7networks_rh_vis,7Networks_RH_Vis,visual,visual,R,863.5427466228275,78498.18762239076,0.1364889358635194,0.025715648582490203,81.39036890056663,-5886.753802222502,199566.1493816696,0.031066705359530163,0.10062549766292672,4.997970530093324,0.030165223306401177,0.25395892164769596,0.06254250903835352,0.10144452874893434
221,7Networks_RH_Vis_21,7networks_rh_vis,7Networks_RH_Vis,visual,visual,R,-1781.3413230491676,141382.51284921658,0.005441451493910973,0.13238985387648694,58.815664966022645,-6659.353127163541,228870.6613014284,0.007677315087320598,0.15256356703807306,2.142667690568419,0.14990915738490843,0.02093575405284391,0.02050294735084442,0.2850187815843441
222,7Networks_RH_Vis_22,7networks_rh_vis,7Networks_RH_Vis,visual,visual,R,-438.3631749972467,29227.44832123941,0.045132285451621956,0.061871644770929435,18.48936510110356,-1971.8209921598386,56730.33075378463,0.05869961914406532,0.07594095264303258,1.7308264334325327,0.19468708627480552,0.1101615999733138,0.10410010582580333,0.3466193614461243
223,7Networks_RH_Vis_23,7networks_rh_vis,7Networks_RH_Vis,visual,visual,R,-1378.2498647389998,126509.01633923472,0.037648728357997804,0.06791670682965156,6.445962498543208,-1912.860519484411,136097.36876738025,0.1166627595969912,0.048534136766257174,0.02217893568886914,0.8822492470442228,0.09638473879790738,0.1748016265908713,0.9386649175244806
224,7Networks_RH_Vis_24,7networks_rh_vis,7Networks_RH_Vis,visual,visual,R,82.90421790880353,26271.09884429147,0.8602743391629482,-0.020167686652449168,-69.7949678259175,5871.509636538176,-77548.73401654082,0.07315788590787568,0.06724215754767304,5.498136955434191,0.023311989806004248,0.910296569463761,0.1253346422723606,0.08604588107256853
225,7Networks_RH_Vis_25,7networks_rh_vis,7Networks_RH_Vis,visual,visual,R,-174.61908138834093,52775.94848745841,0.7646810475783803,-0.018909555706410952,-31.341285768474652,2424.7421946094864,6155.867534883757,0.6905427933524639,-0.02625495919552856,0.6564407661873563,0.42190276182134656,0.8565398687699475,0.7157681008721887,0.5924404188805994
226,7Networks_RH_Vis_26,7networks_rh_vis,7Networks_RH_Vis,visual,visual,R,658.4417884378677,34139.51841424967,0.302552376362872,0.0017545499148201582,-76.48489277411144,7001.891446009056,-79631.56038318593,0.10974107719040553,0.051007304340008,3.4912016954617844,0.06793590696860888,0.4402524963741791,0.16775235368499702,0.1762451529357053
227,7Networks_RH_Vis_27,7networks_rh_vis,7Networks_RH_Vis,visual,visual,R,2019.5885870846794,-6363.023446401319,0.001375152126292653,0.17706846231481388,28.63007025920642,-354.9118246289436,36224.131497466835,0.004878545115946796,0.1687577721634852,0.5201000215039288,0.47437130461250165,0.0069368785037429385,0.014667943593641361,0.6223581054704378
228,7Networks_RH_Vis_28,7networks_rh_vis,7Networks_RH_Vis,visual,visual,R,671.0897557153147,26822.981102362322,0.2578235613081956,0.006314477761968473,-68.96475206590765,6390.839329908871,-75761.9079777433,0.10845900107693458,0.05148174327759625,3.285700596045184,0.0762757142488532,0.3990901484944677,0.1663526570571902,0.19132140480099089
229,7Networks_RH_Vis_29,7networks_rh_vis,7Networks_RH_Vis,visual,visual,R,-2451.3363873544376,195183.5699378778,0.00012073273787893902,0.25208206117550214,49.02272045610046,-6517.147922305237,268104.7389371959,0.00030347755151067694,0.2614133041376846,1.606428012708553,0.21123848986410568,0.0010342011886233643,0.0015836644642051418,0.36603921526070216
230,7Networks_RH_Vis_30,7networks_rh_vis,7Networks_RH_Vis,visual,visual,R,142.2105548401846,82599.79535055718,0.8524383580407777,-0.020090069897882534,149.01593266483542,-12216.766920975208,304260.6070791548,0.00896383016698009,0.14695824241027677,10.399679346820585,0.0022951217909300855,0.9094058593082888,0.0228628027854436,0.018967890459054577
231,7Networks_RH_SomMot_1,7networks_rh_sommot,7Networks_RH_SomMot,somatomotor,somatomotor,R,827.0923213079909,-16062.025405369903,0.03958324015595426,0.06624443685687942,106.49938536473698,-8005.67798300168,142355.53294820734,4.9092444176691755e-06,0.3802964955780793,25.325340604099974,7.537904724398373e-06,0.09928613829173058,5.571992414054514e-05,0.0002632468265289893
232,7Networks_RH_SomMot_2,7networks_rh_sommot,7Networks_RH_SomMot,somatomotor,somatomotor,R,-453.0433048745725,35727.01655232713,0.264382953194343,0.005587417256182059,-38.75162635663831,2760.911530210823,-21915.92672499093,0.1874508187629694,0.029138547734892994,2.164382683379466,0.14790548450493174,0.40414094528697553,0.2532817610666313,0.28332949352421527
233,7Networks_RH_SomMot_3,7networks_rh_sommot,7Networks_RH_SomMot,somatomotor,somatomotor,R,-28.18489040874767,8262.264247592659,0.9268067770338188,-0.02065199855123745,-18.23972262822292,1484.5682568291993,-18869.275656733524,0.6679548314344657,-0.024803622018507276,0.805545255552052,0.3740152950582736,0.9484319498138518,0.7023214887906881,0.5523624233167209
234,7Networks_RH_SomMot_4,7networks_rh_sommot,7Networks_RH_SomMot,somatomotor,somatomotor,R,807.3814256266319,13920.740618921154,0.21446704663262328,0.011750791338965838,-26.72513639430666,3023.891786825577,-25832.830162288814,0.3846639088301831,-0.0010185215490785549,0.3876966255553268,0.5365221653770968,0.3465054774776191,0.44437001172748886,0.6691787447285769
235,7Networks_RH_SomMot_5,7networks_rh_sommot,7Networks_RH_SomMot,somatomotor,somatomotor,R,672.1230717670312,41862.12806586337,0.2808641111414824,0.003853574448421826,54.03814327263402,-3809.654034869616,122243.72544216103,0.23605632349268305,0.019566738257644434,1.7692842463364882,0.1898894693063519,0.42083269458162714,0.30445900814113097,0.3394087364767077
236,7Networks_RH_SomMot_6,7networks_rh_sommot,7Networks_RH_SomMot,somatomotor,somatomotor,R,1156.620085796972,14530.803538554144,0.048812583543169336,0.0592634612726779,3.959184619300771,828.2560467476269,20420.08034811112,0.14579860485880866,0.03946485685824397,0.010621299305682067,0.9183540869016183,0.11787719642871744,0.20732563806433704,0.9540795319298278
237,7Networks_RH_SomMot_7,7networks_rh_sommot,7Networks_RH_SomMot,somatomotor,somatomotor,R,-522.7934438012358,35329.99330003139,0.18959333821174235,0.015483276439831384,-2.766721338308856,-293.32907653169457,31214.502515192176,0.4245372978117875,-0.005228641083853569,0.010999089654920172,0.9169200712347187,0.3211767744333247,0.4842512823849695,0.9540795319298278
238,7Networks_RH_SomMot_8,7networks_rh_sommot,7Networks_RH_SomMot,somatomotor,somatomotor,R,1509.9694113276637,-860.1402449603484,0.032120560016518744,0.07322264409044865,10.062045750288448,675.4506148165719,14107.126602106466,0.10070755182935433,0.05446996229752399,0.048016784059460596,0.8274997067258907,0.08578078969117359,0.1577020597726374,0.9009229420948546
239,7Networks_RH_SomMot_9,7networks_rh_sommot,7Networks_RH_SomMot,somatomotor,somatomotor,R,-264.383795125885,75591.04934780486,0.6102516187862226,-0.015265302153065763,-77.54937484784062,6167.351119849406,-39763.443761870825,0.0617723695188978,0.0739324666173592,5.623305262998931,0.02187286736140702,0.7388112931438535,0.10828052417598302,0.0827523481839899
240,7Networks_RH_SomMot_10,7networks_rh_sommot,7Networks_RH_SomMot,somatomotor,somatomotor,R,641.7501378320676,21443.442110273958,0.26090577710663776,0.00597008302374602,-83.11485026465294,7535.070495978024,-102189.68118669132,0.04222523036270561,0.08880374654947354,5.363512069083377,0.024974132421141007,0.4001730500216674,0.07888993656242117,0.08767742861349728
241,7Networks_RH_SomMot_11,7networks_rh_sommot,7Networks_RH_SomMot,somatomotor,somatomotor,R,-2450.0704165832567,153498.4171557813,3.08247398332731e-05,0.29167289858477685,88.10838772183705,-9757.541234041413,284559.41441469546,7.210837988461141e-06,0.37007462301098837,6.974172354265704,0.01119046279057175,0.00032545190428618574,7.116783579915996e-05,0.050251759536517226
242,7Networks_RH_SomMot_12,7networks_rh_sommot,7Networks_RH_SomMot,somatomotor,somatomotor,R,-1283.5269597135987,129968.0844203069,0.0342390620539598,0.07108762276758718,163.30988360896396,-14828.005976201373,372891.11094985926,2.7387740644866643e-06,0.39549696422431724,26.759421323570216,4.676545130118725e-06,0.0903751986773125,3.335912886147771e-05,0.00017692929075615845
243,7Networks_RH_SomMot_13,7networks_rh_sommot,7Networks_RH_SomMot,somatomotor,somatomotor,R,982.3519226353867,35841.86104479359,0.15641496525383836,0.0214290862106421,-88.57260406032118,8328.323584725624,-95909.65680856905,0.052833510471087725,0.08007177466411397,4.059857245644235,0.049654706541354454,0.2795763552174906,0.09594565501549532,0.14358749534888485
244,7Networks_RH_SomMot_14,7networks_rh_sommot,7Networks_RH_SomMot,somatomotor,somatomotor,R,-589.5698023642223,55761.38650737009,0.26970589915686694,0.0050133107666010535,-78.8343441545697,5948.736983383419,-61504.49509937668,0.0401794544513913,0.09072732831096364,5.524795443908883,0.022997174809537328,0.409519994037517,0.0756907565183886,0.08557965052073728
245,7Networks_RH_SomMot_15,7networks_rh_sommot,7Networks_RH_SomMot,somatomotor,somatomotor,R,-651.4503316171131,176240.50149771824,0.10232594897768933,0.03493754116263237,31.38545146856356,-3254.4745910479005,222926.2788141464,0.1293533584993652,0.04434413634460155,1.4724677427368786,0.2310198514804174,0.20555743732686266,0.19129128585899607,0.39429703974477254
246,7Networks_RH_SomMot_16,7networks_rh_sommot,7Networks_RH_SomMot,somatomotor,somatomotor,R,46.78924804891403,1669.8105493162486,0.7786626663416361,-0.019137119992483687,-16.049774666825513,1377.914048276519,-22204.1874661265,0.3311663576615282,0.005339992272154426,2.1812090358257468,0.14637427414288326,0.8646185033740087,0.39511324185535834,0.28332949352421527
247,7Networks_RH_SomMot_17,7networks_rh_sommot,7Networks_RH_SomMot,somatomotor,somatomotor,R,1826.1366015936128,8398.277268319856,0.003436427905031675,0.14747377963618769,-29.561581729282764,4277.894049325241,-35574.498561177024,0.010987838201309573,0.13953583934271518,0.5571911632023947,0.45911187045941115,0.014580731484900753,0.027409222765904098,0.620347586870752
248,7Networks_RH_SomMot_18,7networks_rh_sommot,7Networks_RH_SomMot,somatomotor,somatomotor,R,-208.54692116132765,14162.188287246288,0.4627223991321765,-0.009309380893077535,-11.193827767316776,719.8388076022337,-2488.601362437012,0.6424186381322228,-0.023105148827263555,0.35275776727350683,0.5554042179177264,0.5985070347749519,0.6830399571710284,0.6790837560988744
249,7Networks_RH_SomMot_19,7networks_rh_sommot,7Networks_RH_SomMot,somatomotor,somatomotor,R,-678.0121122529279,118444.26228895868,0.2731419687457565,0.0046500022290481,-0.9800798983011134,-596.7269424660954,116986.39599284322,0.5519113369202189,-0.016515341793795324,0.0005694244577623268,0.9810632203535897,0.4119815741215065,0.6007592888176032,0.9897837823122883
250,7Networks_RH_SomMot_20,7networks_rh_sommot,7Networks_RH_SomMot,somatomotor,somatomotor,R,788.5391804295217,3548.665055440146,0.1056451752268011,0.03390653416017597,-48.85160940694079,4840.159228841888,-69117.97670390937,0.08357515673463196,0.06194313358112413,2.434621738171452,0.12539146798098746,0.21014123577468882,0.13837633970660207,0.2541416359971799
251,7Networks_RH_SomMot_21,7networks_rh_sommot,7Networks_RH_SomMot,somatomotor,somatomotor,R,-304.00162602743575,18671.15295489757,0.20513597796066624,0.01308985147063313,-0.5720523162259394,-256.5571577427855,17820.226624415485,0.45165188532682876,-0.007880454753750765,0.001295546487846792,0.9714398227417355,0.33621564618824,0.5088088236684374,0.9824419036259546
252,7Networks_RH_SomMot_22,7networks_rh_sommot,7Networks_RH_SomMot,somatomotor,somatomotor,R,1189.7055418857658,-26920.623563277713,0.0012970656046356471,0.17893441482067884,67.80287730415898,-4433.68128938908,73935.97983481594,5.820145690229523e-05,0.31153377160044493,10.244853070316402,0.0024581434494264226,0.00669167936937027,0.00040651479128680053,0.019578896948063085
253,7Networks_RH_SomMot_23,7networks_rh_sommot,7Networks_RH_SomMot,somatomotor,somatomotor,R,1335.1857615636964,-28993.717146465828,9.988047672011286e-05,0.25769061509383473,55.81921629847365,-3294.3087133804347,54037.22171698313,1.2808083068857497e-05,0.35448541749129425,8.197591876269342,0.006247844890082543,0.0009069147286186248,0.00011415085235223602,0.036438218183471996
254,7Networks_RH_SomMot_24,7networks_rh_sommot,7Networks_RH_SomMot,somatomotor,somatomotor,R,2048.4345804996387,-2139.4640435426772,0.0006602286394214258,0.20027179195169553,-57.985918895876154,6857.629494982152,-88393.36737747614,0.0009624191358829672,0.224233996829583,2.4826453201584036,0.12181652320998064,0.0038927766532120423,0.004161317025627306,0.2512689768068953
255,7Networks_RH_SomMot_25,7networks_rh_sommot,7Networks_RH_SomMot,somatomotor,somatomotor,R,2514.1697561114097,-51695.1126116226,0.00011387621795746103,0.25381530697289745,127.91181493732279,-8094.489408252473,138573.37896273995,2.094218832254876e-06,0.40236009729223965,12.930511840028528,0.0007732421536100209,0.0009942269798593713,2.8941627538029397e-05,0.007801154171976656
256,7Networks_RH_SomMot_26,7networks_rh_sommot,7Networks_RH_SomMot,somatomotor,somatomotor,R,3081.0224851146977,-73589.10831496648,2.908620216787311e-07,0.41313783527855885,53.07082863871977,-1320.5281681569713,5353.611062743163,6.761081141691786e-07,0.43043182114318124,2.4574397803753714,0.12367811396936906,1.2004668894740356e-05,1.29723389124448e-05,0.2517931109510922
257,7Networks_RH_SomMot_27,7networks_rh_sommot,7Networks_RH_SomMot,somatomotor,somatomotor,R,-229.561468071759,102978.41461955204,0.7476574333338676,-0.018611324795794415,143.95600792381094,-12168.882503227907,317112.6014743939,0.005932377431134295,0.1618109176796365,11.33211696679039,0.0015261561100229555,0.8550037146941458,0.017046198441360568,0.014140303550008606
258,7Networks_RH_SomMot_28,7networks_rh_sommot,7Networks_RH_SomMot,somatomotor,somatomotor,R,2920.764620307963,-43579.543587781416,2.510406945913944e-06,0.3595982786684443,-28.674432031443956,5298.94427714708,-86232.68655231499,1.2823113369964838e-05,0.35445320102667266,0.6174348208405614,0.43594573150678795,4.383556744018964e-05,0.00011415085235223602,0.6022707858828064
259,7Networks_RH_SomMot_29,7networks_rh_sommot,7Networks_RH_SomMot,somatomotor,somatomotor,R,2076.614283007083,-31953.110285066636,0.0001428993394583169,0.2470663247877365,58.107076041718386,-2742.6290766967895,54481.01398775322,0.0001691356186116318,0.2795603823967697,3.164948632922886,0.08170235480593432,0.0012014129650754794,0.0009950637932275646,0.19661602566465147
260,7Networks_RH_SomMot_30,7networks_rh_sommot,7Networks_RH_SomMot,somatomotor,somatomotor,R,1895.0532934498838,27904.79609077111,0.004182722602735671,0.1410411269354951,15.823051989448459,582.7322574430164,51441.54471411146,0.01612500084230868,0.12537554653337646,0.14026202180684416,0.709705188053299,0.016927412451385005,0.03660375191204071,0.8095632044628083
261,7Networks_RH_SomMot_31,7networks_rh_sommot,7Networks_RH_SomMot,somatomotor,somatomotor,R,1109.0953292792033,61882.11621993863,0.05920705354361703,0.052859284781729854,75.82299548771711,-5179.458361749573,174668.62452776614,0.02281301404095865,0.11236656075756424,4.217937856507355,0.0455853366227538,0.13575758741819258,0.04931985013621651,0.13615620280743568
262,7Networks_RH_SomMot_32,7networks_rh_sommot,7Networks_RH_SomMot,somatomotor,somatomotor,R,3819.9243761010616,-49380.534559407555,4.559333705484098e-09,0.5046258298984383,-40.7928422408317,7203.17212292341,-110059.7811481407,2.1727245056639795e-08,0.5079453796805601,1.32382256554854,0.2557275390510115,1.0349687511448902e-06,8.96742659610406e-07,0.4272722845851453
263,7Networks_RH_SomMot_33,7networks_rh_sommot,7Networks_RH_SomMot,somatomotor,somatomotor,R,2529.2656902352182,9518.66467677457,4.722700275066401e-05,0.2794991112389529,-13.845116907718904,3677.5421527085,-11075.910664004841,0.00026005351653769846,0.2662506998923412,0.13332286035018623,0.7166493921177045,0.000466109983669597,0.0014055273393823228,0.815435649176536
264,7Networks_RH_SomMot_34,7networks_rh_sommot,7Networks_RH_SomMot,somatomotor,somatomotor,R,2427.9377322147643,12774.081475808533,0.00017962385650247423,0.2402158877805456,-105.08493800443193,11143.397607001107,-143539.49011322873,2.387217951687372e-05,0.33715378862132916,8.019756861368622,0.006791548576480182,0.0014223851901540548,0.00019829415797926957,0.03791069115796978
265,7Networks_RH_SomMot_35,7networks_rh_sommot,7Networks_RH_SomMot,somatomotor,somatomotor,R,1018.6326767374767,88959.41501431813,0.08344498244492939,0.04156907595270587,29.221715784207646,-1404.937210879796,132426.64113569158,0.17046661559082035,0.03305443958307985,0.5773262089689777,0.4511568481397704,0.17298640196346093,0.2324079383730704,0.6115687843443638
266,7Networks_RH_SomMot_36,7networks_rh_sommot,7Networks_RH_SomMot,somatomotor,somatomotor,R,639.3144899989588,108983.61208288741,0.1960420753897139,0.014463993782076523,-24.182792109848236,2644.96970849273,73011.77180330193,0.33245211098842925,0.005175966408680899,0.5518551031446718,0.4612577609050521,0.32842473146468676,0.39511324185535834,0.6213976956999812
267,7Networks_RH_SomMot_37,7networks_rh_sommot,7Networks_RH_SomMot,somatomotor,somatomotor,R,-216.27302462052057,123052.20761256134,0.7041646593915274,-0.0177396989622447,65.99833135861175,-5689.995707261976,221224.55361657357,0.19626901945660188,0.027237528847519288,3.219356727764092,0.07920583261502717,0.8197198855480857,0.2620768671567566,0.19502509666795892
268,7Networks_RH_SomMot_38,7networks_rh_sommot,7Networks_RH_SomMot,somatomotor,somatomotor,R,730.1263045704286,96011.65418109107,0.21750273489536423,0.011329620114437833,77.43727374917239,-5692.311249185273,211199.3971984636,0.061711325069012966,0.07397142781165067,4.246991356174538,0.04487776502436088,0.35016397745565725,0.10828052417598302,0.13493049881496583
269,7Networks_RH_SomMot_39,7networks_rh_sommot,7Networks_RH_SomMot,somatomotor,somatomotor,R,3099.526548986804,-20735.087559674277,1.287984257975662e-06,0.37664370796520363,-18.20207110973905,4609.156981354292,-47810.62092831984,8.220773825303366e-06,0.36655118437873047,0.23523239730808349,0.6299239386830052,2.844180608295037e-05,7.7754819097661e-05,0.7447538233387614
270,7Networks_RH_SomMot_40,7networks_rh_sommot,7Networks_RH_SomMot,somatomotor,somatomotor,R,-253.91318044808168,137038.5383777334,0.6271473837902208,-0.0157753741710025,56.488833460513945,-4938.94388749223,221065.53102570726,0.230763973922017,0.020512296014323916,2.778284874642135,0.10220178559289796,0.751253066598312,0.2984810374945747,0.2241527084984332
271,7Networks_RH_DorsAttn_Post_1,7networks_rh_dorsattn_post,7Networks_RH_DorsAttn_Post,dorsal attention,posterior,R,-310.028269143938,50027.13389891236,0.5192582383920312,-0.011946074546489882,29.22198169843279,-2733.620210966173,93494.75556700375,0.5355629533749504,-0.015215511081777322,0.8454190740973053,0.3625465770345604,0.6548423339721727,0.5901591767772513,0.5439844823573564
272,7Networks_RH_DorsAttn_Post_2,7networks_rh_dorsattn_post,7Networks_RH_DorsAttn_Post,dorsal attention,posterior,R,211.67490559942735,57208.26601669207,0.7608089855569313,-0.018843781297892992,207.19961631652643,-16972.89955740919,365417.155638421,2.2634161557270614e-06,0.40038093745621417,34.55928414755447,4.1055177740799483e-07,0.8565398687699475,2.9359740991431023e-05,2.0710056327025516e-05
273,7Networks_RH_DorsAttn_Post_3,7networks_rh_dorsattn_post,7Networks_RH_DorsAttn_Post,dorsal attention,posterior,R,-2495.7256895427236,192435.58016468666,0.00024054045710915041,0.23139564150691505,-32.92982227256805,235.3844976118564,143452.55529959945,0.0009346902097366188,0.22519847939875814,0.6160774426969454,0.4364473316199191,0.0017334185321834015,0.004080282261734855,0.6022707858828064
274,7Networks_RH_DorsAttn_Post_4,7networks_rh_dorsattn_post,7Networks_RH_DorsAttn_Post,dorsal attention,posterior,R,-2135.7035367648223,146280.92171118496,0.0014701873409092502,0.17493194819871183,66.7944611877409,-7675.455069141196,245637.5087625166,0.0018881824875678632,0.20166494551055336,2.607324974335517,0.1130654012203865,0.007334780799701094,0.006913184268998467,0.24009529220263603
275,7Networks_RH_DorsAttn_Post_5,7networks_rh_dorsattn_post,7Networks_RH_DorsAttn_Post,dorsal attention,posterior,R,-1542.747338696962,120000.25440528715,0.028113195543329535,0.07768011224483629,173.00845337209654,-15891.59943869775,377349.8781976822,1.8307056047284956e-05,0.34459836503447694,20.54843480757676,3.998985756213538e-05,0.07735388349497944,0.0001568189329333466,0.0011347122083255913
276,7Networks_RH_DorsAttn_Post_6,7networks_rh_dorsattn_post,7Networks_RH_DorsAttn_Post,dorsal attention,posterior,R,-1833.0363513600084,134101.52865380704,0.002494458437374457,0.15790008185285376,-40.75940097279368,1547.4378673498845,73472.02586418498,0.0061676747183928675,0.1604224108159512,1.1442056002785266,0.29022829957517005,0.011324841305680036,0.017500777013439762,0.46071205596897624
277,7Networks_RH_DorsAttn_Post_7,7networks_rh_dorsattn_post,7Networks_RH_DorsAttn_Post,dorsal attention,posterior,R,-135.5207060137327,159978.83739526093,0.7260080944855243,-0.018197586783123887,38.50375407793709,-3328.917686280727,217253.0713035914,0.30118945698214405,0.009347839919090384,2.3346566383081457,0.13322550777262587,0.8399778087914956,0.36659521037504933,0.26645101554525175
278,7Networks_RH_DorsAttn_Post_8,7networks_rh_dorsattn_post,7Networks_RH_DorsAttn_Post,dorsal attention,posterior,R,910.1510503533157,64862.65823699582,0.09005158410890543,0.03908359369470826,-1.4101267114798475,1027.103136976334,62765.09842632858,0.2411720874193511,0.018671828711876226,0.0015932000710211275,0.9683300368607731,0.18583372357019576,0.31017599911723903,0.9824419036259546
279,7Networks_RH_DorsAttn_Post_9,7networks_rh_dorsattn_post,7Networks_RH_DorsAttn_Post,dorsal attention,posterior,R,-39.863924378023654,39648.42399427419,0.9443520299385066,-0.020728635308117083,-96.26957223638568,7944.473411898241,-103552.31397431575,0.03260296450338108,0.0987763782290374,7.364947068865487,0.009268355631599773,0.9591405404744564,0.06520592900676216,0.04476418571006699
280,7Networks_RH_DorsAttn_Post_10,7networks_rh_dorsattn_post,7Networks_RH_DorsAttn_Post,dorsal attention,posterior,R,1884.3278738313584,55385.03074331599,0.0031577651368507446,0.15023342428480024,-98.53948176088718,10056.925352387541,-91192.19173101653,0.0005876064388582435,0.24035174736260878,6.694319038734931,0.01282552889557952,0.013653574972668935,0.002808140244648869,0.05370352561378067
281,7Networks_RH_DorsAttn_Post_11,7networks_rh_dorsattn_post,7Networks_RH_DorsAttn_Post,dorsal attention,posterior,R,916.9460560742247,39188.61850431367,0.14333279082379016,0.024170253154089494,-110.93722344350908,10117.778619741257,-125830.21243313773,0.0070239807687027655,0.15576477359346752,8.481963300650635,0.0054720655983238435,0.2592553268286882,0.019210164271030453,0.034402420911560073
282,7Networks_RH_DorsAttn_Post_12,7networks_rh_dorsattn_post,7Networks_RH_DorsAttn_Post,dorsal attention,posterior,R,1077.262426459961,85025.32326134022,0.03716992520842074,0.06834403502583453,30.724082306982638,-1470.9096676687268,130727.31567244456,0.0768252260040403,0.06529868462176336,0.8436111975125901,0.3630557228067819,0.09638473879790738,0.12966041860904942,0.5439844823573564
283,7Networks_RH_DorsAttn_Post_13,7networks_rh_dorsattn_post,7Networks_RH_DorsAttn_Post,dorsal attention,posterior,R,1166.8920874870723,-10686.275790649848,0.02093057498626078,0.08755543679707911,22.915432329605864,-733.6517466220239,23400.370116648948,0.055972777324666184,0.07780950523540298,0.49272442340683265,0.4861762368487419,0.06210771924027708,0.10004583033621436,0.627383338005142
284,7Networks_RH_DorsAttn_Post_14,7networks_rh_dorsattn_post,7Networks_RH_DorsAttn_Post,dorsal attention,posterior,R,-76.70772509382118,90613.23987132302,0.9090863286864852,-0.020553150338769255,69.08176472985137,-5806.162012415701,193372.18498428643,0.2945233062446497,0.010290885932380256,2.495907959188533,0.12084985516455767,0.9380118027810552,0.3613880568515431,0.2512689768068953
285,7Networks_RH_DorsAttn_Post_15,7networks_rh_dorsattn_post,7Networks_RH_DorsAttn_Post,dorsal attention,posterior,R,1704.3644156198316,43767.508883799244,0.009169009126109386,0.11511181418435701,-87.58832571293487,8968.70269993804,-86519.89749136858,0.0036119525289107666,0.17932283185546394,4.755592293595188,0.03424272864334552,0.03083503809817527,0.01138768366753811,0.11025672910694231
286,7Networks_RH_DorsAttn_Post_16,7networks_rh_dorsattn_post,7Networks_RH_DorsAttn_Post,dorsal attention,posterior,R,1802.9625550142623,12371.626600012794,0.0012771832875749778,0.17942698631840326,-1.3497469674680076,1914.9069093572998,10363.881501304422,0.005902010412942277,0.1619939441975401,0.0014558773085053378,0.9697249452753455,0.006680088507844583,0.017046198441360568,0.9824419036259546
287,7Networks_RH_DorsAttn_Post_17,7networks_rh_dorsattn_post,7Networks_RH_DorsAttn_Post,dorsal attention,posterior,R,3011.7393719755946,-52845.56117092511,2.093079436315679e-06,0.3642841384153668,50.39408548385967,-1167.8094606325976,22115.509735478016,5.841071867743705e-06,0.3756964889286667,1.877446330068466,0.1771344818989576,3.959408600363826e-05,6.313920542751528e-05,0.32039464056624206
288,7Networks_RH_DorsAttn_Post_18,7networks_rh_dorsattn_post,7Networks_RH_DorsAttn_Post,dorsal attention,posterior,R,-23.04980957781072,114671.92276402612,0.9671076549389063,-0.020796791942156112,92.79204335674835,-7718.970328092681,252699.84558134084,0.03648445121493761,0.09445232316321417,7.108963300951464,0.010483498492220722,0.9713868923501404,0.07048485468758159,0.048566411382328645
289,7Networks_RH_DorsAttn_Post_19,7networks_rh_dorsattn_post,7Networks_RH_DorsAttn_Post,dorsal attention,posterior,R,3354.57527600841,-34460.59799439229,2.98271491847568e-08,0.46510793097555114,-88.96199326849306,10732.841823397579,-166791.33128075156,6.436499008797226e-09,0.5327706409435291,7.951211467150994,0.007014312901474585,2.7083051459759174e-06,3.246856166659934e-07,0.03791069115796978
290,7Networks_RH_DorsAttn_FEF_1,7networks_rh_dorsattn_fef,7Networks_RH_DorsAttn_FEF,dorsal attention,frontal eye fields,R,3142.074938894715,-29963.873731073534,4.7486366286994773e-07,0.40134308306288813,-150.55464157366802,15628.668760197656,-253913.51095401065,7.790166819577051e-11,0.6127857998661104,27.210945784130082,4.0323081073470855e-06,1.6583700226381253e-05,7.732501863451525e-09,0.00016642435279414335
291,7Networks_RH_DorsAttn_FEF_2,7networks_rh_dorsattn_fef,7Networks_RH_DorsAttn_FEF,dorsal attention,frontal eye fields,R,1689.713652291239,-11817.523425864783,0.005026110370914775,0.13500548139658974,-32.812098949294224,4411.060186159231,-60625.43515419254,0.01416225817066306,0.13019277731558054,0.7344126493046476,0.3958052644001825,0.019725608986967607,0.032972642099902714,0.5734158538690638
292,7Networks_RH_DorsAttn_FEF_3,7networks_rh_dorsattn_fef,7Networks_RH_DorsAttn_FEF,dorsal attention,frontal eye fields,R,130.49028206787807,134979.00495529245,0.728967525691298,-0.018256465345845685,-61.50789475008631,5231.788325887919,43486.17171116902,0.038382432537164585,0.09249601443859912,6.8579566748290315,0.011840768465755333,0.8399778087914956,0.07380024610875656,0.05042901039929483
293,7Networks_RH_DorsAttn_PrCv_1,7networks_rh_dorsattn_prcv,7Networks_RH_DorsAttn_PrCv,dorsal attention,precentral ventral,R,-702.8515367607006,57586.848282403465,0.199038398119076,0.014003314039590764,-82.39816829928418,6131.029162088965,-64980.21245766557,0.028618459458251054,0.1037615032849567,5.8071948477654,0.01992879389552249,0.3310015851504048,0.0590580936092999,0.07733053357749753
294,7Networks_RH_SalVentAttn_TempOccPar_1,7networks_rh_salventattn_tempoccpar,7Networks_RH_SalVentAttn_TempOccPar,salience / ventral attention,temporal occipital parietal,R,401.0323343353529,25891.942921259582,0.49340143755505983,-0.010802052665081163,-73.54950151870575,6501.028598973974,-83512.74902895394,0.12501843922934025,0.04572930556195265,3.8435382231826365,0.055880304718681405,0.6292254287921268,0.1854848738892826,0.15379550531041114
295,7Networks_RH_SalVentAttn_TempOccPar_2,7networks_rh_salventattn_tempoccpar,7Networks_RH_SalVentAttn_TempOccPar,salience / ventral attention,temporal occipital parietal,R,-191.00925139202252,69183.42857409027,0.7524209758860643,-0.018697146964389733,-56.191904649661694,4469.394985048513,-14401.883241088608,0.35505727534857096,0.0023872650076809387,2.0144735919667167,0.1624038144769689,0.8565398687699475,0.41869091690454857,0.30361441243941767
296,7Networks_RH_SalVentAttn_TempOccPar_3,7networks_rh_salventattn_tempoccpar,7Networks_RH_SalVentAttn_TempOccPar,salience / ventral attention,temporal occipital parietal,R,1504.3975000723208,16462.015032546726,0.013045592543900447,0.10336318470878525,-10.566435607469671,2380.7490239465906,744.4695865994436,0.045734577972528015,0.08570286846960296,0.07284497539456292,0.7884202062097624,0.04227409916948235,0.08509630491609721,0.8751657056704942
297,7Networks_RH_SalVentAttn_TempOccPar_4,7networks_rh_salventattn_tempoccpar,7Networks_RH_SalVentAttn_TempOccPar,salience / ventral attention,temporal occipital parietal,R,1411.5743681381002,-13750.526248987277,0.005519184003699467,0.13192218159714852,-18.749094762353423,2966.5734592825156,-41639.755876179035,0.018779410215203688,0.11968545107229778,0.33278046363280667,0.5667793318758394,0.021018123789817544,0.04177817400951703,0.6861808444576829
298,7Networks_RH_SalVentAttn_TempOccPar_5,7networks_rh_salventattn_tempoccpar,7Networks_RH_SalVentAttn_TempOccPar,salience / ventral attention,temporal occipital parietal,R,-485.6541596400964,85121.95205192809,0.4355469285131358,-0.007851082875699467,29.030205379904316,-2893.3406935055937,128304.3069456877,0.5786799507455288,-0.018566103531257427,0.49505389028392494,0.4851527427294321,0.5798777288708612,0.6225608948778911,0.627383338005142
299,7Networks_RH_SalVentAttn_TempOccPar_6,7networks_rh_salventattn_tempoccpar,7Networks_RH_SalVentAttn_TempOccPar,salience / ventral attention,temporal occipital parietal,R,2282.5627521056463,-12458.046520581382,0.0002670905463617502,0.228213235729391,16.920844580160946,879.1937747202664,12711.665722255013,0.0012725638039313737,0.21495762945280938,0.18950985940743084,0.6653175335859149,0.0018692933235429595,0.00515842827665039,0.7768863491685333
300,7Networks_RH_SalVentAttn_TempOccPar_7,7networks_rh_salventattn_tempoccpar,7Networks_RH_SalVentAttn_TempOccPar,salience / ventral attention,temporal occipital parietal,R,728.10257453031,20787.184945980305,0.17120021339543734,0.01862061331774223,-103.66068349328745,9325.438641289651,-133407.8117671839,0.003278203158179935,0.18270169299507777,10.63649594892001,0.0020674458377940245,0.2966599117615593,0.01086254279338469,0.01799866826924241
301,7Networks_RH_SalVentAttn_PrC_1,7networks_rh_salventattn_prc,7Networks_RH_SalVentAttn_PrC,salience / ventral attention,precentral,R,-544.3847882347914,82142.84838403744,0.45857616000004686,-0.00909552407711045,88.29095342401337,-7866.997110099239,213475.41164944798,0.14095864385540147,0.04084375498700721,3.4991604939664174,0.06763386763751719,0.5982574041379922,0.20320674823992343,0.1762451529357053
302,7Networks_RH_SalVentAttn_FrOperIns_1,7networks_rh_salventattn_froperins,7Networks_RH_SalVentAttn_FrOperIns,salience / ventral attention,frontal operculum insula,R,-454.54563886625283,87187.30064942218,0.42305685760904843,-0.0071337736077332625,-27.29703156670797,1809.3961575345395,46583.03728876035,0.5598747442339618,-0.01713520174204408,0.5280189402306668,0.47104467764765656,0.5699341642567003,0.6051979378148064,0.6223581054704378
303,7Networks_RH_SalVentAttn_FrOperIns_2,7networks_rh_salventattn_froperins,7Networks_RH_SalVentAttn_FrOperIns,salience / ventral attention,frontal operculum insula,R,-119.91910241754084,40533.65320658118,0.8091812089212116,-0.01958093824644802,-64.92008300423826,5264.376584823319,-56034.80117858665,0.13168099558930618,0.04361860265960593,4.171933260022298,0.04673072822860561,0.8809790619909593,0.19299655748562525,0.13866503670448985
304,7Networks_RH_SalVentAttn_FrOperIns_3,7networks_rh_salventattn_froperins,7Networks_RH_SalVentAttn_FrOperIns,salience / ventral attention,frontal operculum insula,R,2325.9750351037906,-33762.3330422374,0.00018760291602160073,0.23890838843302142,97.41040547731095,-5752.9799173972115,111135.39140094041,3.2860804976757764e-05,0.32807844868382174,7.370033649991309,0.009245783519256565,0.0014435885402340122,0.00025722078378358665,0.04476418571006699
305,7Networks_RH_SalVentAttn_FrOperIns_4,7networks_rh_salventattn_froperins,7Networks_RH_SalVentAttn_FrOperIns,salience / ventral attention,frontal operculum insula,R,2175.457406208573,-25362.096314544775,0.00039523570696430006,0.2162082501869761,12.439008715092271,1143.7997452987893,-6859.103248106127,0.0019072091952239934,0.20132426235276135,0.10548000600732772,0.7467911784866748,0.002600536390750612,0.006926983797053545,0.8412982507021101
306,7Networks_RH_SalVentAttn_FrOperIns_5,7networks_rh_salventattn_froperins,7Networks_RH_SalVentAttn_FrOperIns,salience / ventral attention,frontal operculum insula,R,684.7382747497027,19316.927207468525,0.23405669746522478,0.009147505021233515,-52.881772280243595,5070.609106177644,-59344.57132940442,0.18616418434307339,0.029423051700750547,2.002729605645609,0.16360825020311803,0.3702499674188573,0.25304952003519554,0.3044186294762934
307,7Networks_RH_SalVentAttn_FrOperIns_6,7networks_rh_salventattn_froperins,7Networks_RH_SalVentAttn_FrOperIns,salience / ventral attention,frontal operculum insula,R,1549.2450567342264,-4742.087323963788,0.0052445374709236955,0.13360456503245977,9.016192783830562,801.4664699733221,8669.475959409378,0.02050818572041314,0.11638040375084435,0.06434879327368973,0.8008564402994686,0.0203505983914475,0.04497930587955346,0.8811033914114834
308,7Networks_RH_SalVentAttn_FrOperIns_7,7networks_rh_salventattn_froperins,7Networks_RH_SalVentAttn_FrOperIns,salience / ventral attention,frontal operculum insula,R,-588.121546604347,62113.192269605,0.23293892210603798,0.00928907268244017,85.67691010043468,-7693.932201833738,189557.372899439,0.012078582166036606,0.1360633861975562,8.04353415691336,0.0067160373244867875,0.36977017704944487,0.029014160335347188,0.03791069115796978
309,7Networks_RH_SalVentAttn_FrOperIns_8,7networks_rh_salventattn_froperins,7Networks_RH_SalVentAttn_FrOperIns,salience / ventral attention,frontal operculum insula,R,-2321.856689842822,139413.00588639526,9.137881913503432e-05,0.26030987497837,73.44063357502714,-8412.823742371698,248655.75705393276,6.211139638569547e-05,0.3096263061557226,4.42885124045135,0.040711463410294614,0.0008642913309855329,0.00042725112059251126,0.12488516478563348
310,7Networks_RH_SalVentAttn_PFCl_1,7networks_rh_salventattn_pfcl,7Networks_RH_SalVentAttn_PFCl,salience / ventral attention,lateral prefrontal cortex,R,510.6216825747039,1176.9372531953431,0.20293976669690908,0.013415230313346793,-17.663505379485585,1975.5849333165638,-25097.480994385678,0.35913236284364675,0.0019026937195627536,0.44634480724030434,0.5073436392370771,0.33621564618824,0.42068306805157074,0.6433910955688074
311,7Networks_RH_SalVentAttn_Med_1,7networks_rh_salventattn_med,7Networks_RH_SalVentAttn_Med,salience / ventral attention,medial,R,62.033185611909886,17532.104236062733,0.8672937573356904,-0.020233478134582095,-42.62799454666782,3597.4834896167004,-45876.92662796639,0.21439729263507074,0.023573699634482193,3.1535107484588933,0.08223825554952288,0.910296569463761,0.2821344082791945,0.19661602566465147
312,7Networks_RH_SalVentAttn_Med_2,7networks_rh_salventattn_med,7Networks_RH_SalVentAttn_Med,salience / ventral attention,medial,R,1699.3013334406862,-15822.507727230928,0.0010782150041890712,0.18481360025579185,-28.4136653646176,4055.853709866773,-58087.76095402376,0.0034654922157005504,0.18076713223647156,0.7629117768948726,0.3868598231648128,0.005758936610609862,0.01115839337537624,0.5665624506994356
313,7Networks_RH_SalVentAttn_Med_3,7networks_rh_salventattn_med,7Networks_RH_SalVentAttn_Med,salience / ventral attention,medial,R,922.6054905918816,-14787.553363080078,0.043079744667970946,0.06342201720336194,2.0115671784625526,755.7715621311986,-11795.352424221772,0.13178179035362075,0.043587462628741136,0.004552342863923188,0.9464929220882751,0.10687543212709731,0.19299655748562525,0.9707416357788805
314,7Networks_RH_SalVentAttn_Med_4,7networks_rh_salventattn_med,7Networks_RH_SalVentAttn_Med,salience / ventral attention,medial,R,1051.1264516720719,103779.7639221778,0.057383196101351286,0.053895151204574776,39.526619225441195,-2227.1041909606347,162575.5070733796,0.09176192679045665,0.0582053872913052,1.2196777613412104,0.27504592089904356,0.13291821954088512,0.14878540986738328,0.44917571254735894
315,7Networks_RH_SalVentAttn_Med_5,7networks_rh_salventattn_med,7Networks_RH_SalVentAttn_Med,salience / ventral attention,medial,R,901.9919939283582,65934.9318547858,0.18163085999615222,0.01679743858858529,122.99760128195675,-9299.095612200763,248893.54341580687,0.0066523037367136155,0.15771564159121965,9.030629652086807,0.004249098601829196,0.31117136014435137,0.018415523758951106,0.028792399481051563
316,7Networks_RH_SalVentAttn_Med_6,7networks_rh_salventattn_med,7Networks_RH_SalVentAttn_Med,salience / ventral attention,medial,R,2177.30943943233,-34464.910894680674,0.00017998661438251235,0.24015523521173876,-21.765119939546636,3982.4494823853165,-66840.47011774345,0.000807153787852834,0.23002018415261072,0.3681880474973807,0.5469137112548554,0.0014223851901540548,0.0036281962345067983,0.6757012559499812
317,7Networks_RH_SalVentAttn_Med_7,7networks_rh_salventattn_med,7Networks_RH_SalVentAttn_Med,salience / ventral attention,medial,R,164.5477229137664,115426.6834218446,0.7789184314536775,-0.01914113904791237,80.2535967023499,-6491.468021579636,234803.69949698675,0.10635091999195323,0.05227364883367047,4.616982701913249,0.03683956057237728,0.8646185033740087,0.1642289716882543,0.11534593448178818
318,7Networks_RH_SalVentAttn_Med_8,7networks_rh_salventattn_med,7Networks_RH_SalVentAttn_Med,salience / ventral attention,medial,R,72.82225815339461,141023.79808154248,0.8533191543289229,-0.02009901477524423,-20.0753179444076,1737.8147046511485,111161.81492517909,0.7335385320418831,-0.028896140975391615,0.5895970051877505,0.446415742360993,0.9094058593082888,0.7534536053099885,0.6115687843443638
319,7Networks_RH_Limbic_OFC_1,7networks_rh_limbic_ofc,7Networks_RH_Limbic_OFC,limbic,orbital frontal cortex,R,-2181.9959691404506,233001.86562040148,1.8505167906240025e-05,0.3059953859120994,-7.232470190746454,-1582.1544986113277,222243.58504855516,0.0001121013924863531,0.29205981854543617,0.0551359406871562,0.8153758710303145,0.00022108805866928873,0.0007068615581778375,0.8941561484245478
320,7Networks_RH_Limbic_OFC_2,7networks_rh_limbic_ofc,7Networks_RH_Limbic_OFC,limbic,orbital frontal cortex,R,560.756433550262,51229.67600517595,0.4191135337010534,-0.0069007663698372745,-51.738067403923196,4851.771483098718,-25730.564506937037,0.38352842488120975,-0.0008926034156526708,1.2881346318443088,0.2621471058976915,0.5679926695530695,0.44418853289813576,0.43532214216180604
321,7Networks_RH_Limbic_OFC_3,7networks_rh_limbic_ofc,7Networks_RH_Limbic_OFC,limbic,orbital frontal cortex,R,-1770.6483517260708,216486.13745470508,3.929048808591301e-05,0.2847709740027924,-84.5313745042615,5240.154686682308,90745.93804064443,6.701299866984135e-07,0.43064703584517605,13.298260322274102,0.0006634338736083155,0.00039639736868898905,1.29723389124448e-05,0.007171404252813696
322,7Networks_RH_Limbic_OFC_4,7networks_rh_limbic_ofc,7Networks_RH_Limbic_OFC,limbic,orbital frontal cortex,R,-561.6794759765991,99758.66863360415,0.4297058915481653,-0.007519490683578045,-160.5159041886648,12751.074461817534,-139008.32078514143,0.0010134093671228157,0.22252789803447814,15.202792139487451,0.0003056003071665278,0.5771789194167664,0.004299886473586526,0.004532034287102069
323,7Networks_RH_Limbic_OFC_5,7networks_rh_limbic_ofc,7Networks_RH_Limbic_OFC,limbic,orbital frontal cortex,R,-995.876192372165,200298.36135498394,0.00020156589840545765,0.23674472196824603,7.009669567415671,-1577.2391832105286,210725.2265799082,0.0009853368124484493,0.22345673660982912,0.17863778198338817,0.6744740165821441,0.0015251819646012962,0.004220216158977321,0.7831488581286277
324,7Networks_RH_Limbic_OFC_6,7networks_rh_limbic_ofc,7Networks_RH_Limbic_OFC,limbic,orbital frontal cortex,R,-930.072814078952,175684.5528187603,0.02892538645266731,0.07672715677648068,-60.893628394556416,4120.279643478028,85105.43917863809,0.007417024240657388,0.15380647344857,5.372294379677491,0.024861907006569945,0.07863548173359855,0.020163646738074574,0.08767742861349728
325,7Networks_RH_Limbic_TempPole_1,7networks_rh_limbic_temppole,7Networks_RH_Limbic_TempPole,limbic,temporal pole,R,-1512.377178312795,186608.20443928623,0.005040023441604058,0.1349144828201203,-127.4499404543045,9057.97536856266,-2973.250044534245,6.629163596573465e-06,0.37232509707299366,19.155432742327054,6.669961845207013e-05,0.019725608986967607,6.688089495209673e-05,0.0015140813388619919
326,7Networks_RH_Limbic_TempPole_2,7networks_rh_limbic_temppole,7Networks_RH_Limbic_TempPole,limbic,temporal pole,R,643.952015539727,104863.7524745878,0.3534084756027094,-0.0024935620883477227,-197.74782337384391,17044.620395516158,-189285.61976199137,5.736736609002952e-06,0.3761751276933928,30.136538019583927,1.579246479093931e-06,0.49066497835972495,6.313920542751528e-05,7.169779015086447e-05
327,7Networks_RH_Limbic_TempPole_3,7networks_rh_limbic_temppole,7Networks_RH_Limbic_TempPole,limbic,temporal pole,R,-429.7348681546664,143858.88575520014,0.3516519717145077,-0.0023604898552209708,-2.721829475933802,-203.9937102494987,139810.1714987234,0.6485072768509633,-0.023515912167806352,0.007870557817372023,0.929684439122417,0.4897239115287929,0.6879025787157415,0.9636455145241493
328,7Networks_RH_Limbic_TempPole_4,7networks_rh_limbic_temppole,7Networks_RH_Limbic_TempPole,limbic,temporal pole,R,1643.3935062399046,55143.899543937776,0.007690931682334951,0.12094876810262112,-199.7378583908478,18209.109995578932,-241965.6445974108,3.6157351231118497e-10,0.5866486557285747,55.07892079181769,1.8818583203630098e-09,0.02685909987523129,2.3450624941325424e-08,4.632135698522459e-07
329,7Networks_RH_Limbic_TempPole_5,7networks_rh_limbic_temppole,7Networks_RH_Limbic_TempPole,limbic,temporal pole,R,-869.4625402273416,155338.61036404647,0.12891068397827207,0.02752834526016401,25.78088525070541,-3007.6592714231633,193687.61002844115,0.2529920609737687,0.01667175171911417,0.47004828664138104,0.4963329203650346,0.243856043858898,0.3198547818722574,0.6365399600161744
330,7Networks_RH_Limbic_TempPole_6,7networks_rh_limbic_temppole,7Networks_RH_Limbic_TempPole,limbic,temporal pole,R,-444.85776219076115,160808.07496374394,0.2404292414411121,0.008355380715139527,-43.05976418722527,3126.4023452824576,96756.78788392479,0.11110867594222303,0.05050703166925674,3.1309049285058554,0.08330896840483303,0.3790099847717531,0.16870681898919482,0.19802236469002196
331,7Networks_RH_Limbic_TempPole_7,7networks_rh_limbic_temppole,7Networks_RH_Limbic_TempPole,limbic,temporal pole,R,614.5281044845096,129095.89114163339,0.13286250891874518,0.026569085574921658,16.301875838292432,-737.5052834629787,153344.88899303807,0.27240780970303113,0.013572862382609019,0.3675977784453867,0.5472339843904099,0.2502887097473457,0.33976138902520914,0.6757012559499812
332,7Networks_RH_Cont_Par_1,7networks_rh_cont_par,7Networks_RH_Cont_Par,control,parietal,R,490.03844149647165,10827.44023065886,0.2846069492028814,0.0034772038061118282,-27.036271100739427,2732.353471766578,-29388.94261602282,0.38099576349270015,-0.0006104561271997877,0.8039120263060562,0.37449599126579536,0.42293263678139287,0.4423838276871761,0.5523624233167209
333,7Networks_RH_Cont_Par_2,7networks_rh_cont_par,7Networks_RH_Cont_Par,control,parietal,R,2597.114818605147,-14246.279926502968,3.204041930133394e-06,0.35326033163633863,-38.79213849877203,5814.429620931478,-71949.48490973262,1.093923455677919e-05,0.3588032932109556,1.4149462290815495,0.24021164133513026,5.387537171409485e-05,0.00010135535691383167,0.40844975717658855
334,7Networks_RH_Cont_Par_3,7networks_rh_cont_par,7Networks_RH_Cont_Par,control,parietal,R,-540.8938883612655,124148.69189034872,0.44706116386396566,-0.00848553270134289,160.3830206886729,-13842.626828910736,362718.0174489502,0.0010565412676382638,0.22114772474799294,15.15210137763505,0.00031185343835266375,0.5883065750557693,0.004441386439886776,0.004532034287102069
335,7Networks_RH_Cont_Par_4,7networks_rh_cont_par,7Networks_RH_Cont_Par,control,parietal,R,768.5763173114942,99729.52057040551,0.09898735594464551,0.03601097135665832,32.6617351013348,-1940.2994466402852,148313.76646651357,0.1465892727283088,0.03924377090278064,1.1615127474736042,0.2866525836286549,0.20234662544017795,0.20732563806433704,0.4604957843440752
336,7Networks_RH_Cont_Par_5,7networks_rh_cont_par,7Networks_RH_Cont_Par,control,parietal,R,925.6404484074271,58053.33031346778,0.03926007860155895,0.06651795246786063,21.184699439092483,-831.3610917469741,89565.51555380254,0.09400069954728468,0.057238860741500086,0.5275617711442699,0.47123568581166697,0.09902264269504314,0.1507997088143719,0.6223581054704378
337,7Networks_RH_Cont_Par_6,7networks_rh_cont_par,7Networks_RH_Cont_Par,control,parietal,R,781.9176849009916,60089.6695795581,0.16669360411269227,0.019447157438707285,28.23266037449038,-1559.6226283450533,102085.67835496116,0.29146721929363845,0.010730075862986799,0.5770417098249614,0.4512677153201803,0.2899574569623076,0.3591633778140766,0.6115687843443638
338,7Networks_RH_Cont_Temp_1,7networks_rh_cont_temp,7Networks_RH_Cont_Temp,control,temporal,R,-933.0538226843739,128242.92904193742,0.1401419874718639,0.024880517558869886,72.30597638260404,-6929.915483708093,235797.88059094705,0.07245184824496832,0.06762699940224226,3.2006548100024603,0.08005426724954202,0.2575889162438308,0.12494734388415504,0.1954012759746886
339,7Networks_RH_Cont_Temp_2,7networks_rh_cont_temp,7Networks_RH_Cont_Temp,control,temporal,R,127.99975122909365,18210.20991789655,0.7652330848943161,-0.01891883523672866,-29.52273046097961,2576.534980092702,-25704.774751186436,0.5586726255065351,-0.017042173651619752,1.0885703252224161,0.302125156752686,0.8565398687699475,0.6051979378148064,0.476266740158748
340,7Networks_RH_Cont_PFCv_1,7networks_rh_cont_pfcv,7Networks_RH_Cont_PFCv,control,ventral prefrontal cortex,R,-713.2155163126249,125874.74042782708,0.25914976495032416,0.006165686735033038,58.27944903688458,-5546.755024935628,212565.26908201404,0.19875972769009073,0.0267153907524611,2.0134607939594775,0.16250727361845485,0.3990901484944677,0.2644912273890243,0.30361441243941767
341,7Networks_RH_Cont_PFCl_1,7networks_rh_cont_pfcl,7Networks_RH_Cont_PFCl,control,lateral prefrontal cortex,R,-444.82971556008147,104864.73440878367,0.4312245682652829,-0.007606350021517327,-92.9769672993976,7266.427893432792,-33438.26229158952,0.02799134969931723,0.10460610244707624,7.015450555574217,0.010968724041395735,0.5775101887682549,0.05802772951365308,0.04979800714793664
342,7Networks_RH_Cont_PFCl_2,7networks_rh_cont_pfcl,7Networks_RH_Cont_PFCl,control,lateral prefrontal cortex,R,-1944.345543633736,171002.8624028915,0.00042008436596552664,0.2143273464252501,92.15825296088606,-9587.701204909703,308088.0236570618,4.381727423466102e-05,0.3198004779745689,8.44297834742969,0.005572093951551548,0.002724547173547844,0.00032085552423445326,0.034402420911560073
343,7Networks_RH_Cont_PFCl_3,7networks_rh_cont_pfcl,7Networks_RH_Cont_PFCl,control,lateral prefrontal cortex,R,-114.40220776528008,52340.55777377696,0.8431041840681691,-0.019991828449868132,-32.48636551324445,2579.9288779739873,4017.1736832046663,0.6865166077544639,-0.02599962691490454,0.7189333029400293,0.4007915173849179,0.9048919611511791,0.7148590365149693,0.5762410911338333
344,7Networks_RH_Cont_PFCl_4,7networks_rh_cont_pfcl,7Networks_RH_Cont_PFCl,control,lateral prefrontal cortex,R,557.9972908965901,34289.06187890051,0.33483050055643804,-0.0010396734899449367,-83.22782739676535,7460.687666101058,-89512.11460783427,0.053599276888827735,0.0795082960648914,5.200257886196776,0.027162648028298236,0.4706286292650863,0.09694849285867646,0.0934230470064197
345,7Networks_RH_Cont_PFCl_5,7networks_rh_cont_pfcl,7Networks_RH_Cont_PFCl,control,lateral prefrontal cortex,R,-1164.5930116696572,90064.97812983821,0.05343168077757944,0.05626038273176126,144.76978032518653,-13171.406123674149,305409.6493122654,5.784395206487401e-05,0.3117142574571816,18.814964380229593,7.57243614986021e-05,0.12767359512116352,0.00040651479128680053,0.001637088577160255
346,7Networks_RH_Cont_PFCl_6,7networks_rh_cont_pfcl,7Networks_RH_Cont_PFCl,control,lateral prefrontal cortex,R,1132.9436097491634,9438.045038387194,0.07177290100572759,0.04650921180648848,14.304540648549064,-53.43621229935616,30716.011997085912,0.1894272866333908,0.028705127536786335,0.12014768205413094,0.7304214960434431,0.15741496162608853,0.2545049044365369,0.8269609955205066
347,7Networks_RH_Cont_PFCl_7,7networks_rh_cont_pfcl,7Networks_RH_Cont_PFCl,control,lateral prefrontal cortex,R,-1190.6391823963875,154931.7780999667,0.059983983940032265,0.05242794826649422,-29.68059299556737,1270.988737123553,110781.97332183614,0.13436747507751384,0.042796327049631655,0.5170120722746352,0.47567899250714074,0.13684788295866657,0.19552190283715154,0.6223581054704378
348,7Networks_RH_Cont_PFCl_8,7networks_rh_cont_pfcl,7Networks_RH_Cont_PFCl,control,lateral prefrontal cortex,R,-653.6812480242681,100722.27649822482,0.33849554529669623,-0.0013348144357914205,-25.83410429882882,1488.9293267470894,62294.113638355455,0.5403005464103317,-0.015596055315821422,0.32597260627546903,0.5707602329055141,0.47431165915030893,0.5939381309208004,0.6873346040825025
349,7Networks_RH_Cont_PFCl_9,7networks_rh_cont_pfcl,7Networks_RH_Cont_PFCl,control,lateral prefrontal cortex,R,1291.3926996870302,12549.522514821616,0.07599654545422213,0.044630892003460376,-89.33900281002241,8700.927396384812,-120342.01148264464,0.03435469532081597,0.09676707907573001,3.7706441179182524,0.0581669554287618,0.16184907124122208,0.0676821455072848,0.15812931007384712
350,7Networks_RH_Cont_PFCl_10,7networks_rh_cont_pfcl,7Networks_RH_Cont_PFCl,control,lateral prefrontal cortex,R,-1082.0775816356331,109773.49927534367,0.11157420731423703,0.03214783562454426,-2.9832179853384737,-834.6575693798147,105335.97029191109,0.28517509313307055,0.011648373454203331,0.004429033404577524,0.9472214639868812,0.21647303470369064,0.35277790812646875,0.9707416357788805
351,7Networks_RH_Cont_PFCl_11,7networks_rh_cont_pfcl,7Networks_RH_Cont_PFCl,control,lateral prefrontal cortex,R,601.5727679466842,9974.759323439244,0.19713260299469004,0.014295402302541782,-35.66326259096082,3559.3870848031956,-43074.25089604309,0.22332245546565638,0.021877571193735346,1.3720844099459686,0.24735832527258575,0.32903750646907826,0.2905111598321146,0.4190323868423654
352,7Networks_RH_Cont_PFCl_12,7networks_rh_cont_pfcl,7Networks_RH_Cont_PFCl,control,lateral prefrontal cortex,R,470.9197436394975,15175.462153237233,0.28633378932963993,0.003305617045291198,104.10242505912179,-8163.053171037001,170027.54829506853,0.00037266153947208033,0.2549306217852835,17.210571230910187,0.00013913424469319538,0.4234382422008356,0.0018592125156079611,0.002255962396096811
353,7Networks_RH_Cont_PFCl_13,7networks_rh_cont_pfcl,7Networks_RH_Cont_PFCl,control,lateral prefrontal cortex,R,-509.5668954642233,116036.39487029264,0.4336084393453966,-0.007741776797749456,38.31678414427205,-3687.457096305053,173032.51148925791,0.4978123510318544,-0.012062654297706699,0.795069881180579,0.3771138368008784,0.5789947984200295,0.5525838810964838,0.554076640477666
354,7Networks_RH_Cont_PFCl_14,7networks_rh_cont_pfcl,7Networks_RH_Cont_PFCl,control,lateral prefrontal cortex,R,3116.1824080357137,-42514.37189351425,1.0436208753979018e-06,0.38192926312130226,-56.44828028087409,7797.849744299486,-126481.04179239525,2.3570442932679166e-06,0.39934581259621793,2.3918064542418156,0.12868024378450194,2.7072832492634057e-05,2.9724947476212056e-05,0.25849925078833574
355,7Networks_RH_Cont_PFCl_15,7networks_rh_cont_pfcl,7Networks_RH_Cont_PFCl,control,lateral prefrontal cortex,R,1444.5620943728613,-22087.696577286053,0.006895934617112837,0.12456390057249256,-71.80497203727512,7399.8718132084205,-128897.4054674795,0.002731203891729659,0.18902604238722231,4.815391083845924,0.033184191179688086,0.024651608788734077,0.00939368611246413,0.1088156883348901
356,7Networks_RH_Cont_pCun_1,7networks_rh_cont_pcun,7Networks_RH_Cont_pCun,control,precuneus,R,-1202.35366600576,135983.9372916596,0.05262478847380779,0.05676536112875463,36.54672914655476,-4233.440303921912,190347.10171160917,0.10373250159075885,0.05327846013995707,0.8232096340735768,0.3688719997271609,0.12641086755083988,0.16128272507604285,0.5490750422168231
357,7Networks_RH_Cont_pCun_2,7networks_rh_cont_pcun,7Networks_RH_Cont_pCun,control,precuneus,R,1577.144374441978,52269.368696102785,0.010467433110309511,0.11070488835645065,66.5204943818963,-3939.8850937765055,151218.4308372826,0.009227569777511772,0.14590497154029347,2.978238880363848,0.09096083028581299,0.03468769804438334,0.023404003793242145,0.20856675227151059
358,7Networks_RH_Cont_Cing_1,7networks_rh_cont_cing,7Networks_RH_Cont_Cing,control,cingulate,R,2249.8739494512047,-6120.036564221686,0.0009817803297248794,0.1877830790987276,-35.407431990481115,5186.470369855917,-58788.49943179905,0.003301830188297549,0.1824518932446424,0.6869946625995154,0.411378104992424,0.0053702201168083765,0.01086254279338469,0.5836426864580015
359,7Networks_RH_Cont_Cing_2,7networks_rh_cont_cing,7Networks_RH_Cont_Cing,control,cingulate,R,3075.0665970221803,-14215.341198395952,1.2742334051981216e-06,0.37691439073270594,-51.00553891624327,7305.327719673505,-90085.94749294821,3.5254771593764517e-06,0.3889666121117804,1.9467676196794157,0.1694938663261029,2.844180608295037e-05,4.104017000915151e-05,0.3128057533010192
360,7Networks_RH_Cont_PFCmp_1,7networks_rh_cont_pfcmp,7Networks_RH_Cont_PFCmp,control,medial posterior prefrontal cortex,R,2167.713539256253,-33271.07214773449,0.00016239140720567902,0.243242865816646,58.59573078936799,-2692.057520483797,53889.92478951826,0.00021777651941083835,0.27176943137345877,2.880276942108459,0.09628424277485353,0.0013404672522068777,0.0012057382903965929,0.2164012189098193
361,7Networks_RH_Cont_PFCmp_2,7networks_rh_cont_pfcmp,7Networks_RH_Cont_PFCmp,control,medial posterior prefrontal cortex,R,2043.3401814642964,56806.731634926036,0.0016145130469416588,0.17193171962592146,59.14968647989913,-2862.3744614848783,144791.73621907234,0.002529257014762485,0.19167262985604272,2.1722523893717325,0.14718703179808518,0.007881601325930248,0.008832943728478216,0.28332949352421527
362,7Networks_RH_Default_Par_1,7networks_rh_default_par,7Networks_RH_Default_Par,default,parietal,R,-1357.85680208518,117957.41692617076,0.02563402626975516,0.08076978104506505,22.238814446542712,-3202.283783271458,151037.59549465764,0.07265660525422231,0.06751502358212669,0.31770658583144745,0.5756688354199173,0.07412641991381427,0.12494734388415504,0.6894128197991961
363,7Networks_RH_Default_Par_2,7networks_rh_default_par,7Networks_RH_Default_Par,default,parietal,R,-971.9751109888356,84843.40663402418,0.11786365876153047,0.0303880838307371,79.81331506836891,-7591.475090355139,203565.50492532883,0.04132562367804873,0.08963837588713386,4.124048667449602,0.047956347984782426,0.2267377164310798,0.07752823615633934,0.140465690226395
364,7Networks_RH_Default_Par_3,7networks_rh_default_par,7Networks_RH_Default_Par,default,parietal,R,863.2221251219942,-4864.719215678029,0.12604863133889124,0.028243148565269327,-1.5246183650736782,989.6698391093439,-7132.585062873804,0.3139069514758765,0.007602878635286636,0.0016769140999398544,0.9675091090364446,0.23943965953078086,0.38003668258679446,0.9824419036259546
365,7Networks_RH_Default_Par_4,7networks_rh_default_par,7Networks_RH_Default_Par,default,parietal,R,-982.9865099664473,111547.82951806368,0.11057876095083446,0.03243605042346176,-107.17197134730635,7905.566252369518,-47870.198732842764,0.006544549756990476,0.1583007583716668,8.177749108845667,0.0063061575935743665,0.21639119599861573,0.01822837785075875,0.036438218183471996
366,7Networks_RH_Default_Par_5,7networks_rh_default_par,7Networks_RH_Default_Par,default,parietal,R,-704.7577389972615,87307.1232310197,0.2763331933997527,0.004317559091288059,4.684845685692569,-1093.3061396395751,94275.81898685894,0.5531219883827272,-0.016610126931938307,0.011883806286228002,0.9136563830576556,0.41541480067380043,0.6007592888176032,0.9540795319298278
367,7Networks_RH_Default_Temp_1,7networks_rh_default_temp,7Networks_RH_Default_Temp,default,temporal,R,-544.2489196393205,68675.59852930646,0.31610302533324497,0.0005369554640916041,57.01752239761517,-5273.1276538608345,153489.01459425403,0.16855115603657103,0.033519291778899896,2.6380587109956344,0.11101955963906177,0.45129174057010446,0.23082834008136383,0.23887620889163053
368,7Networks_RH_Default_Temp_2,7networks_rh_default_temp,7Networks_RH_Default_Temp,default,temporal,R,-471.031606643588,50347.21139731927,0.36736281209425936,-0.0035200275641964485,0.3941471213388805,-503.7211003619591,50933.50421375915,0.668952555271257,-0.02486871372882593,0.00012858020236851704,0.991000721206688,0.5069383486042364,0.7023214887906881,0.9968716249143774
369,7Networks_RH_Default_Temp_3,7networks_rh_default_temp,7Networks_RH_Default_Temp,default,temporal,R,913.935470286945,48712.22393727055,0.10909557271767388,0.03287065646601983,54.10959551784501,-3573.767691861799,129200.10634222286,0.09735362922073293,0.05583178231671804,2.1673068635352295,0.14763805139332872,0.21534517397314756,0.15346717939657203,0.28332949352421527
370,7Networks_RH_Default_Temp_4,7networks_rh_default_temp,7Networks_RH_Default_Temp,default,temporal,R,911.4141044255815,-1535.3577231427735,0.056128428847779924,0.05462762499302243,-56.10818159872106,5564.874577992729,-84996.13171810363,0.031040807506828517,0.10065741411749374,3.4567166201815707,0.0692619572793433,0.1313520963757324,0.06254250903835352,0.17866436707285147
371,7Networks_RH_Default_Temp_5,7networks_rh_default_temp,7Networks_RH_Default_Temp,default,temporal,R,-89.62608719505725,16014.33010657979,0.8206620781253643,-0.019729559676407327,-39.08389490026269,3151.8862001247385,-42122.86176398991,0.3175145226993746,0.007120205070521468,2.298030954436052,0.13623550816633895,0.8880116399952834,0.381455546215653,0.26891704655442555
372,7Networks_RH_Default_Temp_6,7networks_rh_default_temp,7Networks_RH_Default_Temp,default,temporal,R,13.184654676595414,51312.64125635728,0.9827442150156122,-0.02082328041687509,-62.364396614741736,5185.518641190613,-41454.2362806914,0.30026274657471286,0.009477736617735322,2.46836560007738,0.1228672089231955,0.9849136282937924,0.36644969608849365,0.2512689768068953
373,7Networks_RH_Default_Temp_7,7networks_rh_default_temp,7Networks_RH_Default_Temp,default,temporal,R,-1130.5011794603952,102164.80191380977,0.10599635020353247,0.03379947130244387,71.29873615140218,-7043.825066317657,208221.4862422529,0.080371501172208,0.06350207111528572,2.522400367413872,0.11894500230738547,0.21014123577468882,0.13464450749882817,0.2488526776384931
374,7Networks_RH_Default_Temp_8,7networks_rh_default_temp,7Networks_RH_Default_Temp,default,temporal,R,1624.7897741006389,-4952.436992833042,0.006048572324456476,0.12889935662275787,-22.68291368554489,3506.0491422250398,-38693.21202268439,0.02011138680000554,0.11711474157153579,0.35930346887257675,0.5517720981833262,0.022508621600846233,0.04432315343302192,0.6770392772303516
375,7Networks_RH_Default_PFCv_1,7networks_rh_default_pfcv,7Networks_RH_Default_PFCv,default,ventral prefrontal cortex,R,1404.682069703435,48666.11001363634,0.014698537871244767,0.09937874917740097,15.328763758858742,133.35595953553639,71467.60618134274,0.04836129703563284,0.08352755670309897,0.16979801811672696,0.68216478050724,0.0465149053464688,0.08961644430276454,0.7900581896690994
376,7Networks_RH_Default_PFCv_2,7networks_rh_default_pfcv,7Networks_RH_Default_PFCv,default,ventral prefrontal cortex,R,-224.26192326157724,40391.54746041743,0.6487964822279804,-0.016385586442538402,-46.967202974802916,3671.070564259857,-29472.044639042313,0.317599551694971,0.007108892101572728,2.135809315992686,0.15054853697195864,0.7710827301871809,0.381455546215653,0.2850187815843441
377,7Networks_RH_Default_PFCv_3,7networks_rh_default_pfcv,7Networks_RH_Default_PFCv,default,ventral prefrontal cortex,R,1958.639410783434,25046.258837982532,0.0008963698675459008,0.1906602128548529,24.575862038798704,-79.615962012218,61602.789613134446,0.003428484048020047,0.18114133093090767,0.44202052245622603,0.5093980758047598,0.004962828291046818,0.011118083984293581,0.6441970095135402
378,7Networks_RH_Default_PFCv_4,7networks_rh_default_pfcv,7Networks_RH_Default_PFCv,default,ventral prefrontal cortex,R,2887.808757612979,-39624.043050655106,4.341613194882616e-06,0.34528668275799823,15.257296667719103,1622.4099342382551,-16928.85399488409,2.695389204812824e-05,0.333720297514706,0.16673659784754458,0.6848829637537479,7.039615680273956e-05,0.00021851905339018252,0.7911879530386808
379,7Networks_RH_Default_PFCdPFCm_1,7networks_rh_default_pfcdpfcm,7Networks_RH_Default_PFCdPFCm,default,dorsal prefrontal cortex medial prefrontal cortex,R,-358.0397677098062,61781.322900437604,0.59058519419054,-0.014632387013339576,-142.49867909941867,11460.414365542443,-150185.09112371737,0.0025824047365310874,0.19095701428212453,13.197486952347793,0.0006917906438525611,0.7227107228099869,0.008949708018206973,0.0072070996114385
380,7Networks_RH_Default_PFCdPFCm_2,7networks_rh_default_pfcdpfcm,7Networks_RH_Default_PFCdPFCm,default,dorsal prefrontal cortex medial prefrontal cortex,R,-127.19443482391762,158742.53789777827,0.7904244239803924,-0.019316662130734352,43.35835798531693,-3723.219102428622,223237.9824745742,0.37772030572520654,-0.00024288379881998168,1.915319043765411,0.1729108187505186,0.8710016710851897,0.43970517640831736,0.31781988547666173
381,7Networks_RH_Default_PFCdPFCm_3,7networks_rh_default_pfcdpfcm,7Networks_RH_Default_PFCdPFCm,default,dorsal prefrontal cortex medial prefrontal cortex,R,1032.7299275118112,8847.752157209943,0.07078819664005673,0.046963622820839546,10.301708079657928,178.33418712290222,24171.51609501618,0.1915402646621636,0.028246534789006295,0.07546486049018204,0.784744015151495,0.15600893822614445,0.2565170506095052,0.8739857650145327
382,7Networks_RH_Default_PFCdPFCm_4,7networks_rh_default_pfcdpfcm,7Networks_RH_Default_PFCdPFCm,default,dorsal prefrontal cortex medial prefrontal cortex,R,3240.2104430795803,-63052.36358645303,5.458711849530662e-08,0.45176062387515825,24.510389691922796,1207.3851692395092,-26593.2227567573,3.4730713204125535e-07,0.446350419280673,0.5309491245385076,0.4698234307617114,4.130425299478201e-06,9.110914573956255e-06,0.6223581054704378
383,7Networks_RH_Default_PFCdPFCm_5,7networks_rh_default_pfcdpfcm,7Networks_RH_Default_PFCdPFCm,default,dorsal prefrontal cortex medial prefrontal cortex,R,-518.9609398162897,165521.13787297742,0.3253163218490257,-0.00025338842846300835,68.1134851966175,-6168.1087476394505,266839.7697021287,0.08673644151083669,0.060459919985452304,4.1017716709039345,0.04853845074170651,0.4601047044219865,0.1416487210284887,0.14125933741496638
384,7Networks_RH_Default_PFCdPFCm_6,7networks_rh_default_pfcdpfcm,7Networks_RH_Default_PFCdPFCm,default,dorsal prefrontal cortex medial prefrontal cortex,R,1105.3590459225754,43728.650297892455,0.09955179818954735,0.035826822921866674,-122.33094965352859,11251.156373269996,-138238.31870212939,0.00399234065036027,0.17581861666798226,9.153067074443483,0.004017886923831002,0.20234662544017795,0.012246774697726774,0.027752955224175497
385,7Networks_RH_Default_PFCdPFCm_7,7networks_rh_default_pfcdpfcm,7Networks_RH_Default_PFCdPFCm,default,dorsal prefrontal cortex medial prefrontal cortex,R,2046.8359544365817,24922.29045963564,0.001809307229062163,0.16827237756687863,-33.278119456224346,4806.832965776492,-24578.825559005636,0.005878333722722617,0.1621372737506932,0.6485283639538924,0.4246948039955599,0.008641159925516341,0.017046198441360568,0.5932659723507206
386,7Networks_RH_Default_PFCdPFCm_8,7networks_rh_default_pfcdpfcm,7Networks_RH_Default_PFCdPFCm,default,dorsal prefrontal cortex medial prefrontal cortex,R,-1993.9957884550774,162905.3444019255,0.00199402918258582,0.1651410744722983,-38.45119323864051,1195.0419382921464,105709.29460515494,0.00567799267280857,0.16337267572010106,0.898541276812207,0.3480217410211843,0.009237645396877166,0.016631023699710264,0.5302076188712003
387,7Networks_RH_Default_PFCdPFCm_9,7networks_rh_default_pfcdpfcm,7Networks_RH_Default_PFCdPFCm,default,dorsal prefrontal cortex medial prefrontal cortex,R,1601.626308877716,62415.8371472327,0.046081708790605753,0.061178610905791575,106.18149024733373,-7204.778636202231,220360.52734162658,0.016476832746610718,0.12457184783692543,4.475871052553951,0.03970401735811221,0.11187751759858296,0.0370320894404023,0.12262329170464586
388,7Networks_RH_Default_PFCdPFCm_10,7networks_rh_default_pfcdpfcm,7Networks_RH_Default_PFCdPFCm,default,dorsal prefrontal cortex medial prefrontal cortex,R,687.875180605185,29824.92399636257,0.29266034605393937,0.0026878015661812027,-106.51076181364596,9521.589016746046,-128609.55679533754,0.023098129236280556,0.11189729550075911,6.902533211871582,0.011586698115492927,0.42860579712415636,0.04969929229038565,0.05042901039929483
389,7Networks_RH_Default_PFCdPFCm_11,7networks_rh_default_pfcdpfcm,7Networks_RH_Default_PFCdPFCm,default,dorsal prefrontal cortex medial prefrontal cortex,R,1030.6277065301686,49843.77319946711,0.10373805848055777,0.03449463960660115,-104.5596368198584,9702.520525149655,-105688.4142456576,0.009289588792870115,0.14566148084443353,7.245777592575483,0.009814288406387197,0.20747611696111554,0.02343040728868351,0.046901967752629344
390,7Networks_RH_Default_PFCdPFCm_12,7networks_rh_default_pfcdpfcm,7Networks_RH_Default_PFCdPFCm,default,dorsal prefrontal cortex medial prefrontal cortex,R,3062.7659923494803,-54975.23101382176,1.2331129408729423e-07,0.43325987339762795,-31.31542286191558,5659.982268991173,-101556.84096025054,6.289613397784324e-07,0.43218105349166713,0.9088030510349377,0.34530956604456475,6.997915939453947e-06,1.29723389124448e-05,0.5278469460748566
391,7Networks_RH_Default_PFCdPFCm_13,7networks_rh_default_pfcdpfcm,7Networks_RH_Default_PFCdPFCm,default,dorsal prefrontal cortex medial prefrontal cortex,R,-106.16141879380848,128683.23334564324,0.8664920008284759,-0.02022614139221357,-34.75137792994002,2776.023656379909,76990.64918443606,0.700572604613038,-0.02688488265579858,0.6887483825592492,0.4107860460485252,0.910296569463761,0.7228635511234529,0.5836426864580015
392,7Networks_RH_Default_pCunPCC_1,7networks_rh_default_pcunpcc,7Networks_RH_Default_pCunPCC,default,precuneus posterior cingulate cortex,R,-284.0038629357087,45833.142042635765,0.5995323739201182,-0.01492568248097248,-101.85851675542234,8163.865380225408,-105681.13634167705,0.011078279083495516,0.13923563845852904,9.596712103466386,0.0032853851089454096,0.7297257312593396,0.027483818054136414,0.024706129080676157
393,7Networks_RH_Default_pCunPCC_2,7networks_rh_default_pcunpcc,7Networks_RH_Default_pCunPCC,default,precuneus posterior cingulate cortex,R,310.11171758607,128753.28403066946,0.42285260349165754,-0.007121782927955955,15.736070360408306,-994.9952979137806,152160.6477073557,0.6034480709903036,-0.020384257982704268,0.3761185576436943,0.5426445561692207,0.5699341642567003,0.6446245275990538,0.6749606260296608
394,7Networks_RH_Default_pCunPCC_3,7networks_rh_default_pcunpcc,7Networks_RH_Default_pCunPCC,default,precuneus posterior cingulate cortex,R,-1705.735446991147,127342.59842850149,0.0035147726060984754,0.14673731007840662,6.042689567052301,-2206.8997380640826,136331.0834213744,0.014598487389363033,0.12906917294939302,0.02624806029127348,0.8719904907158118,0.014775062621932481,0.03364321459274527,0.9381129923814657
395,7Networks_RH_Default_pCunPCC_4,7networks_rh_default_pcunpcc,7Networks_RH_Default_pCunPCC,default,precuneus posterior cingulate cortex,R,-323.4052778017113,39128.71822649362,0.5584681495719692,-0.013502425374182003,-80.80078044671653,6377.99240304458,-81062.23224326008,0.06692162378827192,0.07077191551813267,5.353256676574379,0.02510587162941552,0.6936931362342932,0.11596342442700554,0.08767742861349728
396,7Networks_RH_Default_pCunPCC_5,7networks_rh_default_pcunpcc,7Networks_RH_Default_pCunPCC,default,precuneus posterior cingulate cortex,R,-123.7611653876993,48259.185273459705,0.8361215329924114,-0.01991419321155874,-50.468018359118794,4061.9194594638725,-26811.86059233511,0.4349347185988367,-0.006264178159447686,1.651121978424945,0.20510288283171751,0.8995241136932578,0.49365090560967967,0.35676899925517147
397,7Networks_RH_Default_pCunPCC_6,7networks_rh_default_pcunpcc,7Networks_RH_Default_pCunPCC,default,precuneus posterior cingulate cortex,R,-168.6373164583,17545.721608636213,0.6375204514287102,-0.016073701385440398,-22.088232946319735,1663.3008433231118,-15310.467370456478,0.5818976687807313,-0.018806472000521213,0.8712483743195114,0.355380622606531,0.761669170917459,0.6245426515991773,0.5396080356634284
398,7Networks_RH_Default_pCunPCC_7,7networks_rh_default_pcunpcc,7Networks_RH_Default_pCunPCC,default,precuneus posterior cingulate cortex,R,441.99478867573873,1873.4372731086314,0.2489990815322917,0.007328560480659996,-40.95038289972174,3838.3085306566186,-59040.15063540927,0.13662263813875392,0.04211813167134315,2.743325009446614,0.10432363477809284,0.3896658712434567,0.19816829940892738,0.22770639514064495
399,7Networks_RH_Default_pCunPCC_8,7networks_rh_default_pcunpcc,7Networks_RH_Default_pCunPCC,default,precuneus posterior cingulate cortex,R,171.12959408779005,10918.624908980832,0.5771023102919788,-0.014173024478012053,-14.284641873373133,1355.8590656684428,-10329.742673470355,0.6712452368823989,-0.025017937240981558,0.4921495578665696,0.48642937219781934,0.7119130607481278,0.7023214887906881,0.627383338005142
400,7Networks_RH_Default_pCunPCC_9,7networks_rh_default_pcunpcc,7Networks_RH_Default_pCunPCC,default,precuneus posterior cingulate cortex,R,2213.2777365613438,-33363.26344555086,0.00028576077578124206,0.22615389134041897,77.8641867063172,-4244.56682050691,82459.51148368398,0.0001646165567439112,0.2803901571621147,4.617711438152033,0.03682536259271353,0.0019363491373833417,0.0009833673258123116,0.11534593448178818
401,HIP-head-m1-rh,HIP-head-m1,"Hippocampus head, medial division",subcortex,Hippocampus head,R,-1369.511252564842,195858.6942961987,0.0013417629706016236,0.17785337220792563,-27.970020624476945,950.2464318265638,154253.36146489816,0.003590726552883642,0.1795286363644788,1.0980079050635498,0.3000625495302458,0.006844498748911653,0.01138768366753811,0.47466340587711353
402,HIP-head-m2-rh,HIP-head-m2,"Hippocampus head, medial division",subcortex,Hippocampus head,R,-1583.5356226373624,188635.0553162003,0.003650104063896491,0.14550218420829664,5.23407603134639,-2017.6356991950097,196420.7297807355,0.015130460451557689,0.12774167753373578,0.022646963151339572,0.8810227719672631,0.015203185734027586,0.0346930759848848,0.9386649175244806
403,THA-VAip-rh,THA-VAip,"Thalamus, inferior ventro-anterior part, posterior division",subcortex,Thalamus,R,-1153.5237023859077,186841.11146261508,0.03423483737812251,0.0710917463849684,19.89468025670314,-2803.5345487708173,216434.3965289872,0.09303764873356933,0.057651899716926636,0.31542002379777834,0.5770415672328073,0.0903751986773125,0.1498784292823175,0.6894128197991961
404,THA-VAia-rh,THA-VAia,"Thalamus, inferior ventro-anterior part, anterior division",subcortex,Thalamus,R,-595.0778600951869,164707.07295326056,0.0998362204814975,0.035734448735768476,-46.48584382883112,3260.3320048150026,95559.50132973935,0.0359167894868136,0.09505638453958687,4.146552856925325,0.04737603462206358,0.20234662544017795,0.06998378724040075,0.13966701115855107
405,HIP-head-l-rh,HIP-head-l,"Hippocampus head, lateral division",subcortex,Hippocampus head,R,-2066.4370192829115,221577.19199888708,4.5212964448147136e-07,0.40253350920449216,-119.65011152507702,7857.018861392746,43597.96273272485,4.4855375537099453e-14,0.7181030815941956,54.733611422103,2.0405884134460175e-09,1.6583700226381253e-05,2.036434049384315e-11,4.632135698522459e-07
406,HIP-body-rh,HIP-body,Hippocampus body,subcortex,Hippocampus body,R,-2342.172962886355,210758.893069571,1.825710584553118e-06,0.36778567016378105,-55.14162683111038,2231.124078567054,128735.86677405081,1.9514485760677932e-06,0.40415308528484906,3.929671838018633,0.0533045361899602,3.6979195710327636e-05,2.8579279146283164e-05,0.1503121703741735
407,HIP-tail-rh,HIP-tail,Hippocampus tail,subcortex,Hippocampus tail,R,-1163.6361270942366,173369.4580245132,0.0206538508803662,0.08800093005554022,-83.0923005803538,5727.8140213677225,49769.87732421299,0.0021685353738003957,0.19694811558871983,7.51198883547402,0.008638829225334398,0.061689791445304315,0.007752087084294328,0.043578094092242406
408,THA-VPm-rh,THA-VPm,"Thalamus, medial ventro-posterior part",subcortex,Thalamus,R,-1240.1403967906142,192157.9969652892,0.0019846817949245718,0.1652925980264529,24.444283598651708,-3267.48301046718,228518.80515341816,0.005538473112250528,0.1642579253896017,0.9405746245430988,0.33709476375124936,0.009237645396877166,0.016327706447803503,0.5202085673273369
409,THA-VPl-rh,THA-VPl,"Thalamus, lateral ventro-posterior part",subcortex,Thalamus,R,-58.03886420639037,185791.92640107637,0.7659805874903054,-0.018931361626668863,17.605787298638717,-1518.2151337954238,211980.48915372338,0.3767392591590828,-0.0001321965811089676,1.902240649057736,0.1743557380815812,0.8565398687699475,0.4396905492499321,0.31918348826224946
410,THA-VAs-rh,THA-VAs,"Thalamus, superior ventro-anterior part",subcortex,Thalamus,R,-1281.3665280508376,156659.05120827293,0.03821240262912182,0.06742062428727602,-130.7780992571375,9565.014487355329,-37873.03082660891,0.0003154210681136318,0.2601991132454864,13.507916164562035,0.0006082780293137752,0.09691860778559389,0.0016272859650407821,0.006735566470937902
411,THA-DAm-rh,THA-DAm,"Thalamus, medial dorso-anterior part",subcortex,Thalamus,R,1259.9812180844574,62683.10239014507,0.0671191518792388,0.04871641054972509,-202.47146286815564,18052.41545202079,-238492.67129155627,3.860408572036664e-07,0.44385376741373406,35.10360804076913,3.497013356123623e-07,0.14864436562524103,9.110914573956255e-06,1.984555079600156e-05
412,THA-DAl-rh,THA-DAl,"Thalamus, lateral dorso-anterior part",subcortex,Thalamus,R,-750.9344893432035,200532.35748717983,0.004213210588120056,0.14080290732217215,-21.31842154893802,1017.157600083684,168821.26095672726,0.007658581278850018,0.15265166458512125,1.6712001721736969,0.20241695520455716,0.016927412451385005,0.02050294735084442,0.35592880039157776
413,PUT-VA-rh,PUT-VA,"Putamen, ventro-anterior part",subcortex,Putamen,R,-338.1019744082155,191268.84458962,0.10132876573144813,0.03525422535599387,4.267842173861979,-692.0652342680105,197617.24870769208,0.2522497662271914,0.016794696727217673,0.0988073688863965,0.7546566818648148,0.20445893174256644,0.3198547818722574,0.8459608236212985
414,PUT-DA-rh,PUT-DA,"Putamen, dorso-anterior part",subcortex,Putamen,R,-277.68897825627255,192904.34742476762,0.15786507307428438,0.02114087583875701,11.74397324116569,-1251.7022811867519,210373.47703395336,0.24697874248089277,0.017677823319537933,0.8307820744877858,0.36669789464244196,0.2799638405301762,0.31585450446852203,0.5476343558146995
415,PUT-VP-rh,PUT-VP,"Putamen, ventro-posterior part",subcortex,Putamen,R,-191.7177508235145,186251.57030673145,0.19224620255202746,0.015059264036332398,-34.60443813919153,2678.2805364565484,134777.55870155955,0.0002745410920420875,0.26455601729975675,17.283829140424913,0.00013527093535368507,0.32446013367516896,0.0014663724210247967,0.002255962396096811
416,PUT-DP-rh,PUT-DP,"Putamen, dorso-posterior part",subcortex,Putamen,R,-12.444862836154698,184765.30909196244,0.9519676018533679,-0.020755362151413603,14.945012177350236,-1251.9436571771002,206995.97578165217,0.5512861883257519,-0.016466319274595076,1.2025389864705214,0.2784018479675884,0.9604295360920645,0.6007592888176032,0.4516485187137568
417,CAU-VA-rh,CAU-VA,"Caudate, ventro-anterior part",subcortex,Caudate,R,-1583.1328347678011,196934.52665357655,2.455415315475347e-05,0.29808862585951335,1.6382360637153823,-1719.003692665021,199371.398531586,0.00014999271636504744,0.2832333273794648,0.005179294350618225,0.9429333029443491,0.00027553733470601666,0.0009079559097297538,0.9707416357788805
418,CAU-DA-rh,CAU-DA,"Caudate, dorso-anterior part",subcortex,Caudate,R,-906.4814709789573,208145.08600781191,0.0005877216925976098,0.20390633921207613,-61.99481739301834,4235.200616807692,115927.95660051206,6.857624094684476e-07,0.4300880804862667,20.04982719158506,4.7959246457587214e-05,0.003557675312524198,1.29723389124448e-05,0.001280793993632035
419,CAU-body-rh,CAU-body,Caudate body,subcortex,Caudate body,R,-662.2943564140935,186383.1720418147,0.02944802761145614,0.07612804897105574,-29.36024088278225,1772.7644273400465,142709.89019709788,0.03113349568869581,0.1005433028310998,2.3029334141052695,0.13582810387361888,0.07944589618653301,0.06254250903835352,0.26891704655442555
420,CAU-tail-rh,CAU-tail,Caudate tail,subcortex,Caudate tail,R,-13.51810184930082,176226.12227005037,0.9513391863251229,-0.020753306115990133,-3.254333917386589,256.38753082039875,171385.30904381408,0.9742998037081597,-0.041398761326177924,0.04841268600413225,0.8268016159877057,0.9604295360920645,0.9742998037081597,0.9009229420948546
421,lAMY-rh,lAMY,"Amygdala, lateral nucleus",subcortex,Amygdala,R,-1643.6839620360845,220156.29405856546,6.667676383020175e-06,0.3338745671226425,-63.70413188968521,3639.76403618447,125396.56378936447,4.013618755046808e-07,0.4429319257167418,10.396972208920738,0.0022978721921762153,9.840278994893032e-05,9.110914573956255e-06,0.018967890459054577
422,mAMY-rh,mAMY,"Amygdala, medial nucleus",subcortex,Amygdala,R,-1342.172620267898,190243.76321026633,0.007551620196177631,0.12155486663461845,-58.44911927644952,3505.4388780517947,103300.85051663128,0.005375617332493034,0.1653186594440561,3.5167233922515337,0.06697258212557015,0.026577019915229802,0.015951178228443382,0.17575463748560027
423,THA-DP-rh,THA-DP,"Thalamus, dorso-posterior part",subcortex,Thalamus,R,302.4586608493187,70015.03412684391,0.665640125112664,-0.016828080225980147,-29.576431073218373,2755.4476729106673,26020.169936918217,0.745501952313598,-0.02960468678865613,0.40435671779889615,0.5279322422186494,0.7853125698096335,0.7640132874726263,0.6621028673128918
424,NAc-shell-rh,NAc-shell,"Nucleus Accumbens, shell",subcortex,Nucleus Accumbens,R,-979.8524639964908,200861.10413629323,0.0038054655632894156,0.14413834292342165,15.137242294666834,-2235.294303135429,223377.71262483043,0.012421171737041459,0.13503455718512924,0.49479864303486243,0.4852647139339523,0.01570619423393995,0.029680062992720118,0.627383338005142
425,NAc-core-rh,NAc-core,"Nucleus Accumbens, core",subcortex,Nucleus Accumbens,R,-1594.2122767391893,226185.5398869108,0.0002258374374566121,0.23330768067239005,-130.574782603747,9235.306206622416,31955.89084441134,8.515971215254985e-11,0.61131520736937,47.68142830763581,1.1383194498568472e-08,0.0016537128484726113,7.732501863451525e-09,1.2919925755875215e-06
426,pGP-rh,pGP,"Pallidum, posterior part",subcortex,Pallidum,R,241.872199767673,170305.9598160015,0.07557726091885618,0.04481244050350386,-11.024081983055822,1156.179673362305,153907.6665783051,0.09687511262597687,0.05602972997405875,1.5703886146455073,0.2163492010286248,0.16184907124122208,0.1532449516801167,0.37266434401276577
427,aGP-rh,aGP,"Pallidum, anterior part",subcortex,Pallidum,R,-728.0795280451284,209481.66540775288,1.5122290933268277e-05,0.31159063506028295,-2.6459575504344173,-508.63098195349266,205545.8104428487,9.208930498067155e-05,0.29795905334289574,0.06798039978974804,0.79543934986377,0.00018555459685685942,0.0005972649208746412,0.8807269667553723
428,HIP-head-m1-lh,HIP-head-m1,"Hippocampus head, medial division",subcortex,Hippocampus head,L,-304.4288536077929,155208.81265536483,0.4649054717120116,-0.009420778163740984,-92.16641698003254,7339.603909283709,18111.50744397778,0.0014304684717531926,0.21104043619148405,14.412776490049811,0.000419996190266913,0.5996223981740149,0.005608827809255642,0.005017849220557329
429,HIP-head-m2-lh,HIP-head-m2,"Hippocampus head, medial division",subcortex,Hippocampus head,L,-1323.1659513793024,189124.47028971367,0.006147278063211975,0.12836461881414607,-59.77094160983755,3634.0739078359748,100215.35031783541,0.003518908819649169,0.18023371576217007,4.037105454782088,0.050272344673398264,0.02268995317640843,0.011250595803667062,0.14445344608685326
430,THA-VAip-lh,THA-VAip,"Thalamus, inferior ventro-anterior part, posterior division",subcortex,Thalamus,L,130.7431031543615,144184.65166386,0.7409325015128363,-0.018486989739467052,49.365715029531344,-3963.5154718649082,217616.02419783015,0.15405952890963484,0.03720954057412118,3.7767552418897385,0.05797136165764561,0.84945291840108,0.21324093330784824,0.15812931007384712
431,THA-VAia-lh,THA-VAia,"Thalamus, inferior ventro-anterior part, anterior division",subcortex,Thalamus,L,-1719.4163488646243,169669.81959046525,0.0005616667468877059,0.20531966531981427,-52.57844077963892,2641.296990229184,91459.52587071908,0.000645219252528667,0.2373222324307892,3.0141182641559134,0.08909428857760773,0.003445901393067818,0.0030334848795788632,0.2053238934732686
432,HIP-head-l-lh,HIP-head-l,"Hippocampus head, lateral division",subcortex,Hippocampus head,L,-781.4555294803431,181248.21636139503,0.03543427328899647,0.06994116112850424,14.020521825255301,-1944.279600294596,202103.70606016877,0.09477221155214398,0.056910882697434384,0.3368035393301179,0.5644523631383127,0.09245494294945056,0.15116516789252776,0.6851908365368823
433,HIP-body-lh,HIP-body,Hippocampus body,subcortex,Hippocampus body,L,-2394.3938746811236,194137.87288075138,3.793977920819732e-05,0.28576955522471215,91.12558234150194,-9952.102634336105,329686.9392781671,6.395369201112752e-06,0.3732833579671788,7.702650368455367,0.007889359234611315,0.0003914695400118541,6.598858221148157e-05,0.040701921505835646
434,HIP-tail-lh,HIP-tail,Hippocampus tail,subcortex,Hippocampus tail,L,-2224.847803392109,175096.26825303253,0.0002247693092666047,0.23345124325616362,30.70301462473317,-4771.272601069146,220766.9225416625,0.0008495251541484264,0.22834198628822722,0.6821852036742488,0.41300836754713044,0.0016537128484726113,0.003781219803758682,0.5841302145370629
435,THA-VPm-lh,THA-VPm,"Thalamus, medial ventro-posterior part",subcortex,Thalamus,L,-389.74695697955576,171849.4734572217,0.2497638073388676,0.007238986297609218,-3.2224764485307418,-122.48349641177083,167056.04813293647,0.5139762906757027,-0.013439734396005543,0.020584491010648253,0.8865300407316556,0.3896658712434567,0.5677499658558857,0.9386649175244806
436,THA-VPl-lh,THA-VPl,"Thalamus, lateral ventro-posterior part",subcortex,Thalamus,L,349.32708936476774,171989.34510050534,0.11502793615789209,0.031168745820342902,16.818122218973627,-1045.5223738621298,197006.2580986152,0.14952355663503955,0.03843315034132244,1.3626283675761013,0.24897068719054583,0.2222241830454596,0.2081275508142601,0.4190558822744896
437,THA-VAs-lh,THA-VAs,"Thalamus, superior ventro-anterior part",subcortex,Thalamus,L,-891.2459662531371,86062.57165873476,0.16294843295632375,0.020153204246287415,-95.77149941861855,7051.782560783611,-56397.28429065143,0.02508838637776499,0.10876819072594324,5.772629642211879,0.020279574992132777,0.28673871535725187,0.05273207136808012,0.07802480547820576
438,THA-DAm-lh,THA-DAm,"Thalamus, medial dorso-anterior part",subcortex,Thalamus,L,-598.2729952417485,143531.68312462012,0.30732609098994207,0.0013178322917170027,-103.30778207605965,7969.794384681863,-10138.373649545225,0.013186862413086633,0.1328300052042597,8.279523435643046,0.006013049215103864,0.44470508770242745,0.031019873241146797,0.03639899124876205
439,THA-DAl-lh,THA-DAl,"Thalamus, lateral dorso-anterior part",subcortex,Thalamus,L,-414.7815314450827,197118.41217818207,0.027697511200943728,0.07817859407363703,-4.915424841336119,-7.109520729437463,189806.73052886402,0.08391445346646827,0.061781392203795304,0.16110628886252396,0.6899592168873233,0.07714521524680032,0.13837633970660207,0.7950291483930071
440,PUT-VA-lh,PUT-VA,"Putamen, ventro-anterior part",subcortex,Putamen,L,-117.39516815688285,172775.34582166193,0.602457837769705,-0.01501962982011218,10.99149320073505,-1028.9998164933631,189125.16333053313,0.6683361404703095,-0.02482850968239081,0.5405804688871443,0.46584544397911154,0.731325824458412,0.7023214887906881,0.6223581054704378
441,PUT-DA-lh,PUT-DA,"Putamen, dorso-anterior part",subcortex,Putamen,L,272.9805117730184,155921.88126568723,0.2044616765644366,0.013189325188415424,-15.425699612561772,1552.346218855815,132976.193268065,0.2490988415647512,0.017320464697188176,1.2017897893436786,0.2785497472243434,0.33621564618824,0.317670994579767,0.4516485187137568
442,PUT-VP-lh,PUT-VP,"Putamen, ventro-posterior part",subcortex,Putamen,L,-245.22358188279577,175129.6722498306,0.4551876159336298,-0.00891849799751232,23.380484557489268,-2184.3375870246364,209908.08213488286,0.42558647945286965,-0.005334230049466537,1.1711320040278943,0.2846899496403742,0.5955480623454408,0.4842512823849695,0.45996169799548
443,PUT-DP-lh,PUT-DP,"Putamen, dorso-posterior part",subcortex,Putamen,L,34.645728846642214,179316.4710341812,0.8659401621603942,-0.020221064984781822,23.774008973268508,-1937.1061245026003,214680.24746277515,0.20839896937789543,0.02475203059762343,3.2134971368136207,0.07947057903870573,0.910296569463761,0.27503817470222247,0.19502509666795892
444,CAU-VA-lh,CAU-VA,"Caudate, ventro-anterior part",subcortex,Caudate,L,-163.77175655156884,114754.46963531448,0.8112025155765732,-0.01960782212699619,-33.012471724806176,2574.19315211054,65648.50392528185,0.7485676500739569,-0.02978450334721483,0.5256476505688935,0.4720367973509453,0.8810668470616368,0.7654272818323793,0.6223581054704378
445,CAU-DA-lh,CAU-DA,"Caudate, dorso-anterior part",subcortex,Caudate,L,-1975.9415752933512,234635.41016397366,9.989820993215059e-08,0.43809628945543344,-82.53355320667302,4869.167580749202,111866.96472677246,8.510244473612998e-11,0.6113263334689565,22.39337657439417,2.067807882443962e-05,6.479112472742338e-06,7.732501863451525e-09,0.0006258565190863726
446,CAU-body-lh,CAU-body,Caudate body,subcortex,Caudate body,L,-1343.2280857585697,185071.9071792753,0.003947070835044432,0.14294193021345247,-107.84084908244492,7600.799582614765,24658.925039434922,7.544679485674738e-06,0.3688603132340731,18.18174694504923,9.607506706015274e-05,0.016143875307298845,7.287839332970916e-05,0.0017905860131896903
447,CAU-tail-lh,CAU-tail,Caudate tail,subcortex,Caudate tail,L,463.1998448823024,155502.47687351628,0.07317870634646999,0.04587156175469331,-13.636243066210767,1594.1528771939666,135218.60082797144,0.14767590786944715,0.03894178238455592,0.6538925492028009,0.4227988892451855,0.15896235732678168,0.20745905062744832,0.5924404188805994
448,lAMY-lh,lAMY,"Amygdala, lateral nucleus",subcortex,Amygdala,L,-1777.7910819706033,221424.59876713605,2.8579638724569942e-08,0.4660396097232744,-13.162446602790226,-686.1334438817039,201845.49372693224,1.8614017362573068e-07,0.46085145224183977,0.5381021424533927,0.46686380086137624,2.7083051459759174e-06,5.461108783053646e-06,0.6223581054704378
449,mAMY-lh,mAMY,"Amygdala, medial nucleus",subcortex,Amygdala,L,-2535.9266831418927,224429.6831461688,1.6661506033079603e-07,0.42627804812592707,-3.0043659737595476,-2286.7527140582215,219960.69658503987,1.3077273695467361e-06,0.41421634101155425,0.011645455440550756,0.9145231945056567,7.923416233883317e-06,2.1203865206222077e-05,0.9540795319298278
450,THA-DP-lh,THA-DP,"Thalamus, dorso-posterior part",subcortex,Thalamus,L,-2558.96074485001,181700.09592504564,1.992438597744127e-05,0.30393726327401505,-41.76447835579823,904.8718672602954,119575.54314591743,6.315682978556615e-05,0.3091357755179571,1.3611832526084189,0.24921825597822067,0.00023194028804508554,0.00042795821974100044,0.4190558822744896
451,NAc-shell-lh,NAc-shell,"Nucleus Accumbens, shell",subcortex,Nucleus Accumbens,L,-1402.2184282534652,219434.46060400538,1.3106844956499476e-08,0.48276831234958884,-22.790029392483362,487.9248262157362,185534.35123906552,2.8099198735636302e-08,0.5025309696671323,2.906867550342495,0.09480548911749759,1.983502536750254e-06,1.0630863521649068e-06,0.21628990984594926
452,NAc-core-lh,NAc-core,"Nucleus Accumbens, core",subcortex,Nucleus Accumbens,L,-1170.0573982808212,216928.06525728377,0.0002788101713556017,0.22690489471550201,-21.964345142136636,651.6058428791739,184256.1590642492,0.0007918456319676915,0.2306473066683865,1.2334894974638528,0.27237920645364205,0.0019178760272036844,0.0036281962345067983,0.4464265694222148
453,pGP-lh,pGP,"Pallidum, posterior part",subcortex,Pallidum,L,-163.73315759549178,176922.46055980746,0.48576210004533904,-0.01044464765576314,24.671205582052778,-2209.896065394075,213620.81460722923,0.21942983266370975,0.02260919120527005,2.623285436135926,0.11199767603875287,0.6212281504805182,0.2870926340902716,0.23984407981883868
454,aGP-lh,aGP,"Pallidum, anterior part",subcortex,Pallidum,L,-460.33263650011213,201775.46358941105,0.015283705978311158,0.09807404322181712,-15.55283382239601,829.5772372878746,178640.6637857802,0.02410899077950355,0.11027708389369295,1.65834648253576,0.20413149884680257,0.04752604461748812,0.0513872385628855,0.3564450018324937
