index,name,base_name,Label Name,network,component,hemisphere,beta1,intercept,pval,adj_r2,quad_beta2,quad_beta1,quad_intercept,quad_pval,quad_adj_r2,f_statistic,pval_quad_vs_linear,pval_adj,quad_pval_adj,pval_quad_vs_linear_adj
1,7Networks_LH_Vis_1,7networks_lh_vis,7Networks_LH_Vis,visual,visual,L,-0.0007090736615026258,0.2000292482368662,0.3064718468100914,0.0013953479379683609,1.5865399322096275e-06,-0.0008406569823999881,0.20238922225390235,0.5957346615832837,-0.01982582119273335,0.0011861858112611695,0.9726713081911599,0.3613979700046272,0.619116807873711,0.9835028372356048
2,7Networks_LH_Vis_2,7networks_lh_vis,7Networks_LH_Vis,visual,visual,L,-0.0002847015433523996,0.19759496788971154,0.5997491530364476,-0.014932676779388476,7.163158629502873e-05,-0.006225631118771519,0.3041467659398942,0.11288537814281636,0.049865840189842636,4.273568035007354,0.04424098132143464,0.6467603693077131,0.15386915780311403,0.1969157403914836
3,7Networks_LH_Vis_3,7networks_lh_vis,7Networks_LH_Vis,visual,visual,L,-0.0009314112771399196,0.21221519730226868,0.1358187974247811,0.025871488705832113,2.0211770929989565e-05,-0.0026077207643403115,0.24228015391929494,0.29493510018052044,0.01023204094616792,0.2415459748954674,0.6253791851716934,0.1835170655680078,0.34158299867845987,0.8020399719433583
4,7Networks_LH_Vis_4,7networks_lh_vis,7Networks_LH_Vis,visual,visual,L,-0.001516087575293027,0.2823186472607656,0.012978605284371121,0.10353503202543834,7.100323972255374e-05,-0.007404903789426879,0.38793578142091373,0.008818340931168145,0.14755203803755468,3.4785281716406597,0.06841995187602623,0.02465391966152506,0.01763668186233629,0.2505053076751283
5,7Networks_LH_Vis_5,7networks_lh_vis,7Networks_LH_Vis,visual,visual,L,-0.0008666734699553829,0.2663721816323349,0.11897802466607149,0.030086798950822113,2.4704766506672627e-05,-0.0029156198298588894,0.3031204574677198,0.2391703142360984,0.01901981797283192,0.45848540401113763,0.5016520440260479,0.16409494566608324,0.28499559754117765,0.7161950565654898
6,7Networks_LH_Vis_6,7networks_lh_vis,7Networks_LH_Vis,visual,visual,L,-0.0013783351634230365,0.21413070390801936,0.05136937038341553,0.05756700985905494,9.097998988282278e-05,-0.008923968879253582,0.34946320190234315,0.02043270754843919,0.116519033983846,4.202895440690499,0.0459564494359135,0.08014327887996787,0.03474728584140141,0.2006175773452378
7,7Networks_LH_Vis_7,7networks_lh_vis,7Networks_LH_Vis,visual,visual,L,-0.0018200882958021077,0.18286721151057084,0.00227306283621553,0.16091047746723208,-5.7646126794726936e-05,0.0029609251829811056,0.09711874804211333,0.0030485670555181585,0.18522355179750616,2.432328549048989,0.12556515517996572,0.005548228643235756,0.007000500541333184,0.35103068026121687
8,7Networks_LH_Vis_8,7networks_lh_vis,7Networks_LH_Vis,visual,visual,L,-0.000937076336842486,0.27209778227854464,0.03031905091531465,0.07515295260647858,-4.7038689357651345e-05,0.002964185037474176,0.20212785437078323,0.023394887436584036,0.11141472119722429,2.9588045558226312,0.09199011467615678,0.05294172736751097,0.03890578350259763,0.2801911887856849
9,7Networks_LH_Vis_9,7networks_lh_vis,7Networks_LH_Vis,visual,visual,L,-0.0009140795309939172,0.19734796868723808,0.13745310846175923,0.02549288472385558,-1.7919962996251225e-05,0.0005721536192306951,0.1706920704026596,0.3045741360143934,0.008876639756745686,0.1952770054521598,0.6605871055552399,0.18462636462023282,0.35009419371893113,0.8271409950527042
10,7Networks_LH_Vis_10,7networks_lh_vis,7Networks_LH_Vis,visual,visual,L,-0.002514085758536173,0.23410129118475298,3.843201173893132e-05,0.28540173014027626,6.269727255775616e-05,-0.007714027573343338,0.3273633208200647,5.304379299425195e-05,0.3142469019177274,3.0190477435532515,0.08884120967961416,0.00016939935271334777,0.00024081882019390385,0.2781648909968609
11,7Networks_LH_Vis_11,7networks_lh_vis,7Networks_LH_Vis,visual,visual,L,0.0002911134595564484,0.1332595204883828,0.6023703713613392,-0.01501683475821225,2.4928966346939306e-05,-0.0017764274272972173,0.1703412930022381,0.6983816512754528,-0.02674802001349086,0.4515724585999532,0.5048792217240248,0.6480477454930047,0.7093182766869253,0.716604791556244
12,7Networks_LH_Vis_12,7networks_lh_vis,7Networks_LH_Vis,visual,visual,L,-0.0012708898856354386,0.23537290545950365,0.04435780801691495,0.062448054224461425,-0.00010958736454264445,0.007817989040236124,0.07236198612139647,0.0030052794810175726,0.1857192390001915,8.266556147009892,0.0060495788871584065,0.07103470152804624,0.006996907099394759,0.08582840046155989
13,7Networks_LH_Vis_13,7networks_lh_vis,7Networks_LH_Vis,visual,visual,L,-0.0023825655062145704,0.1953245269492081,8.3422802520412e-05,0.2629837972878887,2.2928523182824034e-05,-0.00428419506020053,0.2294306454665751,0.00039129809288489335,0.2533818365371615,0.38269099442041465,0.5391533243324982,0.00032370899439544486,0.0012873140157227652,0.742188546478183
14,7Networks_LH_Vis_14,7networks_lh_vis,7Networks_LH_Vis,visual,visual,L,-0.0010533711176098927,0.26746252320204,0.037219578903250415,0.06829946145145882,4.85740749964087e-05,-0.005081973214403283,0.3397163332485582,0.03856562630306253,0.09231212003380274,2.2698281395973208,0.13860677637286747,0.0617979379604437,0.059756977275052525,0.36799693844024467
15,7Networks_LH_Vis_15,7networks_lh_vis,7Networks_LH_Vis,visual,visual,L,0.00011236693762217893,0.1474146260112681,0.8664812510206423,-0.02022604271123596,-9.178246229046543e-05,0.007724555539454965,0.010888452400606208,0.10766785541532105,0.05177719725018637,4.644877035360829,0.03630030208024566,0.8840055909289251,0.1494838114940543,0.18934749497733228
16,7Networks_LH_Vis_16,7networks_lh_vis,7Networks_LH_Vis,visual,visual,L,-0.0015705433562402571,0.2679275613205847,0.005430720878421615,0.13245492841867745,7.736768783390881e-05,-0.007987209642830109,0.38301179547023867,0.0019810792576732328,0.20003171620013305,5.054768019179831,0.029287603805785344,0.011685058193381104,0.0048616755836953926,0.18208979448541035
17,7Networks_LH_Vis_17,7networks_lh_vis,7Networks_LH_Vis,visual,visual,L,-0.0008803797078819012,0.25327614136443755,0.042183393173111636,0.06412277238759034,-6.572777276528808e-05,0.004570903578508619,0.15550625056332712,0.007432336543160803,0.15373220851720648,6.082614483868177,0.017355326415548645,0.06791227127869745,0.015002513170690328,0.14591329986405713
18,7Networks_LH_Vis_18,7networks_lh_vis,7Networks_LH_Vis,visual,visual,L,-0.0005859802665413032,0.22810765889943885,0.22828001735161815,0.00988785886286625,2.5449569148558692e-05,-0.002696698538416824,0.2659638267247991,0.3564254042080548,0.0022239888158404053,0.6313142848356801,0.43086757069934467,0.2823954438082688,0.3975850946202872,0.6608576928969678
19,7Networks_LH_Vis_19,7networks_lh_vis,7Networks_LH_Vis,visual,visual,L,-0.0007918525711300469,0.24322619216880093,0.16619177783277628,0.019540733785012532,-5.0371248743966596e-05,0.003385802244181441,0.16829909085350958,0.1568815530414499,0.03646556925262312,1.8431375947979112,0.18106665941229333,0.21600367505981788,0.20063161994596693,0.42783433593880776
20,7Networks_LH_Vis_20,7networks_lh_vis,7Networks_LH_Vis,visual,visual,L,-0.0015320025424248487,0.2143387051953733,0.038471259289871884,0.06719528454802559,0.00010258601221814675,-0.010040208287037713,0.3669351311857353,0.011259960596657174,0.13863960848859913,4.981292363734308,0.03042828815817701,0.06328243375942695,0.02130009212867649,0.18208979448541035
21,7Networks_LH_Vis_21,7networks_lh_vis,7Networks_LH_Vis,visual,visual,L,-0.0007996828473366161,0.26563328812313275,0.1193792604006337,0.02997905984477167,3.0647077151025416e-05,-0.0033414683425897485,0.31122073556531016,0.19930902368937226,0.026601082886747673,0.8334260587981704,0.365943060728523,0.16409494566608324,0.24522031640914635,0.5925499183755033
22,7Networks_LH_Vis_22,7networks_lh_vis,7Networks_LH_Vis,visual,visual,L,0.0003806340903367506,0.19337815434182265,0.4220804938729662,-0.007076379300198665,-1.766916511508268e-05,0.0018460667442056246,0.16709531725228144,0.6212478729801592,-0.021647283144516027,0.3154159991748364,0.5770439891894088,0.4719816360057307,0.6410148507568006,0.7750827547100343
23,7Networks_LH_Vis_23,7networks_lh_vis,7Networks_LH_Vis,visual,visual,L,-0.001802399190241109,0.31289197305153477,0.0003153837163191027,0.22313980147891077,-9.748545631920792e-06,-0.0009938812436544285,0.2983910368140319,0.0015536832203783125,0.2082615588441491,0.09799043554590385,0.7556395467089818,0.001022744337206233,0.004053863115239965,0.879641933861225
24,7Networks_LH_Vis_24,7networks_lh_vis,7Networks_LH_Vis,visual,visual,L,-0.0015024268489042016,0.2674882788853818,0.0016099893298699463,0.17202172148206785,-2.9244069030854756e-05,0.0009229969563907883,0.22398780236783936,0.004539151898122385,0.17130442750514618,0.9584526428823822,0.3325896480733964,0.004094209863977284,0.009979738517115137,0.5668279465082882
25,7Networks_LH_Vis_25,7networks_lh_vis,7Networks_LH_Vis,visual,visual,L,-0.0010954269897743753,0.2570917265322633,0.06733893785870762,0.048608651612187415,-7.791505559022848e-05,0.005366636494620932,0.14119328427069716,0.02453058555799469,0.10962049516174655,4.289123878599215,0.04387282874194468,0.10023566487820741,0.04019025830033214,0.1969157403914836
26,7Networks_LH_Vis_26,7networks_lh_vis,7Networks_LH_Vis,visual,visual,L,-0.0009451267136994976,0.2686261816441457,0.08169608744169883,0.0422616030283256,1.029537701351994e-05,-0.001798997372626305,0.28394052813756143,0.2141802268481569,0.02361578724495661,0.08335351400622627,0.7740728028684551,0.11737349271687111,0.26069121444789073,0.8905499523672887
27,7Networks_LH_Vis_27,7networks_lh_vis,7Networks_LH_Vis,visual,visual,L,-0.0011206321452397268,0.2507894244214439,0.07697499632516647,0.044211249616309956,-9.954612418700813e-05,0.00713545352715013,0.10271482396004672,0.010108739311815305,0.1425837476367796,6.50710333746072,0.014060306650479703,0.11165063364736605,0.019696856856498492,0.13298706706912053
28,7Networks_LH_Vis_28,7networks_lh_vis,7Networks_LH_Vis,visual,visual,L,-0.0017973306955095338,0.25420457328235485,0.000366415724703901,0.21853898614285983,-3.131188971877962e-06,-0.0015376383707766924,0.24954693784183365,0.0018652375879518383,0.2020801851089813,0.009897442220977621,0.921175623914266,0.001131651285820211,0.004649874682806969,0.9530983722076767
29,7Networks_LH_Vis_29,7networks_lh_vis,7Networks_LH_Vis,visual,visual,L,-0.0017310841876602588,0.2623087495581841,0.008688872081767596,0.11689933059829116,-7.54453835123963e-05,0.004526151389834446,0.15008393808015996,0.006486811455747615,0.1586180906500254,3.3800137134280948,0.07231524625795416,0.017377744163535193,0.013447545209632043,0.25556013487814044
30,7Networks_LH_Vis_30,7networks_lh_vis,7Networks_LH_Vis,visual,visual,L,-0.0026224375280819766,0.2897771645072006,4.419948614513815e-05,0.2814013878694883,-7.520682220445282e-05,0.0036150124212671387,0.17790721235341253,3.8409369433879834e-05,0.32360259653743717,3.994774973546549,0.051443945422180705,0.00018930723311219548,0.00018355635497875207,0.21625510390435224
31,7Networks_LH_Vis_31,7networks_lh_vis,7Networks_LH_Vis,visual,visual,L,-0.0014148976027880545,0.24114511927811869,0.02220940787946504,0.08557023830755761,-0.00014630379773707692,0.010719142754666133,0.02351860119083657,3.155018496208861e-05,0.32924118553580517,18.437274344726834,8.724820988277471e-05,0.03969713061920129,0.00015401918250309923,0.00627381830280127
32,7Networks_LH_SomMot_1,7networks_lh_sommot,7Networks_LH_SomMot,somatomotor,somatomotor,L,-0.0020395941740044142,0.3299557399095037,5.938619823221209e-05,0.2728876298828923,7.1885735439427396e-06,-0.0026357949756505936,0.34064872433355897,0.0003354227403191362,0.258261033979551,0.053472130327555344,0.8181317824067051,0.000240726196405574,0.0011335485763419575,0.9148567221986309
33,7Networks_LH_SomMot_2,7networks_lh_sommot,7Networks_LH_SomMot,somatomotor,somatomotor,L,-0.0016375032344421222,0.3193524259099366,0.0013171147518538195,0.17844509599041292,8.073667985779905e-06,-0.0023071113696197954,0.33136198601100597,0.005886853185570765,0.1620856366506056,0.06284689383786508,0.8031443207922697,0.003496901154044644,0.012259776817656548,0.9090078926892887
34,7Networks_LH_SomMot_3,7networks_lh_sommot,7Networks_LH_SomMot,somatomotor,somatomotor,L,-0.001444777540949575,0.27276359404168277,0.016389314961787905,0.09573900957028703,6.270151111337341e-05,-0.006645070890068978,0.3660319285174354,0.015319795621840984,0.1272799687744227,2.7347671505516313,0.10485059283291388,0.030246947124600444,0.027490858546702794,0.30514210991117247
35,7Networks_LH_SomMot_4,7networks_lh_sommot,7Networks_LH_SomMot,somatomotor,somatomotor,L,-0.001556490205197058,0.28536094633572656,0.006595074204048707,0.12604008579060721,7.447911164384425e-05,-0.007733585813458978,0.3961484309259243,0.0030484333299529284,0.18522507268964372,4.486704457796405,0.03947575859289902,0.013797989348562733,0.007000500541333184,0.18934749497733228
36,7Networks_LH_SomMot_5,7networks_lh_sommot,7Networks_LH_SomMot,somatomotor,somatomotor,L,-0.0010710754276381691,0.25125335877921773,0.06275979811161643,0.050932513922730904,8.303410134498493e-05,-0.007957698689295625,0.37476636826848636,0.014046888218641189,0.13049547893997337,5.392182246702768,0.02460976766780962,0.09497649447557953,0.0255091490050524,0.171436130094002
37,7Networks_LH_SomMot_6,7networks_lh_sommot,7Networks_LH_SomMot,somatomotor,somatomotor,L,-0.0006832717267997788,0.25534195658491865,0.21070363685660082,0.01228261623154947,-3.315566646636044e-05,0.0020665693655285942,0.20602298906977326,0.3015153453960019,0.009302251175036802,0.8555992250085571,0.3596982523136617,0.26425262743894135,0.3483154371750251,0.5925499183755033
38,7Networks_LH_SomMot_7,7networks_lh_sommot,7Networks_LH_SomMot,somatomotor,somatomotor,L,-0.0014193744977591427,0.25342851667062205,0.008426276443724881,0.11791860866998283,3.3709618848524575e-05,-0.004215158898909603,0.3035714869114739,0.020038125505042137,0.1172518384214628,0.9637439381672378,0.3312720323050916,0.016973574499376847,0.03432946784637408,0.5668279465082882
39,7Networks_LH_SomMot_8,7networks_lh_sommot,7Networks_LH_SomMot,somatomotor,somatomotor,L,-0.0009140453972793466,0.2519916527053171,0.053173750369338815,0.05642094998107838,3.399977616340541e-05,-0.0037338946595149736,0.3025662311963422,0.08542893982280311,0.061066994328560664,1.2375144204454496,0.27160833548487856,0.08239209101597209,0.12351827604953061,0.5137924346255619
40,7Networks_LH_SomMot_9,7networks_lh_sommot,7Networks_LH_SomMot,somatomotor,somatomotor,L,0.000561540008841658,0.1588040838258126,0.2565321922767359,0.006460250243388033,-7.875846047001873e-05,0.007093553207511916,0.04165107900219665,0.02460989384910206,0.10949818946262413,6.5539708330730635,0.013739739230146087,0.31307961100440346,0.04019025830033214,0.13298706706912053
41,7Networks_LH_SomMot_10,7networks_lh_sommot,7Networks_LH_SomMot,somatomotor,somatomotor,L,-0.002458110391659802,0.3005370054730257,2.206348117023411e-05,0.30108802271836266,8.105358456797528e-05,-0.009180474960976036,0.4211040014147271,8.033587033790551e-06,0.3671717466218555,6.012448054325769,0.017975270182781295,0.00011041343538600943,4.799011201764356e-05,0.1483776847815038
42,7Networks_LH_SomMot_11,7networks_lh_sommot,7Networks_LH_SomMot,somatomotor,somatomotor,L,-0.0010180953474493142,0.23615298301931523,0.07052979215076578,0.047083954512528337,4.642031913557419e-05,-0.004868070771936944,0.3052030868322756,0.08891972076190062,0.05946548718468625,1.6318891653264431,0.20771629399684438,0.10430138643794028,0.12694828058460025,0.4577825120124629
43,7Networks_LH_SomMot_12,7networks_lh_sommot,7Networks_LH_SomMot,somatomotor,somatomotor,L,-0.0018308874640159366,0.3100325389624274,0.0009780983959038596,0.18790199947855357,3.699683844499629e-06,-0.002137729212305012,0.3155358090453355,0.004601861089048167,0.17082044727079382,0.011173752085723602,0.9162655118412543,0.002675040191206941,0.0100410222041319,0.9530983722076767
44,7Networks_LH_SomMot_13,7networks_lh_sommot,7Networks_LH_SomMot,somatomotor,somatomotor,L,-0.0019049894180682351,0.27599048432747836,0.0003130490084088347,0.22336718007677114,-5.580220208979319e-05,0.002723093944533174,0.19298485405512816,0.0003682711784996119,0.25530626529069367,3.0586665615855226,0.08683613040027424,0.0010224766173928847,0.0012204022995534584,0.2777902552127948
45,7Networks_LH_SomMot_14,7networks_lh_sommot,7Networks_LH_SomMot,somatomotor,somatomotor,L,-0.0012155179502156056,0.292581903946735,0.011325084702812174,0.10808103457772489,2.82903304232941e-05,-0.0035618412609669924,0.3346636967695331,0.027518399075982997,0.10525514902055433,0.8484009082637339,0.36170900837391795,0.021694466055176064,0.04430267085282369,0.5925499183755033
46,7Networks_LH_SomMot_15,7networks_lh_sommot,7Networks_LH_SomMot,somatomotor,somatomotor,L,-0.0024350245365603058,0.2778504051274213,4.018281308554097e-05,0.2841292938739276,2.622248688307049e-05,-0.004609846509970718,0.31685628606981303,0.00018337720192057987,0.2770776679660666,0.5317919663305773,0.4694731082591429,0.00017541343404649614,0.0006555373989916792,0.6965385331687937
47,7Networks_LH_SomMot_16,7networks_lh_sommot,7Networks_LH_SomMot,somatomotor,somatomotor,L,-0.0010726397571492476,0.27433874402618474,0.04443580448009941,0.06238954316777223,-3.3189673890241444e-05,0.001680021818722309,0.2249691905565885,0.08585364564981242,0.06086883320151293,0.922274884530472,0.34179307452164853,0.07103470152804624,0.12373827023814235,0.574718725306772
48,7Networks_LH_SomMot_17,7networks_lh_sommot,7Networks_LH_SomMot,somatomotor,somatomotor,L,-0.0019199880632446032,0.32531105931974474,0.00014334626224080444,0.24697314367710554,1.6540250158836734e-05,-0.0032917915711097156,0.34991463835211645,0.0006814290476813364,0.23554810014082994,0.2826205417996153,0.5974926208798754,0.0005206336244586017,0.0020624585843155114,0.7817338613241022
49,7Networks_LH_SomMot_18,7networks_lh_sommot,7Networks_LH_SomMot,somatomotor,somatomotor,L,-0.002151429617519231,0.3028492214535053,0.0001336573470703514,0.24905918952660788,1.1210160376138608e-05,-0.0030811699285810523,0.31952430581627334,0.0006977775639238078,0.23477648499797443,0.10409206730586558,0.7484040844272586,0.000493336874552354,0.0020705295034079,0.8744391913853655
50,7Networks_LH_SomMot_19,7networks_lh_sommot,7Networks_LH_SomMot,somatomotor,somatomotor,L,-0.0031570477462287373,0.3523016357801034,7.220386713353598e-07,0.3910836162690289,-6.995366785645711e-05,0.002644719822700778,0.24824573703717684,8.484064914770831e-07,0.4249032083459645,3.822725571158249,0.05652295936044584,5.540734818010102e-06,7.132899020936958e-06,0.21932840640720008
51,7Networks_LH_SomMot_20,7networks_lh_sommot,7Networks_LH_SomMot,somatomotor,somatomotor,L,-0.003222661514884229,0.3458513405652111,1.6365853712451268e-06,0.37057463684310143,-0.00010317503888952843,0.005334396505012771,0.1923787389352837,2.9767209614710027e-07,0.44997180701696915,7.928852406049711,0.007088642162348203,1.1430919362235193e-05,2.8676649549828587e-06,0.08898824891063933
52,7Networks_LH_SomMot_21,7networks_lh_sommot,7Networks_LH_SomMot,somatomotor,somatomotor,L,-0.0035129573633483064,0.3176256215537687,1.5863027859122245e-08,0.47871985117085014,-0.00011703069461658808,0.006193251180127518,0.1435427681167417,2.1294486350223024e-10,0.595856942364724,14.912351755353225,0.0003432998102047578,3.131223760018043e-07,1.8636578717709672e-08,0.015585811383296004
53,7Networks_LH_SomMot_22,7networks_lh_sommot,7Networks_LH_SomMot,somatomotor,somatomotor,L,-0.0030266841533109863,0.3322832195144284,1.8018199175856069e-07,0.4244488057966237,-6.730196843201053e-06,-0.002468499872573621,0.3222720692388907,1.3889571333437726e-06,0.412712254551856,0.04075223071619514,0.8408881698773726,1.9951859575216234e-06,1.1062921728738118e-05,0.9238141535567266
54,7Networks_LH_SomMot_23,7networks_lh_sommot,7Networks_LH_SomMot,somatomotor,somatomotor,L,-0.004050782524949864,0.3603191749941542,2.751464968987637e-08,0.4668664331088609,-8.864731621710893e-05,0.0033013855608810703,0.2284565230021581,2.0128551907180744e-08,0.5095430613394187,5.176672799575627,0.027495523298008286,4.996660383681549e-07,3.807651069108357e-07,0.17581644475064453
55,7Networks_LH_SomMot_24,7networks_lh_sommot,7Networks_LH_SomMot,somatomotor,somatomotor,L,-0.0034281493727069843,0.301029498975691,3.8581088356782226e-07,0.40636730192090886,5.20699560891068e-05,-0.00774669037006053,0.37848342304261495,1.191516155713476e-06,0.4165315621621364,1.8361797484485267,0.18187671109292927,3.503162822795826e-06,9.659791690962823e-06,0.42783433593880776
56,7Networks_LH_SomMot_25,7networks_lh_sommot,7Networks_LH_SomMot,somatomotor,somatomotor,L,-0.0029758469569952537,0.26990116821765614,6.958517352169189e-07,0.391994632926539,-4.885661231514702e-05,0.0010761880190609373,0.19722708464538102,1.9026806472409557e-06,0.4047944339766444,2.0322323672305043,0.16060221806889516,5.446839444628986e-06,1.4160934653235966e-05,0.4050744833515467
57,7Networks_LH_SomMot_26,7networks_lh_sommot,7Networks_LH_SomMot,somatomotor,somatomotor,L,-0.003138930080259151,0.3505496442791164,3.039485671544775e-07,0.41208788341514824,-0.00010883774254089408,0.005887777228998448,0.18865378571623131,1.2154608078588997e-08,0.5199586057427947,11.78614205705931,0.0012550738973718606,2.9998402062637563e-06,2.9043116145681076e-07,0.03351785584746028
58,7Networks_LH_SomMot_27,7networks_lh_sommot,7Networks_LH_SomMot,somatomotor,somatomotor,L,-0.003610169480705653,0.35814688256994687,6.900672457395174e-08,0.44649877123785664,-4.637081535024795e-05,0.00023570023403088683,0.2891704155087288,2.665037574057177e-07,0.4525544659127776,1.5309630388726547,0.2221142696000743,9.355148530345282e-07,2.749834224140814e-06,0.47382010625709625
59,7Networks_LH_SomMot_28,7networks_lh_sommot,7Networks_LH_SomMot,somatomotor,somatomotor,L,-0.0034288803327364057,0.3353024255653919,7.006058370743162e-08,0.44615689397185965,-4.064215699500606e-05,-5.813001169797157e-05,0.27484732288736874,3.031200502604631e-07,0.4495471524695248,1.2956336925460668,0.26078137435220294,9.355148530345282e-07,2.8676649549828587e-06,0.5099258746006806
60,7Networks_LH_SomMot_29,7networks_lh_sommot,7Networks_LH_SomMot,somatomotor,somatomotor,L,-0.0033669206077150014,0.32717536436081707,4.587128288704316e-06,0.3438334900038261,-0.00010469805594122002,0.005316452317578562,0.17143727883317939,1.4620919096233279e-06,0.41142844128448763,6.51259674958236,0.014022323062127076,2.7767416574290125e-05,1.1444650464982601e-05,0.13298706706912053
61,7Networks_LH_SomMot_30,7networks_lh_sommot,7Networks_LH_SomMot,somatomotor,somatomotor,L,-0.003757182168852938,0.3367365498783176,2.6781656793921416e-09,0.5152981033772609,1.3624645686359269e-05,-0.0048871733459199766,0.3570031748515395,2.3149576043387465e-08,0.5066158881645288,0.15533086653161834,0.6952747468180608,8.684908703171659e-08,4.203963009479164e-07,0.8463122496723597
62,7Networks_LH_SomMot_31,7networks_lh_sommot,7Networks_LH_SomMot,somatomotor,somatomotor,L,-0.003643726528065206,0.3141827293867858,3.886268121855356e-08,0.4593027791571994,-3.4597848514941985e-05,-0.0007742747663560766,0.26271851983052363,2.1244278644917038e-07,0.4578105376029715,0.8678919463202581,0.3563005329043466,5.936286454053279e-07,2.3522381284178506e-06,0.5903665764181509
63,7Networks_LH_SomMot_32,7networks_lh_sommot,7Networks_LH_SomMot,somatomotor,somatomotor,L,-0.0032536445874565764,0.301933873634585,1.2410860436728297e-07,0.43311121397615215,-9.519483205317771e-05,0.004641556711624955,0.16033180888936904,1.8837695816840188e-08,0.5109243959870702,8.636923015332679,0.005092867270941355,1.4827712205985914e-06,3.807651069108357e-07,0.07946600701993677
64,7Networks_LH_SomMot_33,7networks_lh_sommot,7Networks_LH_SomMot,somatomotor,somatomotor,L,-0.0025111715711390583,0.26278470954744276,0.0008448000054908522,0.1925293621605021,-0.00012351873942667853,0.007733137819917549,0.07905090635344703,0.00010253370457298184,0.2947422508826204,7.956632046654932,0.006996417750339835,0.002353001242287404,0.00041937208897417796,0.08898824891063933
65,7Networks_LH_SomMot_34,7networks_lh_sommot,7Networks_LH_SomMot,somatomotor,somatomotor,L,-0.003132136960879262,0.25661309139935823,2.592900652452982e-06,0.3587616298436376,2.1648014812386588e-05,-0.0049275646220553835,0.2888144570507696,1.545073939011408e-05,0.3493122075734565,0.30293410411585137,0.584655406984874,1.7060534727734113e-05,8.55443375989243e-05,0.7817338613241022
66,7Networks_LH_SomMot_35,7networks_lh_sommot,7Networks_LH_SomMot,somatomotor,somatomotor,L,-0.0033397428364596075,0.3112869532574798,1.985461321569255e-06,0.3656386590189322,-9.775211093072617e-05,0.004767552239990606,0.16588094284231503,7.255848382231045e-07,0.4287175120709895,6.299978575354118,0.015575686035569311,1.3577700172328784e-05,6.2153871047790455e-06,0.14431349918670341
67,7Networks_LH_SomMot_36,7networks_lh_sommot,7Networks_LH_SomMot,somatomotor,somatomotor,L,-0.002333255383117074,0.25499639508713245,0.00016781914841846628,0.24225720544698692,-8.784320878459572e-05,0.004952222212181435,0.1243298508067106,5.653909339826742e-05,0.31238220253064164,5.895161050809525,0.019065070174162178,0.0005999204203305802,0.00025226338232307627,0.1488389128579119
68,7Networks_LH_SomMot_37,7networks_lh_sommot,7Networks_LH_SomMot,somatomotor,somatomotor,L,-0.0022860424586718517,0.23855554405679968,0.00032498470930609287,0.22222158357335198,-8.200388044446628e-05,0.004515137074406226,0.11657498547385434,0.0001779065273399214,0.2780087750238087,4.708888829930355,0.0350948619783221,0.001039035619894128,0.000641028281050193,0.18914901989108227
69,7Networks_LH_DorsAttn_Post_1,7networks_lh_dorsattn_post,7Networks_LH_DorsAttn_Post,dorsal attention,posterior,L,-0.0004569572985730491,0.21619192456196157,0.4501234262961016,-0.008650096484197345,-5.706240022412823e-06,1.6302779375941545e-05,0.20770390739046152,0.7466368776616215,-0.029671337509098672,0.020056660374559613,0.8879842622652803,0.49842935497178076,0.7549513195064056,0.9498654475910937
70,7Networks_LH_DorsAttn_Post_2,7networks_lh_dorsattn_post,7Networks_LH_DorsAttn_Post,dorsal attention,posterior,L,-0.001144013572084975,0.2808600130882233,0.03743267167207493,0.06810885097965436,4.46695422468807e-06,-0.0015144906456512307,0.28750459586331395,0.11648748777777841,0.048595008790975336,0.015493471538032108,0.9014718036175418,0.0617979379604437,0.1569297313089359,0.9498654475910937
71,7Networks_LH_DorsAttn_Post_3,7networks_lh_dorsattn_post,7Networks_LH_DorsAttn_Post,dorsal attention,posterior,L,-0.0009463823867704203,0.27417293815384486,0.04663914650962224,0.060778450108084914,-1.095428579897428e-05,-3.786361946736365e-05,0.2578784665581863,0.13263774322697644,0.04332393566671677,0.12424202462978591,0.7260542184254624,0.07403556823555418,0.17403911972557023,0.8606491257575977
72,7Networks_LH_DorsAttn_Post_4,7networks_lh_dorsattn_post,7Networks_LH_DorsAttn_Post,dorsal attention,posterior,L,-0.000892902230800964,0.2514187024889685,0.055854657285810495,0.05478967206833141,1.1933550042395605e-05,-0.0018826385196862964,0.26916982709623327,0.15184343458210284,0.03780297425278234,0.15260443201520044,0.6978239005835372,0.0856733741429854,0.19473706017026748,0.8463122496723597
73,7Networks_LH_DorsAttn_Post_5,7networks_lh_dorsattn_post,7Networks_LH_DorsAttn_Post,dorsal attention,posterior,L,-0.0014153997881576072,0.26405249505206113,0.005585559441523458,0.1315279279777798,-7.680947682014797e-05,0.004954969990250582,0.14979859833152234,0.0012032983590206771,0.21682504807992375,6.227774145310943,0.016144189450684996,0.01196152823797948,0.0032325293194993337,0.1443724972466829
74,7Networks_LH_DorsAttn_Post_6,7networks_lh_dorsattn_post,7Networks_LH_DorsAttn_Post,dorsal attention,posterior,L,-0.0024562536978965446,0.3228536340621439,2.419729577380508e-07,0.41750900547212755,-1.732750271734592e-05,-0.0010191575970555956,0.29707901889938093,1.5379095184796527e-06,0.4101608777130943,0.4020231634245053,0.5291202815190416,2.5004623029418895e-06,1.1834083413385801e-05,0.7368730300909352
75,7Networks_LH_DorsAttn_Post_7,7networks_lh_dorsattn_post,7Networks_LH_DorsAttn_Post,dorsal attention,posterior,L,-0.002643870286054807,0.28410320774967174,7.732955306060353e-06,0.32989008261907216,-7.838424483748048e-05,0.003857106482544295,0.16750684770481702,3.811859953940588e-06,0.3869324850027803,5.466123628211505,0.02369617092591661,4.444002163229621e-05,2.437442843787362e-05,0.171436130094002
76,7Networks_LH_DorsAttn_Post_8,7networks_lh_dorsattn_post,7Networks_LH_DorsAttn_Post,dorsal attention,posterior,L,-0.0024820841543651325,0.31266458433898847,6.284544647521986e-06,0.3354593969247963,3.1631170372176825e-06,-0.0027444245062808207,0.3173697126935472,4.138130965478036e-05,0.3214540648079476,0.009269812487396353,0.9237076735052373,3.705432818149327e-05,0.00019506559002161424,0.9530983722076767
77,7Networks_LH_DorsAttn_Post_9,7networks_lh_dorsattn_post,7Networks_LH_DorsAttn_Post,dorsal attention,posterior,L,-0.001776016990142224,0.28161297965139165,0.001614236928748753,0.1719372061063007,3.2614938982415e-06,-0.0020465164522133986,0.28646444333050153,0.007281709543462936,0.1544692070994672,0.008357874877966867,0.9275462879204088,0.004094209863977284,0.014824646335121852,0.9548889222581987
78,7Networks_LH_DorsAttn_Post_10,7networks_lh_dorsattn_post,7Networks_LH_DorsAttn_Post,dorsal attention,posterior,L,-0.001605027782318316,0.22293267388907437,0.0074214877966518236,0.12213105660975065,-0.00012359098796609124,0.008645273706732761,0.03909140118087214,8.742286716409942e-05,0.299510845616195,13.154691930668077,0.0007042151832198058,0.015245952306244018,0.00036749983048612163,0.019982105823861986
79,7Networks_LH_DorsAttn_Post_11,7networks_lh_dorsattn_post,7Networks_LH_DorsAttn_Post,dorsal attention,posterior,L,-0.0022420086885668582,0.2818523877871511,0.00020080546603524409,0.23685876618571955,-2.9967275215810258e-05,0.00024339587710989641,0.23727614395306984,0.0007769270464110912,0.23126973965054054,0.6510176748257116,0.4238133750690677,0.0006854562524812091,0.002246655280704684,0.654460109800533
80,7Networks_LH_DorsAttn_Post_12,7networks_lh_dorsattn_post,7Networks_LH_DorsAttn_Post,dorsal attention,posterior,L,-0.0023824285255222965,0.28420267669402594,3.0949991400666126e-06,0.35416335093719675,2.4597849276690974e-06,-0.0025864364189922143,0.2878616003674517,2.1184276153445965e-05,0.3405146005104186,0.006589045045723325,0.9356491100502893,1.9515689022086696e-05,0.00011183327178679614,0.9588819321960075
81,7Networks_LH_DorsAttn_Post_13,7networks_lh_dorsattn_post,7Networks_LH_DorsAttn_Post,dorsal attention,posterior,L,-0.002873734884262724,0.2885639866918947,7.927867285906054e-08,0.4433611718021999,-5.2098935116114915e-05,0.0014472095550292895,0.21106695639777365,1.4339115886998808e-07,0.46680458250466095,3.110452709822799,0.08429108157109741,1.0283576422289567e-06,1.8599881750564168e-06,0.2777902552127948
82,7Networks_LH_DorsAttn_Post_14,7networks_lh_dorsattn_post,7Networks_LH_DorsAttn_Post,dorsal attention,posterior,L,-0.0030689808806154397,0.27833666228713416,4.6695802910280957e-07,0.40175070823730485,-3.6982923907483294e-05,-1.7174317437046276e-06,0.22332465929636924,2.0249388524252294e-06,0.40321502854534075,1.1177767171556001,0.29580168262552325,4.076902792551453e-06,1.4592416492080225e-05,0.5373985050425658
83,7Networks_LH_DorsAttn_Post_15,7networks_lh_dorsattn_post,7Networks_LH_DorsAttn_Post,dorsal attention,posterior,L,-0.0036551087198713346,0.32197085667594183,1.5852631403505353e-07,0.42743808137830275,-6.171872844635346e-05,0.0014636752991508903,0.23016440885773615,3.706288392692023e-07,0.4448171259518745,2.502557406803466,0.12036849713320359,1.7992736642978575e-06,3.3653098605643573e-06,0.3394242093072946
84,7Networks_LH_DorsAttn_Post_16,7networks_lh_dorsattn_post,7Networks_LH_DorsAttn_Post,dorsal attention,posterior,L,-0.004040981443297075,0.33773763602165213,2.9090165973557846e-08,0.46565369742613605,-6.13863957266889e-05,0.0010502398009039566,0.2464255322583907,7.868069840534658e-08,0.4802497085813502,2.347971414384351,0.1321502870766218,5.079590519998177e-07,1.2757513241438338e-06,0.35712041864753746
85,7Networks_LH_DorsAttn_Post_17,7networks_lh_dorsattn_post,7Networks_LH_DorsAttn_Post,dorsal attention,posterior,L,-0.001334735674694516,0.16974191612760037,0.03520620611778934,0.07015688111343643,-7.602149067715795e-05,0.004970280669229765,0.056660146742457944,0.01930945199422012,0.1186421795096696,3.6405782860410105,0.06250670615902948,0.06004523017701062,0.033710310817866726,0.23235302739218686
86,7Networks_LH_DorsAttn_FEF_1,7networks_lh_dorsattn_fef,7Networks_LH_DorsAttn_FEF,dorsal attention,frontal eye fields,L,-0.003496364703685425,0.34256166807063326,1.0134845752961881e-10,0.5762279141984866,-9.169574520706257e-06,-0.002735865051483043,0.32892194985313866,1.0109944549265773e-09,0.5681612857421221,0.10337319670169677,0.7492441529711612,1.3052005939700213e-08,4.172649841242419e-08,0.8744391913853655
87,7Networks_LH_DorsAttn_FEF_2,7networks_lh_dorsattn_fef,7Networks_LH_DorsAttn_FEF,dorsal attention,frontal eye fields,L,-0.0037693011489642737,0.3477195761781899,1.570462142604787e-09,0.5257809927227339,5.891910959079466e-05,-0.008655892369820763,0.43536159824033005,3.180001669461237e-09,0.5465813434293583,3.2019756343272943,0.07999401582520484,5.484537021096717e-08,1.0312291128110011e-07,0.27102450137793277
88,7Networks_LH_DorsAttn_FEF_3,7networks_lh_dorsattn_fef,7Networks_LH_DorsAttn_FEF,dorsal attention,frontal eye fields,L,-0.0034575294714296514,0.325809965692311,1.0370591897136405e-08,0.4876940308233042,5.628525388320463e-06,-0.003924344108309901,0.3341823825480067,9.066104660765149e-08,0.47710559152342347,0.028015832345561296,0.8677897156898748,2.478025642789436e-07,1.4006090182440877e-06,0.9417792070152595
89,7Networks_LH_DorsAttn_FEF_4,7networks_lh_dorsattn_fef,7Networks_LH_DorsAttn_FEF,dorsal attention,frontal eye fields,L,-0.00241693122876196,0.28463375763052223,6.0964057329844886e-05,0.2721275512691522,6.870119769151388e-05,-0.008114822317634248,0.38682661026514176,5.849263889272945e-05,0.31138755138540153,3.73663366000906,0.05926882747544901,0.0002449352391836246,0.00025688479746623685,0.22803430232079533
90,7Networks_LH_DorsAttn_PrCv_1,7networks_lh_dorsattn_prcv,7Networks_LH_DorsAttn_PrCv,dorsal attention,precentral ventral,L,-0.0014884400063429832,0.28745245011372933,0.0047328658785822575,0.13698321393202129,4.106432838195737e-05,-0.004894204077716379,0.34853553163030315,0.009101852700071992,0.1464033897289827,1.5297214548574578,0.2222988604245848,0.010481566384762657,0.018123864586985457,0.47382010625709625
91,7Networks_LH_DorsAttn_PrCv_2,7networks_lh_dorsattn_prcv,7Networks_LH_DorsAttn_PrCv,dorsal attention,precentral ventral,L,-0.0029611940790112835,0.32445938893815324,5.5083086144070165e-08,0.45155847884532874,-3.7467441722350496e-05,0.00014625396390680664,0.2687266669596945,2.1643420456445017e-07,0.4573809099455405,1.5150513462070052,0.22449424954268984,8.067006809486404e-07,2.3522381284178506e-06,0.4738636561546901
92,7Networks_LH_SalVentAttn_ParOper_1,7networks_lh_salventattn_paroper,7Networks_LH_SalVentAttn_ParOper,salience / ventral attention,parietal operculum,L,-0.0016782370585372978,0.30472845723407943,0.0002739795917553198,0.22743758976094608,1.4443813643100781e-05,-0.002876167805187433,0.3262135924094396,0.0012613429275037777,0.21525343913738393,0.2547412641246756,0.6161145611027905,0.000907932369758505,0.0033606484512556795,0.7946477577859854
93,7Networks_LH_SalVentAttn_ParOper_2,7networks_lh_salventattn_paroper,7Networks_LH_SalVentAttn_ParOper,salience / ventral attention,parietal operculum,L,-0.0019101272450034296,0.281043168655338,0.0001394133864060092,0.24780295358179005,1.6730187298409703e-05,-0.0032976836243086925,0.30592927868813535,0.0006604399365544608,0.23656515081595142,0.29343737276760534,0.5905850544810849,0.0005104328824865176,0.0020123471892330553,0.7817338613241022
94,7Networks_LH_SalVentAttn_ParOper_3,7networks_lh_salventattn_paroper,7Networks_LH_SalVentAttn_ParOper,salience / ventral attention,parietal operculum,L,-0.0021757269257411194,0.2962146587165908,5.857156051958815e-05,0.2732877218989711,-6.095066619250336e-05,0.0028793560921491906,0.20555070150057717,5.8845856688300956e-05,0.31121111180864003,3.642787575223467,0.06243008386034089,0.00023956295924227943,0.00025688479746623685,0.23235302739218686
95,7Networks_LH_SalVentAttn_ParOper_4,7networks_lh_salventattn_paroper,7Networks_LH_SalVentAttn_ParOper,salience / ventral attention,parietal operculum,L,-0.0018259686978383204,0.2592648095776467,0.0002524303742611135,0.2299304491322659,-2.6140379109764933e-05,0.00034204347944680885,0.2203810637341993,0.000928081851716886,0.225432375351727,0.7212541105576137,0.40003805302510576,0.000842671984665776,0.002633432254246664,0.6306155419215208
96,7Networks_LH_SalVentAttn_TempOcc_1,7networks_lh_salventattn_tempocc,7Networks_LH_SalVentAttn_TempOcc,salience / ventral attention,temporal occipital,L,-0.00041456240582012126,0.24769567001329534,0.35336968284765813,-0.00249063272800476,-2.9332289222074915e-05,0.002018178142971394,0.20406396619108091,0.39903130393251995,-0.0025817506618739383,0.9956376017987348,0.32347806525099165,0.4047914776345706,0.4375850531047441,0.5633413588964242
97,7Networks_LH_SalVentAttn_FrOperIns_1,7networks_lh_salventattn_froperins,7Networks_LH_SalVentAttn_FrOperIns,salience / ventral attention,frontal operculum insula,L,-0.002023849730306263,0.2707187667473474,0.0003708685712422522,0.2181675095157969,-3.624896260593249e-05,0.0009825409579702123,0.2167985292810444,0.0011181949900333126,0.21926576428331745,1.0675213490447326,0.30679334877538555,0.0011376644009728548,0.0030637843383892627,0.5419617912218874
98,7Networks_LH_SalVentAttn_FrOperIns_2,7networks_lh_salventattn_froperins,7Networks_LH_SalVentAttn_FrOperIns,salience / ventral attention,frontal operculum insula,L,-0.0013307457011052359,0.2922580384794271,0.006236274798640941,0.1278896629226195,3.7756720457778135e-05,-0.0044621857381104205,0.3484210618234125,0.011766820113708845,0.13702421440974877,1.508077374479651,0.22554725277569454,0.013168691900385986,0.022074943519106674,0.4738636561546901
99,7Networks_LH_SalVentAttn_FrOperIns_3,7networks_lh_salventattn_froperins,7Networks_LH_SalVentAttn_FrOperIns,salience / ventral attention,frontal operculum insula,L,-0.001459039867199926,0.2720847674511185,0.00585734395144795,0.12996017945646876,5.641088755170543e-05,-0.006137605951877392,0.3559958157627493,0.005644572028790729,0.1635828167685115,2.9295234762428284,0.0935656512505985,0.012426327822230698,0.011919235818934842,0.2801911887856849
100,7Networks_LH_SalVentAttn_FrOperIns_4,7networks_lh_salventattn_froperins,7Networks_LH_SalVentAttn_FrOperIns,salience / ventral attention,frontal operculum insula,L,-0.0017756330753759008,0.3047816557518074,0.005210635310052935,0.1338182055843229,8.347730305229408e-05,-0.008699014285126046,0.42895392662638476,0.0023331186595209378,0.19444437627867783,4.612483244652709,0.03692735506868499,0.011264897289352534,0.005604422600119078,0.18934749497733228
101,7Networks_LH_SalVentAttn_FrOperIns_5,7networks_lh_salventattn_froperins,7Networks_LH_SalVentAttn_FrOperIns,salience / ventral attention,frontal operculum insula,L,-0.0023197076594195297,0.2913067001465883,0.0003493150582487384,0.2200074680379377,0.00011161550034083541,-0.011576794670154803,0.45733446620224816,2.8263813848450664e-05,0.3323734892088095,9.078722053457772,0.004156646918303585,0.001093717492723636,0.00014257523874662892,0.06989324818184547
102,7Networks_LH_SalVentAttn_FrOperIns_6,7networks_lh_salventattn_froperins,7Networks_LH_SalVentAttn_FrOperIns,salience / ventral attention,frontal operculum insula,L,-0.0015791595522626429,0.26472069420472233,0.002305340296911558,0.16045421291179818,4.078985281788237e-05,-0.004962159364449792,0.325395494034603,0.004635108082476635,0.17056640733384087,1.5852009570745944,0.21423062728293282,0.005596922432074051,0.0100410222041319,0.4698584772292343
103,7Networks_LH_SalVentAttn_FrOperIns_7,7networks_lh_salventattn_froperins,7Networks_LH_SalVentAttn_FrOperIns,salience / ventral attention,frontal operculum insula,L,-0.0017318089607018155,0.24579238153371674,0.010381001964900135,0.11098100190779603,0.00012171143513568116,-0.011826225433431214,0.4268378243019587,0.0005472582974444765,0.2426477904837746,9.34487015715451,0.003682017136300397,0.02022736005177966,0.00171348460027443,0.06429368384155308
104,7Networks_LH_SalVentAttn_FrOperIns_8,7networks_lh_salventattn_froperins,7Networks_LH_SalVentAttn_FrOperIns,salience / ventral attention,frontal operculum insula,L,-0.00140359196095267,0.2700824230741683,0.007235958566990403,0.12296996063722598,-2.0005084438142522e-05,0.00025557550893717806,0.24032491207545237,0.023611505810003704,0.11106615292819888,0.3572268938622784,0.5529194479254187,0.015000571641158188,0.0391227140063565,0.7484686685442296
105,7Networks_LH_SalVentAttn_FrOperIns_9,7networks_lh_salventattn_froperins,7Networks_LH_SalVentAttn_FrOperIns,salience / ventral attention,frontal operculum insula,L,-0.0027435761330232332,0.3259071973704857,1.2219112538802417e-05,0.31745500649331104,-9.037234827688817e-06,-0.0019940523761892894,0.31246433410167707,7.571979849935474e-05,0.30378170281268535,0.05730920988212393,0.8118414480900025,6.604139395971782e-05,0.00032127839737109397,0.9123168748338146
106,7Networks_LH_SalVentAttn_PFCl_1,7networks_lh_salventattn_pfcl,7Networks_LH_SalVentAttn_PFCl,salience / ventral attention,lateral prefrontal cortex,L,-0.0012698905735980615,0.27313274581660174,0.009917943213300667,0.1125000864966178,6.345400675388804e-06,-0.001796160903352247,0.2825715127947171,0.036546277159234586,0.09438707709747518,0.03996019803660487,0.8424208360627419,0.019492407873759755,0.05682195147360446,0.9238141535567266
107,7Networks_LH_SalVentAttn_Med_1,7networks_lh_salventattn_med,7Networks_LH_SalVentAttn_Med,salience / ventral attention,medial,L,-0.0027373966511571508,0.3215874540859244,4.885210778071801e-09,0.5032244961219204,2.7858284161923447e-05,-0.005047887216259801,0.36302657922019366,2.47526042098576e-08,0.5052081749455095,1.1924376651166295,0.28040451036652897,1.2321587184692208e-07,4.3221855043366734e-07,0.5238833238946673
108,7Networks_LH_SalVentAttn_Med_2,7networks_lh_salventattn_med,7Networks_LH_SalVentAttn_Med,salience / ventral attention,medial,L,-0.0023070108403120083,0.3117138612657001,4.5342796585786924e-05,0.28066864059116836,3.772353293529441e-05,-0.005435698394173162,0.3678275182564275,0.0001462254184418445,0.28400876461176316,1.223921669797569,0.2742229714220897,0.00019238906214903985,0.0005438657619949027,0.516586012554476
109,7Networks_LH_SalVentAttn_Med_3,7networks_lh_salventattn_med,7Networks_LH_SalVentAttn_Med,salience / ventral attention,medial,L,-0.003453448091494028,0.37557200428757387,6.136331805169083e-08,0.44913992736805763,-4.572759220712647e-05,0.00033907443951793504,0.3075523299764813,2.250651224935678e-07,0.4564772586981556,1.64798006979641,0.20552707973786086,8.705920748583635e-07,2.3762689677227857e-06,0.45596601472433895
110,7Networks_LH_SalVentAttn_Med_4,7networks_lh_salventattn_med,7Networks_LH_SalVentAttn_Med,salience / ventral attention,medial,L,-0.004519986035681086,0.34807607664461593,2.731186644990424e-11,0.5984730754589257,-2.207599176493735e-05,-0.002689063126297913,0.315238096390949,2.462983971503481e-10,0.5933467505150949,0.39490561647902395,0.5327741049456889,6.199793684128262e-09,1.8636578717709672e-08,0.7396924882120574
111,7Networks_LH_SalVentAttn_Med_5,7networks_lh_salventattn_med,7Networks_LH_SalVentAttn_Med,salience / ventral attention,medial,L,-0.003470399153991847,0.35111126196654935,9.710713427587694e-08,0.43874416469079924,-4.7413876013440595e-05,0.0004619791844319562,0.2805832448854719,3.4301476467334267e-07,0.44664332849485133,1.6851997673818206,0.2005693166709173,1.2246288600346703e-06,3.1781367992183175e-06,0.44856389048569684
112,7Networks_LH_SalVentAttn_Med_6,7networks_lh_salventattn_med,7Networks_LH_SalVentAttn_Med,salience / ventral attention,medial,L,-0.004232358346668386,0.35634031824453083,2.667014684514719e-10,0.5590452917016546,-6.295612485307116e-05,0.000989051975768483,0.2626932464941181,5.458940164014533e-10,0.5793386422181221,3.315593782910575,0.0749949684094916,1.7194946435792306e-08,2.478358834462598e-08,0.2599062263962533
113,7Networks_LH_SalVentAttn_Med_7,7networks_lh_salventattn_med,7Networks_LH_SalVentAttn_Med,salience / ventral attention,medial,L,-0.0033839451843720005,0.260632811717665,1.2975865861510168e-05,0.31580644856803586,0.00015753873442051294,-0.01644978073264716,0.49497126886029114,1.2451147036684487e-07,0.46999820084239796,14.964488650666931,0.00033618918578698104,6.930638942500725e-05,1.7129759862590175e-06,0.015585811383296004
114,7Networks_LH_Limbic_OFC_1,7networks_lh_limbic_ofc,7Networks_LH_Limbic_OFC,limbic,orbital frontal cortex,L,0.0010248754983958456,0.03414698884019609,0.033000909899868446,0.0723186747410075,8.033398670199754e-05,-0.005637807574732542,0.1536435848304391,0.0030724549967665513,0.18495288828836132,7.633288030331396,0.008153700695501384,0.05718478280358883,0.007009520444884494,0.09741526620414812
115,7Networks_LH_Limbic_OFC_2,7networks_lh_limbic_ofc,7Networks_LH_Limbic_OFC,limbic,orbital frontal cortex,L,-0.0009158885213216179,0.2189245809987534,0.16188502852383427,0.020356968278751664,9.469214954337383e-05,-0.00876939869580287,0.35977890681986835,0.0304872377680568,0.10134580002250171,5.325872981840337,0.025461314479168527,0.21180346671418088,0.048736640657386573,0.171436130094002
116,7Networks_LH_Limbic_OFC_3,7networks_lh_limbic_ofc,7Networks_LH_Limbic_OFC,limbic,orbital frontal cortex,L,0.0015777887707968678,0.0638422632889305,0.004081688297993346,0.14184290334189376,9.154293567190299e-05,-0.00601453414264448,0.2000121416783242,0.0004318859299775686,0.25023970596891343,7.939613323776809,0.00705276545229924,0.009219335757656613,0.001390611434112171,0.08898824891063933
117,7Networks_LH_Limbic_OFC_4,7networks_lh_limbic_ofc,7Networks_LH_Limbic_OFC,limbic,orbital frontal cortex,L,0.0005078777650946932,0.0627924785115935,0.3295813740978405,-0.0006095218039670058,4.869189048567775e-05,-0.0035304956289831024,0.13522153879154997,0.2275609300417931,0.021094705547969217,2.064253016913267,0.15741260711635421,0.3812765485750608,0.27331392126712717,0.4024339563492808
118,7Networks_LH_Limbic_OFC_5,7networks_lh_limbic_ofc,7Networks_LH_Limbic_OFC,limbic,orbital frontal cortex,L,-0.0009998379773593369,0.1456501497724679,0.08028324429186404,0.042832467922878203,2.1340055219535252e-05,-0.0027697243047770594,0.17739342633158944,0.18728508241155462,0.029175090694494865,0.3247452751996712,0.5714837942491654,0.11570981875716278,0.23359183355726867,0.7698921145077777
119,7Networks_LH_Limbic_TempPole_1,7networks_lh_limbic_temppole,7Networks_LH_Limbic_TempPole,limbic,temporal pole,L,-0.0016574346208297701,0.16689532248949532,0.00517406415049519,0.13405019987480338,0.00010814255193968116,-0.010626484706271463,0.32775708684369387,0.00024486737317497374,0.2681270294321031,9.793449242641964,0.003007005621411111,0.011264060360888036,0.000855152210934139,0.05693893414057609
120,7Networks_LH_Limbic_TempPole_2,7networks_lh_limbic_temppole,7Networks_LH_Limbic_TempPole,limbic,temporal pole,L,-0.0001747207288769633,0.13432007724116785,0.7747627430464166,-0.01907520031124199,3.686220721004926e-05,-0.0032319722621242143,0.18915251445890607,0.6358509506386937,-0.0226578669536599,0.8318421004785167,0.3663950023700303,0.8030645784088428,0.6545948562130769,0.5925499183755033
121,7Networks_LH_Limbic_TempPole_3,7networks_lh_limbic_temppole,7Networks_LH_Limbic_TempPole,limbic,temporal pole,L,-0.00026141499394067473,0.1293386785837872,0.6633598575583523,-0.01676978470986623,7.085295506382707e-05,-0.006137767005898626,0.23473226470549385,0.18076423128407662,0.03063800654489468,3.347496596310401,0.07365437586216679,0.698759571534784,0.22607978237732998,0.2572237433955671
122,7Networks_LH_Limbic_TempPole_4,7networks_lh_limbic_temppole,7Networks_LH_Limbic_TempPole,limbic,temporal pole,L,-0.0022224725949268336,0.19742421453112977,0.0004976618317148839,0.20908135696282504,7.76387001092226e-05,-0.00866161590492202,0.3129115787344653,0.0003474707498816242,0.25714636287010917,4.1057535000615895,0.04843384119280897,0.0014576675587003696,0.001159939120928363,0.20941870382414546
123,7Networks_LH_Limbic_TempPole_5,7networks_lh_limbic_temppole,7Networks_LH_Limbic_TempPole,limbic,temporal pole,L,-0.0006339046446374344,0.187685433323172,0.29079764354096943,0.0028679610564911195,0.00016101162979092727,-0.01398777271998035,0.4271898132841714,2.5479882274664505e-05,0.3353128833365716,25.007319939561963,8.391398601767527e-06,0.3456076705958118,0.00013145302900792824,0.0025019872802811583
124,7Networks_LH_Limbic_TempPole_6,7networks_lh_limbic_temppole,7Networks_LH_Limbic_TempPole,limbic,temporal pole,L,-0.002173577750287017,0.2673009960522268,0.0017250051357446874,0.1698064703908707,1.6027811253965427e-05,-0.0035028809645943973,0.2911423235482443,0.007267338598753895,0.15454028329712777,0.13327984051405944,0.716693077042365,0.004326808462033636,0.014824646335121852,0.8562596236242992
125,7Networks_LH_Limbic_TempPole_7,7networks_lh_limbic_temppole,7Networks_LH_Limbic_TempPole,limbic,temporal pole,L,-0.0015261160185558239,0.20492781827127474,0.036550977197602134,0.068904767779285,-3.7218353972780525e-05,0.0015606733616851725,0.14956561367155452,0.0846382159432591,0.06143845971471462,0.618157391160052,0.4356790804364812,0.061688266348369394,0.12276597456306591,0.6614984079840455
126,7Networks_LH_Limbic_TempPole_8,7networks_lh_limbic_temppole,7Networks_LH_Limbic_TempPole,limbic,temporal pole,L,-0.0015601397931214514,0.1733757602859471,0.003200237048272906,0.14979778911834418,2.3862870462699394e-05,-0.003539261577502271,0.20887171794863119,0.010573827466392035,0.14094098954265788,0.5051255216954067,0.4807687870805898,0.007375165583329438,0.020255348817476728,0.6995692526259066
127,7Networks_LH_Cont_Par_1,7networks_lh_cont_par,7Networks_LH_Cont_Par,control,parietal ,L,-0.0029389531943512562,0.28949459495615926,1.4247093894968315e-08,0.48100256998691904,-2.1934711469611046e-05,-0.001119747689654206,0.25686676877382636,9.347358281237667e-08,0.4764253629191776,0.5803732196109698,0.44997215502530874,3.0800860134836265e-07,1.4006090182440877e-06,0.6764482065612257
128,7Networks_LH_Cont_Par_2,7networks_lh_cont_par,7Networks_LH_Cont_Par,control,parietal ,L,-0.0022846319208620616,0.2479579822918542,0.0007903307629970548,0.19462804182741944,-3.0220418205279792e-05,0.0002217676380953824,0.2030051889202452,0.0029628438456147013,0.1862118511816594,0.5035843768638438,0.48143532066743744,0.002228634573917161,0.006933665494376672,0.6995692526259066
129,7Networks_LH_Cont_Par_3,7networks_lh_cont_par,7Networks_LH_Cont_Par,control,parietal ,L,-0.0025624361305602874,0.31515671485735886,4.558506243672456e-07,0.4023347804115732,-3.0800967001248325e-05,-7.887428322122386e-06,0.26934035666377976,1.981958551296967e-06,0.4037596060202586,1.1147047900602745,0.2964585540996374,4.057964381622148e-06,1.4513051327239081e-05,0.5373985050425658
130,7Networks_LH_Cont_Par_4,7networks_lh_cont_par,7Networks_LH_Cont_Par,control,parietal ,L,-0.00224002743519937,0.2955303929596513,8.611868924898649e-05,0.26205112902435523,1.4275689635676847e-05,-0.0034240144324548284,0.31676544411184565,0.0004488792794620287,0.24900741302615725,0.16630552847879718,0.6852680421587412,0.00032855365478184765,0.001435149245603951,0.8408424084866716
131,7Networks_LH_Cont_Par_5,7networks_lh_cont_par,7Networks_LH_Cont_Par,control,parietal ,L,-0.0023037616818181637,0.27130590832737267,0.00032864859493569464,0.22187809080028809,-0.0001555734174419747,0.010599075804194608,0.03989085507167726,1.823863545250087e-07,0.461318651281184,22.335706035521685,2.1102533031607126e-05,0.0010434018328727647,2.237929863631188e-06,0.0025407526030228633
132,7Networks_LH_Cont_Par_6,7networks_lh_cont_par,7Networks_LH_Cont_Par,control,parietal ,L,-0.0020286947287556215,0.27561929018207176,0.0010812943579553039,0.18472309393504183,-2.9074854796484084e-05,0.00038269490667728386,0.23237051939743897,0.003844388435540308,0.1771419653252848,0.5577679770579361,0.4588808672251815,0.0029047789261047808,0.008640358167006434,0.6830554548204341
133,7Networks_LH_Cont_Temp_1,7networks_lh_cont_temp,7Networks_LH_Cont_Temp,control,temporal,L,-0.0005344070251803992,0.24202345819001866,0.2936128371041418,0.0025962297510645493,-4.046734138550827e-05,0.0028218445631281418,0.18182839327581712,0.27980596454102946,0.012447436394194433,1.4788179751604449,0.2300320206544488,0.3471360105345843,0.32740182448873034,0.476229384693789
134,7Networks_LH_Cont_OFC_1,7networks_lh_cont_ofc,7Networks_LH_Cont_OFC,control,orbital frontal cortex,L,-0.0009872476790162912,0.2334566828122229,0.13508491099855824,0.026043114914215515,0.00010143530901177313,-0.00940001721922739,0.3843414407800976,0.018735063953135546,0.11977401085147321,6.111281716801495,0.017108658070739198,0.1830702972935685,0.03296790323536255,0.14591329986405713
135,7Networks_LH_Cont_PFCl_1,7networks_lh_cont_pfcl,7Networks_LH_Cont_PFCl,control,lateral prefrontal cortex,L,-0.0007307689880107202,0.21101190014401663,0.17368688142063599,0.01817487553261188,-1.0788479006772905e-05,0.00016399821344626614,0.19496406571991598,0.38223428985526664,-0.000748655901326778,0.0923500086932836,0.7625519362816486,0.2221235046900528,0.42325455510802695,0.8831596404894604
136,7Networks_LH_Cont_PFCl_2,7networks_lh_cont_pfcl,7Networks_LH_Cont_PFCl,control,lateral prefrontal cortex,L,-0.0008569184452440746,0.24096344646817722,0.11692661272549275,0.030643801669990478,-3.9639607165287724e-05,0.0024306831108113717,0.18199963405072941,0.1606343305609999,0.03549582902330639,1.2414684352513752,0.2708537641333907,0.1623384776066474,0.20370945830920098,0.5137924346255619
137,7Networks_LH_Cont_PFCl_3,7networks_lh_cont_pfcl,7Networks_LH_Cont_PFCl,control,lateral prefrontal cortex,L,-0.001997581755086805,0.2877935287971246,0.000662264917577461,0.20017541315360166,1.620440815362576e-05,-0.0033415314375011187,0.31189754372144185,0.002936459675347291,0.18652154778248853,0.19434185868492415,0.6613484167491887,0.0019029637505073881,0.006933665494376672,0.8271409950527042
138,7Networks_LH_Cont_PFCl_4,7networks_lh_cont_pfcl,7Networks_LH_Cont_PFCl,control,lateral prefrontal cortex,L,-0.0015123021645114653,0.27220987142197384,0.0031012707886014287,0.1508218511443904,-7.212625888029648e-06,-0.0009141065266521226,0.261481109198734,0.01289437708750643,0.13365728648241293,0.048991708570313416,0.8257860026607602,0.0071835558062502474,0.023700595942218294,0.9166426533202571
139,7Networks_LH_Cont_PFCl_5,7networks_lh_cont_pfcl,7Networks_LH_Cont_PFCl,control,lateral prefrontal cortex,L,-0.0017908364544742751,0.29160378798727016,0.00035605492004571666,0.21942054990609394,-9.181599447370057e-06,-0.0010293394874537395,0.2779461827226819,0.0017484229953245256,0.20427311624133448,0.08627340517382288,0.7702624992359268,0.001107184477402434,0.004451946057955112,0.889819782832343
140,7Networks_LH_Cont_PFCl_6,7networks_lh_cont_pfcl,7Networks_LH_Cont_PFCl,control,lateral prefrontal cortex,L,-0.0016267715042818606,0.3102738340508509,0.00032217060784761836,0.2224879655571813,5.901427958702381e-06,-0.0021162199405157997,0.31905219276921715,0.001628002561049236,0.20668576550541617,0.043877483217021715,0.8349870389372525,0.0010373436593107712,0.0041995066063429155,0.9201070768871666
141,7Networks_LH_Cont_PFCl_7,7networks_lh_cont_pfcl,7Networks_LH_Cont_PFCl,control,lateral prefrontal cortex,L,0.00013526522727195242,0.17207813266147176,0.8180709585830459,-0.019696879732479466,8.111483637127109e-05,-0.006592179400557138,0.292736240501045,0.1041197395368482,0.05312833876920653,4.691746866240719,0.03541336275493831,0.8441004890834156,0.14619749027665005,0.18914901989108227
142,7Networks_LH_Cont_PFCl_8,7networks_lh_cont_pfcl,7Networks_LH_Cont_PFCl,control,lateral prefrontal cortex,L,-0.0023759452483898408,0.26936494498093405,5.25722130297366e-05,0.27641127706469526,-4.953597217670927e-05,0.001732433992852461,0.19568031538397002,0.00011650088738170772,0.2908991977741203,1.9807071037988802,0.16589523523037714,0.00021897050197706804,0.0004680655121353567,0.40932846084016966
143,7Networks_LH_Cont_PFCv_1,7networks_lh_cont_pfcv,7Networks_LH_Cont_PFCv,control,ventral prefrontal cortex,L,-0.0004412337859479275,0.2005085633748161,0.4898809462762339,-0.010638485073560133,6.45289863770412e-05,-0.005793092979184686,0.2964952625456352,0.24338731069803093,0.0182899421287559,2.414434429572983,0.1269299663661278,0.5398202660422577,0.28926135878771214,0.35137929713550015
144,7Networks_LH_Cont_pCun_1,7networks_lh_cont_pcun,7Networks_LH_Cont_pCun,control,precuneus,L,-0.002649188377763838,0.25402757314093194,7.997610278240725e-06,0.3289824472312419,-6.242283631035076e-05,0.002527992438675071,0.16117376670887112,1.0613955906691521e-05,0.35962639109540373,3.296954910424654,0.07579070633563235,4.538643832901611e-05,6.177866643125578e-05,0.2606740960331598
145,7Networks_LH_Cont_pCun_2,7networks_lh_cont_pcun,7Networks_LH_Cont_pCun,control,precuneus,L,-0.0028525137209040436,0.3096825963377683,3.0014975392611523e-05,0.29242650468103926,-4.0161109166880136e-05,0.0004783397973812907,0.24994305105119843,0.00011332186576414685,0.29173353696784343,0.953036813163513,0.3339456749493994,0.0001404824621468622,0.0004593582772939524,0.5668279465082882
146,7Networks_LH_Cont_Cing_1,7networks_lh_cont_cing,7Networks_LH_Cont_Cing,control,cingulate,L,-0.0016748788552418238,0.25387109092911175,0.012328968807532951,0.10524869133217685,9.09970303310644e-05,-0.009221925859653207,0.38922893654581364,0.004414129751159988,0.1722887378202843,4.887735226599444,0.031950632003221735,0.02351828503621832,0.009775682473300655,0.18208979448541035
147,7Networks_LH_Cont_Cing_2,7networks_lh_cont_cing,7Networks_LH_Cont_Cing,control,cingulate,L,-0.0018834158871335323,0.2792721093180772,0.0014984169366229786,0.17432318364454213,9.25028031893124e-05,-0.009555347610285939,0.41686978813965375,0.00026522494496084985,0.2656356267655623,6.968423073827074,0.011221723364557958,0.003843397114275889,0.0009122130682744382,0.12426005871973934
148,7Networks_LH_Cont_PFCmp_1,7networks_lh_cont_pfcmp,7Networks_LH_Cont_PFCmp,control,medial posterior prefrontal cortex,L,-0.002547533085613002,0.23682812071873646,0.00019047067407146817,0.2384515720186957,-3.295275974191611e-05,0.0001854794730662586,0.18781097642773448,0.0007532312572713828,0.23228229661252042,0.6142785060318549,0.43711348545201245,0.0006611006373342136,0.0022205648753325182,0.6614984079840455
149,7Networks_LH_Default_Temp_1,7networks_lh_default_temp,7Networks_LH_Default_Temp,default,temporal,L,-0.0013098783421026526,0.24915429367979253,0.020756699908636503,0.08783466347903801,5.135628654710027e-05,-0.005569229522386936,0.3255466361617255,0.02624217916862654,0.1070613488877814,2.033532257193896,0.16047126939997564,0.037543991069804675,0.042702327392675446,0.4050744833515467
150,7Networks_LH_Default_Temp_2,7networks_lh_default_temp,7Networks_LH_Default_Temp,default,temporal,L,-0.0005960742937686806,0.21210777851398657,0.2857456538089677,0.0033639124411266597,9.115972310374518e-06,-0.0013521283239606979,0.22566776358321977,0.5521261282701199,-0.016532172899521136,0.06051955677206826,0.8067478306350714,0.34319716092399827,0.5802436625801722,0.9090078926892887
151,7Networks_LH_Default_Temp_3,7networks_lh_default_temp,7Networks_LH_Default_Temp,default,temporal,L,-2.0771523290928108e-05,0.17862967378404498,0.9690498779078105,-0.020800981953563946,-1.4631458143379112e-05,0.0011927219495116185,0.15686541790323894,0.9188962943102396,-0.038807542919190086,0.16797395991060088,0.6837808407646894,0.9776636546003243,0.9188962943102396,0.8408424084866716
152,7Networks_LH_Default_Temp_4,7networks_lh_default_temp,7Networks_LH_Default_Temp,default,temporal,L,-0.0007262029965232611,0.2671490687951578,0.12472026224371427,0.02858088619841115,-1.6599481886211227e-05,0.0006505130302342389,0.24245738272258516,0.2703974020310196,0.013883748127756723,0.2846050087380519,0.5962127242716867,0.17003903621215097,0.318220026030833,0.7817338613241022
153,7Networks_LH_Default_Temp_5,7networks_lh_default_temp,7Networks_LH_Default_Temp,default,temporal,L,-0.0012463174087799676,0.25690124472208076,0.03288256082540936,0.07243877514247277,-3.53740597110284e-05,0.00168751120523857,0.20428242303327254,0.06809919639055527,0.0700819242188988,0.878345364739236,0.35344640935895955,0.05718478280358883,0.10037998428997431,0.5877826734394419
154,7Networks_LH_Default_Temp_6,7networks_lh_default_temp,7Networks_LH_Default_Temp,default,temporal,L,-0.0011985248774449109,0.28869772720410536,0.0028066581848058313,0.154071091331471,-3.136427201448435e-05,0.0014027428154816928,0.24204345427045884,0.005614095407892862,0.16377548758471205,1.5570406191635848,0.21828029462945908,0.006706435873167618,0.011910277173754017,0.47382010625709625
155,7Networks_LH_Default_Temp_7,7networks_lh_default_temp,7Networks_LH_Default_Temp,default,temporal,L,-0.0006320124863223855,0.21587378447981417,0.13692968459141786,0.02561360566690396,2.0891615603330993e-05,-0.0023647064476835207,0.24695000827778774,0.2533046746720725,0.016620077372742847,0.5610146717594156,0.4575840997316355,0.18446907063650952,0.2994800059925024,0.6830554548204341
156,7Networks_LH_Default_Temp_8,7networks_lh_default_temp,7Networks_LH_Default_Temp,default,temporal,L,-0.0010762610161424713,0.20405661703612812,0.08652509670204912,0.04038555650753828,4.575273376465744e-05,-0.004870868719777738,0.2721136893485685,0.12555314151709596,0.04555598342060374,1.2600262430441882,0.2673478551322518,0.12314230063551819,0.1661840415415789,0.5137924346255619
157,7Networks_LH_Default_Temp_9,7networks_lh_default_temp,7Networks_LH_Default_Temp,default,temporal,L,-0.0005324436215101503,0.24310273756849926,0.32033948042907434,0.0001699032842137349,3.757320949334108e-05,-0.0036486637566197286,0.29899278883083663,0.34924794753439087,0.0030873431424722764,1.1404707947412762,0.2910075327104688,0.3719542816235288,0.39324103952212697,0.5370626823193205
158,7Networks_LH_Default_Temp_10,7networks_lh_default_temp,7Networks_LH_Default_Temp,default,temporal,L,0.000732016604759148,0.15689362271252755,0.14878298766936585,0.02299614564077701,1.4180548509521145e-06,0.0006144069797413849,0.15900297561001026,0.3562333641506774,0.00224687115489286,0.001791979870556595,0.9664135368739719,0.19808644106126716,0.3975850946202872,0.9793565753142484
159,7Networks_LH_Default_Par_1,7networks_lh_default_par,7Networks_LH_Default_Par,default,parietal,L,-0.0008010643115888955,0.24428273302593392,0.12144610005018738,0.029430167501665827,4.301859085631689e-05,-0.004368909614616659,0.3082727748832624,0.13599609133547189,0.04230547153817377,1.64531494687037,0.2058877379261883,0.1660738838035695,0.17751042248327792,0.45596601472433895
160,7Networks_LH_Default_Par_2,7networks_lh_default_par,7Networks_LH_Default_Par,default,parietal,L,0.0001417359395796806,0.2164305665082834,0.7675782837081195,-0.018957985683396794,-1.0829470812318562e-05,0.0010399028902606036,0.20032175688019582,0.9044197219018111,-0.03810582360760173,0.11464110935453017,0.7364289225244567,0.7974383084747969,0.9064162334291882,0.8662948463238124
161,7Networks_LH_Default_Par_3,7networks_lh_default_par,7Networks_LH_Default_Par,default,parietal,L,-0.000730136310783518,0.2449666270449561,0.2401637762756416,0.008387880467550457,-2.9387913012511753e-05,0.00170721752439177,0.20125218297933858,0.3914270379390624,-0.001761218022698241,0.5136997532271294,0.47708832158126735,0.2954860553635265,0.43028541216545846,0.6995692526259066
162,7Networks_LH_Default_Par_4,7networks_lh_default_par,7Networks_LH_Default_Par,default,parietal,L,-0.0007329576892943978,0.25455749850709786,0.169876416996583,0.01886086593984626,-4.5797129380484633e-05,0.003065332066361927,0.18643438783174274,0.16729181181653788,0.033827678916199644,1.7435599294120712,0.19308265058858537,0.21848128418257418,0.210973562679745,0.436253914696656
163,7Networks_LH_Default_Par_5,7networks_lh_default_par,7Networks_LH_Default_Par,default,parietal,L,-0.0016337280066195956,0.28940063419199985,0.000678076875001319,0.1994366646641592,3.197300919005825e-05,-0.004285482710613155,0.3369604020888637,0.0018742886937305624,0.2019158039593908,1.1491054286771858,0.2892101145521516,0.0019361440330226342,0.004649874682806969,0.5359240490068442
164,7Networks_LH_Default_Par_6,7networks_lh_default_par,7Networks_LH_Default_Par,default,parietal,L,-0.0019883542341519733,0.27993231716010675,0.00048710049753085985,0.2097468600995691,-3.322723718067881e-05,0.0007674227391950787,0.2305068883938183,0.0015739140392731713,0.20782557328016849,0.8835840135447353,0.3520280696047008,0.0014359975706429245,0.004083182707600113,0.587576263237258
165,7Networks_LH_Default_Par_7,7networks_lh_default_par,7Networks_LH_Default_Par,default,parietal,L,-0.001690934218847697,0.2621744350334454,0.005185437478911013,0.13397787965329755,-8.854799714172292e-05,0.005652996612122896,0.13045951990740992,0.0013198075797520542,0.21373895537752563,5.86928821025494,0.019314870304361183,0.011264060360888036,0.0034836781465548408,0.1488389128579119
166,7Networks_LH_Default_PFC_1,7networks_lh_default_pfc,7Networks_LH_Default_PFC,default,prefrontal cortex,L,-0.002209674247081167,0.26592759006254363,0.0018299534232000714,0.16790729385886627,-8.522224195307336e-05,0.004858427464602939,0.13915972711773214,0.0012657949012438792,0.21513577388623717,3.8883556746351453,0.05452345597003979,0.004564828868861717,0.0033606484512556795,0.21713727202103564
167,7Networks_LH_Default_PFC_2,7networks_lh_default_pfc,7Networks_LH_Default_PFC,default,prefrontal cortex,L,-0.0006332622847412895,0.22393268483207912,0.21012429300908078,0.012365460599244704,-4.937937436174053e-05,0.00346212915826127,0.1504809940770233,0.1509714339418012,0.0380387579293604,2.2810477365938087,0.13765778324568245,0.26425262743894135,0.1941672266560276,0.36799693844024467
168,7Networks_LH_Default_PFC_3,7networks_lh_default_pfc,7Networks_LH_Default_PFC,default,prefrontal cortex,L,-0.0015196298922030118,0.24272516354845453,0.0013561325433765084,0.17751326875045603,3.635193533607985e-05,-0.004534560859560738,0.2967985726826609,0.002958306186540023,0.18626492559648156,1.5162362319421299,0.22431594454910753,0.0035588680618088716,0.006933665494376672,0.4738636561546901
169,7Networks_LH_Default_PFC_4,7networks_lh_default_pfc,7Networks_LH_Default_PFC,default,prefrontal cortex,L,-0.0002911076242349186,0.17356965856747722,0.6477284348338725,-0.01635659074893736,0.00011446733463816531,-0.009784718040321274,0.34383952071284374,0.017601130348689074,0.12210945114240923,8.570841284752008,0.00525105773259494,0.6886855021418692,0.031145941295046033,0.07946600701993677
170,7Networks_LH_Default_PFC_5,7networks_lh_default_pfc,7Networks_LH_Default_PFC,default,prefrontal cortex,L,-0.0005052050405873437,0.21291485419121253,0.3581048254647098,-0.00284504151849041,-1.8750725410322951e-06,-0.00034969160732068426,0.21012568867003273,0.6576353053540887,-0.02412485898219252,0.0026301682855047383,0.9593156355013439,0.40644897690244564,0.673964850182294,0.9743384754308951
171,7Networks_LH_Default_PFC_6,7networks_lh_default_pfc,7Networks_LH_Default_PFC,default,prefrontal cortex,L,-0.0011300831200482448,0.21894173769778918,0.04750323550854619,0.060167688512587914,1.6980589372536713e-05,-0.0025384071685462676,0.24420032016368073,0.12917232412738242,0.044401088234239605,0.20803926831362665,0.6504092321430328,0.07514449101351905,0.1699832903009612,0.8271310683275543
172,7Networks_LH_Default_PFC_7,7networks_lh_default_pfc,7Networks_LH_Default_PFC,default,prefrontal cortex,L,-0.0013286560150389147,0.2571961097714326,0.015139396321302907,0.09839113361136143,4.887079325111849e-05,-0.005381867119480313,0.3298912874490322,0.020435077796595102,0.1165146731140817,1.9846568693980293,0.1654823091788777,0.02805422828518988,0.03474728584140141,0.40932846084016966
173,7Networks_LH_Default_PFC_8,7networks_lh_default_pfc,7Networks_LH_Default_PFC,default,prefrontal cortex,L,-0.0015627018213543527,0.21934212119200114,0.00969529511283878,0.11325560464596351,-8.308558287147214e-05,0.005328191178544548,0.09575253306616648,0.0033395649909907536,0.1820564648126467,5.037492988124618,0.02955158165560803,0.019221240092702208,0.007580812529549011,0.18208979448541035
174,7Networks_LH_Default_PFC_9,7networks_lh_default_pfc,7Networks_LH_Default_PFC,default,prefrontal cortex,L,-0.0029530672139773703,0.3182305102950478,3.656151562173813e-08,0.46064716708567377,5.169699514259927e-05,-0.007240675841517725,0.39512965592541394,6.851797830848766e-08,0.48329954875472214,3.104341727385454,0.08458703096667655,5.928188604381826e-07,1.1521171167427185e-06,0.2777902552127948
175,7Networks_LH_Default_PFC_10,7networks_lh_default_pfc,7Networks_LH_Default_PFC,default,prefrontal cortex,L,-0.0017866755753633413,0.2864617108704356,0.0014810751577560442,0.17469581739865592,7.082350940256135e-05,-0.0076605854440025545,0.3918114966477011,0.0008533160141946024,0.22819577110472766,4.3272657517919635,0.042984177432856284,0.0038205006910297956,0.0024519333572427184,0.19690142788511356
176,7Networks_LH_Default_PFC_11,7networks_lh_default_pfc,7Networks_LH_Default_PFC,default,prefrontal cortex,L,-4.049991660120232e-06,0.12025295682287598,0.994980605617051,-0.02083248285110173,-8.792342603025599e-05,0.007288080604526006,-0.010532910401541432,0.11208078285230402,0.05015500344944057,4.587321462765282,0.03742251657113336,0.994980605617051,0.15353564503042927,0.18934749497733228
177,7Networks_LH_Default_PFC_12,7networks_lh_default_pfc,7Networks_LH_Default_PFC,default,prefrontal cortex,L,-0.002451725470176231,0.31358379895318,9.806144338757888e-06,0.3234600830662827,3.9530624883848926e-05,-0.005730288331258015,0.3723855005108315,3.0974021685925664e-05,0.32976704283390224,1.4516848442156132,0.23428970902138493,5.36384280698323e-05,0.00015285006353706794,0.47913300853922863
178,7Networks_LH_Default_PFC_13,7networks_lh_default_pfc,7Networks_LH_Default_PFC,default,prefrontal cortex,L,-0.003974017136786357,0.3327578585433888,2.9657239989702884e-09,0.5132696907246228,-6.203230449473911e-05,0.0011707740295901757,0.24048496716991496,6.358645124555489e-09,0.5330125322586349,3.02929727047284,0.08831757031546295,8.799291251905627e-08,1.700604283093169e-07,0.2781648909968609
179,7Networks_LH_Default_PFC_14,7networks_lh_default_pfc,7Networks_LH_Default_PFC,default,prefrontal cortex,L,-0.0011478602797106835,0.23442194471906747,0.03560406704813037,0.06978146854359568,1.0903914475171044e-05,-0.0020522013859731675,0.25064148910176026,0.1073918283943533,0.05188076907849115,0.09374945017211934,0.7608157927561459,0.06031435238750443,0.1494838114940543,0.8831596404894604
180,7Networks_LH_Default_PFC_15,7networks_lh_default_pfc,7Networks_LH_Default_PFC,default,prefrontal cortex,L,-0.0018836229402309059,0.2569472889369612,0.0027780199335501305,0.15440452677943628,4.337730931340132e-05,-0.005481219379610238,0.3214709235649249,0.006616891322146873,0.15790692774814852,1.1996397453414827,0.2789747510047429,0.006673127247787086,0.013654857546612184,0.523365855190716
181,7Networks_LH_Default_PFC_16,7networks_lh_default_pfc,7Networks_LH_Default_PFC,default,prefrontal cortex,L,-0.0011678344174978423,0.23977260651138105,0.0529106193399121,0.05658557838184053,5.139732859377225e-05,-0.005430589513868888,0.31622599893084485,0.06620810168196543,0.07119567747913691,1.7550403671323105,0.19164968538400942,0.08226514102849347,0.0985523874216797,0.436253914696656
182,7Networks_LH_Default_PFC_17,7networks_lh_default_pfc,7Networks_LH_Default_PFC,default,prefrontal cortex,L,-0.0004455863561726274,0.18005966004610596,0.4476524897574916,-0.00851744441965896,-3.856112345019744e-05,0.002752568684302398,0.1227000893459559,0.45974437176204597,-0.008642395884100873,0.9940537198142,0.3238592393655655,0.498123113602699,0.4947275734394349,0.5633413588964242
183,7Networks_LH_Default_PFC_18,7networks_lh_default_pfc,7Networks_LH_Default_PFC,default,prefrontal cortex,L,-0.00216872499712476,0.20544348038136837,0.00021242339223735614,0.23516029697723728,-5.026049013002569e-06,-0.001751878117511174,0.1979672455648165,0.0011202383263714045,0.2192051076858097,0.019141782909689837,0.8905518665725363,0.000714372000561183,0.0030637843383892627,0.9498654475910937
184,7Networks_LH_Default_PFC_19,7networks_lh_default_pfc,7Networks_LH_Default_PFC,default,prefrontal cortex,L,-0.0019097334033084004,0.25883392155245427,0.007007321927930433,0.12403338978293588,6.164423811537051e-05,-0.0070223393962207635,0.3505295651973334,0.010758948168354076,0.1403062960591449,1.9085788318298296,0.17365371046579867,0.014593230070093655,0.02043749986791946,0.41494097132354
185,7Networks_LH_Default_PFC_20,7networks_lh_default_pfc,7Networks_LH_Default_PFC,default,prefrontal cortex,L,-0.0010205065872268188,0.23189637093513496,0.03674470384745575,0.06872823626320379,-6.363649450644209e-05,0.004257331749791253,0.1372372510973469,0.014444868447795878,0.1294611404614635,4.348706803349107,0.04249324473318825,0.06178553906201819,0.02602369156864813,0.19685646029456597
186,7Networks_LH_Default_PFC_21,7networks_lh_default_pfc,7Networks_LH_Default_PFC,default,prefrontal cortex,L,-0.0024648991373509375,0.29123849409653546,2.8278426197564538e-05,0.29411106433373546,-2.5089759037328897e-05,-0.0003840225406623052,0.25391754287450874,0.00013410937051873477,0.28663918690430523,0.497238830576851,0.48419602721796784,0.00013373339055931563,0.000505378662063781,0.6995692526259066
187,7Networks_LH_Default_PFC_22,7networks_lh_default_pfc,7Networks_LH_Default_PFC,default,prefrontal cortex,L,-0.002453298895651382,0.2893095752100021,2.6944689423785565e-05,0.29547407800217285,2.7268920453949087e-06,-0.0026794599293430968,0.29336582002536754,0.00016362815318129355,0.28057454890107636,0.005904787271305143,0.939074937669712,0.0001287672526147226,0.0005990901737444134,0.9602252741037144
188,7Networks_LH_Default_PFC_23,7networks_lh_default_pfc,7Networks_LH_Default_PFC,default,prefrontal cortex,L,-0.00024688349171548564,0.16338601224659546,0.7369612408987851,-0.018411806066964242,-8.194414429670726e-05,0.006549341687211052,0.04149431102785879,0.2247063916489971,0.021620399061403783,2.9640084935522544,0.09171322910812377,0.7709225884056415,0.2713210154485231,0.2801911887856849
189,7Networks_LH_Default_PFC_24,7networks_lh_default_pfc,7Networks_LH_Default_PFC,default,prefrontal cortex,L,-0.00306994179040151,0.2538507214255598,8.456100951602458e-06,0.327476464863769,-6.992689654907145e-05,0.002729605438869943,0.1498346449326438,1.2586720398446103e-05,0.3549641331500112,3.0454801748977314,0.08749781166394198,4.7395923852191555e-05,7.142963826118163e-05,0.2777902552127948
190,7Networks_LH_Default_pCunPCC_1,7networks_lh_default_pcunpcc,7Networks_LH_Default_pCunPCC,default,precuneus posterior cingulate cortex,L,-0.0012322684807790133,0.17561816394581226,0.026311440364285624,0.0798967512697899,-3.0498222065142213e-06,-0.0009793244949816643,0.17108156135685088,0.08673020781672253,0.060462793452882524,0.007138867187835767,0.9330242836101346,0.04648013200539173,0.12460605806579755,0.9583552596357491
191,7Networks_LH_Default_pCunPCC_2,7networks_lh_default_pcunpcc,7Networks_LH_Default_pCunPCC,default,precuneus posterior cingulate cortex,L,-0.0010727546647595772,0.2710309335836589,0.04604663153625564,0.06120395600443529,7.66249477346851e-05,-0.007427820101074324,0.3850103437701759,0.011447238212237802,0.13803478086444132,5.278455222333408,0.026089669247790735,0.07335147620161425,0.021564506839651294,0.171436130094002
192,7Networks_LH_Default_pCunPCC_3,7networks_lh_default_pcunpcc,7Networks_LH_Default_pCunPCC,default,precuneus posterior cingulate cortex,L,-0.0006396618915548869,0.21935298834316957,0.26220712569708615,0.005826149066163966,5.5248775706934704e-05,-0.005221845570290531,0.3015353983124109,0.18061513713333263,0.030672042486708073,2.2303399225641005,0.14200746415201163,0.3182942114076928,0.22607978237732998,0.3705252225575476
193,7Networks_LH_Default_pCunPCC_4,7networks_lh_default_pcunpcc,7Networks_LH_Default_pCunPCC,default,precuneus posterior cingulate cortex,L,0.0006406980109458327,0.1212306298770756,0.2895069224561824,0.002993645242608811,-4.8461654002647945e-05,0.004659976215287976,0.04914404576597714,0.27412222076989934,0.013309479543946234,1.5018392659081565,0.22649430261138273,0.34497675274306255,0.3215800729445331,0.4738636561546901
194,7Networks_LH_Default_pCunPCC_5,7networks_lh_default_pcunpcc,7Networks_LH_Default_pCunPCC,default,precuneus posterior cingulate cortex,L,-0.0017881941018973806,0.2859208862799466,0.0025344944810045357,0.15738368907566425,4.219721843427863e-05,-0.0052879170029665745,0.34868913879874897,0.005833783746361708,0.1624084669925524,1.287955800059994,0.262179785511466,0.006120534544553506,0.012205243414047075,0.5099258746006806
195,7Networks_LH_Default_pCunPCC_6,7networks_lh_default_pcunpcc,7Networks_LH_Default_pCunPCC,default,precuneus posterior cingulate cortex,L,-0.0012283360496089255,0.2974037391315857,0.020243312006315926,0.0886729447176986,7.42287672823283e-06,-0.0018439693221685618,0.30844524893203207,0.06788270929784364,0.07020791206565824,0.046752947460521985,0.8297486479907319,0.03690949257376478,0.10037998428997431,0.918794844360469
196,7Networks_LH_Default_pCunPCC_7,7networks_lh_default_pcunpcc,7Networks_LH_Default_pCunPCC,default,precuneus posterior cingulate cortex,L,-0.0010676315579827025,0.29717941815166743,0.03489689707206653,0.07045171061798072,1.998995598413849e-05,-0.0027255443149103668,0.3269144256144546,0.09205925031578054,0.05807573436100899,0.36932630148173695,0.5462971019180722,0.05985799813599731,0.13101849417982558,0.7470448321409783
197,7Networks_LH_Default_pCunPCC_8,7networks_lh_default_pcunpcc,7Networks_LH_Default_pCunPCC,default,precuneus posterior cingulate cortex,L,-0.002242996469946957,0.3227124979144408,0.0001898271681546316,0.2385534965964652,-1.2591340800976173e-05,-0.0011987047988033604,0.30398291126699695,0.0009621557347310068,0.22424303276689495,0.11453935596692251,0.7365414332180431,0.0006611006373342136,0.002683630458986382,0.8662948463238124
198,7Networks_LH_Default_pCunPCC_9,7networks_lh_default_pcunpcc,7Networks_LH_Default_pCunPCC,default,precuneus posterior cingulate cortex,L,-0.0021738419353117345,0.30514389091920835,8.528848829646163e-05,0.2623353030449921,-4.954878819139755e-06,-0.0017628977186360598,0.2977735215806651,0.00047823037287102454,0.24698056343379793,0.02123708161081444,0.8847581664464362,0.00032814384480164046,0.001518297827156959,0.9498654475910937
199,7Networks_LH_Default_pCunPCC_10,7networks_lh_default_pcunpcc,7Networks_LH_Default_pCunPCC,default,precuneus posterior cingulate cortex,L,-0.0017365896361007977,0.2224606416800396,0.001891416729238705,0.1668437474572585,-2.269960815177306e-05,0.00014605432579418466,0.18869503367515528,0.0068751987551028855,0.1565335599070744,0.4132677023233907,0.5234395844642385,0.004692367186198754,0.014123711469758868,0.733461639959149
200,7Networks_LH_Default_pCunPCC_11,7networks_lh_default_pcunpcc,7Networks_LH_Default_pCunPCC,default,precuneus posterior cingulate cortex,L,-0.002497270206439873,0.3335511526847328,1.5740929106168105e-05,0.31048260053537824,3.664420405309515e-05,-0.005536441148851816,0.38805931077428907,5.667591409020656e-05,0.3123114764534588,1.1276537866520437,0.2937025427764112,8.214231970345196e-05,0.00025226338232307627,0.5373985050425658
201,7Networks_RH_Vis_1,7networks_rh_vis,7Networks_RH_Vis,visual,visual,R,-0.0007855017842801982,0.19922572319877294,0.24179918479038198,0.00818833859055279,4.475229654435097e-05,-0.00449713593702983,0.26579464775163464,0.3045973711871758,0.008873422417361332,1.0331784299105615,0.31461740322230614,0.2958944202017073,0.35009419371893113,0.551491509895471
202,7Networks_RH_Vis_2,7networks_rh_vis,7Networks_RH_Vis,visual,visual,R,-0.0012259751502088191,0.22143808714572377,0.07751034633457143,0.04398399061515246,0.00014939976056519577,-0.013616786271529822,0.44366984187643227,0.0004889638640752095,0.2462689918967106,13.882155513209579,0.0005214546881913619,0.11206909947737398,0.0015415944047926743,0.01895921087716368
203,7Networks_RH_Vis_3,7networks_rh_vis,7Networks_RH_Vis,visual,visual,R,-0.0009992471883945864,0.20585697816965853,0.11963750443936906,0.029909922029125235,1.975974198346795e-05,-0.0026380666202124913,0.23524954290603817,0.2705571146429549,0.013858969675266342,0.21872664325556673,0.642173227277846,0.16409494566608324,0.318220026030833,0.818951250517253
204,7Networks_RH_Vis_4,7networks_rh_vis,7Networks_RH_Vis,visual,visual,R,-0.0011863162320920628,0.2190682482844474,0.07124902526416721,0.046750153819103524,4.891690071218434e-05,-0.005243351364357791,0.29183201069029613,0.10433477279655201,0.05304520704116922,1.3190886797404866,0.2565675413391354,0.1050229138634153,0.14619749027665005,0.5099258746006806
205,7Networks_RH_Vis_5,7networks_rh_vis,7Networks_RH_Vis,visual,visual,R,-0.0017536787915591193,0.28223482739010003,0.010840609065618241,0.10953803646995386,9.068253339699416e-05,-0.009274642272854012,0.4171248596364763,0.004550233200534875,0.17121843983120189,4.572303612470474,0.03772148128239752,0.020854392016062206,0.009979738517115137,0.18934749497733228
206,7Networks_RH_Vis_6,7networks_rh_vis,7Networks_RH_Vis,visual,visual,R,-0.000865915798113901,0.24804454511418877,0.18768316455793105,0.015792772164743063,0.00010100026293563305,-0.00924260379617171,0.39828217317687786,0.024222072583659604,0.11009989874337756,6.086798023039079,0.01731909320332618,0.2375584739171281,0.039843554177469064,0.14591329986405713
207,7Networks_RH_Vis_7,7networks_rh_vis,7Networks_RH_Vis,visual,visual,R,-0.0009983295678826004,0.13147063743881743,0.05639300800000406,0.054471787564279506,-6.81336023909273e-05,0.004652486705499308,0.030122081335525512,0.021006200795341854,0.11547776515870689,4.310585996809831,0.04337035856500299,0.08620345330640351,0.0353215376336489,0.19690142788511356
208,7Networks_RH_Vis_8,7networks_rh_vis,7Networks_RH_Vis,visual,visual,R,-0.0007162340601417389,0.1946287199484645,0.2258596311280714,0.01020462856466231,-5.976457802313838e-06,-0.0002205628520831164,0.1857387545331408,0.47844374411991997,-0.010355021432502554,0.02325105638143859,0.8794587472592317,0.2809322535127244,0.509965735890457,0.9498654475910937
209,7Networks_RH_Vis_9,7networks_rh_vis,7Networks_RH_Vis,visual,visual,R,-0.0005120984472654338,0.25020718975505496,0.39515606550643567,-0.005413523793210695,-6.345759684966141e-05,0.004750902603087449,0.15581417971579128,0.19288266424192305,0.02795769497489986,2.647889698409724,0.11037403424344408,0.44406151915822223,0.23860689254995388,0.3171507059906558
210,7Networks_RH_Vis_10,7networks_rh_vis,7Networks_RH_Vis,visual,visual,R,-0.0018160933196045858,0.22051221382334185,0.004301979084491307,0.14011880586042247,-6.75172603823336e-05,0.003783605218476209,0.12008046485257734,0.004292176764943312,0.17327494698335644,2.925059326669272,0.09380850373441432,0.009668804477025016,0.00959925246938061,0.2801911887856849
211,7Networks_RH_Vis_11,7networks_rh_vis,7Networks_RH_Vis,visual,visual,R,3.395282114925478e-05,0.14003267350889387,0.955708473908663,-0.020767045980149,8.32806951112377e-05,-0.006873122258970135,0.2639124905832124,0.11319889582872265,0.04975369912843419,4.562229878829613,0.03792347273318219,0.9663511072484031,0.15386915780311403,0.18934749497733228
212,7Networks_RH_Vis_12,7networks_rh_vis,7Networks_RH_Vis,visual,visual,R,-0.00259039687196506,0.22505740847456454,3.390990287556741e-05,0.2889667854736865,3.4444509542884514e-05,-0.005447131115030828,0.27629352670926266,0.00013469343195973018,0.28650725890856,0.8345361230368351,0.3656268022725303,0.00015242669213373866,0.000505378662063781,0.5925499183755033
213,7Networks_RH_Vis_13,7networks_rh_vis,7Networks_RH_Vis,visual,visual,R,-0.0011445469230788644,0.20412755249523162,0.10349005422683619,0.03457196018257869,-0.00010201734995785094,0.007316495515297856,0.05237701013598564,0.020805803507556602,0.11583849036835159,5.411856212268531,0.024363043115351972,0.14456764498148808,0.03511462748115501,0.171436130094002
214,7Networks_RH_Vis_14,7networks_rh_vis,7Networks_RH_Vis,visual,visual,R,-0.0020343322762115907,0.2367941264229887,0.002905857422612247,0.15294127332404706,3.0426063452180152e-05,-0.00455778749444652,0.28205281656376197,0.009747824306399906,0.14390920763494253,0.49358274035479094,0.4857986983789865,0.0068975158069458226,0.019158061623833583,0.6995692526259066
215,7Networks_RH_Vis_15,7networks_rh_vis,7Networks_RH_Vis,visual,visual,R,-1.7186309925883766e-05,0.1995312857853786,0.9788593347592555,-0.020818243210055654,-8.791181356833743e-05,0.0072739811801498955,0.06876269206782042,0.11594764175937818,0.048783050224746494,4.5121978068829245,0.03894421635599375,0.9853705941922439,0.15675900906918122,0.18934749497733228
216,7Networks_RH_Vis_16,7networks_rh_vis,7Networks_RH_Vis,visual,visual,R,-0.001169654792740951,0.29198621480900977,0.01501825196825189,0.09865964859900356,3.232316819432084e-05,-0.0038504507352735418,0.3400668433127287,0.03109712825380014,0.1005880370807728,1.102914627491164,0.2989974954584684,0.02794379669502606,0.049537179744650044,0.5386700910243836
217,7Networks_RH_Vis_17,7networks_rh_vis,7Networks_RH_Vis,visual,visual,R,-0.0015001243673644809,0.20049959673704681,0.005687317474780578,0.13093235320829488,1.781885759773031e-05,-0.0029779721099305783,0.22700510100465376,0.019962386812759744,0.11739407677978064,0.2637288607833931,0.6099757464729598,0.012122263537795223,0.03432925610982168,0.7908071237055283
218,7Networks_RH_Vis_18,7networks_rh_vis,7Networks_RH_Vis,visual,visual,R,-0.0020776366188680006,0.2867389295332957,5.595628550398516e-05,0.27460948707519117,8.234688522714152e-05,-0.00890726403874158,0.40922970683711946,8.23049561711502e-06,0.3665193254231285,7.964178100062391,0.006971586240945683,0.00023094685108008422,4.8527857274937905e-05,0.08898824891063933
219,7Networks_RH_Vis_19,7networks_rh_vis,7Networks_RH_Vis,visual,visual,R,-0.0015330183011243942,0.3071283889189743,0.0014349016420788217,0.17570908553956233,6.297831399958495e-05,-0.006756268931218735,0.4008084669670365,0.000695392519878104,0.2348879687280161,4.712641125670658,0.035025558172333125,0.0037439387672631324,0.0020705295034079,0.18914901989108227
220,7Networks_RH_Vis_20,7networks_rh_vis,7Networks_RH_Vis,visual,visual,R,-0.000942255079029944,0.20682920787780107,0.07197046077431665,0.04641882308252454,2.3973880963930138e-05,-0.002930583773435443,0.24249029337193995,0.157904558996616,0.03619903467414631,0.4910257809958733,0.48692485425063103,0.10574300709236169,0.20137266793388672,0.6995692526259066
221,7Networks_RH_Vis_21,7networks_rh_vis,7Networks_RH_Vis,visual,visual,R,-0.0004960180865926449,0.202476006866079,0.3922826435914113,-0.005226490442652443,-6.261076236739664e-05,0.004696748807553644,0.10934266091361317,0.17962529359347545,0.03089869330231043,2.7892957194197034,0.10154361078999179,0.4419263528300266,0.22589995371589436,0.297424511604234
222,7Networks_RH_Vis_22,7networks_rh_vis,7Networks_RH_Vis,visual,visual,R,-0.0007929276239729993,0.27377310696605106,0.07514218382026337,0.045001938117271156,-3.82231083293528e-05,0.002377193358731851,0.21691633287780063,0.08759603458936464,0.060065565574101254,1.7692601648002002,0.189892428851883,0.10943576474055526,0.12545299591032033,0.4359236210164674
223,7Networks_RH_Vis_23,7networks_rh_vis,7Networks_RH_Vis,visual,visual,R,-0.0008498275685293443,0.22678079112411736,0.1832165034712331,0.016530611890702374,-3.298571960923629e-05,0.0018859185921918965,0.17771461911631956,0.30639564134908076,0.008625128776110547,0.6172354166775089,0.4360193624569543,0.23299801841999954,0.35127177063758247,0.6614984079840455
224,7Networks_RH_Vis_24,7networks_rh_vis,7Networks_RH_Vis,visual,visual,R,-0.0011445574513880372,0.2811684240432307,0.010551411698842161,0.11043875872492337,2.5667270518609355e-05,-0.003273331284711214,0.31934842208954073,0.026436685442610464,0.1067807078514118,0.8034229181210546,0.37464011858070423,0.020471542355873253,0.042712651925071704,0.5988965275902808
225,7Networks_RH_Vis_25,7networks_rh_vis,7Networks_RH_Vis,visual,visual,R,-0.0020527184136081016,0.2926013803530713,0.00011631639337294015,0.25318716942166586,4.1041154496455575e-06,-0.002393102622821476,0.29870624139529633,0.0006406888691059993,0.23755087912643058,0.015617024633243477,0.9010818013689815,0.00043284952943700684,0.001965356395771106,0.9498654475910937
226,7Networks_RH_Vis_26,7networks_rh_vis,7Networks_RH_Vis,visual,visual,R,-0.001926852673600479,0.28089728774487377,0.0010381751466714407,0.18601387181714446,3.575952829774566e-05,-0.004892651007203163,0.3340894929524756,0.0030530817338853974,0.18517224274870947,0.9504211842007515,0.3346032811987252,0.002822344410711581,0.007000500541333184,0.5668279465082882
227,7Networks_RH_Vis_27,7networks_rh_vis,7Networks_RH_Vis,visual,visual,R,-0.00185361989594497,0.27297047211806225,0.0010571010747583618,0.1854410226740798,8.151595020459957e-06,-0.0025296910881202773,0.2850959484802582,0.004840777048474585,0.16903263048542416,0.052185616487499385,0.8202938942469218,0.00285668980916843,0.010366569717016327,0.9150207075874754
228,7Networks_RH_Vis_28,7networks_rh_vis,7Networks_RH_Vis,visual,visual,R,-0.0021785919137622487,0.2961849238112781,0.00010468180388477285,0.2563050910245296,2.990943697321277e-05,-0.004659199532396328,0.3406751334101352,0.00040150879887488315,0.25256297381002923,0.7596832642722755,0.3878583222073003,0.0003960461580307239,0.0013114028394906256,0.6156911828045956
229,7Networks_RH_Vis_29,7networks_rh_vis,7Networks_RH_Vis,visual,visual,R,-1.2338013129080914e-05,0.18234151242521324,0.9838150805570914,-0.02082448959612271,-6.882115847670807e-05,0.0056955022980558125,0.07997021843505406,0.22754910736157258,0.021096869770230176,3.055591802135351,0.08698991772873049,0.9881682446303529,0.27331392126712717,0.2777902552127948
230,7Networks_RH_Vis_30,7networks_rh_vis,7Networks_RH_Vis,visual,visual,R,-0.0023733945457683854,0.29081775853828457,0.0004735372684363024,0.2106223558088519,-9.728814198284751e-05,0.005695420203955906,0.14610190072468698,0.00014734689146557936,0.28377594675159923,5.902617203829185,0.01899372550699393,0.0014051367311770017,0.0005438657619949027,0.1488389128579119
231,7Networks_RH_SomMot_1,7networks_rh_sommot,7Networks_RH_SomMot,somatomotor,somatomotor,R,-0.0023346245764859627,0.32594575299884143,2.369271817855693e-05,0.2990913933020428,-0.0001299976621049339,0.008447029097266967,0.13257456919522273,1.655991086875343e-08,0.5135991704110352,22.168494531418943,2.2385485489188226e-05,0.00011566122637704136,3.5800950163876465e-07,0.0025407526030228633
232,7Networks_RH_SomMot_2,7networks_rh_sommot,7Networks_RH_SomMot,somatomotor,somatomotor,R,-0.0013040629224540566,0.2942018596933458,0.025245967365676202,0.08128037716857761,3.888899463888433e-05,-0.004529410710466055,0.35204913793273074,0.04935186548124577,0.0827364861661467,1.0761975493729028,0.3048576883461467,0.044879154731505506,0.07518707022981738,0.541739554905743
233,7Networks_RH_SomMot_3,7networks_rh_sommot,7Networks_RH_SomMot,somatomotor,somatomotor,R,-0.0014175775262141223,0.31105202427053724,0.001333844743937717,0.1780423014618736,1.3767084382957197e-05,-0.0025593821826283107,0.33153052643396763,0.0054405422470433906,0.16489214151437614,0.24416029490549865,0.623518937905867,0.003520729731091416,0.011596273146280279,0.8019195405361574
234,7Networks_RH_SomMot_4,7networks_rh_sommot,7Networks_RH_SomMot,somatomotor,somatomotor,R,-0.001352950860794181,0.2831231649491869,0.013979670819065615,0.10105399797807368,3.4104435882636135e-05,-0.004181480316412254,0.3338534244999834,0.03171037776852676,0.09984031411227978,0.9352816767164495,0.3384445349990318,0.02622632459444541,0.050162060999690415,0.5712037876935332
235,7Networks_RH_SomMot_5,7networks_rh_sommot,7Networks_RH_SomMot,somatomotor,somatomotor,R,-0.0006041685723444322,0.2293687788877975,0.291643704128707,0.002785952554723803,4.533882389240148e-05,-0.004364447713276694,0.29681016134328037,0.28057322782354027,0.012332353614384561,1.4639488319179137,0.23235329016852466,0.345708202805308,0.32745564378377195,0.4773230485814941
236,7Networks_RH_SomMot_6,7networks_rh_sommot,7Networks_RH_SomMot,somatomotor,somatomotor,R,-0.0005177833073951063,0.2325486605473607,0.35701921377597146,-0.002764346044552557,5.4849607933935414e-05,-0.005066861093174559,0.31413730949389373,0.2184468865082947,0.022795901172093624,2.2555124030595075,0.13982864158067443,0.40623238860724575,0.2651734932480369,0.3690825771955011
237,7Networks_RH_SomMot_7,7networks_rh_sommot,7Networks_RH_SomMot,somatomotor,somatomotor,R,-0.0006879932571100655,0.2724495529792955,0.14360126267674642,0.024111281299768583,-6.5298218038626905e-06,-0.0001464275389224251,0.2627364600528982,0.3395273733351325,0.004284088125858232,0.04419999620535385,0.8343907333238811,0.1923155553252002,0.38627227049631874,0.9201070768871666
238,7Networks_RH_SomMot_8,7networks_rh_sommot,7Networks_RH_SomMot,somatomotor,somatomotor,R,-0.0009950909790536013,0.27035294629154377,0.06312305554884273,0.0507418723317451,2.1817045110278128e-05,-0.0028045375548988345,0.3028057440708306,0.1492707324945661,0.038502392775872085,0.3889792192223871,0.5358517905515702,0.09520886119327109,0.19307382493599148,0.7416972954585759
239,7Networks_RH_SomMot_9,7networks_rh_sommot,7Networks_RH_SomMot,somatomotor,somatomotor,R,-0.0007734317362187819,0.2268000892009714,0.07520695726663709,0.044973653886895004,6.063263737701159e-05,-0.005802138306322336,0.3169909793822442,0.019542512734647816,0.11819210273074021,4.985545554069166,0.030360968201001176,0.10943576474055526,0.03386374344095461,0.18208979448541035
240,7Networks_RH_SomMot_10,7networks_rh_sommot,7Networks_RH_SomMot,somatomotor,somatomotor,R,-0.0011457071196177534,0.2677695880425297,0.025306307513800464,0.0812004692162498,6.188152728038598e-05,-0.0062779932325900106,0.3598181987023522,0.014046823883830913,0.13049564840138983,3.7212843691195543,0.05977360756814487,0.044879154731505506,0.0255091490050524,0.22804384736082162
241,7Networks_RH_SomMot_11,7networks_rh_sommot,7Networks_RH_SomMot,somatomotor,somatomotor,R,-0.00065188764824999,0.23361330339002095,0.15340603390632138,0.02203663746061768,-1.3399451462170394e-05,0.00045942653036017307,0.21368165423876528,0.33055583152464313,0.005418091803121916,0.19796430541758048,0.6584114429310894,0.20246028893450554,0.3770661997793668,0.8271409950527042
242,7Networks_RH_SomMot_12,7networks_rh_sommot,7Networks_RH_SomMot,somatomotor,somatomotor,R,0.00034263264489031633,0.17965667506541572,0.5535176218775976,-0.013317046056508408,-0.0001433802294787856,0.012234200176740696,-0.03362104285205986,0.00023397775947157738,0.2695423989667134,19.587325728295003,5.684286679742909e-05,0.6011889960105964,0.0008234566108534584,0.005161332305206561
243,7Networks_RH_SomMot_13,7networks_rh_sommot,7Networks_RH_SomMot,somatomotor,somatomotor,R,-0.0006578335182323555,0.22278231475198734,0.15560161928792365,0.0215920340496909,4.600233657781465e-05,-0.004473142602522299,0.2912106705989107,0.1160154780776319,0.04875937519908102,2.370875403312017,0.1303239512394734,0.2047627105991807,0.15675900906918122,0.3561205381271348
244,7Networks_RH_SomMot_14,7networks_rh_sommot,7Networks_RH_SomMot,somatomotor,somatomotor,R,-0.0007089368971186457,0.24292747504991924,0.2200480634806405,0.01098170975445767,5.7460627067597075e-05,-0.005474565531419964,0.32840000815740356,0.15008901751468484,0.03827868909343746,2.362406128898125,0.13099588076482713,0.27521162760388646,0.1935807214535992,0.3561205381271348
245,7Networks_RH_SomMot_15,7networks_rh_sommot,7Networks_RH_SomMot,somatomotor,somatomotor,R,-0.00023683905471203414,0.11372202476351831,0.7347409145399767,-0.01836919727525088,-0.0001523577353850622,0.012399298479154325,-0.11290970980772877,0.002241734868080825,0.19581285568764928,13.784012545997767,0.0005428848929584314,0.7703750004645483,0.0054135512239824185,0.01895921087716368
246,7Networks_RH_SomMot_16,7networks_rh_sommot,7Networks_RH_SomMot,somatomotor,somatomotor,R,-0.0013137602306853564,0.3212113669931797,0.003035950656122003,0.1515154099284901,-1.8530580962017047e-05,0.00022311591824600296,0.2936471760748721,0.010443833506341505,0.1413930694045319,0.43411550986080827,0.5131915639471917,0.007068315886560971,0.02019934349697875,0.7235682299131212
247,7Networks_RH_SomMot_17,7networks_rh_sommot,7Networks_RH_SomMot,somatomotor,somatomotor,R,-0.001330881384418324,0.24381497396826224,0.03741391791628515,0.06812558201610286,4.5906876335439684e-05,-0.0051382732549966285,0.31210133295327835,0.06360665467990767,0.07277861977951583,1.2408764696417116,0.2709665619438429,0.0617979379604437,0.09562060008171551,0.5137924346255619
248,7Networks_RH_SomMot_18,7networks_rh_sommot,7Networks_RH_SomMot,somatomotor,somatomotor,R,-0.0012445789113353879,0.3131861499508272,0.009436835507676723,0.11415442325900926,-8.173944673793229e-06,-0.0005666540995020609,0.30102742853750836,0.034456526275511344,0.09665331370004737,0.0700654891745221,0.7923988479719246,0.018790891756514175,0.053942285962352246,0.8993726924481344
249,7Networks_RH_SomMot_19,7networks_rh_sommot,7Networks_RH_SomMot,somatomotor,somatomotor,R,-0.0006271623737162503,0.20109268941392816,0.3152906585304497,0.000608061788797909,1.61773929972512e-05,-0.0019688714922984317,0.22515651936349865,0.562738126049465,-0.01735602160913663,0.15243436438602784,0.6979837791444325,0.3689225746722272,0.5886707585863068,0.8463122496723597
250,7Networks_RH_SomMot_20,7networks_rh_sommot,7Networks_RH_SomMot,somatomotor,somatomotor,R,-0.0022844361505597907,0.31837551358476424,3.5487334236709965e-05,0.2876736983956034,1.7681819453351714e-05,-0.0037509183209389913,0.3446771739695227,0.00018508435844767044,0.2767925506030473,0.2778073642933236,0.6006211070110353,0.000157953428857513,0.000656471083869081,0.7831120350841042
251,7Networks_RH_SomMot_21,7networks_rh_sommot,7Networks_RH_SomMot,somatomotor,somatomotor,R,-0.001062965415851182,0.2925554854079029,0.020575639328823933,0.08812792147779269,-4.7277688231014986e-05,0.002858117877100797,0.2222300472984831,0.0193416373614377,0.11857971596652517,2.658330494472323,0.10969312249581759,0.03736536102114427,0.033710310817866726,0.3171507059906558
252,7Networks_RH_SomMot_22,7networks_rh_sommot,7Networks_RH_SomMot,somatomotor,somatomotor,R,-0.0024891545368846122,0.3357881996547246,1.4224161100382903e-05,0.3132796397297617,-5.3573561923384854e-05,0.0019540914521166903,0.2560976658254384,2.6254844616946048e-05,0.334464900229244,2.52793219219456,0.11855158825470961,7.509033883225394e-05,0.00013392920737183715,0.3363901316727385
253,7Networks_RH_SomMot_23,7networks_rh_sommot,7Networks_RH_SomMot,somatomotor,somatomotor,R,-0.002390277584378159,0.32605057911719176,4.603542162357468e-05,0.2802333652495399,-5.2799891925735194e-05,0.001988802312422982,0.24751087739439442,8.924468292635246e-05,0.29889578600771105,2.2776933564431134,0.13794072044155994,0.00019351927238058246,0.00037171638576664233,0.36799693844024467
254,7Networks_RH_SomMot_24,7networks_rh_sommot,7Networks_RH_SomMot,somatomotor,somatomotor,R,-0.003020713040988888,0.31925604343421704,1.1936160972636366e-06,0.3785602224886464,1.4046026455773235e-05,-0.0041856523967157225,0.34014947120446026,7.984915513502135e-06,0.36733537030947805,0.1483751749111793,0.7018307424149841,8.46721418996392e-06,4.799011201764356e-05,0.8474232900436245
255,7Networks_RH_SomMot_25,7networks_rh_sommot,7Networks_RH_SomMot,somatomotor,somatomotor,R,-0.002449857180832046,0.3273412671317109,1.0909116028168993e-06,0.3808193312356676,-4.9061652862575426e-05,0.0016191833023667971,0.2543621862791615,1.8946379818847514e-06,0.4049017126969485,2.9424594807358706,0.09286589828039588,7.988288188368908e-06,1.4160934653235966e-05,0.2801911887856849
256,7Networks_RH_SomMot_26,7networks_rh_sommot,7Networks_RH_SomMot,somatomotor,somatomotor,R,-0.003713929732820442,0.3775989832054761,1.5568386258558963e-10,0.5686870161722688,-6.428723749060569e-05,0.0016178794631520792,0.28197188487359864,1.636138665234906e-10,0.6003636026785057,4.804648832013664,0.033371708396820646,1.3052005939700213e-08,1.8636578717709672e-08,0.18476531234337285
257,7Networks_RH_SomMot_27,7networks_rh_sommot,7Networks_RH_SomMot,somatomotor,somatomotor,R,-0.0031649371608554098,0.30991115847733847,6.526554478962284e-07,0.3935720429326214,-9.030231419918214e-05,0.004324491970940123,0.1755867012974322,2.044413009032663e-07,0.4586955862607278,6.774809885911569,0.012330665904898242,5.29117095258728e-06,2.3522381284178506e-06,0.1272300527459955
258,7Networks_RH_SomMot_28,7networks_rh_sommot,7Networks_RH_SomMot,somatomotor,somatomotor,R,-0.0038485132723604723,0.3537621184080102,1.0235086915365534e-09,0.5340301294930954,-3.1991356720478554e-05,-0.0011952368739336326,0.3061750586074336,6.3679015005691346e-09,0.5329836247081565,0.8924401105942446,0.349648267759224,3.96252115963009e-08,1.700604283093169e-07,0.5857576146224638
259,7Networks_RH_SomMot_29,7networks_rh_sommot,7Networks_RH_SomMot,somatomotor,somatomotor,R,-0.0034869349939272,0.35683350035252137,6.528868570902781e-10,0.542542580437184,-4.453808697004416e-05,0.00020693319744761064,0.2905832119835356,2.1503960774047397e-09,0.5540674024107455,2.240527061088496,0.14112101289430068,3.293451479099847e-08,8.135665159514598e-08,0.37034069279776016
260,7Networks_RH_SomMot_30,7networks_rh_sommot,7Networks_RH_SomMot,somatomotor,somatomotor,R,-0.003325236933110324,0.29856002285154265,2.0336643429919765e-06,0.3650234337810383,-4.602186914375689e-05,0.0004916921292464785,0.23010261236365342,7.615927440293906e-06,0.36860782945146076,1.2724946557870829,0.26502483005359123,1.3577700172328784e-05,4.672474402558694e-05,0.5120054163588528
261,7Networks_RH_SomMot_31,7networks_rh_sommot,7Networks_RH_SomMot,somatomotor,somatomotor,R,-0.0017288954915907193,0.24084518372715186,0.0007952819997671784,0.19443155626813802,1.5211903201706596e-05,-0.002990529503955208,0.2634728501204573,0.0034280101112646563,0.18114614805782026,0.22122904767103935,0.6402804473049841,0.002228753258606784,0.007742868609523154,0.818837529792853
262,7Networks_RH_SomMot_32,7networks_rh_sommot,7Networks_RH_SomMot,somatomotor,somatomotor,R,-0.004051490819181285,0.33270098511428325,3.0299465085096577e-10,0.5567294335361446,-1.526460308486189e-05,-0.00278548602137628,0.3099949277820418,2.776139049791926e-09,0.5491943633336736,0.19769554703613,0.6586282313414493,1.7194946435792306e-08,9.695131758504111e-08,0.8271409950527042
263,7Networks_RH_SomMot_33,7networks_rh_sommot,7Networks_RH_SomMot,somatomotor,somatomotor,R,-0.0037822204331254133,0.3194630425786117,8.851062141920235e-10,0.5367976242183049,-8.187447806788638e-05,0.0030082268176465374,0.19767496969380233,3.468630171537202e-10,0.5873785946459955,6.884053878509218,0.011691312170536157,3.96252115963009e-08,2.2496544255398423e-08,0.1263775172719861
264,7Networks_RH_SomMot_34,7networks_rh_sommot,7Networks_RH_SomMot,somatomotor,somatomotor,R,-0.003304809023036635,0.3146814576502456,3.371997528851593e-08,0.46242421551972424,5.795877531091583e-07,-0.0033528784600279403,0.31554359292346656,2.849903661506992e-07,0.4509898706044696,0.0002942996033482914,0.9863854515383811,5.669951400365271e-07,2.8676649549828587e-06,0.992946773832428
265,7Networks_RH_SomMot_35,7networks_rh_sommot,7Networks_RH_SomMot,somatomotor,somatomotor,R,-0.0030066152273389934,0.2582998367095448,5.860051387808811e-06,0.3373278894937516,-4.566127838436262e-05,0.0007804074149884597,0.19037880403709984,1.985239696805722e-05,0.3423343545461538,1.3653989290401112,0.2484969131228885,3.500609644822632e-05,0.00010603515557056444,0.5014115491457394
266,7Networks_RH_SomMot_36,7networks_rh_sommot,7Networks_RH_SomMot,somatomotor,somatomotor,R,-0.002324513292428984,0.2329030665554837,0.0003420571202176487,0.22065190176128102,2.6114159438279976e-06,-0.0025410970513102963,0.23678754097052473,0.001755282696858954,0.2041405171636611,0.004162822988275378,0.948829872395483,0.0010784300873528645,0.004451946057955112,0.9680196900394367
267,7Networks_RH_SomMot_37,7networks_rh_sommot,7Networks_RH_SomMot,somatomotor,somatomotor,R,-0.0022272282802754517,0.24013171865959143,0.0014668713831828377,0.17500420177792408,-0.00010810660309382261,0.0067388403053473996,0.07932342811998029,0.0002779967406087707,0.26416445530609944,6.816098719629979,0.012084749707115117,0.0038054834740857617,0.0009489512799727961,0.1272300527459955
268,7Networks_RH_SomMot_38,7networks_rh_sommot,7Networks_RH_SomMot,somatomotor,somatomotor,R,-0.0012961871793660455,0.19485386283951378,0.061163907361752166,0.051783749358671916,-9.093060892039811e-05,0.006245351013311903,0.05959481889818487,0.021693942077334254,0.11426437092767938,4.38596499550713,0.04165459114662062,0.09287094963958356,0.03620974155555056,0.19685646029456597
269,7Networks_RH_SomMot_39,7networks_rh_sommot,7Networks_RH_SomMot,somatomotor,somatomotor,R,-0.004050443302299462,0.3218377944350747,1.0473624210476009e-09,0.5335898018748686,-4.3049319390834324e-05,-0.0004800494579232774,0.25780204396268497,4.9027450952451565e-09,0.5381511197410163,1.4740582188968772,0.2307719485300299,3.96252115963009e-08,1.4838975154942008e-07,0.476229384693789
270,7Networks_RH_SomMot_40,7networks_rh_sommot,7Networks_RH_SomMot,somatomotor,somatomotor,R,-0.0016951023693187232,0.20979112232954966,0.004618088399844162,0.1377902180051731,-8.083178288042318e-05,0.005008866569332197,0.08955405582040293,0.0018223967200611273,0.20286874856517667,4.91876427032241,0.03143681083760605,0.010277510458476715,0.0045741793651001604,0.18208979448541035
271,7Networks_RH_DorsAttn_Post_1,7networks_rh_dorsattn_post,7Networks_RH_DorsAttn_Post,dorsal attention,posterior,R,-0.0009242848644735991,0.25100367370494325,0.09925416366992384,0.03592378766544535,-2.3667710255474825e-05,0.0010386508613957172,0.2157980163422135,0.21211197171553414,0.024018869198827453,0.41450088699095244,0.5228232666728867,0.13907836514242417,0.25886783644852823,0.733461639959149
272,7Networks_RH_DorsAttn_Post_2,7networks_rh_dorsattn_post,7Networks_RH_DorsAttn_Post,dorsal attention,posterior,R,-0.0009242767436128153,0.2578755615736342,0.09647209646957977,0.03684529464737629,-3.533481387882174e-05,0.0020062969274772247,0.205315117958018,0.15925586813597925,0.03584948686813716,0.9504239506669935,0.3346025847370414,0.13601966396642615,0.20252707040261786,0.5668279465082882
273,7Networks_RH_DorsAttn_Post_3,7networks_rh_dorsattn_post,7Networks_RH_DorsAttn_Post,dorsal attention,posterior,R,4.674363321052581e-06,0.17338973145823644,0.992796485757971,-0.020831581643049324,4.7321123238071674e-05,-0.003920011311364647,0.24377977902752673,0.38476902005250924,-0.0010301597296664688,1.9494901253515262,0.16920182620219076,0.994980605617051,0.42502465962004665,0.41204009689108945
274,7Networks_RH_DorsAttn_Post_4,7networks_rh_dorsattn_post,7Networks_RH_DorsAttn_Post,dorsal attention,posterior,R,-0.0007671102013076807,0.24011504160756952,0.1925499138596106,0.015011145617897848,-1.4633658745385775e-05,0.00044656578345951374,0.2183475123370102,0.4022934201330407,-0.0029291671672670994,0.14138002774397623,0.7086048436325969,0.24282683581184228,0.4390413767798088,0.8510756587544946
275,7Networks_RH_DorsAttn_Post_5,7networks_rh_dorsattn_post,7Networks_RH_DorsAttn_Post,dorsal attention,posterior,R,-0.001848942777029892,0.28037605418264594,0.0004353144240006009,0.21322713729057285,-6.23797605707413e-05,0.0033246654543433495,0.18758632280106358,0.000337068409264679,0.258106538697747,3.9036666043168196,0.05406822478793882,0.0013175516566418187,0.0011335485763419575,0.21713727202103564
276,7Networks_RH_DorsAttn_Post_6,7networks_rh_dorsattn_post,7Networks_RH_DorsAttn_Post,dorsal attention,posterior,R,-0.0004497470165356781,0.21735228429394957,0.4151242570719561,-0.006661754041989987,-1.3935235365997438e-05,0.0007060036265577642,0.1966236579811943,0.669944999908211,-0.024933368873498507,0.14429802117151405,0.7057561989048318,0.4653491671868347,0.6822908199853263,0.8499026904583385
277,7Networks_RH_DorsAttn_Post_7,7networks_rh_dorsattn_post,7Networks_RH_DorsAttn_Post,dorsal attention,posterior,R,-0.00030270521985724364,0.12125855835144005,0.6313996157730688,-0.01589900877074224,-8.004419524068924e-05,0.006335943335089497,0.0021930264051340104,0.13606525776251258,0.04228474998323006,3.916128170812535,0.053700784714257516,0.6729000600022846,0.17751042248327792,0.21713727202103564
278,7Networks_RH_DorsAttn_Post_8,7networks_rh_dorsattn_post,7Networks_RH_DorsAttn_Post,dorsal attention,posterior,R,-0.002690475958421754,0.28555863857444885,6.5777954447181306e-06,0.3342383319251796,4.82319778327444e-05,-0.006690705443879851,0.3573035799810055,1.711998982388276e-05,0.34646540215923904,1.8980387161964107,0.1748230027408173,3.828614271669271e-05,9.364428168726231e-05,0.41554787038916785
279,7Networks_RH_DorsAttn_Post_9,7networks_rh_dorsattn_post,7Networks_RH_DorsAttn_Post,dorsal attention,posterior,R,-0.001523068885759437,0.28611469281252777,0.003275422110244231,0.14904029581618683,2.717532728679334e-05,-0.0037769168591221067,0.3265379213737948,0.009873430095562139,0.14344266741406675,0.6863185299101872,0.41160671009906435,0.007491739902294371,0.019321281307694876,0.6433288979973714
280,7Networks_RH_DorsAttn_Post_10,7networks_rh_dorsattn_post,7Networks_RH_DorsAttn_Post,dorsal attention,posterior,R,-0.004035875716930539,0.2879991379701333,1.5236717986943436e-08,0.4795768640261888,8.374240156394683e-05,-0.010981243478560082,0.4125657421903488,1.3159089501823234e-08,0.5183338459059954,4.862291577721376,0.03237873375742695,3.131223760018043e-07,2.9871133169138743e-07,0.18208979448541035
281,7Networks_RH_DorsAttn_Post_11,7networks_rh_dorsattn_post,7Networks_RH_DorsAttn_Post,dorsal attention,posterior,R,-0.0017918577979801472,0.2647519184736091,0.0012383333060835258,0.18041138785205113,5.696900746954804e-05,-0.00651671283559083,0.3494931687094138,0.0014745206064619674,0.21002148607496607,2.7991435078888673,0.1009590041244189,0.0033070783585995335,0.0038695511869001917,0.297424511604234
282,7Networks_RH_DorsAttn_Post_12,7networks_rh_dorsattn_post,7Networks_RH_DorsAttn_Post,dorsal attention,posterior,R,-0.0031338247984937216,0.2774595438191212,1.219649750773231e-07,0.43351300641672297,-0.00012276461401995855,0.007047939475749404,0.09484750020351003,4.515335212472381e-10,0.5827220308819459,18.16369831234599,9.673288132072443e-05,1.4827712205985914e-06,2.2777357627360674e-08,0.00627381830280127
283,7Networks_RH_DorsAttn_Post_13,7networks_rh_dorsattn_post,7Networks_RH_DorsAttn_Post,dorsal attention,posterior,R,-0.002261565578654592,0.31002447215027606,2.733863048359735e-06,0.357389591601472,-2.7968808337716086e-05,5.8091561959371096e-05,0.26842094259237526,1.1644598635801192e-05,0.3570960794567176,0.9780860211020389,0.32773609805086745,1.748132146415943e-05,6.691959216017394e-05,0.5668279465082882
284,7Networks_RH_DorsAttn_Post_14,7networks_rh_dorsattn_post,7Networks_RH_DorsAttn_Post,dorsal attention,posterior,R,-0.002110979311331339,0.26527689990283093,2.330959708917305e-05,0.29954872144545963,-5.131715711607774e-05,0.0021451265800231266,0.18894276234763277,3.2453083846558164e-05,0.3284353339848082,3.0646669964279676,0.08653688636430855,0.00011502779433135397,0.00015674149006741922,0.2777902552127948
285,7Networks_RH_DorsAttn_Post_15,7networks_rh_dorsattn_post,7Networks_RH_DorsAttn_Post,dorsal attention,posterior,R,-0.002828427911737536,0.27624302482458146,2.0258728166447755e-06,0.36512192116642894,6.257344622803635e-05,-0.008018099906448608,0.3693208631169392,2.7594848072268838e-06,0.39530314235460595,3.395743584105162,0.07167715004286965,1.3577700172328784e-05,1.842361915413243e-05,0.25556013487814044
286,7Networks_RH_DorsAttn_Post_16,7networks_rh_dorsattn_post,7Networks_RH_DorsAttn_Post,dorsal attention,posterior,R,-0.0024038520647141678,0.2759664696977058,2.11551632394757e-05,0.3022638375353698,-4.654364961011202e-05,0.0014563520549850618,0.20673291212508427,5.092899603636248e-05,0.31543311553384246,1.9233945700128958,0.17202569326263575,0.00010791510236766255,0.00023355317374251078,0.41370546205632
287,7Networks_RH_DorsAttn_Post_17,7networks_rh_dorsattn_post,7Networks_RH_DorsAttn_Post,dorsal attention,posterior,R,-0.0038545690358361556,0.35229350258181924,3.1010718068389875e-09,0.5123795511282273,-0.00012417005582117938,0.006443758771273804,0.16759086794734984,2.6788556062617474e-11,0.6299812561628964,16.255664572898517,0.0002015375381604741,8.799291251905627e-08,6.081002226214166e-09,0.011437255290606903
288,7Networks_RH_DorsAttn_Post_18,7networks_rh_dorsattn_post,7Networks_RH_DorsAttn_Post,dorsal attention,posterior,R,-0.0029045640289255222,0.2807868769339276,7.322557028207183e-07,0.39073677222658265,-8.688910554533206e-05,0.0043017828302645,0.1515395587369593,1.6977821791748935e-07,0.46295819581535524,7.455043732627571,0.008877064077957944,5.540734818010102e-06,2.1410919704038933e-06,0.10225159603086174
289,7Networks_RH_DorsAttn_Post_19,7networks_rh_dorsattn_post,7Networks_RH_DorsAttn_Post,dorsal attention,posterior,R,-0.004856552777538403,0.36026020699652456,1.0527386902903553e-12,0.6488747430254784,-3.637511565287824e-05,-0.0018396992975468112,0.3061523172014552,7.203928445588448e-12,0.6500933158790311,1.1671631312716075,0.2854976058852259,4.779433653918213e-10,3.270583514297155e-09,0.531212758491363
290,7Networks_RH_DorsAttn_FEF_1,7networks_rh_dorsattn_fef,7Networks_RH_DorsAttn_FEF,dorsal attention,frontal eye fields,R,-0.0030270643688578977,0.30797512845658526,5.062306934649545e-07,0.3997876130520315,0.00011245294157946918,-0.012353606485637922,0.4752485861736067,1.1395482664601157e-08,0.5212741833477179,13.180992065503128,0.0006965520656630491,4.311729087481102e-06,2.8741939609605136e-07,0.019982105823861986
291,7Networks_RH_DorsAttn_FEF_2,7networks_rh_dorsattn_fef,7Networks_RH_DorsAttn_FEF,dorsal attention,frontal eye fields,R,-0.0029922180468984843,0.3262830155027322,6.94077744334332e-07,0.3920575355128162,4.6539038255846485e-05,-0.006852039713376197,0.39550971369789534,2.1054857793387117e-06,0.4022236264562502,1.8163125658379933,0.18421356000853767,5.446839444628986e-06,1.4732239458485344e-05,0.4310977125972995
292,7Networks_RH_DorsAttn_FEF_3,7networks_rh_dorsattn_fef,7Networks_RH_DorsAttn_FEF,dorsal attention,frontal eye fields,R,-0.002078011714047863,0.1929373510979152,0.0009244820840038825,0.18968484430638632,7.009994197884027e-05,-0.007891910862141416,0.2972108322169188,0.0008622757204854268,0.22785264829980545,3.3726748368042956,0.0726151044037007,0.0025592369886448946,0.002462095453461533,0.25556013487814044
293,7Networks_RH_DorsAttn_PrCv_1,7networks_rh_dorsattn_prcv,7Networks_RH_DorsAttn_PrCv,dorsal attention,precentral ventral,R,-0.0009359048484527351,0.27099387207522296,0.06427193095514752,0.05014629308404539,6.719640207496092e-05,-0.0065089922683608855,0.3709483451494431,0.021522201647104163,0.11456388803282813,4.492114807325828,0.03936229676956359,0.09662071739614893,0.0360556440877686,0.18934749497733228
294,7Networks_RH_SalVentAttn_TempOccPar_1,7networks_rh_salventattn_tempoccpar,7Networks_RH_SalVentAttn_TempOccPar,salience / ventral attention,temporal occipital parietal,R,-0.0007312389708907944,0.24941783171826665,0.16883878313738365,0.019050648964600847,3.9544177657786214e-05,-0.004010925862301626,0.3082396929918512,0.20637812879711967,0.0251563344437562,1.3006357976714513,0.259875404885194,0.21776365779651186,0.2532315418213306,0.5099258746006806
295,7Networks_RH_SalVentAttn_TempOccPar_2,7networks_rh_salventattn_tempoccpar,7Networks_RH_SalVentAttn_TempOccPar,salience / ventral attention,temporal occipital parietal,R,-0.00014351227140088022,0.21400782314344688,0.7617599539400565,-0.01886004684557263,4.3413193472728844e-05,-0.0037440848456735433,0.2785848353649497,0.36489636961546784,0.001226205856620366,1.9653238154212684,0.16751507234547844,0.7932087593779487,0.4060366465819176,0.4110910424045795
296,7Networks_RH_SalVentAttn_TempOccPar_3,7networks_rh_salventattn_tempoccpar,7Networks_RH_SalVentAttn_TempOccPar,salience / ventral attention,temporal occipital parietal,R,-0.0014803733687946917,0.240636260398064,0.007538022426018599,0.12161461459073653,-8.345276713749722e-06,-0.0007882387420453402,0.22822268302154233,0.028460505944729583,0.1039725550042988,0.05491861339909313,0.8157333327286167,0.015415595411767765,0.0456574901021457,0.9144269952068937
297,7Networks_RH_SalVentAttn_TempOccPar_4,7networks_rh_salventattn_tempoccpar,7Networks_RH_SalVentAttn_TempOccPar,salience / ventral attention,temporal occipital parietal,R,-0.0015208435614094237,0.28549659346898276,0.006423616654689216,0.1269112580104127,4.940844185085911e-05,-0.005618645783158009,0.358991522038397,0.00961721889232616,0.1444004622216848,1.9811620566332866,0.1658476107284862,0.013501490561244927,0.018983553813548156,0.40932846084016966
298,7Networks_RH_SalVentAttn_TempOccPar_5,7networks_rh_salventattn_tempoccpar,7Networks_RH_SalVentAttn_TempOccPar,salience / ventral attention,temporal occipital parietal,R,-0.0009727984310668285,0.24757431669465363,0.039250873394637446,0.06652577689201433,-3.856884655174879e-06,-0.0006529188737087535,0.24183721081529425,0.12121749238460902,0.046982225513791276,0.015663200342255063,0.9009364476898378,0.06426979750291584,0.1623830140271523,0.9498654475910937
299,7Networks_RH_SalVentAttn_TempOccPar_6,7networks_rh_salventattn_tempoccpar,7Networks_RH_SalVentAttn_TempOccPar,salience / ventral attention,temporal occipital parietal,R,-0.002535744057925566,0.28609048693534445,8.813844284022745e-06,0.3263550914810385,-3.901845514164979e-05,0.000700340833220848,0.22805063653527488,2.9626047972691104e-05,0.3310348604268877,1.3357856726945663,0.25362016901339063,4.879860127983325e-05,0.00014780467889672264,0.509484764301236
300,7Networks_RH_SalVentAttn_TempOccPar_7,7networks_rh_salventattn_tempoccpar,7Networks_RH_SalVentAttn_TempOccPar,salience / ventral attention,temporal occipital parietal,R,-0.0017264227924445028,0.2778400436455722,0.0019651799770441973,0.1656109807893762,5.3769890928280145e-05,-0.006185951776867508,0.35782261635830415,0.0026793421663342002,0.18968736149324805,2.4261980115668926,0.12603083894841047,0.004848867986837313,0.006402217597451194,0.35103068026121687
301,7Networks_RH_SalVentAttn_PrC_1,7networks_rh_salventattn_prc,7Networks_RH_SalVentAttn_PrC,salience / ventral attention,precentral,R,-0.0008365163709950644,0.247822289537852,0.10474762006465103,0.03418189999406074,-4.6926944117268066e-05,0.003055477156023466,0.17801858238412152,0.10271480104659593,0.05367556719610722,1.9887687491337775,0.1650537185433446,0.1458755199673361,0.14572662398485797,0.40932846084016966
302,7Networks_RH_SalVentAttn_FrOperIns_1,7networks_rh_salventattn_froperins,7Networks_RH_SalVentAttn_FrOperIns,salience / ventral attention,frontal operculum insula,R,9.086960058310488e-05,0.1895390128373764,0.8630410684533693,-0.020194039009341136,-2.3244550650378386e-05,0.002018709615983501,0.15496280428511286,0.79139235697832,-0.03222523252639897,0.44053170701385214,0.5101087686092449,0.8824789303554721,0.7984269557070162,0.7214622459457856
303,7Networks_RH_SalVentAttn_FrOperIns_2,7networks_rh_salventattn_froperins,7Networks_RH_SalVentAttn_FrOperIns,salience / ventral attention,frontal operculum insula,R,-0.0019011700623690554,0.3003332586051705,0.00045126930401074466,0.21211389624825028,2.726404940500312e-05,-0.00416237640769203,0.34088846108619875,0.0016403587545513053,0.20643047541462578,0.656231506424711,0.4219762429330369,0.0013478701580320925,0.004207473867606173,0.6538471477528968
304,7Networks_RH_SalVentAttn_FrOperIns_3,7networks_rh_salventattn_froperins,7Networks_RH_SalVentAttn_FrOperIns,salience / ventral attention,frontal operculum insula,R,-0.001900452652193703,0.2905600179086673,0.00018080729523209903,0.24001845396772725,4.564974586255413e-06,-0.0022790592688169877,0.297350405716297,0.0009635060899003972,0.2241967340623655,0.0210887362796762,0.8851584749846722,0.0006413008752763512,0.002683630458986382,0.9498654475910937
305,7Networks_RH_SalVentAttn_FrOperIns_4,7networks_rh_salventattn_froperins,7Networks_RH_SalVentAttn_FrOperIns,salience / ventral attention,frontal operculum insula,R,-0.0013263764055233135,0.2802348270987569,0.010758059742638737,0.10979269622981325,5.0549179194375274e-05,-0.005518788290025525,0.3554265994956135,0.012523445582816952,0.13473268240011949,2.3835254282980807,0.12932768865086244,0.020783655843225474,0.02314692559374513,0.35584709483328214
306,7Networks_RH_SalVentAttn_FrOperIns_5,7networks_rh_salventattn_froperins,7Networks_RH_SalVentAttn_FrOperIns,salience / ventral attention,frontal operculum insula,R,-0.0020194082975941744,0.30145784082621585,0.0016843098234231104,0.1705733683430457,7.68246375562026e-05,-0.008391035466350226,0.4157342891021507,0.001197125151069584,0.21699644278024255,3.845846040467044,0.05580953874250478,0.0042482036657449564,0.0032325293194993337,0.21932840640720008
307,7Networks_RH_SalVentAttn_FrOperIns_6,7networks_rh_salventattn_froperins,7Networks_RH_SalVentAttn_FrOperIns,salience / ventral attention,frontal operculum insula,R,-0.0009626777613643859,0.24566175809145308,0.09279964057730913,0.03810563582139215,4.394494931021832e-05,-0.004607352723218296,0.31102975573626934,0.12404839800664524,0.04604556116294323,1.3995121788615676,0.24275498534568607,0.13165949006905733,0.1650426304057658,0.4920123363702744
308,7Networks_RH_SalVentAttn_FrOperIns_7,7networks_rh_salventattn_froperins,7Networks_RH_SalVentAttn_FrOperIns,salience / ventral attention,frontal operculum insula,R,-0.001268566444421144,0.26850504729782365,0.018170858926735343,0.0922873397402364,-6.44755752047441e-05,0.00407886297098202,0.172597797106688,0.010684623548764113,0.1405598551205901,3.6960350317148625,0.06061427433476374,0.033399068634566174,0.020381592819911375,0.22932400456652283
309,7Networks_RH_SalVentAttn_FrOperIns_8,7networks_rh_salventattn_froperins,7Networks_RH_SalVentAttn_FrOperIns,salience / ventral attention,frontal operculum insula,R,-0.0006745404996056277,0.2464588805116073,0.1477599918562736,0.023212893908129972,8.851294662207137e-06,-0.0014086428831948036,0.25962515826854143,0.3403279916267125,0.004184288589401675,0.0827890694703493,0.7748176898349759,0.19730304794925943,0.38627227049631874,0.8905499523672887
310,7Networks_RH_SalVentAttn_PFCl_1,7networks_rh_salventattn_pfcl,7Networks_RH_SalVentAttn_PFCl,salience / ventral attention,lateral prefrontal cortex,R,-0.0015672507026310875,0.2966203495935672,0.0004427767427172433,0.21270161868738302,1.7707791493773542e-05,-0.0030358869236331385,0.322960643320809,0.0018236265750729715,0.20284586452530673,0.40654362973612296,0.5268232379269184,0.0013312625244611158,0.0045741793651001604,0.7359315385194491
311,7Networks_RH_SalVentAttn_Med_1,7networks_rh_salventattn_med,7Networks_RH_SalVentAttn_Med,salience / ventral attention,medial,R,-0.00253995462126881,0.3283745427475916,2.423355535890818e-07,0.41747356212062214,3.9876113423844504e-05,-0.005847171365244866,0.38769015760866554,6.863993772806227e-07,0.43006556451686173,2.060501133796439,0.15778247627791187,2.5004623029418895e-06,5.9927945631808215e-06,0.4024339563492808
312,7Networks_RH_SalVentAttn_Med_2,7networks_rh_salventattn_med,7Networks_RH_SalVentAttn_Med,salience / ventral attention,medial,R,-0.0036253941738810373,0.35986145694019833,4.768607928258853e-09,0.5037153052695466,4.220012615948307e-05,-0.007125358233795904,0.42263403469266964,2.00793657697914e-08,0.5095941202756578,1.5754072941620554,0.21562853843948324,1.2321587184692208e-07,3.807651069108357e-07,0.4706507521707951
313,7Networks_RH_SalVentAttn_Med_3,7networks_rh_salventattn_med,7Networks_RH_SalVentAttn_Med,salience / ventral attention,medial,R,-0.0026190295437064563,0.33505708010888763,4.277406302828457e-05,0.2823410067049271,5.080473957500334e-07,-0.0026611656174029483,0.33581279928686236,0.00025327979585036665,0.2670743049880997,0.0001692021510999778,0.9896766514457064,0.00018494690109372566,0.0008777788344737897,0.9940557516733423
314,7Networks_RH_SalVentAttn_Med_4,7networks_rh_salventattn_med,7Networks_RH_SalVentAttn_Med,salience / ventral attention,medial,R,-0.0032279005258751634,0.25332100780305833,1.8740707148773004e-08,0.475158748846909,-1.641673827875937e-05,-0.0018663407585052594,0.22890115237061753,1.4241733213186734e-07,0.4669591769277187,0.26163356522553505,0.6113949348472256,3.54511710230956e-07,1.8599881750564168e-06,0.7908071237055283
315,7Networks_RH_SalVentAttn_Med_5,7networks_rh_salventattn_med,7Networks_RH_SalVentAttn_Med,salience / ventral attention,medial,R,-0.0037651165702507323,0.32532562180575564,1.2380418987169517e-10,0.5727282598487352,-5.8897748205503415e-05,0.0011197029952200559,0.23771537474860285,1.9656852950487142e-10,0.5972307890798891,3.9200876611411903,0.05358460888409227,1.3052005939700213e-08,1.8636578717709672e-08,0.21713727202103564
316,7Networks_RH_SalVentAttn_Med_6,7networks_rh_salventattn_med,7Networks_RH_SalVentAttn_Med,salience / ventral attention,medial,R,-0.003407862602916716,0.34931881985958874,5.128488341937875e-07,0.39947129695019823,3.5251226796717046e-05,-0.006331503788019969,0.40175492790827705,2.573537139197441e-06,0.3970955996915897,0.810859784146745,0.37245719096817587,4.311729087481102e-06,1.743859494321848e-05,0.5975108293270384
317,7Networks_RH_SalVentAttn_Med_7,7networks_rh_salventattn_med,7Networks_RH_SalVentAttn_Med,salience / ventral attention,medial,R,-0.003147738477312806,0.27981647971460427,3.7930380554473994e-06,0.3488426792471925,-7.199620725146724e-05,0.0028234317717527584,0.17272230894137153,5.018180757824037e-06,0.3797174636750156,3.389217115987046,0.07194114218570287,2.3270801042879993e-05,3.120895978153579e-05,0.25556013487814044
318,7Networks_RH_SalVentAttn_Med_8,7networks_rh_salventattn_med,7Networks_RH_SalVentAttn_Med,salience / ventral attention,medial,R,-0.0016884335323909924,0.1775671977583253,0.00291701109016211,0.15281660486815873,2.1468757813646096e-05,-0.003468994104053935,0.20950191909098254,0.010474834520821721,0.1412847699903662,0.35539972415788085,0.553932759098813,0.0068975158069458226,0.02019934349697875,0.7484686685442296
319,7Networks_RH_Limbic_OFC_1,7networks_rh_limbic_ofc,7Networks_RH_Limbic_OFC,limbic,orbital frontal cortex,R,0.0019550384579058973,0.010420069829138769,0.0009418021137334605,0.18909816825675108,-6.166040658576964e-06,0.002466433154107408,0.001248100408889341,0.004409222386262834,0.17232791611275766,0.027426297705910197,0.8691750831264179,0.0025913827856666126,0.009775682473300655,0.9417792070152595
320,7Networks_RH_Limbic_OFC_2,7networks_rh_limbic_ofc,7Networks_RH_Limbic_OFC,limbic,orbital frontal cortex,R,-0.0008204608150321454,0.20650260129698556,0.22816789020768516,0.009902446466137249,1.528790296845446e-05,-0.0020883980420167616,0.22924331714538781,0.46031143772029437,-0.008695304963174388,0.11500324804273808,0.7360289505333262,0.2823954438082688,0.4947275734394349,0.8662948463238124
321,7Networks_RH_Limbic_OFC_3,7networks_rh_limbic_ofc,7Networks_RH_Limbic_OFC,limbic,orbital frontal cortex,R,0.0024075131619507883,0.006536788015756953,3.1040030371270665e-05,0.2914757533974157,2.886212593297677e-05,1.3766681753249466e-05,0.04946912516997187,0.00013347954349335805,0.2867820703324654,0.6841122779644205,0.41235398528025347,0.00014234518978340285,0.000505378662063781,0.6433288979973714
322,7Networks_RH_Limbic_OFC_4,7networks_rh_limbic_ofc,7Networks_RH_Limbic_OFC,limbic,orbital frontal cortex,R,-0.00041542553962627517,0.19012963405750724,0.546080829616303,-0.013032690808914227,9.060697611396822e-05,-0.007930122504701365,0.3249072750421701,0.10911402234559633,0.051238682359649235,4.25163542687825,0.04476577609011264,0.5945340447141524,0.15011444286333556,0.19731711014476835
323,7Networks_RH_Limbic_OFC_5,7networks_rh_limbic_ofc,7Networks_RH_Limbic_OFC,limbic,orbital frontal cortex,R,0.001270331844529211,0.01700100896689208,0.004844807515440263,0.13621442310541998,-3.685862897599285e-05,0.004327286608744376,-0.03782610563700715,0.008610919245399851,0.14841502810141927,1.6876930184692394,0.20024240174433355,0.010677391320436309,0.01729804131598023,0.44856389048569684
324,7Networks_RH_Limbic_OFC_6,7networks_rh_limbic_ofc,7Networks_RH_Limbic_OFC,limbic,orbital frontal cortex,R,-0.0016328609480509965,0.18901741702838548,0.013363665059020029,0.10255896161132172,0.0001382406321237016,-0.013098164208622963,0.39464999726619815,0.00012814464485099642,0.2880189174628346,13.503250576756637,0.0006094515957009647,0.025174705131929844,0.0005015316272616585,0.019763644603445568
325,7Networks_RH_Limbic_TempPole_1,7networks_rh_limbic_temppole,7Networks_RH_Limbic_TempPole,limbic,temporal pole,R,-0.000360098846939261,0.13998357491727897,0.5339320234223612,-0.012552608929084608,0.00011737593051476118,-0.010094940319881483,0.31457996585367626,0.004792363122283179,0.16938798293002222,11.514112762350477,0.0014107536143093782,0.5841087677921735,0.010311530130410253,0.035221756495869526
326,7Networks_RH_Limbic_TempPole_2,7networks_rh_limbic_temppole,7Networks_RH_Limbic_TempPole,limbic,temporal pole,R,-0.0014945536051350586,0.18772284664989788,0.02980522386861759,0.07572471000422831,0.00012758331866279408,-0.012075968179036793,0.3775027008714654,0.0011339147467611106,0.21880182869701958,9.79124138987572,0.003009987707871864,0.0522454503334069,0.003082618533111043,0.05693893414057609
327,7Networks_RH_Limbic_TempPole_3,7networks_rh_limbic_temppole,7Networks_RH_Limbic_TempPole,limbic,temporal pole,R,-0.0012655375266416211,0.17568921940109714,0.058248093742159154,0.05339977589668532,-8.411632027576269e-06,-0.0005678995700515183,0.16317693866808008,0.16651973120954391,0.03401784630781024,0.03690496070754148,0.8484862975013164,0.08874038442597401,0.21058484113964607,0.9282235640134884
328,7Networks_RH_Limbic_TempPole_4,7networks_rh_limbic_temppole,7Networks_RH_Limbic_TempPole,limbic,temporal pole,R,-0.0014459340809968072,0.1980505887048446,0.014451498882755926,0.09994510066426243,0.00015292822106330312,-0.014129386150440437,0.4255309192366516,2.985947307770643e-06,0.3932701884878884,24.205723451175764,1.1021970397714354e-05,0.02699991972333823,1.9646667793157565e-05,0.0025019872802811583
329,7Networks_RH_Limbic_TempPole_5,7networks_rh_limbic_temppole,7Networks_RH_Limbic_TempPole,limbic,temporal pole,R,-0.000701075669293676,0.1557045224737331,0.3168431805966302,0.0004723734512398492,-3.352840315722976e-05,0.002079679193693183,0.1058311101017084,0.46927842944581166,-0.009523760636714229,0.5247120920470771,0.4724291668834043,0.3689471409988773,0.5024820919066002,0.6986411783878357
330,7Networks_RH_Limbic_TempPole_6,7networks_rh_limbic_temppole,7Networks_RH_Limbic_TempPole,limbic,temporal pole,R,-5.749118365408934e-05,0.10230046462653919,0.9259475173767806,-0.02064770399999949,8.245721505049018e-05,-0.006896269059974127,0.22495535725524057,0.12432726783870464,0.045954401399497025,4.350889164905112,0.04244361851284026,0.9383486001987911,0.1650426304057658,0.19685646029456597
331,7Networks_RH_Limbic_TempPole_7,7networks_rh_limbic_temppole,7Networks_RH_Limbic_TempPole,limbic,temporal pole,R,-0.0014110116810977522,0.16203996134894225,0.010314982366931917,0.11119344267934417,-6.767241754305268e-05,0.004201555171264923,0.06137741650571323,0.005815449599503522,0.16252065050824516,3.9418110157371844,0.05295209826420511,0.020185353424944357,0.012205243414047075,0.21713727202103564
332,7Networks_RH_Cont_Par_1,7networks_rh_cont_par,7Networks_RH_Cont_Par,control,parietal,R,-0.0019146127246794419,0.296228921866463,0.00019120310664776989,0.23833596710617155,-3.3153745353832405e-05,0.0008350690357839478,0.24691281200119988,0.0005921276917627045,0.24010393538839825,1.1116764272101625,0.2971079840653833,0.0006611006373342136,0.0018412737812347113,0.5373985050425658
333,7Networks_RH_Cont_Par_2,7networks_rh_cont_par,7Networks_RH_Cont_Par,control,parietal,R,-0.0031979126658028757,0.3025892422199174,3.280179962968964e-07,0.41026552170107344,-8.680300510456063e-05,0.004001293256246238,0.17346999820434883,1.1814971588459283e-07,0.47117969362608636,6.529061984116082,0.013909130295421892,3.1685142621019354e-06,1.6762490941126606e-06,0.13298706706912053
334,7Networks_RH_Cont_Par_3,7networks_rh_cont_par,7Networks_RH_Cont_Par,control,parietal,R,-0.00287303049492197,0.304015964552389,1.1225372953840906e-06,0.3801026123049599,-4.731871822713777e-05,0.001051455714676854,0.23362949443059958,3.1282019787188635e-06,0.3920673800232355,1.94469161812567,0.16971695620844432,8.089395747688526e-06,2.0288624261976628e-05,0.41204009689108945
335,7Networks_RH_Cont_Par_4,7networks_rh_cont_par,7Networks_RH_Cont_Par,control,parietal,R,-0.003113973623215328,0.26487346845123594,3.725657500209857e-07,0.40720851570907735,-7.955908180851836e-05,0.003484440938800593,0.14652954147181263,1.9985084065397414e-07,0.4592184318759712,5.616422088258631,0.021949476695464678,3.451935724684235e-06,2.3522381284178506e-06,0.1660843736623494
336,7Networks_RH_Cont_Par_5,7networks_rh_cont_par,7Networks_RH_Cont_Par,control,parietal,R,-0.003037874580760669,0.28019769500635805,2.269315002248402e-07,0.41902619920890305,-3.9875178853244715e-05,0.00026926465246346603,0.2208834703166188,8.733783123562563e-07,0.4241928574183531,1.4306990582674795,0.23764990827780513,2.453021454811368e-06,7.209340978358916e-06,0.48382537380324453
337,7Networks_RH_Cont_Par_6,7networks_rh_cont_par,7Networks_RH_Cont_Par,control,parietal,R,-0.002150922800243577,0.2772182493080638,7.719498574695399e-05,0.2652548304276595,-6.365729058960116e-05,0.0031286403075339014,0.18252819535074027,6.659099044492734e-05,0.3075774213305218,3.9338794342047434,0.053182086706799435,0.00030475237851406177,0.0002854663637904675,0.21713727202103564
338,7Networks_RH_Cont_Temp_1,7networks_rh_cont_temp,7Networks_RH_Cont_Temp,control,temporal,R,0.0002809256441999204,0.16948102192734174,0.6218935019564236,-0.015620010216281788,-3.299548160596273e-05,0.0030174814384650566,0.12040032897483818,0.6063872645172961,-0.020595253657822665,0.7660074507126639,0.38590590700128935,0.6657435470380784,0.6271066471317823,0.6147413395739837
339,7Networks_RH_Cont_Temp_2,7networks_rh_cont_temp,7Networks_RH_Cont_Temp,control,temporal,R,-0.001351244054491264,0.2802896227069509,0.02005590451902529,0.08898424629516077,2.000128059984711e-05,-0.0030100960443449863,0.3100414755061102,0.059867506309133095,0.07516596540574383,0.28281458306949414,0.5973672178105929,0.03671524456305436,0.0902984978881941,0.7817338613241022
340,7Networks_RH_Cont_PFCv_1,7networks_rh_cont_pfcv,7Networks_RH_Cont_PFCv,control,ventral prefrontal cortex,R,-0.0007571704184386216,0.21606822305442583,0.241736351129146,0.00819597551812501,8.99956311472453e-05,-0.008221164089318486,0.34993648999332966,0.05036318549533184,0.08194437436734525,4.855891784686933,0.03248738624078907,0.2958944202017073,0.07647119135411591,0.18208979448541035
341,7Networks_RH_Cont_PFCl_1,7networks_rh_cont_pfcl,7Networks_RH_Cont_PFCl,control,lateral prefrontal cortex,R,-0.0009303493640080243,0.19921234177453617,0.14931819960815718,0.0228833977768238,3.892949816806868e-05,-0.0041590564049262795,0.2571198689080918,0.23475546873950037,0.01979725989210246,0.8488734907532436,0.36157651455930384,0.1982177269652145,0.2812110364320136,0.5925499183755033
342,7Networks_RH_Cont_PFCl_2,7networks_rh_cont_pfcl,7Networks_RH_Cont_PFCl,control,lateral prefrontal cortex,R,-0.0005038382476966275,0.1986305785945423,0.3527015600728368,-0.00244011303285796,-4.672980483608094e-06,-0.00011627391474883404,0.19167953229590104,0.6468234445927021,-0.02340268487775976,0.016805932382840307,0.8974063024941915,0.4047914776345706,0.6643842620929565,0.9498654475910937
343,7Networks_RH_Cont_PFCl_3,7networks_rh_cont_pfcl,7Networks_RH_Cont_PFCl,control,lateral prefrontal cortex,R,-0.0009646823668648,0.24495201692732213,0.07467720705911902,0.04520572395202249,1.4863422722636758e-05,-0.0021974143530193013,0.2670613195156249,0.19029198346499607,0.02851686786585228,0.1754204827248074,0.6772466265794396,0.10936597420916142,0.23669194655646086,0.8377928296105329
344,7Networks_RH_Cont_PFCl_4,7networks_rh_cont_pfcl,7Networks_RH_Cont_PFCl,control,lateral prefrontal cortex,R,-0.0011978420525186233,0.24767396559386146,0.021977347229948374,0.08592185419297682,1.7786931126011955e-05,-0.0026730419000724707,0.27413197931793953,0.06500919614479526,0.07191765466690181,0.2757091214677353,0.6019958155161946,0.03951457597417318,0.09708610213729293,0.7831120350841042
345,7Networks_RH_Cont_PFCl_5,7networks_rh_cont_pfcl,7Networks_RH_Cont_PFCl,control,lateral prefrontal cortex,R,-0.00034515662872437996,0.23008741383104114,0.5070394641023201,-0.011417788401549611,-6.363357131413934e-05,0.004932439266648825,0.13543264223418985,0.14014491925222655,0.04108002592538118,3.6278471153178775,0.06295026953576868,0.5573751009744633,0.1823088634398592,0.23235302739218686
346,7Networks_RH_Cont_PFCl_6,7networks_rh_cont_pfcl,7Networks_RH_Cont_PFCl,control,lateral prefrontal cortex,R,-0.0011288079912209906,0.2577966687714631,0.04926738740839161,0.05895515622360992,5.32395768420148e-05,-0.005544354163000725,0.33699040066207275,0.052953047099481655,0.07998330229387018,2.0971007525071066,0.1542173069857116,0.077128944425551,0.08013561127721557,0.3978105532472333
347,7Networks_RH_Cont_PFCl_7,7networks_rh_cont_pfcl,7Networks_RH_Cont_PFCl,control,lateral prefrontal cortex,R,-0.0006524998041996643,0.18483308977512444,0.3300477612114513,-0.0006481017445556514,0.00011275377419889391,-0.010003992162883158,0.35255403523002404,0.019923128831716073,0.11746800728457407,7.424212697325301,0.00900895119214641,0.3812765485750608,0.03432925610982168,0.10225159603086174
348,7Networks_RH_Cont_PFCl_8,7networks_rh_cont_pfcl,7Networks_RH_Cont_PFCl,control,lateral prefrontal cortex,R,-0.0010458511553674815,0.24970423500689842,0.022020237271951137,0.08585658904483429,-8.425572486223522e-06,-0.00034705701492949124,0.23717121787795112,0.0717588497748204,0.06800824176872411,0.08076368520774153,0.7775134601918519,0.03951457597417318,0.10543209643290766,0.8913916942603554
349,7Networks_RH_Cont_PFCl_9,7networks_rh_cont_pfcl,7Networks_RH_Cont_PFCl,control,lateral prefrontal cortex,R,-0.002266693318240845,0.2898056796134879,0.0001544825361456242,0.24473769709572957,7.111066291229726e-05,-0.008164418920509764,0.395582605488597,0.0001235654328559818,0.289120539086431,3.9968180721044817,0.051386717061155884,0.0005566275508739158,0.0004920939168124188,0.21625510390435224
350,7Networks_RH_Cont_PFCl_10,7networks_rh_cont_pfcl,7Networks_RH_Cont_PFCl,control,lateral prefrontal cortex,R,-0.0011206089537698755,0.245740757841407,0.048934722095824286,0.059180378286333046,6.23253423329348e-05,-0.0062897038840262365,0.33844954223598434,0.03467763305040879,0.09640739783913987,2.9775471094623125,0.09099724575205607,0.077128944425551,0.05410187424359309,0.2801911887856849
351,7Networks_RH_Cont_PFCl_11,7networks_rh_cont_pfcl,7Networks_RH_Cont_PFCl,control,lateral prefrontal cortex,R,-0.0016774722422711772,0.2823971848000242,0.00019221428222052024,0.23817706851752696,1.1209067324048714e-05,-0.0026071218985559245,0.2990706432506551,0.0009505688146708954,0.22464288245428288,0.16213972073661276,0.6890198184746656,0.0006611006373342136,0.0026804859742893573,0.8431671094002646
352,7Networks_RH_Cont_PFCl_12,7networks_rh_cont_pfcl,7Networks_RH_Cont_PFCl,control,lateral prefrontal cortex,R,-0.0006982873624680874,0.25866393731076226,0.1634698031798461,0.02005384035937252,-7.765221644509123e-05,0.005741976955781547,0.14315646759302597,0.02063589936669417,0.11614694179029827,6.21859241854894,0.016218055858107552,0.21326232943577625,0.03495782952417594,0.1443724972466829
353,7Networks_RH_Cont_PFCl_13,7networks_rh_cont_pfcl,7Networks_RH_Cont_PFCl,control,lateral prefrontal cortex,R,-0.001040701857296151,0.21680267039736123,0.03935463371323921,0.0664376880745674,-5.853235306217112e-05,0.003813812825566064,0.12973594766424673,0.02401553404923146,0.11042412057622986,3.3734330133225363,0.0725840624751356,0.06426979750291584,0.03964746348491303,0.25556013487814044
354,7Networks_RH_Cont_PFCl_14,7networks_rh_cont_pfcl,7Networks_RH_Cont_PFCl,control,lateral prefrontal cortex,R,-0.0030366997522256285,0.32157817198489763,1.3708204161234465e-07,0.4308132590132604,-3.649953856888524e-05,-9.526972888605767e-06,0.26728520342632534,5.88293090474633e-07,0.4337938897409649,1.2526823224573858,0.2687282825135365,1.595775561333448e-06,5.2369620210879095e-06,0.5137924346255619
355,7Networks_RH_Cont_PFCl_15,7networks_rh_cont_pfcl,7Networks_RH_Cont_PFCl,control,lateral prefrontal cortex,R,-0.0026678653432738522,0.32601750742715857,8.311793516320342e-07,0.38760049855619616,2.8327424692677024e-05,-0.005017265152166,0.3681544778790525,4.069966957536665e-06,0.38522087746094014,0.8142067477819591,0.37148067922842165,6.1861545187039925e-06,2.5663402760022858e-05,0.5975108293270384
356,7Networks_RH_Cont_pCun_1,7networks_rh_cont_pcun,7Networks_RH_Cont_pCun,control,precuneus,R,-0.0013077395303623626,0.2487239158748884,0.02650839544560281,0.07964714775210024,-4.685040558131986e-05,0.0025779060979791556,0.17903405959403718,0.04105542131655864,0.08989246079103685,1.5403482607081798,0.22072500111607282,0.04664655632675843,0.06339850774733885,0.47382010625709625
357,7Networks_RH_Cont_pCun_2,7networks_rh_cont_pcun,7Networks_RH_Cont_pCun,control,precuneus,R,-0.0022223250806489873,0.27269972476764526,0.0001129283631559161,0.254062814358186,-5.307906860302613e-06,-0.0017821016752916927,0.26480422713733043,0.000621160757630678,0.23855451072128975,0.022387570676713885,0.8817008959851956,0.0004237146848990571,0.001918414856900189,0.9498654475910937
358,7Networks_RH_Cont_Cing_1,7networks_rh_cont_cing,7Networks_RH_Cont_Cing,control,cingulate,R,-0.00221917181641069,0.274435825653058,0.0005295915922300383,0.20714961894170536,2.844823876145948e-05,-0.004578591616642971,0.3167525067176072,0.002045257955863061,0.19894567305168043,0.5084111158585648,0.4793529051383736,0.0015412473261053677,0.004992188773988332,0.6995692526259066
359,7Networks_RH_Cont_Cing_2,7networks_rh_cont_cing,7Networks_RH_Cont_Cing,control,cingulate,R,-0.0020797598931711404,0.2549161184179805,0.0004132305784364054,0.214835135719062,7.99818382904453e-05,-0.00871323673171314,0.37388889456320695,0.00017370534049595735,0.2787426167256244,5.253071316079777,0.026432883494669913,0.0012591052524169668,0.0006308977966813171,0.171436130094002
360,7Networks_RH_Cont_PFCmp_1,7networks_rh_cont_pfcmp,7Networks_RH_Cont_PFCmp,control,medial posterior prefrontal cortex,R,-0.0034241421110701867,0.35163988977702687,3.92265624717177e-08,0.4590972278466763,1.4363364796093843e-05,-0.0046154006484449015,0.3730053575019932,3.0318924634180005e-07,0.4495418059440528,0.1667664206315628,0.6848563443172107,5.936286454053279e-07,2.8676649549828587e-06,0.8408424084866716
361,7Networks_RH_Cont_PFCmp_2,7networks_rh_cont_pfcmp,7Networks_RH_Cont_PFCmp,control,medial posterior prefrontal cortex,R,-0.0031520813885007725,0.2572887204741301,1.780949231941839e-05,0.3070605103579829,-1.8919256336337708e-05,-0.001582969557714949,0.2291463759488219,0.00010149010828428659,0.2950492032075347,0.18215179577810392,0.6714792128350486,9.188078992063577e-05,0.0004188773560096919,0.8329277667407433
362,7Networks_RH_Default_Par_1,7networks_rh_default_par,7Networks_RH_Default_Par,default,parietal,R,0.0003005512903266703,0.2077195536780217,0.5654082030711205,-0.013757143222816959,6.19840500172016e-06,-0.00021352761675594648,0.21693966497440284,0.8358806561815842,-0.03463034666133202,0.03162151749963873,0.859625097322546,0.6126380052369659,0.8395792431558391,0.9381485437125863
363,7Networks_RH_Default_Par_2,7networks_rh_default_par,7Networks_RH_Default_Par,default,parietal,R,-0.0011775549637918648,0.2665459906407922,0.04191864584073113,0.06433264312552767,-1.0642401384005674e-06,-0.001089289771847999,0.26496293620672323,0.1290458665103105,0.04444091608987799,0.0007913547280068104,0.9776767581761118,0.06772621071776488,0.1699832903009612,0.9863672182487883
364,7Networks_RH_Default_Par_3,7networks_rh_default_par,7Networks_RH_Default_Par,default,parietal,R,-0.00050789742537423,0.25692293695628304,0.2877486825798312,0.0031659812082375227,1.4092570808313946e-05,-0.0016766970435199043,0.27788559932970547,0.5179249988471066,-0.013769837634628912,0.19812241962700353,0.6582839859463718,0.3446910340138347,0.5493877324219308,0.8271409950527042
365,7Networks_RH_Default_Par_4,7networks_rh_default_par,7Networks_RH_Default_Par,default,parietal,R,-0.0003320700395866064,0.19898543844321728,0.5721877297738327,-0.014000256024887525,8.677933123665051e-05,-0.007529312515210634,0.32806946764192846,0.06429457532364236,0.07235408548095135,5.468308788304547,0.023669732451787738,0.618507688850762,0.09633576632651364,0.171436130094002
366,7Networks_RH_Default_Par_5,7networks_rh_default_par,7Networks_RH_Default_Par,default,parietal,R,-0.0015678135327495697,0.2819429502430695,0.013334322944003893,0.10263235247217317,-4.6980340672849645e-06,-0.0011781713234914042,0.274954636803961,0.04802970584751227,0.08379583538654456,0.01315355787361819,0.9091802322310697,0.025174705131929844,0.0736671839688195,0.9530983722076767
367,7Networks_RH_Default_Temp_1,7networks_rh_default_temp,7Networks_RH_Default_Temp,default,temporal,R,-0.0008307502139986824,0.23519983861695393,0.1878491016216938,0.01576574498566463,-2.9394804478635722e-05,0.0016071751806942935,0.19147514351342565,0.33052177712982334,0.00542245216421855,0.5008151385382149,0.48263687138591627,0.2375584739171281,0.3770661997793668,0.6995692526259066
368,7Networks_RH_Default_Temp_2,7networks_rh_default_temp,7Networks_RH_Default_Temp,default,temporal,R,-0.0011105976734854727,0.265883871104704,0.07011876791849776,0.047276301553059286,-8.926754242727847e-06,-0.0003702368768573709,0.25260534741827895,0.1925769324952655,0.028023308656646817,0.04921211870775156,0.825401057129134,0.1040324203758104,0.23860689254995388,0.9166426533202571
369,7Networks_RH_Default_Temp_3,7networks_rh_default_temp,7Networks_RH_Default_Temp,default,temporal,R,-0.002974509993502338,0.28340014770535465,3.3664956866547235e-05,0.28917276872484,-9.970286877836024e-05,0.005294575650362596,0.13509239007256113,1.2752138883704478e-05,0.3546056491304629,5.86644832765943,0.019342501891226438,0.00015242669213373866,7.14749512740967e-05,0.1488389128579119
370,7Networks_RH_Default_Temp_4,7networks_rh_default_temp,7Networks_RH_Default_Temp,default,temporal,R,-0.0009318236326855142,0.2693170962534877,0.04918976863427578,0.05900756679298158,5.281210053213178e-05,-0.005311916078203827,0.34787495824650344,0.0330081605703709,0.09830257055002278,3.091788352428283,0.08519862393094711,0.077128944425551,0.052033697565793006,0.2777902552127948
371,7Networks_RH_Default_Temp_5,7networks_rh_default_temp,7Networks_RH_Default_Temp,default,temporal,R,-0.0005619149233648036,0.26638518908120923,0.1665226569844411,0.01947899897305183,2.6463490374259164e-06,-0.0007813959383261414,0.2703216263819934,0.38609174450115014,-0.0011763555218640143,0.009707919800849146,0.9219314462818179,0.21600367505981788,0.4254506116590344,0.9530983722076767
372,7Networks_RH_Default_Temp_6,7networks_rh_default_temp,7Networks_RH_Default_Temp,default,temporal,R,-0.0004902191120231799,0.22512381580639454,0.34586748851959126,-0.0019159100914118987,7.637317012956419e-05,-0.006824402796333576,0.33872870746104605,0.049065725259750316,0.08296342557845204,5.442797840122596,0.02398037752195908,0.3985376644362803,0.07500282581793483,0.171436130094002
373,7Networks_RH_Default_Temp_7,7networks_rh_default_temp,7Networks_RH_Default_Temp,default,temporal,R,-0.0002445196758526129,0.23373775469763458,0.6041514741120202,-0.015073584298501919,-4.1123144328411316e-05,0.0031661224306708015,0.1725671846138962,0.3667756975477316,0.001007850530507337,1.772687625425653,0.1894717593379598,0.6484273504653834,0.407129991898949,0.4359236210164674
374,7Networks_RH_Default_Temp_8,7networks_rh_default_temp,7Networks_RH_Default_Temp,default,temporal,R,-0.001124373547855328,0.25863547850413643,0.034939139881143805,0.07041129006610858,7.365643163590916e-05,-0.007233238306529216,0.36819922872519184,0.010500099262746665,0.1411967364764548,4.9563210481482605,0.030826800842441108,0.05985799813599731,0.02019934349697875,0.18208979448541035
375,7Networks_RH_Default_PFCv_1,7networks_rh_default_pfcv,7Networks_RH_Default_PFCv,default,ventral prefrontal cortex,R,-0.0029814170478222753,0.26816792361295594,2.445966074002641e-05,0.298196949701494,-6.764413685233813e-05,0.0026288042807209584,0.16754744622350856,4.167700932179864e-05,0.3212484394291215,2.6301568514929197,0.11154151892034408,0.00011813495719119138,0.00019506559002161424,0.318489620061863
376,7Networks_RH_Default_PFCv_2,7networks_rh_default_pfcv,7Networks_RH_Default_PFCv,default,ventral prefrontal cortex,R,-0.000999162835790305,0.25782024255167946,0.055857530278245984,0.05478796730005031,1.8201624138962407e-05,-0.002508756197613248,0.28489511105245785,0.1422159652996256,0.040481237953147176,0.28430476212219286,0.5964060007101692,0.0856733741429854,0.18447442356008578,0.7817338613241022
377,7Networks_RH_Default_PFCv_3,7networks_rh_default_pfcv,7Networks_RH_Default_PFCv,default,ventral prefrontal cortex,R,-0.001702932762566317,0.24600472389928493,0.0032838243184065636,0.14895670178388976,-3.3385200286814755e-05,0.0010659452425686201,0.19634432542403252,0.009218094672690202,0.14594230932882435,0.8305842340352584,0.3667544648976133,0.007491739902294371,0.018275174591272276,0.5925499183755033
378,7Networks_RH_Default_PFCv_4,7networks_rh_default_pfcv,7Networks_RH_Default_PFCv,default,ventral prefrontal cortex,R,-0.0024454532428037877,0.29919950115203686,2.2131327357107617e-05,0.30100207984531835,-1.2386516510007317e-05,-0.0014181491430783249,0.2807745901039466,0.00012805775695138235,0.2880394669240314,0.12606753982053584,0.7241331329976667,0.00011041343538600943,0.0005015316272616585,0.8606189591124102
379,7Networks_RH_Default_PFCdPFCm_1,7networks_rh_default_pfcdpfcm,7Networks_RH_Default_PFCdPFCm,default,dorsal prefrontal cortex medial prefrontal cortex,R,-0.0008682819673623663,0.23889980781336237,0.1530028830584381,0.022119036820713922,0.00011902113678261334,-0.010739572388036802,0.41594343878826834,0.0028154065011842433,0.1879775122894216,10.804170380729053,0.0019207106657582148,0.20246028893450554,0.00669211807087773,0.04360013211271147
380,7Networks_RH_Default_PFCdPFCm_2,7networks_rh_default_pfcdpfcm,7Networks_RH_Default_PFCdPFCm,default,dorsal prefrontal cortex medial prefrontal cortex,R,-0.0006814246766878073,0.13796610330645376,0.28859474328479534,0.00308289050990207,-3.350094091909534e-05,0.002097052542717791,0.08813354094212879,0.4198957496194897,-0.004758500842960034,0.6253957696087187,0.4330217749664509,0.3447947722402555,0.4571526866360871,0.6614984079840455
381,7Networks_RH_Default_PFCdPFCm_3,7networks_rh_default_pfcdpfcm,7Networks_RH_Default_PFCdPFCm,default,dorsal prefrontal cortex medial prefrontal cortex,R,-0.0020880873821457198,0.29987358614629306,0.0002080418308910021,0.2357900445477472,7.063424966179346e-05,-0.007946300560965265,0.40494184855209114,0.000130585230483078,0.2874470896378958,4.479795153832273,0.03962117185649023,0.0007048581434665294,0.0005024211410111645,0.18934749497733228
382,7Networks_RH_Default_PFCdPFCm_4,7networks_rh_default_pfcdpfcm,7Networks_RH_Default_PFCdPFCm,default,dorsal prefrontal cortex medial prefrontal cortex,R,-0.0037154837161053416,0.3449408867140332,1.7249347056872528e-10,0.5668665313595747,-5.1756669521967656e-05,0.0005770741426837263,0.2679529755997792,4.1949786297553775e-10,0.5840267095093963,2.980147692223176,0.09086043327925225,1.3052005939700213e-08,2.2777357627360674e-08,0.2801911887856849
383,7Networks_RH_Default_PFCdPFCm_5,7networks_rh_default_pfcdpfcm,7Networks_RH_Default_PFCdPFCm,default,dorsal prefrontal cortex medial prefrontal cortex,R,0.00018161935824427457,0.13656436429346364,0.7848395945337983,-0.01923275269134339,-9.710903630559133e-05,0.008235579568649082,-0.007885074291695077,0.07757115315887282,0.06491428145149414,5.319451745157501,0.025545443763812646,0.8116564371716274,0.11323891811616804,0.171436130094002
384,7Networks_RH_Default_PFCdPFCm_6,7networks_rh_default_pfcdpfcm,7Networks_RH_Default_PFCdPFCm,default,dorsal prefrontal cortex medial prefrontal cortex,R,-0.0017968643912207728,0.23354677028946974,0.0019945330556242436,0.16513292624869336,4.166437369992883e-05,-0.005252394594555109,0.29552241765371473,0.004644525689135901,0.1704947645637892,1.3102671666553884,0.2581421967341669,0.004894691931099495,0.0100410222041319,0.5099258746006806
385,7Networks_RH_Default_PFCdPFCm_7,7networks_rh_default_pfcdpfcm,7Networks_RH_Default_PFCdPFCm,default,dorsal prefrontal cortex medial prefrontal cortex,R,-0.004051965199045237,0.3151141735548483,1.3650669343313776e-08,0.4819085003761878,-2.6650952664948258e-05,-0.0018416074352485836,0.2754709508778497,9.563629860256986e-08,0.47591549665978417,0.45111107740456785,0.5050958883215817,3.0800860134836265e-07,1.4006090182440877e-06,0.716604791556244
386,7Networks_RH_Default_PFCdPFCm_8,7networks_rh_default_pfcdpfcm,7Networks_RH_Default_PFCdPFCm,default,dorsal prefrontal cortex medial prefrontal cortex,R,-0.0006084903914124846,0.2113711177624475,0.2707431700474439,0.004903042838859006,3.861979070024865e-06,-0.0009287924657273051,0.21711580157062788,0.5457450464046245,-0.016029455778973745,0.011091727763314562,0.9165722543312541,0.3269079765998392,0.5748683319436184,0.9530983722076767
387,7Networks_RH_Default_PFCdPFCm_9,7networks_rh_default_pfcdpfcm,7Networks_RH_Default_PFCdPFCm,default,dorsal prefrontal cortex medial prefrontal cortex,R,-0.004095778110531948,0.31660691108094835,3.516697061675466e-07,0.40859599598777774,-0.00010170566887310502,0.00433941434363752,0.16531999352349278,2.1760793258491129e-07,0.457256015301039,5.303467183209876,0.025756170679012244,3.3262093041680444e-06,2.3522381284178506e-06,0.171436130094002
388,7Networks_RH_Default_PFCdPFCm_10,7networks_rh_default_pfcdpfcm,7Networks_RH_Default_PFCdPFCm,default,dorsal prefrontal cortex medial prefrontal cortex,R,-0.002190069030331691,0.29084012419426175,0.00030932387391689335,0.22373339740915998,4.5333650051661027e-05,-0.005949919066939141,0.3582738105751187,0.0007725708412172702,0.23145364850518602,1.4821726781845919,0.22951227562838145,0.0010176307156396346,0.002246655280704684,0.476229384693789
389,7Networks_RH_Default_PFCdPFCm_11,7networks_rh_default_pfcdpfcm,7Networks_RH_Default_PFCdPFCm,default,dorsal prefrontal cortex medial prefrontal cortex,R,-0.0015475849679316683,0.22974379686039717,0.007613746275910746,0.12128322806727831,3.835201144259916e-05,-0.004728396825395199,0.28679231399387506,0.017290872282245465,0.12277357153464863,1.0815484852171287,0.30367194324045554,0.015500631431674792,0.030784533396625256,0.541739554905743
390,7Networks_RH_Default_PFCdPFCm_12,7networks_rh_default_pfcdpfcm,7Networks_RH_Default_PFCdPFCm,default,dorsal prefrontal cortex medial prefrontal cortex,R,-0.002528360773401938,0.31150430255603745,2.7482812859892235e-07,0.41448801536986124,-3.065210738063988e-06,-0.0022741405045158796,0.3069448095664753,2.1092413321619985e-06,0.4021782926821976,0.011633934038892095,0.914565320844163,2.7727104529757946e-06,1.4732239458485344e-05,0.9530983722076767
391,7Networks_RH_Default_PFCdPFCm_13,7networks_rh_default_pfcdpfcm,7Networks_RH_Default_PFCdPFCm,default,dorsal prefrontal cortex medial prefrontal cortex,R,-0.0014825134618858156,0.21236411122495935,0.04069021385259807,0.06532438491866088,1.3004976551538933e-05,-0.002561110960822269,0.2317089799740565,0.12125075276476792,0.04697109954054435,0.07562331244637216,0.7845238960008128,0.06605928632261478,0.1623830140271523,0.8949091677999221
392,7Networks_RH_Default_pCunPCC_1,7networks_rh_default_pcunpcc,7Networks_RH_Default_pCunPCC,default,precuneus posterior cingulate cortex,R,-0.0014855966329395337,0.2871407405000566,0.00741027649836474,0.1221811614938696,0.00011668146506483353,-0.01116284102414758,0.4607041158884142,6.665073692024131e-05,0.3075509964090335,13.84968572383682,0.0005284446836023107,0.015245952306244018,0.0002854663637904675,0.01895921087716368
393,7Networks_RH_Default_pCunPCC_2,7networks_rh_default_pcunpcc,7Networks_RH_Default_pCunPCC,default,precuneus posterior cingulate cortex,R,-0.0007019581280558293,0.14710067701921903,0.1672326567516995,0.019346988115079733,-2.6832902415573633e-05,0.0015234900547953351,0.1071868045620504,0.28238879771413783,0.012061229628903547,0.6460140872848994,0.42558791653779304,0.21630662725148594,0.32872952349286816,0.6549725901971458
394,7Networks_RH_Default_pCunPCC_3,7networks_rh_default_pcunpcc,7Networks_RH_Default_pCunPCC,default,precuneus posterior cingulate cortex,R,-0.000581712083705116,0.23576160353115877,0.2816850223098771,0.0037704968913724324,1.3215856930855094e-05,-0.001677799429609281,0.25542015629525294,0.5266252001532947,-0.014488732642675028,0.13607417270056596,0.7138720085868043,0.3392175069726371,0.5573143143813422,0.8551395564601825
395,7Networks_RH_Default_pCunPCC_4,7networks_rh_default_pcunpcc,7Networks_RH_Default_pCunPCC,default,precuneus posterior cingulate cortex,R,-0.0003869898752681261,0.23398179073545777,0.4428975769095057,-0.008259001534969501,2.7457137405744435e-05,-0.0026642104159146293,0.27482421111469235,0.5337770092462304,-0.01507121916986276,0.6778684684388112,0.41447988777796696,0.494042997338859,0.5635692144134619,0.6444310583945103
396,7Networks_RH_Default_pCunPCC_5,7networks_rh_default_pcunpcc,7Networks_RH_Default_pCunPCC,default,precuneus posterior cingulate cortex,R,-0.0018422993732317527,0.2911855885834942,0.0030047105181904804,0.1518522853075005,1.0685871354496285e-05,-0.0027285565741763003,0.3070807943920745,0.012382173442595644,0.1351502929398547,0.07302317720362085,0.7881679247996461,0.007031642140507619,0.023133772604684865,0.8968126262131313
397,7Networks_RH_Default_pCunPCC_6,7networks_rh_default_pcunpcc,7Networks_RH_Default_pCunPCC,default,precuneus posterior cingulate cortex,R,-0.0013634343911693905,0.3016221803310675,0.009890171918736517,0.11259340444632715,1.5267733848575347e-05,-0.002629698846029316,0.32433289466617987,0.033633588439223074,0.09758206054716134,0.20154013383550765,0.6555437584352979,0.019492407873759755,0.05283615623324317,0.8271409950527042
398,7Networks_RH_Default_pCunPCC_7,7networks_rh_default_pcunpcc,7Networks_RH_Default_pCunPCC,default,precuneus posterior cingulate cortex,R,-0.0023572965078533137,0.325340866711037,2.6815953682436016e-06,0.3578902112737121,5.085010915355801e-06,-0.0027790335278034314,0.33290480720377447,1.828243813001405e-05,0.34463589275516493,0.029230801844037188,0.8649811491907293,1.7392061388322786e-05,9.881222513126641e-05,0.9417300760973407
399,7Networks_RH_Default_pCunPCC_8,7networks_rh_default_pcunpcc,7Networks_RH_Default_pCunPCC,default,precuneus posterior cingulate cortex,R,-0.001386294133478684,0.29143730270655127,0.008294342160299485,0.11844259562424309,2.058212846544141e-05,-0.003093320070637097,0.3220531651929704,0.02643256427293565,0.10678663350332651,0.37362538135945844,0.543979945357854,0.016810854199892707,0.042712651925071704,0.74612355043041
400,7Networks_RH_Default_pCunPCC_9,7networks_rh_default_pcunpcc,7Networks_RH_Default_pCunPCC,default,precuneus posterior cingulate cortex,R,-0.002779911819390069,0.32131513071432527,3.5276839202705637e-06,0.3507446408406695,1.2225811802221893e-07,-0.002790051576259346,0.3214969893464644,2.4061566740069647e-05,0.3369308632518009,1.1782304548688256e-05,0.9972757659946039,2.193929451784707e-05,0.00012556265862059333,0.9973651233861625
401,HIP-head-m1-rh,HIP-head-m1,"Hippocampus head, medial division",subcortex,Hippocampus head,R,0.0003935795430677733,0.10647269767520658,0.38217290696890993,-0.004552829893136767,2.2389645574357025e-05,-0.0014633569629590388,0.13977723715347878,0.5175758328225903,-0.013740745418179046,0.5649578581157859,0.45601702608149897,0.4316082083678734,0.5493877324219308,0.6830554548204341
402,HIP-head-m2-rh,HIP-head-m2,"Hippocampus head, medial division",subcortex,Hippocampus head,R,-0.0005073969528917063,0.13017163592926861,0.35396964013419496,-0.002535889209065223,7.36906692347862e-05,-0.006619101285198982,0.23978631448948184,0.07663794230492867,0.06539575986070023,4.488876912074306,0.03943015689969227,0.4047914776345706,0.11223750260141166,0.18934749497733228
403,THA-VAip-rh,THA-VAip,"Thalamus, inferior ventro-anterior part, posterior division",subcortex,Thalamus,R,0.0008682481028194533,0.07902921237988378,0.158072840134963,0.021099821630385374,1.4572696716643195e-05,-0.00034037185655070353,0.10070606079146302,0.34993255499325837,0.0030042644227742388,0.12879592663207684,0.7212909492973916,0.20741349543720577,0.39324103952212697,0.859491052443611
404,THA-VAia-rh,THA-VAia,"Thalamus, inferior ventro-anterior part, anterior division",subcortex,Thalamus,R,0.0003739777278153652,0.09371872499753195,0.5418714812034049,-0.012868562097457348,7.847975425524927e-05,-0.0061349203329692055,0.21045715505256507,0.12205118870311162,0.04670422227640447,3.999587029299174,0.05130926806623041,0.5913693568902544,0.1629742343270961,0.21625510390435224
405,HIP-head-l-rh,HIP-head-l,"Hippocampus head, lateral division",subcortex,Hippocampus head,R,0.0009722685060228591,0.07254228537667626,0.040741410066810875,0.06528244989399123,9.408481504534989e-05,-0.006830870991664745,0.21249320271377586,0.0007620310896453335,0.2319027523152417,11.41245042906659,0.0014740382674482842,0.06605928632261478,0.002232013643219235,0.035221756495869526
406,HIP-body-rh,HIP-body,Hippocampus body,subcortex,Hippocampus body,R,0.0006404846082871778,0.116369170363391,0.2361751291459072,0.008881377908886101,6.252069932338668e-05,-0.004544812701148102,0.20936854777245986,0.10372873044555768,0.05327992474443466,3.251066924434919,0.07779001622298651,0.2913682299789181,0.14619749027665005,0.26553885237019453
407,HIP-tail-rh,HIP-tail,Hippocampus tail,subcortex,Hippocampus tail,R,0.001191099759949008,0.07270670835844996,0.05374769619199457,0.05606473464078465,4.522836373641803e-05,-0.002560018115101405,0.13998378161959918,0.08424339681765801,0.06162518291796426,1.2844295397169565,0.26282523052105566,0.08299814309920249,0.12258494280518184,0.5099258746006806
408,THA-VPm-rh,THA-VPm,"Thalamus, medial ventro-posterior part",subcortex,Thalamus,R,0.00108141116908738,0.06407357722708257,0.034375519995044866,0.07095470447184193,-1.7450950458292844e-06,0.0012261446212684553,0.06147775289149178,0.10910217509273847,0.05124306613988383,0.002738629709464936,0.9584860162227038,0.05934025124619913,0.15011444286333556,0.9743384754308951
409,THA-VPl-rh,THA-VPl,"Thalamus, lateral ventro-posterior part",subcortex,Thalamus,R,-0.00022315126123722954,0.06436227156935144,0.5115398871500278,-0.011614883746672078,-1.3949084769804394e-05,0.000933748013862466,0.04361304430450408,0.6680154396853456,-0.024807578768228478,0.3820797443791053,0.5394762562506616,0.5609640308360209,0.6822908199853263,0.742188546478183
410,THA-VAs-rh,THA-VAs,"Thalamus, superior ventro-anterior part",subcortex,Thalamus,R,0.00013400593310038513,0.14290535610304939,0.8212122982408576,-0.019736434786056245,0.00011165630810895498,-0.009126465563293613,0.3089938236075028,0.012535646290643316,0.13469682810702532,9.566704548940193,0.00333018082233579,0.8454203705246017,0.02314692559374513,0.06047608373361795
411,THA-DAm-rh,THA-DAm,"Thalamus, medial dorso-anterior part",subcortex,Thalamus,R,-0.0012540523818036064,0.2047684749728399,0.06496530369896246,0.04979213909608127,0.0001282245633178378,-0.011888650048992392,0.39550217894867007,0.0019627316087069678,0.20034839311425867,10.037310912207191,0.002696063526419466,0.09734075207699326,0.004842826904092192,0.05563694731792898
412,THA-DAl-rh,THA-DAl,"Thalamus, lateral dorso-anterior part",subcortex,Thalamus,R,0.000172810282099533,0.05846846435477144,0.6622398370531511,-0.016740968461922412,2.9729234050363413e-05,-0.0022928517946401825,0.10269062257522632,0.4785141046020588,-0.010361343709144322,1.303081654934644,0.2594338692000753,0.698759571534784,0.509965735890457,0.5099258746006806
413,PUT-VA-rh,PUT-VA,"Putamen, ventro-anterior part",subcortex,Putamen,R,0.0005487345777567655,0.02685372429233209,0.11816778905015271,0.030305555624123404,-4.361381219035053e-05,0.004165945924595416,-0.038021707749124146,0.047301469439407065,0.08439130432798492,3.8353989537855218,0.05613067054392444,0.16356151289258944,0.07279615974742647,0.21932840640720008
414,PUT-DA-rh,PUT-DA,"Putamen, dorso-anterior part",subcortex,Putamen,R,0.00026914545771865664,0.03349111430910762,0.46392629280273834,-0.00937091474133922,-2.76707134493726e-05,0.0025640794164230596,-0.007668999878767829,0.4013167326087038,-0.002825433346681727,1.3132979045964739,0.25759983016334714,0.5124635935095941,0.4390308351912085,0.5099258746006806
415,PUT-VP-rh,PUT-VP,"Putamen, ventro-posterior part",subcortex,Putamen,R,0.000555404610794665,0.037274555549659846,0.12827932278640156,0.027684545113822234,1.0498050936437353e-05,-0.00031527527385372036,0.0528903789755529,0.2895621260221327,0.011006093019734653,0.19052514392066303,0.6644785821267111,0.17436770223061768,0.33621791614846097,0.8287727370481506
416,PUT-DP-rh,PUT-DP,"Putamen, dorso-posterior part",subcortex,Putamen,R,-4.195208160616838e-05,0.04354136724328853,0.8939636027451965,-0.020451604882941066,-2.7256619306741264e-05,0.0022186380315098657,0.0029972170140737282,0.42123894341267587,-0.00489506188869826,1.743076657497167,0.1931432529824402,0.9099988243191014,0.45751789547692545,0.436253914696656
417,CAU-VA-rh,CAU-VA,"Caudate, ventro-anterior part",subcortex,Caudate,R,0.0013666419185487456,0.0682137396886845,0.008449400521716227,0.11782760308160489,-8.20795773846526e-06,0.002047387681757183,0.05600442393025187,0.03140181625566917,0.10021478949958984,0.06042570819035828,0.80689467126384,0.016973574499376847,0.04984763839186645,0.9090078926892887
418,CAU-DA-rh,CAU-DA,"Caudate, dorso-anterior part",subcortex,Caudate,R,0.001959991579637393,-0.003267275283053289,5.778560849716373e-07,0.3965575573397693,2.3551139579322674e-05,6.723909627255609e-06,0.031764983502506436,2.5178532495487103e-06,0.39765654298133324,1.0875767972249055,0.30234338082468654,4.76993931958406e-06,1.7319778413562342e-05,0.541739554905743
419,CAU-body-rh,CAU-body,Caudate body,subcortex,Caudate body,R,9.050336120260192e-05,0.08007773836283655,0.857380185464983,-0.0201395335895993,3.509812271517642e-05,-0.0028204397864399627,0.13228610448898984,0.5673722249344673,-0.017711127400574567,1.1145349539126292,0.2964949260070818,0.8786695354426687,0.5921540002764325,0.5373985050425658
420,CAU-tail-rh,CAU-tail,Caudate tail,subcortex,Caudate tail,R,0.0007115456918490401,0.027468784511843494,0.09896706635774044,0.03601761147128324,3.727519489139889e-05,-0.00237995792008747,0.08291553982996712,0.10816371876603803,0.051591774599970885,1.7882257978748546,0.18757860669241844,0.13907836514242417,0.14971441560908924,0.4359236210164674
421,lAMY-rh,lAMY,"Amygdala, lateral nucleus",subcortex,Amygdala,R,0.0017838487007739827,0.0035570555355656716,7.634433024447008e-05,0.26557868576015087,5.8224880467960046e-05,-0.0030451650386767786,0.09016641358559976,4.273207085681561e-05,0.3205259770375154,4.881634753031796,0.03205271509938745,0.00030403794676306503,0.00019796285886728864,0.18208979448541035
422,mAMY-rh,mAMY,"Amygdala, medial nucleus",subcortex,Amygdala,R,0.0016782700573074686,0.04425267164643697,0.00497642585359756,0.1353324724061813,3.719640702409192e-05,-0.0014066991025070245,0.09958223021714324,0.01254216673141256,0.1346776801458518,0.9636782413042234,0.33128834828936493,0.01091447989146518,0.02314692559374513,0.5668279465082882
423,THA-DP-rh,THA-DP,"Thalamus, dorso-posterior part",subcortex,Thalamus,R,-0.000649426840215731,0.20677759608547436,0.3169369713426479,0.0004642035849314885,4.399136940827381e-06,-0.001014279332109967,0.2133213008274517,0.6061253716223935,-0.020576492953632064,0.010408880839346686,0.9191717226448545,0.3689471409988773,0.6271066471317823,0.9530983722076767
424,NAc-shell-rh,NAc-shell,"Nucleus Accumbens, shell",subcortex,Nucleus Accumbens,R,0.0007069987491902998,0.039066270485927264,0.06539435374068013,0.04957494215724745,3.568881390141681e-05,-0.002252934724086283,0.09215328821316421,0.06679230811515995,0.07084839434693857,2.098987182385026,0.15403611390969796,0.09766130459956836,0.09909708458915888,0.3978105532472333
425,NAc-core-rh,NAc-core,"Nucleus Accumbens, core",subcortex,Nucleus Accumbens,R,0.0009680687481538417,0.029349338275663855,0.03698722007285385,0.0685085675341629,8.831910812394725e-05,-0.00635687864819625,0.16072378158389683,0.001071606618418215,0.22067833590769836,10.372444291584092,0.002322950977823629,0.0617979379604437,0.0029665207607431077,0.05021998780628227
426,pGP-rh,pGP,"Pallidum, posterior part",subcortex,Pallidum,R,0.0005881275762410917,0.015415876289779584,0.08267858898231668,0.04187066636016645,-3.0452698914071107e-06,0.0008406940053646951,0.010886045257682934,0.2233429129732324,0.021873758546386513,0.018683341288361733,0.891862024810266,0.11803798552821312,0.27039381997292666,0.9498654475910937
427,aGP-rh,aGP,"Pallidum, anterior part",subcortex,Pallidum,R,-0.00030473939520709204,0.048536883942843126,0.2701003200122121,0.004971320627090492,1.2507964404766408e-05,-0.0013421160540808788,0.06714244841807858,0.433725469962262,-0.006144967692618408,0.46967697848781903,0.49650222404510713,0.3269079765998392,0.4699555211524271,0.7110788950046645
428,HIP-head-m1-lh,HIP-head-m1,"Hippocampus head, medial division",subcortex,Hippocampus head,L,-0.00025985477095354266,0.11881779165106444,0.6681488486886689,-0.01689164235917051,0.00010905674509115538,-0.009304725558017963,0.2810394159370743,0.01763107249521328,0.12204595293706189,8.59607475645144,0.005190047306222918,0.7021749474644807,0.031145941295046033,0.07946600701993677
429,HIP-head-m2-lh,HIP-head-m2,"Hippocampus head, medial division",subcortex,Hippocampus head,L,-0.0005336056748156933,0.12923266390688165,0.30944039273161356,0.0011271479105816606,9.061906764498684e-05,-0.008049305478693577,0.26402829101244235,0.015704765569221412,0.1263578010908999,7.880472761230156,0.007252346276858271,0.36362873017673375,0.028070722710340633,0.08898824891063933
430,THA-VAip-lh,THA-VAip,"Thalamus, inferior ventro-anterior part, posterior division",subcortex,Thalamus,L,0.0007901489059152162,0.09667302571468406,0.1765785655842021,0.017665436552683378,2.1041120671449792e-05,-0.0009549446004902531,0.12797163791209978,0.34931790595210876,0.003078846375247246,0.2976813402231438,0.5879199569948057,0.2251872718405274,0.39324103952212697,0.7817338613241022
431,THA-VAia-lh,THA-VAia,"Thalamus, inferior ventro-anterior part, anterior division",subcortex,Thalamus,L,0.0004546660900930678,0.13442883565167646,0.4487653855820207,-0.008577328745517088,3.054881709148511e-05,-0.0020789699822029804,0.17987012151120482,0.5612273665094285,-0.017239648434444366,0.5912552703697485,0.4457810695933926,0.4981405502548592,0.5884462457165832,0.672374104968107
432,HIP-head-l-lh,HIP-head-l,"Hippocampus head, lateral division",subcortex,Hippocampus head,L,0.001900076375901492,0.018111937827555907,0.0007378211153086859,0.19678871809104126,-3.580625720030068e-05,0.004869750278000956,-0.03514977650089211,0.0021292068248551926,0.19757331176760407,1.0469332551213901,0.3114522384512255,0.002093567414688396,0.005169304269969291,0.5480593653366527
433,HIP-body-lh,HIP-body,Hippocampus body,subcortex,Hippocampus body,L,0.0020715551213416256,0.06438730327657104,0.0029524157009026015,0.15242393885944028,-4.549580463009958e-05,0.005844853819086783,-0.0032875876173840968,0.007435166218954458,0.15371850057957015,1.0734258785153579,0.30547428646667446,0.006945060767926327,0.015002513170690328,0.541739554905743
434,HIP-tail-lh,HIP-tail,Hippocampus tail,subcortex,Hippocampus tail,L,0.0014529699786757922,0.09534903203941388,0.035312943738462194,0.07005574692207617,1.749481160270028e-05,1.997732454862497e-06,0.12137251873338695,0.10363241761497795,0.05331734716933134,0.15130673861048113,0.6990464617337773,0.06004523017701062,0.14619749027665005,0.8463122496723597
435,THA-VPm-lh,THA-VPm,"Thalamus, medial ventro-posterior part",subcortex,Thalamus,L,0.0002718904560542368,0.09069622654565679,0.6232180781744125,-0.01565945300133742,2.2118957758838595e-05,-0.0015625959363830813,0.12359811860334871,0.7411733317463546,-0.029349585024879055,0.3616101403352652,0.5505029059206776,0.6657435470380784,0.7510997602965289,0.7482883811017593
436,THA-VPl-lh,THA-VPl,"Thalamus, lateral ventro-posterior part",subcortex,Thalamus,L,-0.0004936276489495606,0.07334160910029634,0.22207069958117892,0.01070856780063234,-8.94559847990742e-06,0.0002482960376238184,0.06003505466014621,0.45232532404169523,-0.00794435839467278,0.11171638601099969,0.739685362897099,0.2769782901369649,0.48894213598792774,0.8677445859309637
437,THA-VAs-lh,THA-VAs,"Thalamus, superior ventro-anterior part",subcortex,Thalamus,L,0.00028572935735215414,0.19243453298227792,0.662170434493649,-0.016739178880796013,5.929977009436823e-05,-0.004632432813707213,0.28064278655205643,0.3548352779999135,0.002413815557552823,1.9215682287687004,0.1722254016049438,0.698759571534784,0.3975850946202872,0.41370546205632
438,THA-DAm-lh,THA-DAm,"Thalamus, medial dorso-anterior part",subcortex,Thalamus,L,-0.00032272602989619594,0.16854489510385937,0.6537831264717577,-0.016519473113464578,0.00012787836249721773,-0.010928610739566701,0.35876362626069297,0.019379716130976245,0.1185059432348502,8.352539628575014,0.005811671921811625,0.6934989238742477,0.033710310817866726,0.08511287266137026
439,THA-DAl-lh,THA-DAl,"Thalamus, lateral dorso-anterior part",subcortex,Thalamus,L,0.00027632240544486915,0.0443380202740091,0.3554287548709565,-0.0026455263290487974,1.6623220754548993e-05,-0.001102362458696895,0.06906501785140634,0.46094661578167617,-0.008754495071592983,0.7093143068261598,0.4039368672213496,0.4054388309332016,0.4947275734394349,0.634558262001705
440,PUT-VA-lh,PUT-VA,"Putamen, ventro-anterior part",subcortex,Putamen,L,7.248048760187238e-05,0.04458653532139097,0.8435070084726468,-0.019996198673913446,-4.227007564683603e-05,0.003578245968366061,-0.0182900921113342,0.2114256424365264,0.024153459736615757,3.1716361295224056,0.0813908272811797,0.86640765123661,0.25872571877677353,0.27371433767152287
441,PUT-DA-lh,PUT-DA,"Putamen, dorso-anterior part",subcortex,Putamen,L,-0.0005349414644419726,0.07337205760960325,0.08208705142256421,0.04210545316498038,1.0803429107632278e-05,-0.0014309485867347598,0.08944213026979506,0.1942669396832115,0.027661853590582708,0.28698387270803705,0.5946860159784194,0.11756315881969764,0.23966627884830982,0.7817338613241022
442,PUT-VP-lh,PUT-VP,"Putamen, ventro-posterior part",subcortex,Putamen,L,-0.0005063468315552229,0.08214276456035188,0.17351181547511263,0.018206022044552683,-1.3059820404619875e-05,0.0005767992678751307,0.06271631572263742,0.34730981365977187,0.003323388563559737,0.2832515593417146,0.5970850157399427,0.2221235046900528,0.39321360449260956,0.7817338613241022
443,PUT-DP-lh,PUT-DP,"Putamen, dorso-posterior part",subcortex,Putamen,L,-3.035935427085504e-05,0.04939128187443804,0.9100433505746119,-0.020559042341145473,-1.0801405876981655e-05,0.0008654799667567221,0.033324218764569695,0.8285519641044332,-0.03424270625665904,0.36493062607913035,0.5486855647418345,0.924294588726787,0.8340633962381656,0.7480577969753539
444,CAU-VA-lh,CAU-VA,"Caudate, ventro-anterior part",subcortex,Caudate,L,-0.00018642196200440537,0.15981938733437512,0.7438067623766542,-0.01854058799577496,6.262575602778336e-05,-0.00538043238969559,0.2529750363176153,0.2356894331008019,0.019631630715078563,2.868957175206943,0.0969216069017028,0.776294873836784,0.28158684902043174,0.2875974479305429
445,CAU-DA-lh,CAU-DA,"Caudate, dorso-anterior part",subcortex,Caudate,L,0.0017866604322983705,0.023648776987890988,3.097841708910226e-05,0.2915320386130471,2.2201189197298602e-05,-5.464601271692321e-05,0.056672988096120785,0.00012987043462860608,0.28761349903284694,0.7359721168294896,0.39530798961432,0.00014234518978340285,0.0005024211410111645,0.6253304086581926
446,CAU-body-lh,CAU-body,Caudate body,subcortex,Caudate body,L,0.0005600222342197949,0.09469491808048554,0.260723076598376,0.0059903599090419535,4.035260786756131e-05,-0.0027867136671505975,0.15471931718556275,0.2507039653184861,0.017051840752971947,1.540161834084284,0.22075249341604816,0.31734122459963193,0.29717911293627336,0.47382010625709625
447,CAU-tail-lh,CAU-tail,Caudate tail,subcortex,Caudate tail,L,0.0008613921278483573,0.0297223141056394,0.03720669033001266,0.06831102559873448,7.579646912556879e-06,0.00023275676120190335,0.040997019146961036,0.11227716773150334,0.05008424183353366,0.07898609617937463,0.7799097253680572,0.0617979379604437,0.15353564503042927,0.8918866884561663
448,lAMY-lh,lAMY,"Amygdala, lateral nucleus",subcortex,Amygdala,L,0.002132022306865251,0.0030097885482047726,8.18669279650565e-05,0.26353541195880803,-1.429826614712504e-05,0.003317881738775756,-0.01825884510596887,0.000424044731620549,0.25082405359139237,0.18557822823749198,0.6685918428706444,0.00032041021807013495,0.0013751164868266376,0.8316183470226646
449,mAMY-lh,mAMY,"Amygdala, medial nucleus",subcortex,Amygdala,L,0.0017908114194913616,0.04501237525397031,0.003361683703770648,0.14819187603711925,-4.732539853124736e-06,0.002183315445082535,0.037972734548294085,0.014105532472035404,0.13034131499272672,0.014754932133320405,0.9038367254611288,0.007631022007559371,0.025513592598821012,0.9498654475910937
450,THA-DP-lh,THA-DP,"Thalamus, dorso-posterior part",subcortex,Thalamus,L,0.000598159676048276,0.15181297728372556,0.3099654594237796,0.0010800499737234626,4.850171094947274e-06,0.00019589963415649232,0.1590275941552424,0.5959340199136822,-0.019840341309037557,0.01535687411267869,0.9019048241540052,0.36362873017673375,0.619116807873711,0.9498654475910937
451,NAc-shell-lh,NAc-shell,"Nucleus Accumbens, shell",subcortex,Nucleus Accumbens,L,0.0012418610750573257,0.013839486953545574,0.004357620569634883,0.13969701658653422,1.9844357152707198e-05,-0.0004039761095071511,0.0433579165337888,0.013904173386670613,0.1308732373987117,0.512681671718612,0.4775228831128008,0.009745614475932201,0.025453607732050233,0.6995692526259066
452,NAc-core-lh,NAc-core,"Nucleus Accumbens, core",subcortex,Nucleus Accumbens,L,0.0015081883248385917,0.015371523251759292,0.0006127987556304223,0.20260235169065344,4.674232817154183e-05,-0.00236849365613173,0.08490061466705158,0.0006871951624918899,0.23527394790149836,3.0507168728162513,0.08723436661290614,0.001772042261504533,0.0020661364488166758,0.2777902552127948
453,pGP-lh,pGP,"Pallidum, posterior part",subcortex,Pallidum,L,-0.00029326323627142255,0.05367012258101228,0.3685010016392618,-0.003601415290872767,7.201967578013494e-08,-0.0002992363529366281,0.05377725166116084,0.6702680742587126,-0.02495439652928244,1.1022037338781124e-05,0.9973651233861625,0.4172056228035533,0.6822908199853263,0.9973651233861625
454,aGP-lh,aGP,"Pallidum, anterior part",subcortex,Pallidum,L,-0.00047447076874195145,0.0496104042716999,0.09500598928380662,0.03734227536881318,-2.4416301599043094e-05,0.001550551093745767,0.013291219235110317,0.10577835522283784,0.05249132970992232,1.76743847436312,0.1901164690776664,0.13436984154158318,0.14776422544974885,0.4359236210164674
