index,name,base_name,Label Name,network,component,hemisphere,beta1,intercept,pval,adj_r2,quad_beta2,quad_beta1,quad_intercept,quad_pval,quad_adj_r2,f_statistic,pval_quad_vs_linear,pval_adj,quad_pval_adj,pval_quad_vs_linear_adj
1,7Networks_LH_Vis_1,7networks_lh_vis,7Networks_LH_Vis,visual,visual,L,0.6129319042487915,203.07476175263565,0.3515892669355546,-0.0023557229274215885,0.017710345497403412,-0.8465183517650843,229.15003618541672,0.5997499695320152,-0.02011738036230426,0.16425347387811395,0.6871092067681597,0.46000440112029334,0.6273882169758869,0.7779241393335274
2,7Networks_LH_Vis_2,7networks_lh_vis,7Networks_LH_Vis,visual,visual,L,1.5235068847512157,197.9167663518231,0.0022458751661062065,0.1612997268729558,0.004643002215430125,1.1408926227663958,204.75274575025728,0.00976476190063323,0.1438459613529507,0.021460266327590058,0.8841585862190948,0.006578240809111083,0.018864688948457387,0.9206605462006171
3,7Networks_LH_Vis_3,7networks_lh_vis,7Networks_LH_Vis,visual,visual,L,0.22796563112835955,212.32063617155313,0.6503456517416423,-0.016427442874317855,0.04162337205381855,-3.2020770526243822,273.60350890151255,0.41357030366043734,-0.004109724292453931,1.5888305606701485,0.21371536051995874,0.7344699649022527,0.4524835614016894,0.3420452853959814
4,7Networks_LH_Vis_4,7networks_lh_vis,7Networks_LH_Vis,visual,visual,L,-0.34569857765967527,310.1471817683218,0.5331311419384896,-0.012520268150410185,0.08261455039118107,-7.153686978368572,431.78213654130934,0.05913115514953801,0.07565288811130966,5.578703655940255,0.022374425176669988,0.6298717099282594,0.08801817848488609,0.07469109581035423
5,7Networks_LH_Vis_5,7networks_lh_vis,7Networks_LH_Vis,visual,visual,L,0.5207207418489626,273.011908966751,0.1906726777859414,0.015309955724920776,0.016190920319456098,-0.8135187741896424,296.85010516179597,0.35466419537032245,0.002434287636655763,0.3804597926962322,0.5403338355037579,0.28289345004842287,0.39782777824246546,0.6702501675374483
6,7Networks_LH_Vis_6,7networks_lh_vis,7Networks_LH_Vis,visual,visual,L,-0.5305382577405346,217.6025996386072,0.43236338876812574,-0.00767118513427878,0.14912376227819574,-12.819328053882519,437.160316704171,0.0014235712672555315,0.21120268673129583,14.318942233730356,0.0004363053271141116,0.5305215635154841,0.003590563085188952,0.0035371896162465478
7,7Networks_LH_Vis_7,7networks_lh_vis,7Networks_LH_Vis,visual,visual,L,-1.2515526759834943,219.77661515743702,0.026952335690163334,0.07909129165550954,0.016293174097550836,-2.59421858340104,243.76536151119964,0.08055518204620535,0.06341109526696176,0.19639297150885943,0.6596814419327657,0.05487157131539979,0.11500645487099757,0.7642636633318242
8,7Networks_LH_Vis_8,7networks_lh_vis,7Networks_LH_Vis,visual,visual,L,0.4720305015016919,291.2806405705017,0.21471043280999896,0.011716769753903455,0.012459022184332758,-0.5546757882923288,309.62429302314615,0.4131864294477856,-0.004070046641276415,0.24530445908286658,0.6227087042103552,0.3114330239480496,0.4524835614016894,0.7377028546216059
9,7Networks_LH_Vis_9,7networks_lh_vis,7Networks_LH_Vis,visual,visual,L,0.6195629156311728,183.1330993138227,0.2508317360537299,0.007114444962604938,0.09451970477825447,-7.169489384742605,322.296236575007,0.01199854128789574,0.1363077806949109,8.179965242873365,0.006299616450448565,0.3493178164674643,0.022417027755986276,0.028203655871476253
10,7Networks_LH_Vis_10,7networks_lh_vis,7Networks_LH_Vis,visual,visual,L,-1.0801532468188553,216.7618181027642,0.08730786677334006,0.04009181256311867,0.14479059087305798,-13.011860900350637,429.93972549325395,0.0002116369020988826,0.2726550813204418,16.347652281144953,0.00019441512008170654,0.15014307392081966,0.0007334591874266618,0.0021015348694546376
11,7Networks_LH_Vis_11,7networks_lh_vis,7Networks_LH_Vis,visual,visual,L,2.099096281901663,116.49979524387342,0.00048869838192499,0.20964527898288832,0.0575884946692119,-2.64657868535118,201.2884179667025,0.0007386973765770432,0.23291855122515714,2.4563213194806566,0.12376146985422759,0.0017749525231515637,0.0020830348382979975,0.23733581561762418
12,7Networks_LH_Vis_12,7networks_lh_vis,7Networks_LH_Vis,visual,visual,L,0.8561948677901925,216.07667444631636,0.1087537995132932,0.032971696165471354,-0.11333741401818123,10.195951561357308,49.20787030815805,0.0008008809234019211,0.23027577310070368,13.303881522661488,0.0006618884980903381,0.17824629956330365,0.002217072800149221,0.004623036586661746
13,7Networks_LH_Vis_13,7networks_lh_vis,7Networks_LH_Vis,visual,visual,L,-2.7599209800798334,238.02563202588107,6.696020180032442e-06,0.3337608339367286,0.09773530876856762,-10.813960435424093,381.92316345949024,9.415794977279906e-07,0.4223475697707443,8.36111041434584,0.00578850646208754,4.432805062135442e-05,7.124618199475129e-06,0.026917660271765127
14,7Networks_LH_Vis_14,7networks_lh_vis,7Networks_LH_Vis,visual,visual,L,-0.5225883153610873,317.5852667009885,0.22896377483217328,0.009799084392026924,0.11045611924722168,-9.624907157039011,480.21188641166873,7.270911974427177e-05,0.30498268946515183,21.386273591669877,2.956637311776196e-05,0.32485512698723645,0.0002870429596860816,0.000559297224810997
15,7Networks_LH_Vis_15,7networks_lh_vis,7Networks_LH_Vis,visual,visual,L,1.5801243488023125,145.00158301592148,0.006190284536548893,0.12813426508644898,-0.01502794797140708,2.818527208726378,122.87565285982477,0.02261379392263947,0.11269779749625886,0.16494014977271165,0.6864916127486222,0.015441698788973612,0.03830844194357581,0.7779241393335274
16,7Networks_LH_Vis_16,7networks_lh_vis,7Networks_LH_Vis,visual,visual,L,-1.0662738340339688,314.2304068269776,0.032821206200038255,0.07250120932399762,0.08015545848768715,-7.671616707096806,432.2447943869527,0.004126850292164261,0.174655638499581,6.941050583436397,0.011371835810591585,0.0653545070825323,0.008714372244849184,0.04489403006963982
17,7Networks_LH_Vis_17,7networks_lh_vis,7Networks_LH_Vis,visual,visual,L,1.2089870785294465,236.36307499270154,0.007585375240248796,0.12140700514228486,-0.058519920746138626,6.0314177491999015,150.2030961563995,0.003570168835871861,0.1797290749155428,4.412847223407491,0.041060671863842664,0.01841583079718157,0.007830225369496738,0.11366795747673519
18,7Networks_LH_Vis_18,7networks_lh_vis,7Networks_LH_Vis,visual,visual,L,0.8404744599141596,240.28119005036768,0.08109064483433988,0.04250496222852507,0.04813152358448086,-3.1258831940346283,311.14613655957726,0.06800673989115022,0.07013568365624923,2.4263098445864797,0.12602232627495422,0.14380919044839963,0.10024370100838376,0.23938969091560341
19,7Networks_LH_Vis_19,7networks_lh_vis,7Networks_LH_Vis,visual,visual,L,0.16154664292440124,264.5050176064328,0.7381368116876456,-0.018434198803315205,-0.05036043308285995,4.311581263452373,190.3584057641313,0.27108498725343116,0.0137771729297691,2.5677449362850235,0.115763493333257,0.801708403124859,0.31884089174367297,0.231526986666514
20,7Networks_LH_Vis_20,7networks_lh_vis,7Networks_LH_Vis,visual,visual,L,0.18758557118715657,197.61198891416905,0.8110848127977115,-0.019606265092902975,0.16471723648071618,-13.386210207494676,440.12827103148607,0.003822169401935389,0.1773449014924865,12.49163970812291,0.0009297697339123961,0.8603563201171986,0.00818521183244654,0.0061176153506699695
21,7Networks_LH_Vis_21,7networks_lh_vis,7Networks_LH_Vis,visual,visual,L,0.42831658867406475,288.2960006174917,0.2632116723201036,0.005715632888527278,0.0599136940569798,-4.5089702724439,376.5080580867462,0.02798815580214569,0.1046104502222831,6.3015486200377575,0.015563564382607902,0.3599340338353224,0.04620590085154234,0.05791687073527859
22,7Networks_LH_Vis_22,7networks_lh_vis,7Networks_LH_Vis,visual,visual,L,1.881848215458195,202.44344759769155,0.0002887699127681021,0.2258342315566204,0.014263340398107616,0.7064541047851733,223.443631657533,0.0013639538683108943,0.21263735921662952,0.1954788816379191,0.66042304323303,0.0011205259862967381,0.0034788486304109328,0.7642636633318242
23,7Networks_LH_Vis_23,7networks_lh_vis,7Networks_LH_Vis,visual,visual,L,0.18672741960381778,312.0057594979379,0.4744531121975124,-0.009898423240360943,-0.0048463846223140705,0.5861017445603167,304.8703363605368,0.7468418142579314,-0.029683362473072572,0.07769988543930942,0.7816618162327913,0.569845801422409,0.7706049628934111,0.8551191917341862
24,7Networks_LH_Vis_24,7networks_lh_vis,7Networks_LH_Vis,visual,visual,L,0.6313684260897885,262.306504635211,0.08478393932294942,0.04104905992712926,-0.00841623842831779,1.3249224468556218,249.91511866579742,0.21640162043462108,0.023186990106059957,0.12226870165824881,0.7281488177952602,0.14861740715296926,0.2677011871316566,0.8122347992114205
25,7Networks_LH_Vis_25,7networks_lh_vis,7Networks_LH_Vis,visual,visual,L,-0.14497824046193575,294.24233925265247,0.7549244309485327,-0.018741508019624487,-0.0712969169672707,5.730361895399387,189.27054881496676,0.057880414762107896,0.07649342078091237,5.949912307383042,0.01854778475515726,0.8155728991787232,0.08672510990758081,0.06527669983597982
26,7Networks_LH_Vis_26,7networks_lh_vis,7Networks_LH_Vis,visual,visual,L,0.3023581274962721,296.1631698764527,0.2765538188719909,0.004294749903394068,-0.015200447523243621,1.5549760977424363,273.7832653891219,0.39560626531872556,-0.0022140441313573955,0.6882680745719832,0.410948071899801,0.3714657803783546,0.4369957286002467,0.5563845559092552
27,7Networks_LH_Vis_27,7networks_lh_vis,7Networks_LH_Vis,visual,visual,L,0.24917233495371516,266.03108326011676,0.5912335969232805,-0.014653947521074073,-0.09971119928982736,8.46603831039738,119.22441108736152,0.002473718678651088,0.19243598490674296,13.309013986200608,0.000660480786437106,0.6812691700588055,0.005672062020745425,0.004623036586661746
28,7Networks_LH_Vis_28,7networks_lh_vis,7Networks_LH_Vis,visual,visual,L,-0.7339943946005016,268.69647664354636,0.1498884783940332,0.0227637499939648,0.07095027891828934,-6.580769249824279,373.1579053687972,0.0349460011867515,0.09611092668159293,4.895018299182338,0.031829219468218685,0.23274980842989382,0.055864382178821066,0.09445446442618233
29,7Networks_LH_Vis_29,7networks_lh_vis,7Networks_LH_Vis,visual,visual,L,-1.3572567435741774,306.9642769730259,0.033729598903930236,0.07158863867971443,-0.07466131613495919,4.795332259472428,197.03901842757497,0.020462001319255928,0.11646517219141694,3.438017767680362,0.06999292561504991,0.0668700345082285,0.03572980230362381,0.169929348819426
30,7Networks_LH_Vis_30,7networks_lh_vis,7Networks_LH_Vis,visual,visual,L,-1.5790332078280618,290.8009914077189,0.027656463972241616,0.07822822411446928,-0.12320526597472034,8.573900115544898,109.40356342839956,0.0021035525516579835,0.19798711792185808,8.167499464422054,0.006336504182578365,0.056053726086596846,0.004974025304441273,0.028203655871476253
31,7Networks_LH_Vis_31,7networks_lh_vis,7Networks_LH_Vis,visual,visual,L,-0.5012326443418225,268.6142087215805,0.28032708148899255,0.003908085068726752,-0.09641254616251066,7.443802374903461,126.66420552605817,0.002345669070265807,0.19426045461798824,12.339785654969466,0.0009914071438044704,0.37431910292941944,0.0054611987584650065,0.006429983475531851
32,7Networks_LH_SomMot_1,7networks_lh_sommot,7Networks_LH_SomMot,somatomotor,somatomotor,L,-0.899903911047331,359.27661100485443,0.01487185220505747,0.09898702583077179,0.025187773567866417,-2.9755439705499747,396.361043278023,0.03035737381019131,0.10150902344100576,1.1347324441196405,0.2922101148005997,0.032496748233512465,0.04922231324938162,0.4378329772919877
33,7Networks_LH_SomMot_2,7networks_lh_sommot,7Networks_LH_SomMot,somatomotor,somatomotor,L,0.2519818851983473,319.96889975472516,0.2783043609127722,0.004114560802796152,-0.018896772112757698,1.809201584940208,292.14682712458034,0.26111076379650033,0.015349161482863027,1.547667062829434,0.21964900716059163,0.37271439485073327,0.3088934900329059,0.34745870819131913
34,7Networks_LH_SomMot_3,7networks_lh_sommot,7Networks_LH_SomMot,somatomotor,somatomotor,L,-0.40563617988292755,295.98313734193556,0.37112721095375445,-0.0037879020477775693,0.07424946927141943,-6.524286262285077,405.30202601207924,0.026398032532273585,0.10683631998933707,6.945117089532925,0.011349400320301113,0.4706473569078338,0.04390002479726083,0.04489403006963982
35,7Networks_LH_SomMot_4,7networks_lh_sommot,7Networks_LH_SomMot,somatomotor,somatomotor,L,0.31133776953904047,282.4366138114113,0.4513155736847211,-0.008713697771360884,0.049224430421267895,-3.745082676407918,354.9106675908809,0.14447578353044713,0.03983732287298214,3.4271397404256514,0.07042208772343736,0.5434940860818657,0.18848277506558334,0.1700618501406413
36,7Networks_LH_SomMot_5,7networks_lh_sommot,7Networks_LH_SomMot,somatomotor,somatomotor,L,0.3395856484590878,261.33822985717677,0.4454147975834617,-0.008396343515878035,0.0744136811128416,-5.792596581807654,370.8988907067969,0.025494234298072273,0.10815939384260331,7.273178586600183,0.009685803689270606,0.5378146758055627,0.04270989804916905,0.04034270527457665
37,7Networks_LH_SomMot_6,7networks_lh_sommot,7Networks_LH_SomMot,somatomotor,somatomotor,L,0.44797658320982503,279.1661962162093,0.27522591734916807,0.004432372702685594,0.009781398755248388,-0.3580757278315847,293.5675333847595,0.5202884994158903,-0.01396627014253049,0.12902935474744195,0.7210493719892693,0.37077912901045196,0.5544858655746812,0.8082874441558723
38,7Networks_LH_SomMot_7,7networks_lh_sommot,7Networks_LH_SomMot,somatomotor,somatomotor,L,-0.12548905446228087,266.500348768317,0.7571990845197546,-0.018781373404631596,0.0533949778805331,-4.525590348308789,345.1147779318352,0.12605411725691526,0.045394233717014565,4.226912355488388,0.04536548216396788,0.8155728991787232,0.16981771286243183,0.11905161215284056
39,7Networks_LH_SomMot_8,7networks_lh_sommot,7Networks_LH_SomMot,somatomotor,somatomotor,L,0.7179148350301698,257.1879789321375,0.0959362287094305,0.037026012973207845,0.05844076184533245,-4.097992615748508,343.23141063148705,0.027601239104283123,0.1051406970370018,4.653652394556717,0.03613242841139751,0.16191467596312803,0.04573343997570999,0.10448485668009215
40,7Networks_LH_SomMot_9,7networks_lh_sommot,7Networks_LH_SomMot,somatomotor,somatomotor,L,2.107433989995521,131.57166514786454,0.000951372781477861,0.18877846688369337,-0.1270364369535414,12.576081282172439,-55.46646784685484,1.647297623300983e-05,0.3475359190923769,12.679352057842573,0.0008590949946929118,0.003152724399933933,8.498558192939162e-05,0.005735722464567382
41,7Networks_LH_SomMot_10,7networks_lh_sommot,7Networks_LH_SomMot,somatomotor,somatomotor,L,-0.5704415341713265,282.03046465342663,0.19402747036291795,0.014778274348468678,0.07289348036503457,-6.5773491123481715,389.3529053792332,0.014945865160212492,0.12819718460897356,7.244654865059607,0.009819591420440242,0.28507595969179533,0.02714169113094589,0.040528131862544274
42,7Networks_LH_SomMot_11,7networks_lh_sommot,7Networks_LH_SomMot,somatomotor,somatomotor,L,-0.005820313180484149,242.47401246751014,0.9939890801779914,-0.020832113650580908,0.15870823536831816,-13.084434435854497,476.14312934484883,0.005123148323218678,0.16702549619634455,11.825259634570884,0.0012342186952843401,0.9961833165580752,0.010669308893308622,0.007471137168787872
43,7Networks_LH_SomMot_12,7networks_lh_sommot,7Networks_LH_SomMot,somatomotor,somatomotor,L,-0.24011901420007398,317.46093055730904,0.5091779180789746,-0.011511811809360228,0.02731441936184717,-2.4910088309099,357.6764633901748,0.4238438079615343,-0.0051587114749884755,1.3033837468337335,0.25937940036043805,0.6083336179154065,0.46209840567524674,0.40053825769945195
44,7Networks_LH_SomMot_13,7networks_lh_sommot,7Networks_LH_SomMot,somatomotor,somatomotor,L,-1.02940183628986,310.62543509956413,0.05005714096175215,0.058426632834740366,-0.1273167295101974,9.462343426710273,123.17462210730817,4.570402112674168e-05,0.31857912928647714,19.32541438979961,6.262232985726925e-05,0.09508762341688484,0.00020145267564602645,0.0008361922869176542
45,7Networks_LH_SomMot_14,7networks_lh_sommot,7Networks_LH_SomMot,somatomotor,somatomotor,L,0.16154640001116238,299.841610638249,0.6284043511008934,-0.015812116212094995,-0.028267051053314896,2.490939403809751,258.22350026719516,0.3926799578601645,-0.0018974578968384836,1.6666386803040345,0.2030234085383902,0.7150265047614176,0.4348212216305236,0.3327531677849428
46,7Networks_LH_SomMot_15,7networks_lh_sommot,7Networks_LH_SomMot,somatomotor,somatomotor,L,-0.8244384620347227,243.76859812318105,0.16071851077185265,0.02058220435197866,0.01375380407970353,-1.9578433912740802,264.018582287836,0.35489041891673684,0.002407219302362096,0.12549559373163957,0.7247333248176282,0.24734306403532574,0.39782777824246546,0.8104160824315351
47,7Networks_LH_SomMot_16,7networks_lh_sommot,7Networks_LH_SomMot,somatomotor,somatomotor,L,0.4534824469527372,303.50441447390403,0.2262135527547547,0.010158061274299968,-0.004687903987069086,0.839796913550444,296.60232535344267,0.4760238803345336,-0.010137039783632007,0.03561119688335584,0.8511331682143446,0.32397776956043733,0.5145591468378053,0.9007691299713552
48,7Networks_LH_SomMot_17,7networks_lh_sommot,7Networks_LH_SomMot,somatomotor,somatomotor,L,0.18023910819347222,312.5451288104738,0.5558347706925089,-0.013404200193052995,-0.005962915749786635,0.6716230238198051,303.7658159157636,0.8070637187879683,-0.03308689614020488,0.08548892741442513,0.7712792272036693,0.6520645630346228,0.828974950972257,0.849904779491422
49,7Networks_LH_SomMot_18,7networks_lh_sommot,7Networks_LH_SomMot,somatomotor,somatomotor,L,-1.925322386674393,344.1388826186528,5.349022135723312e-06,0.33975853691724145,-0.05334673588480782,2.4708034458785164,265.59548105186093,3.429124430167574e-06,0.3896867084428859,4.926757398837773,0.0313059001988772,3.62456126808714e-05,2.1622534601334424e-05,0.09412502443900826
50,7Networks_LH_SomMot_19,7networks_lh_sommot,7Networks_LH_SomMot,somatomotor,somatomotor,L,-1.7735582771625946,367.4542743980999,0.00011443126699075438,0.25367129351988393,-0.08378719374678537,5.131063735001838,244.09281478005062,5.0840574658748905e-06,0.379373119575084,10.721924462115801,0.001991264508819605,0.0005247656082202272,2.959182166034872e-05,0.011024805939074398
51,7Networks_LH_SomMot_20,7networks_lh_sommot,7Networks_LH_SomMot,somatomotor,somatomotor,L,-0.29374389911731935,302.65203808650455,0.44026791963796963,-0.00811425317084713,-0.05309704976554516,4.081806136609146,224.47625408441718,0.07458300659577385,0.06647607825635105,4.835291014094336,0.03283982002260883,0.5333775280585696,0.10783657641554563,0.09681349539132732
52,7Networks_LH_SomMot_21,7networks_lh_sommot,7Networks_LH_SomMot,somatomotor,somatomotor,L,-3.1229692807589817,361.47933920758453,1.0338390755859173e-07,0.4373111832525677,-0.15605665951018446,9.737137356244038,131.71418728623433,4.276078652482056e-13,0.6897157434260397,40.04619274629164,8.56033249633148e-08,1.268548487340558e-06,2.4266746352835667e-11,1.660790048761001e-05
53,7Networks_LH_SomMot_22,7networks_lh_sommot,7Networks_LH_SomMot,somatomotor,somatomotor,L,-1.661128532048691,341.1635903515909,0.0006710682988617318,0.19976202520604303,0.05643246241316219,-6.311538752925106,424.2501650633279,0.0005658357364532717,0.24157116946590884,3.646047781517392,0.06231720259253914,0.0023080682400244417,0.0016467270791652908,0.15495006295831104
54,7Networks_LH_SomMot_23,7networks_lh_sommot,7Networks_LH_SomMot,somatomotor,somatomotor,L,-3.8408887116695323,395.1798032012029,4.0743702249839814e-11,0.5918114539874773,-0.11755319700021102,5.846276537722892,222.1040225689067,5.455224329345987e-14,0.7157455518177933,21.92785788893611,2.437671393853681e-05,2.178622596194476e-09,8.255572818410261e-12,0.0004811751360041614
55,7Networks_LH_SomMot_24,7networks_lh_sommot,7Networks_LH_SomMot,somatomotor,somatomotor,L,-5.013924608020288,391.161234634754,8.658821601696573e-15,0.7120198902757617,0.023187180227230562,-6.9247024708143075,425.30015574366337,9.080527496705705e-14,0.7095146561341579,0.586033370232532,0.4477844917178373,3.931105007170244e-12,9.988911751729143e-12,0.5892584325794149
56,7Networks_LH_SomMot_25,7networks_lh_sommot,7Networks_LH_SomMot,somatomotor,somatomotor,L,-2.4885901788346265,282.78626164956984,7.595354200304267e-08,0.4443317895307135,-0.049248855470634886,1.5698430536245187,210.27624641100675,1.013978145065197e-07,0.4746092557477878,3.7661666946342467,0.05831072060463599,9.852259448394679e-07,9.394817915502028e-07,0.1462600395276505
57,7Networks_LH_SomMot_26,7networks_lh_sommot,7Networks_LH_SomMot,somatomotor,somatomotor,L,-1.4604702981173543,361.391353673393,0.001053492273246907,0.18554948005948801,-0.1337218759837228,9.559101633310094,164.5101231828569,1.0166326382031315e-09,0.5680590771702219,43.506879276522774,3.355902335870755e-08,0.003440902820533063,1.591555923255937e-08,1.5235796604853225e-05
58,7Networks_LH_SomMot_27,7networks_lh_sommot,7Networks_LH_SomMot,somatomotor,somatomotor,L,-2.934517937171888,387.6687937013315,1.997745831366479e-06,0.36548051513421564,-0.09607385524817008,4.9826066981840835,246.217451502605,3.28359372057906e-07,0.4476705538141519,8.142696960808934,0.00641058004187045,1.6795863100747805e-05,2.710457362077988e-06,0.028256343097176548
59,7Networks_LH_SomMot_28,7networks_lh_sommot,7Networks_LH_SomMot,somatomotor,somatomotor,L,-2.6904546751688,357.57511699487094,3.68774656849299e-10,0.5531400049539592,-0.03785016930624702,0.42865100756661256,301.84760156429377,9.203179600527016e-10,0.569884650837204,2.8686684954633788,0.09693792303505556,1.1958835300684411e-08,1.5428761353058872e-08,0.20535902868144024
60,7Networks_LH_SomMot_29,7networks_lh_sommot,7Networks_LH_SomMot,somatomotor,somatomotor,L,-3.0014407281237476,366.0253637795217,1.6260565198673542e-06,0.37073888347463746,-0.12096590846056993,6.966954642682859,187.9249839432294,2.580069190403111e-08,0.5043342416471988,13.937301163576944,0.0005098045396263325,1.4248456383402098e-05,3.165814628224358e-07,0.003794282967055
61,7Networks_LH_SomMot_30,7networks_lh_sommot,7Networks_LH_SomMot,somatomotor,somatomotor,L,-2.730227732266965,352.57646673106603,1.2237313167508408e-06,0.37793323320374783,0.0012115478676245628,-2.8300673342578815,354.36025142016035,8.799118814505555e-06,0.36471591661003144,0.0013425283489511305,0.970926811901921,1.1111480356097636e-05,4.8717072460799054e-05,0.987165973570849
62,7Networks_LH_SomMot_31,7networks_lh_sommot,7Networks_LH_SomMot,somatomotor,somatomotor,L,-3.0135027710566096,327.71289569514215,3.8617830763615947e-07,0.4063443644834235,-0.13040571967579911,7.732795825681265,135.71410444351008,5.696183252452117e-10,0.5785764358173576,20.61717408959579,3.900506377149655e-05,4.024483809285714e-06,1.0775279985888589e-08,0.0007083319580903774
63,7Networks_LH_SomMot_32,7networks_lh_sommot,7Networks_LH_SomMot,somatomotor,somatomotor,L,-2.9903371314760507,322.41206174380363,2.2215485862198387e-07,0.4195282906115594,-0.13307639117542353,7.97604255879142,126.48119066443957,9.958447215554094e-11,0.6087184636066276,24.208680857952963,1.1010819408072281e-05,2.5214576453595167e-06,2.3795447557166097e-09,0.0002777173339591564
64,7Networks_LH_SomMot_33,7networks_lh_sommot,7Networks_LH_SomMot,somatomotor,somatomotor,L,-1.8927049650931838,293.8030370322587,0.004890358716959569,0.1359065622506722,-0.1422126259907765,9.826561236745917,84.42071577494332,4.0583410298461386e-05,0.3220160131122325,14.176201524113132,0.00046240070702033374,0.012543631963274827,0.00018242443837130167,0.00368298106995143
65,7Networks_LH_SomMot_34,7networks_lh_sommot,7Networks_LH_SomMot,somatomotor,somatomotor,L,-2.359808171098414,251.51612258856932,0.00013061354311443024,0.24974480187314396,0.029894794382820042,-4.823338050957806,295.5307900470799,0.0005277445562271066,0.24381702924210802,0.6237245517383881,0.4336330707083159,0.0005871143423163498,0.001565987114556251,0.5766989687101375
66,7Networks_LH_SomMot_35,7networks_lh_sommot,7Networks_LH_SomMot,somatomotor,somatomotor,L,-3.3862791066227382,346.0778408842423,2.4519976508359747e-09,0.5170462447769072,-0.10836331519905966,5.543578762775795,186.53249589505248,2.0644103567074285e-11,0.6340610046589328,16.348756338750615,0.00019433125483028587,5.566034667397662e-08,5.513190011442192e-10,0.0021015348694546376
67,7Networks_LH_SomMot_36,7networks_lh_sommot,7Networks_LH_SomMot,somatomotor,somatomotor,L,-1.6214077633178752,264.7957478856229,0.0029856047096213424,0.15206000233576134,-0.1060729749118095,7.119710833937444,108.62251393420138,7.262195083544737e-05,0.30501816670786985,11.564293249338894,0.0013805761848349365,0.008315733362994413,0.0002870429596860816,0.00814002062227352
68,7Networks_LH_SomMot_37,7networks_lh_sommot,7Networks_LH_SomMot,somatomotor,somatomotor,L,-1.8138332608697636,249.21821819261157,0.006551387139037001,0.12625992626263904,-0.19153684043392316,13.97007625395717,-32.785070734407924,5.862270212194625e-08,0.4867176358217197,34.708483412506865,3.9284605030781415e-07,0.015991020221090314,6.189466689154324e-07,2.9725351139957935e-05
69,7Networks_LH_DorsAttn_Post_1,7networks_lh_dorsattn_post,7Networks_LH_DorsAttn_Post,dorsal attention,posterior,L,2.2970415697518893,152.0973349989521,0.00010404595688297497,0.2564850064895111,-0.07433693346338704,8.422899283273955,42.64967115563138,6.612581842641924e-05,0.30778393937864745,4.557196833122132,0.03802483099677075,0.00048697798376155294,0.0002729192869599485,0.10857404573920705
70,7Networks_LH_DorsAttn_Post_2,7networks_lh_dorsattn_post,7Networks_LH_DorsAttn_Post,dorsal attention,posterior,L,0.8610497138719593,271.2664642152704,0.008093222861873233,0.1192573726171422,8.062834105976302e-05,0.8544054023296717,271.3851748367308,0.031153716451288328,0.10051845164937612,1.4832875541233968e-05,0.9969433779723371,0.01954427223026834,0.050333762522722064,0.9969433779723371
71,7Networks_LH_DorsAttn_Post_3,7networks_lh_dorsattn_post,7Networks_LH_DorsAttn_Post,dorsal attention,posterior,L,0.8963502829632102,284.36704317302883,0.005669532028410372,0.13103569040983687,0.021467341205480717,-0.8727014062243477,315.9738129764267,0.013241320312618229,0.13267791590545164,1.0908852953649897,0.3016174889667198,0.014299819671657272,0.024437233422474294,0.4489650491504616
72,7Networks_LH_DorsAttn_Post_4,7networks_lh_dorsattn_post,7Networks_LH_DorsAttn_Post,dorsal attention,posterior,L,0.31417675621749375,270.7264119146654,0.38104214928655566,-0.004475935726844238,0.03923649156494341,-2.9191711007136707,328.4950356541251,0.17023834037016164,0.03310957519009805,2.865883121521176,0.09709551067230686,0.4805364882669341,0.216493575708833,0.20535902868144024
73,7Networks_LH_DorsAttn_Post_5,7networks_lh_dorsattn_post,7Networks_LH_DorsAttn_Post,dorsal attention,posterior,L,0.2525449089043579,257.9339727415917,0.5691330508291481,-0.013891407440685066,-0.06307558574642161,5.450392674173585,165.06660272968543,0.07816770073231454,0.06460939748790107,5.028304995210173,0.029693026872847292,0.6625292437857263,0.11230422826731266,0.09047405503538705
74,7Networks_LH_DorsAttn_Post_6,7networks_lh_dorsattn_post,7Networks_LH_DorsAttn_Post,dorsal attention,posterior,L,-0.584006721241833,322.07604418331994,0.01672050428694365,0.09506995613041203,-0.0005594558093519608,-0.537903841752458,321.2523468836871,0.05884945151497571,0.07584070547788824,0.0012500693417489377,0.9719453528329725,0.03547247171155335,0.0878870098282861,0.987165973570849
75,7Networks_LH_DorsAttn_Post_7,7networks_lh_dorsattn_post,7Networks_LH_DorsAttn_Post,dorsal attention,posterior,L,-1.678890235374405,279.0623885530138,0.008675393698610664,0.11695090373434447,-0.16299981193949192,11.753378338953988,39.074702856173474,2.4553663080378607e-06,0.3983003395045521,23.444375165260944,1.4325262493770048e-05,0.02062109287523163,1.5924804340702697e-05,0.00030969853200817153
76,7Networks_LH_DorsAttn_Post_8,7networks_lh_dorsattn_post,7Networks_LH_DorsAttn_Post,dorsal attention,posterior,L,-1.259259275394391,325.1927351046866,0.0038365840695393583,0.14387173143370924,0.033979420781340225,-4.05938953630881,375.2212747551554,0.007507393336426657,0.15337028757812066,1.53852432561989,0.220994156978337,0.010367911711731362,0.015215877565793312,0.3483727335700173
77,7Networks_LH_DorsAttn_Post_9,7networks_lh_dorsattn_post,7Networks_LH_DorsAttn_Post,dorsal attention,posterior,L,-0.11995382227340823,279.6339253377727,0.7649582294588582,-0.0189142180721098,0.015326051342033825,-1.3829223825476245,302.1987586874685,0.81197191088129,-0.03335347241106956,0.3292864186608655,0.5688156214086182,0.8210189980480416,0.8321337416255206,0.6886461123187004
78,7Networks_LH_DorsAttn_Post_10,7networks_lh_dorsattn_post,7Networks_LH_DorsAttn_Post,dorsal attention,posterior,L,-1.001927758562223,241.73750143303948,0.07790510467914497,0.04381745837042372,-0.09291607624846752,6.654974885629066,104.93541658659615,0.0078058555688208155,0.1519645865133965,7.121279923346857,0.01042131105488605,0.13870163735032084,0.015680789505507303,0.042243528740341665
79,7Networks_LH_DorsAttn_Post_11,7networks_lh_dorsattn_post,7Networks_LH_DorsAttn_Post,dorsal attention,posterior,L,-0.2713570678404782,248.0019669146776,0.6457008786812585,-0.01630123388520177,-0.09812905733455307,7.815129888062701,103.52471206929344,0.032380834241720946,0.09903851977380507,7.1448888738754865,0.010303202041515627,0.7310428900780332,0.05194663867753113,0.042141024566199045
80,7Networks_LH_DorsAttn_Post_12,7networks_lh_dorsattn_post,7Networks_LH_DorsAttn_Post,dorsal attention,posterior,L,-1.7016205921899852,319.98000449470385,0.0002598043751054189,0.22905496729247488,0.04315198213166527,-5.257630912756298,383.51347856309667,0.0004380223758734567,0.249789443674875,2.3266340468873477,0.13387822172649746,0.0010464875248041691,0.0013436632340983064,0.2507270518302405
81,7Networks_LH_DorsAttn_Post_13,7networks_lh_dorsattn_post,7Networks_LH_DorsAttn_Post,dorsal attention,posterior,L,-1.5714999440279462,304.24693687708077,0.00010211844812797397,0.25703697004006965,-0.03124846067539655,1.0035810412313761,258.23924110218985,0.0002570015444444235,0.2666192101333047,1.6271605840110628,0.20836500135486952,0.0004856206190827909,0.0008707365759534944,0.3378489664825384
82,7Networks_LH_DorsAttn_Post_14,7networks_lh_dorsattn_post,7Networks_LH_DorsAttn_Post,dorsal attention,posterior,L,-3.437188479020603,318.917532496852,3.334271701203185e-08,0.46267089350465407,0.00026534028486184524,-3.459054283204561,319.3081979836954,2.8196644245530815e-07,0.4512390251968895,5.7030349924414336e-05,0.9940065213724967,4.88309468498789e-07,2.415335186315281e-06,0.9969433779723371
83,7Networks_LH_DorsAttn_Post_15,7networks_lh_dorsattn_post,7Networks_LH_DorsAttn_Post,dorsal attention,posterior,L,-3.1351895494931594,346.6775306289067,1.9262241404377985e-06,0.3664147166359979,-0.025245235011689626,-1.0548142848585371,309.5084967923726,1.0965990664122007e-05,0.3587366353439213,0.4252784076986247,0.5174916473069104,1.6500108674693594e-05,5.789022978501618e-05,0.6526144663259371
84,7Networks_LH_DorsAttn_Post_16,7networks_lh_dorsattn_post,7Networks_LH_DorsAttn_Post,dorsal attention,posterior,L,-3.601130877861116,363.83138459021325,2.0787672000298362e-10,0.5635343855143411,-0.05275018017480758,0.7458347966466636,286.16630320384775,4.3892765699466783e-10,0.5832245037623017,3.2677093169678297,0.07705822697195717,7.86466924011288e-09,8.664050272851269e-09,0.1794073592065054
85,7Networks_LH_DorsAttn_Post_17,7networks_lh_dorsattn_post,7Networks_LH_DorsAttn_Post,dorsal attention,posterior,L,-0.864110057551889,186.92405550973876,0.09847569773626805,0.03617886139547999,-0.04727103538209115,3.0313376456302477,117.32602194849453,0.09914081694321332,0.055100623901704227,1.961207746849321,0.16795164142457958,0.16558506211950258,0.13806727267551794,0.28682567476906357
86,7Networks_LH_DorsAttn_FEF_1,7networks_lh_dorsattn_fef,7Networks_LH_DorsAttn_FEF,dorsal attention,frontal eye fields,L,-2.3481760515465697,366.73930835130835,1.5864569524771367e-05,0.31026619321632365,-0.0019409049069249729,-2.188232578748723,363.8816775894848,9.949914056271917e-05,0.29564328121833816,0.0034882081945834483,0.9531538863503288,9.47699284769237e-05,0.0003828187272497839,0.976821364340969
87,7Networks_LH_DorsAttn_FEF_2,7networks_lh_dorsattn_fef,7Networks_LH_DorsAttn_FEF,dorsal attention,frontal eye fields,L,-3.9681666007843246,399.4497494957244,5.155617564346273e-10,0.5469529858459676,0.046166246939621486,-7.772572388638974,467.4211822754279,2.0391976623337293e-09,0.5550737998498345,1.876098265406832,0.17728706037287698,1.4629064838832549e-08,2.8931116834359783e-08,0.29921310561072917
88,7Networks_LH_DorsAttn_FEF_3,7networks_lh_dorsattn_fef,7Networks_LH_DorsAttn_FEF,dorsal attention,frontal eye fields,L,-2.218087117256875,316.9996207700627,6.302268171607398e-05,0.2711639545150226,-0.0686657848900182,3.440430236445012,215.90169552564987,4.302940359312865e-05,0.3203254599935671,4.47188562182689,0.039788350181031974,0.00032006780002327115,0.00019152303167921966,0.11082153976802771
89,7Networks_LH_DorsAttn_FEF_4,7networks_lh_dorsattn_fef,7Networks_LH_DorsAttn_FEF,dorsal attention,frontal eye fields,L,-1.6721351137648388,314.371935154931,0.0016122183157390427,0.17197734382887786,0.06792599264298829,-7.269688666140876,414.3806503742077,0.000861357013934495,0.22788767381969277,4.475784220199603,0.03970585268548218,0.004879647435636836,0.002355759544134101,0.11082153976802771
90,7Networks_LH_DorsAttn_PrCv_1,7networks_lh_dorsattn_prcv,7Networks_LH_DorsAttn_PrCv,dorsal attention,precentral ventral,L,0.09518799179488724,273.54887314282007,0.8499917756179405,-0.020064929938867104,0.03111354451722262,-2.46877500473817,319.35792932312165,0.6378773409751213,-0.022796341061307235,0.8718144281381851,0.35522580894867484,0.8904776756951504,0.6642117266117088,0.5063550593668169
91,7Networks_LH_DorsAttn_PrCv_2,7networks_lh_dorsattn_prcv,7Networks_LH_DorsAttn_PrCv,dorsal attention,precentral ventral,L,-1.7027352503067266,322.7422206467696,0.005265015823814704,0.1334761725327922,-0.05589369369055064,2.903276844611465,240.44888524818464,0.007487756991280588,0.1534646374946479,2.1333800815237796,0.15077576582252578,0.013353727284982544,0.015215877565793312,0.2705601129751622
92,7Networks_LH_SalVentAttn_ParOper_1,7networks_lh_salventattn_paroper,7Networks_LH_SalVentAttn_ParOper,salience / ventral attention,parietal operculum,L,-0.07489187055378466,311.39495614249597,0.7289656834602954,-0.018256428925276014,0.006539322467556452,-0.6137755332601635,321.0229234778054,0.8502520808783208,-0.03538114526339342,0.20610261449128378,0.6519289859286437,0.7974708922674075,0.8635669904222767,0.7642636633318242
93,7Networks_LH_SalVentAttn_ParOper_2,7networks_lh_salventattn_paroper,7Networks_LH_SalVentAttn_ParOper,salience / ventral attention,parietal operculum,L,-0.5922813052998634,286.58653666915495,0.17284261135734344,0.018325407149115458,0.07760492460994867,-6.987443223881433,400.84572527934785,0.007627147867105,0.15279994783127926,8.61895367713975,0.005135377911779091,0.26244329617469536,0.015389889474069643,0.02428605804112195
94,7Networks_LH_SalVentAttn_ParOper_3,7networks_lh_salventattn_paroper,7Networks_LH_SalVentAttn_ParOper,salience / ventral attention,parietal operculum,L,-0.18431743768098974,278.1459477605002,0.7181718618395546,-0.018038073636429175,-0.0770634477841507,6.166223189228933,164.683985654663,0.06289365335849356,0.07322329687566786,5.726646418509511,0.02075652454960331,0.7921988392491282,0.09300885545523152,0.07138986473878714
95,7Networks_LH_SalVentAttn_ParOper_4,7networks_lh_salventattn_paroper,7Networks_LH_SalVentAttn_ParOper,salience / ventral attention,parietal operculum,L,-0.7417115877296987,262.87701651191514,0.18428623094769647,0.016352068870029823,-0.021874887388434544,1.0609246174193245,230.670208806041,0.3508105411895936,0.0028979462076856866,0.3523251854348044,0.5556458601933079,0.2743145863942761,0.39520591985130393,0.6763089022192005
96,7Networks_LH_SalVentAttn_TempOcc_1,7networks_lh_salventattn_tempocc,7Networks_LH_SalVentAttn_TempOcc,salience / ventral attention,temporal occipital,L,1.2907568005875771,253.8337419515708,0.0005138270097105585,0.20808881173149507,-0.06790248141028543,6.886372871021138,153.85964276196034,2.345857315006732e-05,0.3376465858785065,10.38890481496917,0.0023060891307862836,0.0018368304126660912,0.00011329991712904854,0.012317229004434972
97,7Networks_LH_SalVentAttn_FrOperIns_1,7networks_lh_salventattn_froperins,7Networks_LH_SalVentAttn_FrOperIns,salience / ventral attention,frontal operculum insula,L,-0.17408376221470956,242.49577520864017,0.7683643007528959,-0.01897100920821937,-0.11926401212092658,9.65406403132333,66.90112932987181,0.006009909628556902,0.16134765767255388,11.320481531425475,0.0015338641115110884,0.8227296993910724,0.012290535907048799,0.008927875725974796
98,7Networks_LH_SalVentAttn_FrOperIns_2,7networks_lh_salventattn_froperins,7Networks_LH_SalVentAttn_FrOperIns,salience / ventral attention,frontal operculum insula,L,-0.47835610032653975,326.11266703177967,0.16588777485864192,0.019597574754055325,0.03533896275714257,-3.3905216620168357,378.14288587744716,0.11326282196904107,0.04973087011015709,2.5220931961249287,0.11896689138320464,0.2535792922081597,0.15629580903934542,0.23427879616359013
99,7Networks_LH_SalVentAttn_FrOperIns_3,7networks_lh_salventattn_froperins,7Networks_LH_SalVentAttn_FrOperIns,salience / ventral attention,frontal operculum insula,L,0.23336127344069446,266.79988549156127,0.589768553709895,-0.014605163821970635,0.04857502429395205,-3.769543788579554,338.31780642819194,0.20139591309576652,0.026169536074946542,3.009780621529882,0.08931764993657265,0.6812691700588055,0.25119160589417033,0.19589474913625113
100,7Networks_LH_SalVentAttn_FrOperIns_4,7networks_lh_salventattn_froperins,7Networks_LH_SalVentAttn_FrOperIns,salience / ventral attention,frontal operculum insula,L,-0.8140845043836213,332.09418477345196,0.11944983555591239,0.02996014933368063,0.09631124022382631,-8.750771240521669,473.89503333203663,0.004251212908727414,0.17361224094728123,9.343904325684658,0.003683632085445639,0.19437356753542734,0.008935419724825214,0.018177923552090434
101,7Networks_LH_SalVentAttn_FrOperIns_5,7networks_lh_salventattn_froperins,7Networks_LH_SalVentAttn_FrOperIns,salience / ventral attention,frontal operculum insula,L,0.032374826680218405,262.46901955785205,0.9568843125265345,-0.020770522095507893,0.13303691565846976,-10.930751818449082,458.3417700919138,0.001835842026757724,0.20261936919857382,14.447423185259478,0.0004141370929214445,0.9718690780470842,0.004481033764236595,0.003418513457933378
102,7Networks_LH_SalVentAttn_FrOperIns_6,7networks_lh_salventattn_froperins,7Networks_LH_SalVentAttn_FrOperIns,salience / ventral attention,frontal operculum insula,L,0.5747054584287365,245.2496564312323,0.1452388168374465,0.023754170966555632,0.01324963848366481,-0.5171528726192101,264.7573481161504,0.30759924080775364,0.008459721710794899,0.2596028821510149,0.6127772400412403,0.22737387187655417,0.3553436522308401,0.7282745208867097
103,7Networks_LH_SalVentAttn_FrOperIns_7,7networks_lh_salventattn_froperins,7Networks_LH_SalVentAttn_FrOperIns,salience / ventral attention,frontal operculum insula,L,0.0017087006819345163,224.32715019244492,0.998210264057689,-0.0208332252059531,0.213592030765364,-17.599695180947634,538.8027102360217,1.6260228119961746e-05,0.34789673189725123,28.141464867133685,2.9800339915974467e-06,0.998210264057689,8.485222490186935e-05,0.00011274461934877007
104,7Networks_LH_SalVentAttn_FrOperIns_8,7networks_lh_salventattn_froperins,7Networks_LH_SalVentAttn_FrOperIns,salience / ventral attention,frontal operculum insula,L,-0.488935852688428,293.585599054269,0.2665915496763095,0.0053475166660470475,0.02606177671868215,-2.6365995845920924,331.9568425878931,0.363622398201768,0.001374839230684266,0.8090489561163173,0.3729870445867952,0.3623729447695943,0.40661223838325783,0.5212252783680847
105,7Networks_LH_SalVentAttn_FrOperIns_9,7networks_lh_salventattn_froperins,7Networks_LH_SalVentAttn_FrOperIns,salience / ventral attention,frontal operculum insula,L,-1.159021804657229,310.63498390065524,0.013882952046997278,0.10128588746614009,-0.01813975333058246,0.33581451269300366,283.92748424701557,0.0419285220594479,0.08907712666020595,0.35667383503473293,0.5532257900714767,0.030896373673219433,0.06563982418961845,0.6751734104635763
106,7Networks_LH_SalVentAttn_PFCl_1,7networks_lh_salventattn_pfcl,7Networks_LH_SalVentAttn_PFCl,salience / ventral attention,lateral prefrontal cortex,L,0.050282434443678525,266.4510040012432,0.9118262361486325,-0.020569849868955492,-0.03387768155078924,2.842028706118283,216.57225693148607,0.5285226180373146,-0.014644004499684948,1.2803353456617041,0.26357716522121327,0.938705467599726,0.5606291322171515,0.40286195196858565
107,7Networks_LH_SalVentAttn_Med_1,7networks_lh_salventattn_med,7Networks_LH_SalVentAttn_Med,salience / ventral attention,medial,L,-2.1141202510469026,354.8285370403049,6.737082583421707e-06,0.3335968857442687,-0.03870631436935337,1.075537478892688,297.8405031473392,1.687057283381156e-05,0.34687341195438726,1.9757270179317648,0.16641760448107198,4.432805062135442e-05,8.51026674061161e-05,0.28631455774327047
108,7Networks_LH_SalVentAttn_Med_2,7networks_lh_salventattn_med,7Networks_LH_SalVentAttn_Med,salience / ventral attention,medial,L,-1.3522878035130912,346.618297245535,0.00021294428887593596,0.2350862680614373,0.01008886454864838,-2.1836773408079058,361.47232207863544,0.0010264935638634525,0.22210336742291925,0.19889198056515123,0.6576645084123973,0.000912044407072405,0.002773976654726235,0.7642636633318242
109,7Networks_LH_SalVentAttn_Med_3,7networks_lh_salventattn_med,7Networks_LH_SalVentAttn_Med,salience / ventral attention,medial,L,-2.4396940966756593,406.0916779499936,1.2086674946494032e-08,0.48447798728428404,-0.06986522239693707,3.3176648847517036,303.2277983280991,9.515535636247762e-10,0.5692733292921877,10.449557441360358,0.0022450625796193073,2.2863960107117877e-07,1.5428761353058872e-08,0.012134028704132924
110,7Networks_LH_SalVentAttn_Med_4,7networks_lh_salventattn_med,7Networks_LH_SalVentAttn_Med,salience / ventral attention,medial,L,-4.825385223496713,410.286505024282,3.1219877595420693e-13,0.666049106540099,-0.026923391502879333,-2.6067187029937866,370.64668985514595,2.7999191270716698e-12,0.6638853890155298,0.6910028966752921,0.41002679048064694,4.724608142773665e-11,1.0593027364087817e-10,0.5563845559092552
111,7Networks_LH_SalVentAttn_Med_5,7networks_lh_salventattn_med,7Networks_LH_SalVentAttn_Med,salience / ventral attention,medial,L,-2.526113566422354,369.55607065177367,4.7323970637766066e-07,0.40142628098733846,-0.07608200102915691,3.7435493205219377,257.5391110435665,9.024405103527397e-08,0.47720816024466595,7.957893998601969,0.006992258573166096,4.774462815454621e-06,8.535583160419663e-07,0.03046785251733112
112,7Networks_LH_SalVentAttn_Med_6,7networks_lh_salventattn_med,7Networks_LH_SalVentAttn_Med,salience / ventral attention,medial,L,-3.915534548089151,379.01173815244476,3.7821588201488225e-11,0.5930590735473175,-0.13099398826766995,6.879241293044445,186.14682800011394,5.021296844584825e-15,0.7431838667181109,29.058946220051435,2.2204233276194267e-06,2.178622596194476e-09,1.1398343837207553e-12,0.00010080721907392197
113,7Networks_LH_SalVentAttn_Med_7,7networks_lh_salventattn_med,7Networks_LH_SalVentAttn_Med,salience / ventral attention,medial,L,-1.3091432561918142,201.8278982362432,0.021033554589304063,0.08739115109267181,0.0717120604761138,-7.218693978196689,307.4109122620737,0.009988601948995268,0.1430198495937156,4.115798571045328,0.048171031630668625,0.044209415664555766,0.019134283902294734,0.12496941920184888
114,7Networks_LH_Limbic_OFC_1,7networks_lh_limbic_ofc,7Networks_LH_Limbic_OFC,limbic,orbital frontal cortex,L,3.3080398557458808,-45.26477311832349,1.9889268925070393e-10,0.5643256237958749,0.12473474935537947,-6.970933070400694,138.3845419795726,3.4284292722773863e-15,0.747320296839185,35.7623659368025,2.884228223168103e-07,7.86466924011288e-09,1.1398343837207553e-12,2.6188792266366374e-05
115,7Networks_LH_Limbic_OFC_2,7networks_lh_limbic_ofc,7Networks_LH_Limbic_OFC,limbic,orbital frontal cortex,L,2.01237426332648,149.61124031301924,0.002562755475293104,0.15702394661013652,0.07195124913061146,-3.91688719459224,255.54641628894592,0.002532233095631579,0.19163217909753238,3.0549991185206227,0.08701959639421489,0.007317553369704837,0.005748169127083685,0.19407809129929568
116,7Networks_LH_Limbic_OFC_3,7networks_lh_limbic_ofc,7Networks_LH_Limbic_OFC,limbic,orbital frontal cortex,L,4.318378126183123,-10.180100626020874,1.0186066498814123e-09,0.5341218381460076,0.1325703668408018,-6.606301793471987,185.00574131787204,1.0067278561609443e-11,0.6450746377606444,16.005223486708715,0.00022234886598330515,2.5691523280342286e-08,3.0470296446471247e-10,0.0022802578904605434
117,7Networks_LH_Limbic_OFC_4,7networks_lh_limbic_ofc,7Networks_LH_Limbic_OFC,limbic,orbital frontal cortex,L,1.7760536886930935,26.46235051444947,0.0002534305047532867,0.2298102674235536,0.06668329450971522,-3.7190932726301265,124.64141792324162,0.00010140001714595429,0.29507584318943136,5.444091760078512,0.023964516535360608,0.0010365535960179474,0.00038685384692658197,0.07716234402165756
118,7Networks_LH_Limbic_OFC_5,7networks_lh_limbic_ofc,7Networks_LH_Limbic_OFC,limbic,orbital frontal cortex,L,0.936202112284727,97.22899035393428,0.11939787859821216,0.029974069960325145,0.05197393925536768,-3.346796147879598,173.75119764994375,0.12565809973633504,0.04552204452358677,1.7818962970853052,0.18834704279673004,0.19437356753542734,0.1697880276199289,0.3143733729033656
119,7Networks_LH_Limbic_TempPole_1,7networks_lh_limbic_temppole,7Networks_LH_Limbic_TempPole,limbic,temporal pole,L,0.6566386126974293,107.34415371502367,0.25997008911729624,0.006074111386674352,0.08566070018738263,-6.402372790390018,233.46401206659522,0.040157635118075324,0.09074834559753187,5.470009180013135,0.023649181165846567,0.3576558195734924,0.0630850046491564,0.07669091606638816
120,7Networks_LH_Limbic_TempPole_2,7networks_lh_limbic_temppole,7Networks_LH_Limbic_TempPole,limbic,temporal pole,L,0.6353758695587959,107.81204282310303,0.1828067802213545,0.01659930855755465,0.045934116473154096,-3.149900824017722,175.4417055555607,0.14080719947593048,0.04088762890467024,2.2155399219073155,0.1433068193836989,0.27300749414636494,0.1847585796591689,0.2612903453823265
121,7Networks_LH_Limbic_TempPole_3,7networks_lh_limbic_temppole,7Networks_LH_Limbic_TempPole,limbic,temporal pole,L,1.8385392069768134,53.58082009300723,0.0011174302262945066,0.18367935058080254,0.10923517799655544,-7.163165955474614,214.40982506025162,2.7503955994466e-05,0.33314727342659856,11.758687804223158,0.0012699320102437992,0.0035979668279269923,0.00013116891150415417,0.007586172798035327
122,7Networks_LH_Limbic_TempPole_4,7networks_lh_limbic_temppole,7Networks_LH_Limbic_TempPole,limbic,temporal pole,L,-0.6153141902439845,147.09478632235547,0.29296953020898825,0.0026580360300881845,0.023313759794364813,-2.536523051218384,181.4200729062386,0.48306672799479855,-0.010768541608038307,0.3623903988891761,0.5500748386103904,0.390053274823697,0.5209318159373837,0.6751734104635763
123,7Networks_LH_Limbic_TempPole_5,7networks_lh_limbic_temppole,7Networks_LH_Limbic_TempPole,limbic,temporal pole,L,1.6363042629845062,148.94509739820066,0.011693262088626743,0.10701442765294622,0.142215687675231,-10.083214242016528,358.3319264310706,5.8882693573344004e-05,0.31119276945065977,15.228306515415168,0.0003025027631458302,0.02694792379815503,0.0002498387185261512,0.0028027807034327937
124,7Networks_LH_Limbic_TempPole_6,7networks_lh_limbic_temppole,7Networks_LH_Limbic_TempPole,limbic,temporal pole,L,-0.6771558547141225,245.22637432791555,0.21575608074243582,0.011571111347855045,0.025477247419013332,-2.776650484768531,282.73700439100514,0.36562735862231877,0.001141146042650587,0.49878971121260646,0.4835188606122125,0.3119530594174072,0.40784968259098947,0.6183593315998436
125,7Networks_LH_Limbic_TempPole_7,7networks_lh_limbic_temppole,7Networks_LH_Limbic_TempPole,limbic,temporal pole,L,0.40196237933879386,160.1513131966415,0.5617352455190054,-0.013623080801636211,-0.0788482089989065,6.899579200340033,44.06161362071464,0.1884232946212436,0.028924749267752237,3.103128302148201,0.08464593391418647,0.6572881481072899,0.23696447578405708,0.1911903183932371
126,7Networks_LH_Limbic_TempPole_8,7networks_lh_limbic_temppole,7Networks_LH_Limbic_TempPole,limbic,temporal pole,L,0.3581385349896262,128.30030290907112,0.5743194563101701,-0.014075550217226507,-0.006768722548959494,0.9159262900851299,118.33458552375612,0.8447239242940896,-0.03509378915502448,0.025329414991584337,0.8742309289497894,0.6668568623141106,0.8598759229361361,0.914518068532729
127,7Networks_LH_Cont_Par_1,7networks_lh_cont_par,7Networks_LH_Cont_Par,control,parietal ,L,-1.6849877181935833,288.1522111405261,0.0010104045080033502,0.18687308524895185,-0.051984376518836084,2.598870641895793,211.61463686541384,0.0012611099216983616,0.21525960840391356,2.73631066532317,0.10475532764165933,0.00332408439589508,0.0032904822094888286,0.21519872737245854
128,7Networks_LH_Cont_Par_2,7networks_lh_cont_par,7Networks_LH_Cont_Par,control,parietal ,L,-1.9539365631141878,281.89908810954256,0.003016953933231419,0.1517198533552665,-0.018156453439361314,-0.45772404573233594,255.16700057197102,0.011737928593125151,0.13711448640331847,0.1875427242122151,0.6669506785583342,0.008351811498091855,0.022112114445140326,0.7665711596594526
129,7Networks_LH_Cont_Par_3,7networks_lh_cont_par,7Networks_LH_Cont_Par,control,parietal ,L,-1.2820002208347905,327.9062698641693,0.0037877436739508414,0.14429113270467342,-0.005337040811435434,-0.8421925626644917,320.0484444006611,0.015541631254032432,0.12674590550320797,0.03559466714480875,0.8511673056337254,0.010297219329183723,0.027888935135694563,0.9007691299713552
130,7Networks_LH_Cont_Par_4,7networks_lh_cont_par,7Networks_LH_Cont_Par,control,parietal ,L,-1.2704043015012263,308.3698910483585,0.03220734942647083,0.07313242367472483,0.022397329637887237,-3.1160932226368736,341.3459002941976,0.08738659754785842,0.060161306215165355,0.33753138471931354,0.5640333663193049,0.06441469885294165,0.12397973527102413,0.6846822147298515
131,7Networks_LH_Cont_Par_5,7networks_lh_cont_par,7Networks_LH_Cont_Par,control,parietal ,L,-0.8834236086452689,272.3212676602406,0.20439598126978423,0.01319903677391665,-0.2116400662812756,16.55712541747299,-39.280378398245496,3.9049299691555e-07,0.44358232966593203,38.1275018034809,1.4632511442828204e-07,0.29934121127897434,3.1657825107082086e-06,1.660790048761001e-05
132,7Networks_LH_Cont_Par_6,7networks_lh_cont_par,7Networks_LH_Cont_Par,control,parietal ,L,-0.4814976286635675,265.9593117234564,0.2731001242087926,0.004654392928280626,-0.02918443401181764,1.923493832197682,222.99052118603117,0.33292488657273706,0.0051158062651868175,1.0222617268532133,0.31716012400568966,0.36901028687735665,0.3778697462600566,0.4659893084096541
133,7Networks_LH_Cont_Temp_1,7networks_lh_cont_temp,7Networks_LH_Cont_Temp,control,temporal,L,1.1592825331586702,245.16508054286794,0.0024458442756106697,0.15853810676937385,-0.015640000584174363,2.4481225989817688,222.13801382523343,0.008667103241269273,0.14817932226435138,0.4162836507293806,0.521934578648276,0.0070279322856154685,0.017258179261123902,0.6563941792418762
134,7Networks_LH_Cont_OFC_1,7networks_lh_cont_ofc,7Networks_LH_Cont_OFC,control,orbital frontal cortex,L,0.6731278990033527,227.44571336001357,0.3202222845226851,0.00017997318225804193,0.1428458462633138,-11.098319864681121,437.76033672207143,0.00212781283496126,0.1975956740141529,12.809449840999607,0.0008134399863290504,0.4226189452712181,0.005005321383794881,0.005511966474528192
135,7Networks_LH_Cont_PFCl_1,7networks_lh_cont_pfcl,7Networks_LH_Cont_PFCl,control,lateral prefrontal cortex,L,0.660663918648023,221.15009760855656,0.1477234557121264,0.02322066545996304,0.02733359014783321,-1.5918056983270166,261.3938559498256,0.23437688654747915,0.01986457739866654,0.8356428884952628,0.365311868164777,0.23046889654056832,0.28533863328615716,0.5152042715569735
136,7Networks_LH_Cont_PFCl_2,7networks_lh_cont_pfcl,7Networks_LH_Cont_PFCl,control,lateral prefrontal cortex,L,1.3203603601535536,205.12211939409553,0.025394723426136915,0.0810837249068973,-0.03772096972337513,4.428819137986654,149.58482693689106,0.05191876045296177,0.08075522147431324,0.9828466093771819,0.32657372234256343,0.05240547470666436,0.07936403113011664,0.4736884023754754
137,7Networks_LH_Cont_PFCl_3,7networks_lh_cont_pfcl,7Networks_LH_Cont_PFCl,control,lateral prefrontal cortex,L,-0.10278826545865716,285.9080598742729,0.8512495842548353,-0.020077908606553896,0.032655001808874456,-2.793777594666338,333.9866325872768,0.6581980762425534,-0.024162137075911305,0.8085820990328031,0.37312382262032495,0.8904776756951504,0.6822418415847472,0.5212252783680847
138,7Networks_LH_Cont_PFCl_4,7networks_lh_cont_pfcl,7Networks_LH_Cont_PFCl,control,lateral prefrontal cortex,L,1.4123289685227522,206.38759943032096,0.004529564759888385,0.13842617561811554,-0.08227007470851874,8.191930281959182,85.25982267722594,0.0005090066863051731,0.24497940881943792,7.77406054007915,0.007626691054749655,0.011818519545915672,0.0015303909641228384,0.03266526168732399
139,7Networks_LH_Cont_PFCl_5,7networks_lh_cont_pfcl,7Networks_LH_Cont_PFCl,control,lateral prefrontal cortex,L,-0.6747330054495553,319.81347487294977,0.15340591787580607,0.022036661141585423,0.013665191746382421,-1.8008356890851154,339.9329934343339,0.33153779971380404,0.005292544200274141,0.1920060430865473,0.6632596549619796,0.23689213168576853,0.3772384989224738,0.7642636633318242
140,7Networks_LH_Cont_PFCl_6,7networks_lh_cont_pfcl,7Networks_LH_Cont_PFCl,control,lateral prefrontal cortex,L,0.2923051245503805,303.5150423068344,0.36168629530511354,-0.003108935798836532,-0.0392025687533295,3.522857516192005,245.7963637602938,0.1146935257312072,0.04922314518859061,3.6419867865786046,0.0624578447607289,0.4625509241366804,0.15779048691505476,0.15495006295831104
141,7Networks_LH_Cont_PFCl_7,7networks_lh_cont_pfcl,7Networks_LH_Cont_PFCl,control,lateral prefrontal cortex,L,2.0199637014659255,120.32224834273984,0.0001985274573034696,0.23720292437163437,0.049720569559887684,-2.0773419091990863,193.5267770978792,0.000347955347649816,0.2571023064950355,2.2857360445107817,0.13726345241818963,0.0008583949106264306,0.0011364872505972407,0.2543575812157473
142,7Networks_LH_Cont_PFCl_8,7networks_lh_cont_pfcl,7Networks_LH_Cont_PFCl,control,lateral prefrontal cortex,L,-0.1601700493982139,229.51434366921146,0.7280130681842536,-0.018237557384815917,-0.10095869191065815,8.159497614759768,80.87096467185987,0.002076398491095825,0.19843041321787602,13.974622241694492,0.0005020752527346893,0.7974708922674075,0.004961499552407919,0.003794282967055
143,7Networks_LH_Cont_PFCv_1,7networks_lh_cont_pfcv,7Networks_LH_Cont_PFCv,control,ventral prefrontal cortex,L,0.527305729352471,208.3606147747344,0.438238498739175,-0.008001647324069827,0.12884866756335075,-10.090681417760424,398.0669289460045,0.008804925718231328,0.14760726195160323,9.762659877104946,0.0030488748680508808,0.5333775280585696,0.017456053607323243,0.015426054592627515
144,7Networks_LH_Cont_pCun_1,7networks_lh_cont_pcun,7Networks_LH_Cont_pCun,control,precuneus,L,-1.7745018285123202,247.6982894220543,0.006538653637120394,0.12632427463123153,-0.126399344002695,8.641644767370751,61.59816034910742,0.00016518920083653918,0.28028381186103835,11.268016627693074,0.0015691322681717112,0.015991020221090314,0.0005952055331729269,0.009017544933543759
145,7Networks_LH_Cont_pCun_2,7networks_lh_cont_pcun,7Networks_LH_Cont_pCun,control,precuneus,L,-1.4266637524838495,308.92414493211413,0.014286574709289346,0.10032857128366346,-0.06486668055736045,3.9187821373251968,213.41971237745875,0.01112833216428159,0.13907050414489175,3.1600058846769143,0.08193345926412698,0.031639536185450554,0.021139174906208542,0.1864458610114801
146,7Networks_LH_Cont_Cing_1,7networks_lh_cont_cing,7Networks_LH_Cont_Cing,control,cingulate,L,-0.7391871234287679,275.1754964716458,0.2940881741112887,0.0025506700326680676,0.09956234251859483,-8.94378631091461,421.7630040232768,0.05379470096223763,0.07936573062659669,5.00498116479858,0.03005537806622337,0.39039775159802653,0.08168158607644109,0.09096761094710273
147,7Networks_LH_Cont_Cing_2,7networks_lh_cont_cing,7Networks_LH_Cont_Cing,control,cingulate,L,-0.9288436868349903,311.36945238976307,0.08908511254097749,0.03943501227204682,0.08092040716804266,-7.59722341863929,430.5100882643285,0.016417440168586653,0.12470636002337054,5.676173235044679,0.021293926733424028,0.15204752290828488,0.02934455841156827,0.07245098593327899
148,7Networks_LH_Cont_PFCmp_1,7networks_lh_cont_pfcmp,7Networks_LH_Cont_PFCmp,control,medial posterior prefrontal cortex,L,-3.870930171876862,327.05375963943726,2.732007473123271e-08,0.4670208107387489,-0.12106565273372744,6.105684790411896,148.80652443569437,1.139320848625191e-09,0.5659597862595582,11.941545678619589,0.0011743460538127814,4.5848745741598276e-07,1.6857385336441437e-08,0.007204771735554092
149,7Networks_LH_Default_Temp_1,7networks_lh_default_temp,7Networks_LH_Default_Temp,default,temporal,L,0.8118761200241424,201.185675708178,0.08626654447040519,0.04048319389317778,0.04297471104382561,-2.7295258839189405,264.4581502232248,0.0882451566007091,0.05977021650314529,1.9846285466892428,0.16548526585464615,0.14964577462908565,0.12442018974137246,0.28631455774327047
150,7Networks_LH_Default_Temp_2,7networks_lh_default_temp,7Networks_LH_Default_Temp,default,temporal,L,1.005480352240978,196.21462859758287,0.08355570318708573,0.041525744871968806,0.0020668923844326392,0.835154673385162,199.25775308970873,0.22702145274716504,0.021193570339085088,0.002924022560305221,0.9571052230065372,0.1470321288640966,0.2778106187256413,0.9786616469481259
151,7Networks_LH_Default_Temp_3,7networks_lh_default_temp,7Networks_LH_Default_Temp,default,temporal,L,1.6362646340506233,166.24574654770117,0.001564381258604946,0.1729431363594507,-0.023029313182177547,3.534033202398035,132.3392560553706,0.005544902100204854,0.1642166666701229,0.4988287892522457,0.48350181828359373,0.004798845212207064,0.011442661606786381,0.6183593315998436
152,7Networks_LH_Default_Temp_4,7networks_lh_default_temp,7Networks_LH_Default_Temp,default,temporal,L,1.5359737841654022,234.515340283561,0.00023662715066672345,0.23189325199706967,-0.060534262882990575,6.524399643792432,145.3896076720081,6.962079440276455e-05,0.3062651729591096,6.145845454242285,0.016816227385809287,0.000985584645896261,0.0002847553212509469,0.06090420175195986
153,7Networks_LH_Default_Temp_5,7networks_lh_default_temp,7Networks_LH_Default_Temp,default,temporal,L,-0.05017888962940997,240.73801832641382,0.9266731292317919,-0.020651333911869463,-0.13624899525843268,11.17764447726522,40.136062646066705,0.00024807663258457935,0.2677213980622216,19.90249298303614,5.061979258736903e-05,0.9475441456559313,0.000846817978897737,0.0007413350269246948
154,7Networks_LH_Default_Temp_6,7networks_lh_default_temp,7Networks_LH_Default_Temp,default,temporal,L,0.6673380081568849,284.5099813921537,0.042520423413139156,0.06385752815138601,-0.09034148417296206,8.112077142365878,151.4985168320919,2.0727144921745364e-06,0.40262253109472135,28.220176500929323,2.905310932050581e-06,0.08249688986993665,1.3838417344812345e-05,0.00011274461934877007
155,7Networks_LH_Default_Temp_7,7networks_lh_default_temp,7Networks_LH_Default_Temp,default,temporal,L,1.9077016314593669,171.1125970295739,2.8485010180109664e-05,0.29390551271297505,-0.042426717264186675,5.403945303391824,108.64694405246723,5.1945569881370634e-05,0.31485713777867796,2.4678369411792542,0.12290630534630953,0.00015770969050938767,0.00022248385590700252,0.23733581561762418
156,7Networks_LH_Default_Temp_8,7networks_lh_default_temp,7Networks_LH_Default_Temp,default,temporal,L,0.26508347369692586,184.6046034884555,0.6908189438687365,-0.01743926890246561,0.1488214993904614,-11.998797850221727,403.717293225237,0.001559777732970456,0.20812964932086853,14.67308179354641,0.00037801435989779443,0.7687053934225647,0.0038908741251021265,0.0033003561421845896
157,7Networks_LH_Default_Temp_9,7networks_lh_default_temp,7Networks_LH_Default_Temp,default,temporal,L,0.8667988742200405,246.7636328669779,0.038392421261788726,0.06726375160863562,0.060664186461848096,-4.132333552394158,336.0806544048054,0.008919541058199955,0.14713801980983854,5.495410702682388,0.02334444455277346,0.07545523486083153,0.017530180261570476,0.0765188536337006
158,7Networks_LH_Default_Temp_10,7networks_lh_default_temp,7Networks_LH_Default_Temp,default,temporal,L,2.3300888667885027,128.92988573610702,3.1763219790222196e-05,0.2908230434379787,-0.028451804031875416,4.674706744765938,87.03976008342161,0.00013484712188165384,0.2864726344053705,0.7073418012620102,0.40458638226901433,0.0001737409853585648,0.0004937144623731519,0.5532596914160618
159,7Networks_LH_Default_Par_1,7networks_lh_default_par,7Networks_LH_Default_Par,default,parietal,L,1.1716887059687275,209.97797487914255,0.012902078593067556,0.1037324300578164,0.02111312375279617,-0.5681731093068958,241.06322367161462,0.03690568013057515,0.09400987254033422,0.4848920019165207,0.4896443239029873,0.029287718406263354,0.058380413865091005,0.624434053516731
160,7Networks_LH_Default_Par_2,7networks_lh_default_par,7Networks_LH_Default_Par,default,parietal,L,1.5720993562068193,219.5596304378982,0.00046713953413828253,0.21104380040631177,-0.006436441161546513,2.1025049150599635,210.08313718245708,0.0022851809887415022,0.1951557146982945,0.05245259497749245,0.8198429213655789,0.0017103334556353247,0.005347794684993,0.8820111049762389
161,7Networks_LH_Default_Par_3,7networks_lh_default_par,7Networks_LH_Default_Par,default,parietal,L,0.777873610547843,259.7465894851707,0.057411016023116004,0.05387909815099823,0.015284314868331317,-0.4816555867145631,282.24997344045437,0.14244770474419338,0.04041475678179418,0.3264919502572777,0.5704546042341857,0.10552470151617273,0.18637250130796484,0.6887935912827667
162,7Networks_LH_Default_Par_4,7networks_lh_default_par,7Networks_LH_Default_Par,default,parietal,L,1.1244758211460102,237.5866882114944,0.008534998578469503,0.11749285188827929,-0.023770391565219595,3.083314176980874,202.58909409180436,0.02243306825935783,0.11300070997441092,0.7569075710765719,0.38871977143592396,0.02039415449802713,0.03814461793913279,0.5378628146172
163,7Networks_LH_Default_Par_5,7networks_lh_default_par,7Networks_LH_Default_Par,default,parietal,L,-0.4701271496315833,312.470994505736,0.2653302355645654,0.005484225104069429,0.07434685571877697,-6.596802522988632,421.93326707210315,0.011960285028120902,0.13642514309157283,8.278076721572095,0.006017113098090242,0.36174152236129936,0.022417027755986276,0.0273176934653297
164,7Networks_LH_Default_Par_6,7networks_lh_default_par,7Networks_LH_Default_Par,default,parietal,L,-1.2082361318930452,318.2168939723307,0.003883017675944932,0.1434778164250926,-0.056321242731405735,3.433008847512111,235.2940700877424,0.0015768590850170777,0.20776255373496155,4.894876978386877,0.031831570610585676,0.010431301922360942,0.003911989205452203,0.09445446442618233
165,7Networks_LH_Default_Par_7,7networks_lh_default_par,7Networks_LH_Default_Par,default,parietal,L,-0.888698399957061,298.1922113573151,0.06713180852801601,0.0487101952231207,-0.07637851622220282,5.4053993109417995,185.73868685920723,0.008909602244602124,0.1471784806317492,6.542165145076817,0.013819747128420807,0.12191136428687709,0.017530180261570476,0.053625343558145695
166,7Networks_LH_Default_PFC_1,7networks_lh_default_pfc,7Networks_LH_Default_PFC,default,prefrontal cortex,L,-1.2917281408893664,277.7758447962637,0.03533452408050198,0.07003533701453879,-0.1372458762587549,10.01824485043515,75.7061624888985,0.00013117314420663706,0.28731087163680036,15.633625302831378,0.00025747414762092714,0.06974727796759955,0.00048416754040498555,0.0024352763129146023
167,7Networks_LH_Default_PFC_2,7networks_lh_default_pfc,7Networks_LH_Default_PFC,default,prefrontal cortex,L,1.7475292618599765,192.02145616362665,0.0007938844321637941,0.19448689689229026,-0.0774072679478327,8.126402956918284,78.05328117081592,0.00019629816391451973,0.2749800168051586,6.329052778369244,0.015352842563403031,0.0026897278522564367,0.0007017272946235587,0.057604880361859304
168,7Networks_LH_Default_PFC_3,7networks_lh_default_pfc,7Networks_LH_Default_PFC,default,prefrontal cortex,L,-0.010442739280533964,250.64254743055568,0.9794549394412255,-0.02081908169241542,0.07860120159518966,-6.487704507432127,366.3685733650131,0.009710150098765049,0.14405026417272104,10.245552945790568,0.002457379664910366,0.9859701607678856,0.018864688948457387,0.012972678696154722
169,7Networks_LH_Default_PFC_4,7networks_lh_default_pfc,7Networks_LH_Default_PFC,default,prefrontal cortex,L,1.7557047558292993,141.9177046842536,0.002585290823807603,0.15673985283681613,0.13918538345446635,-9.714096527593934,346.8429598769733,2.6135961824459334e-06,0.39669919835020506,20.091717685680603,4.722980967295338e-05,0.007335762712554073,1.6712291082119066e-05,0.0007393908135007185
170,7Networks_LH_Default_PFC_5,7networks_lh_default_pfc,7Networks_LH_Default_PFC,default,prefrontal cortex,L,1.609931738136158,187.63714797624385,0.00023615353801356958,0.23195401559151307,-0.01036488314850309,2.464067043788381,172.37673577251542,0.0011603980956027004,0.21803397893192922,0.14553606978038208,0.7045575533252864,0.000985584645896261,0.003062911252346663,0.7937199235972209
171,7Networks_LH_Default_PFC_6,7networks_lh_default_pfc,7Networks_LH_Default_PFC,default,prefrontal cortex,L,1.4011770052393646,161.1320957504581,0.0031362811857004614,0.150455972201344,-0.0654773833933219,6.796948870361788,64.72851393601414,0.0011332516203476758,0.2188212747244931,5.200747428130269,0.027155784877324986,0.008595022134021956,0.0030443564238925728,0.08561615509934405
172,7Networks_LH_Default_PFC_7,7networks_lh_default_pfc,7Networks_LH_Default_PFC,default,prefrontal cortex,L,0.17709647973543063,268.8217195273252,0.7206566533257487,-0.018089223746540428,0.062441131565437596,-4.968468041426931,360.75497072791563,0.14716507037830814,0.03908348411877938,3.8559088455448927,0.05550212315863162,0.7921988392491282,0.19089411986214827,0.1399886884112153
173,7Networks_LH_Default_PFC_8,7networks_lh_default_pfc,7Networks_LH_Default_PFC,default,prefrontal cortex,L,-0.8738056145391577,224.12644412297172,0.08635945584321685,0.04044807239384085,-0.1250680694262704,9.432635102276109,39.98637562200756,6.100133287686655e-05,0.31015589201203564,19.766523032909962,5.3212266990182185e-05,0.14964577462908565,0.00025506929744262995,0.0007549490379232097
174,7Networks_LH_Default_PFC_9,7networks_lh_default_pfc,7Networks_LH_Default_PFC,default,prefrontal cortex,L,-1.9450005025030617,333.4571449719965,0.0010893278377797277,0.18448815406212338,-0.027059843750184276,0.2849105906872005,293.61642859537324,0.003935548791124337,0.17632094593502912,0.5240549238616392,0.4727051007445029,0.003532534559657117,0.008388446719110088,0.6131660449657266
175,7Networks_LH_Default_PFC_10,7networks_lh_default_pfc,7Networks_LH_Default_PFC,default,prefrontal cortex,L,-0.45741945423110053,308.83119021895766,0.35932341693575554,-0.0029352297939795324,0.1090326285933989,-9.442433198757787,469.3619778942683,0.001443605719972708,0.2107334556758339,13.994465527907497,0.0004980158246272823,0.4621326665406034,0.003620977883246461,0.003794282967055
176,7Networks_LH_Default_PFC_11,7networks_lh_default_pfc,7Networks_LH_Default_PFC,default,prefrontal cortex,L,2.0193636962878854,71.52242632017754,0.005840168956899033,0.13005711520092234,-0.09709192306144199,10.020383890369155,-71.42783624835135,0.0024938108121391783,0.19215794840723577,4.689879708571673,0.035448243433801804,0.014648821582498127,0.005689397531211994,0.1031634776855514
177,7Networks_LH_Default_PFC_12,7networks_lh_default_pfc,7Networks_LH_Default_PFC,default,prefrontal cortex,L,-0.7171256328732358,309.89737082572935,0.07376171261303567,0.04561084203009658,-0.037801427994712006,2.397963441625576,254.24161814391846,0.0718281892818539,0.06796993736789891,2.151504247817545,0.14909001105700675,0.13288816478697696,0.10451922414731304,0.2696687849397652
178,7Networks_LH_Default_PFC_13,7networks_lh_default_pfc,7Networks_LH_Default_PFC,default,prefrontal cortex,L,-4.232728911140772,385.1027655699325,1.413223112139129e-09,0.5278267370685621,-0.1635720399834386,9.246695059752714,144.27257777248582,1.100100413186029e-13,0.7071334234939455,30.38785658335605,1.4596712252533572e-06,3.376859436374551e-08,9.988911751729143e-12,8.283634203312801e-05
179,7Networks_LH_Default_PFC_14,7networks_lh_default_pfc,7Networks_LH_Default_PFC,default,prefrontal cortex,L,0.5231737224882829,229.7373051310833,0.2503542678001124,0.007170048458907896,0.005853574335229983,0.04080026662301428,238.35563260675184,0.5104616276936356,-0.013143867479832316,0.03758193050609794,0.8471204789121338,0.3493178164674643,0.547871345089623,0.9006854740658284
180,7Networks_LH_Default_PFC_15,7networks_lh_default_pfc,7Networks_LH_Default_PFC,default,prefrontal cortex,L,-0.054410845782308925,239.38804774624924,0.9218685042646552,-0.020626625473261218,0.025291990268807907,-2.1386390545613665,276.62592022632384,0.7877131372369657,-0.032020569724936054,0.47005966729311127,0.49632773273963304,0.9468933385892607,0.8109337059083501,0.631184287573651
181,7Networks_LH_Default_PFC_16,7networks_lh_default_pfc,7Networks_LH_Default_PFC,default,prefrontal cortex,L,-0.5552581739660494,274.0763251100612,0.41252615120652936,-0.006504284861540199,0.09129018076084608,-8.078176216558193,408.48457348138726,0.08431809587363426,0.06158979105361362,4.483035044553887,0.03955291281704259,0.514524375405946,0.12000130259131646,0.11082153976802771
182,7Networks_LH_Default_PFC_17,7networks_lh_default_pfc,7Networks_LH_Default_PFC,default,prefrontal cortex,L,0.9727155720749789,190.11405944508965,0.08176642838962732,0.04223345153572855,-0.04270245453613897,4.49168182907516,127.2424333017027,0.11266796978528376,0.04994377946175477,1.3895514101676971,0.24441425957767418,0.1444434182447113,0.15594895817841106,0.3802740826228467
183,7Networks_LH_Default_PFC_18,7networks_lh_default_pfc,7Networks_LH_Default_PFC,default,prefrontal cortex,L,-1.8767042073768943,227.36207790827294,0.0005925744252762772,0.2036498398959018,-0.027826225611797352,0.41636184822225797,186.39300311736469,0.002095921655493563,0.19811113771436595,0.6684606593039114,0.41771437427908775,0.0020718304261784152,0.004974025304441273,0.5610719701855202
184,7Networks_LH_Default_PFC_19,7networks_lh_default_pfc,7Networks_LH_Default_PFC,default,prefrontal cortex,L,-0.17771211887975547,252.00322816410758,0.7795121761869778,-0.019150449288198867,0.07195506115864841,-6.107287713261604,357.94401666053716,0.2177779177248776,0.022923431920782944,3.0669273668094,0.08642445967071265,0.8307477182837745,0.26867167023666966,0.19407809129929568
185,7Networks_LH_Default_PFC_20,7networks_lh_default_pfc,7Networks_LH_Default_PFC,default,prefrontal cortex,L,-0.5570806894688847,262.6596585483286,0.2517239431152916,0.007010882181318845,-0.008040765935690947,0.10553190073195573,250.8210877845037,0.5061236183938181,-0.012775989573168944,0.06221133400320506,0.8041212413085234,0.34948828799493087,0.5445026605469039,0.8712912733987341
186,7Networks_LH_Default_PFC_21,7networks_lh_default_pfc,7Networks_LH_Default_PFC,default,prefrontal cortex,L,-2.6099285829340975,341.09344542064133,3.9003807843297665e-07,0.406104668278947,-0.026376838374179812,-0.43630167522257324,302.25833069199217,1.998719614742553e-06,0.4035459041043249,0.7940819231068877,0.37740796246075503,4.024483809285714e-06,1.3691306748420618e-05,0.5240681284456846
187,7Networks_LH_Default_PFC_22,7networks_lh_default_pfc,7Networks_LH_Default_PFC,default,prefrontal cortex,L,-2.1120930223669037,311.164152818266,0.0003609292801187032,0.2190027538488749,-0.0005131957811041754,-2.069802276868856,310.4085650273938,0.001848343296502974,0.20238906341149376,0.00019282031773450975,0.988979728294949,0.0013431302719171415,0.004487421693114172,0.9969433779723371
188,7Networks_LH_Default_PFC_23,7networks_lh_default_pfc,7Networks_LH_Default_PFC,default,prefrontal cortex,L,-0.1601938010951205,216.06569526819547,0.7705465016239336,-0.01900690848861819,-0.08734980125211808,7.038010763510108,87.45894168276018,0.04679951700521913,0.08480687603609871,6.444819816394261,0.01449872039898179,0.8231249687935668,0.07276363260400509,0.05524221707641967
189,7Networks_LH_Default_PFC_24,7networks_lh_default_pfc,7Networks_LH_Default_PFC,default,prefrontal cortex,L,-3.1909138218774205,296.73381319349755,1.1262992340089747e-08,0.4859627503112829,-0.03719226546982558,-0.1260237908150521,241.97494194253633,4.8286457763846116e-08,0.4909368727345803,1.4690142804112167,0.23155926739658786,2.2232167488698893e-07,5.58726095809449e-07,0.3637643854603837
190,7Networks_LH_Default_pCunPCC_1,7networks_lh_default_pcunpcc,7Networks_LH_Default_pCunPCC,default,precuneus posterior cingulate cortex,L,-0.09940510035622863,189.68615000526137,0.8792114123728291,-0.020337151056815772,0.07594930785373584,-6.358133187137557,301.50774295815273,0.20770700446171111,0.024890045817330342,3.2263186224764424,0.0788925563792102,0.9155091312322577,0.2576474864087892,0.1808950535159668
191,7Networks_LH_Default_pCunPCC_2,7networks_lh_default_pcunpcc,7Networks_LH_Default_pCunPCC,default,precuneus posterior cingulate cortex,L,0.680062161171274,262.85420882148117,0.053367788824351135,0.05630008279885157,0.07723583465751732,-5.684684290606054,376.56997935993536,0.0002609758110917027,0.26614015199783614,14.725132052083003,0.000370161238744084,0.10011973605890667,0.000877651986930615,0.0032960292937249053
192,7Networks_LH_Default_pCunPCC_3,7networks_lh_default_pcunpcc,7Networks_LH_Default_pCunPCC,default,precuneus posterior cingulate cortex,L,0.2649151585930847,255.78023634529455,0.5997387148952178,-0.014932340116936782,0.08780910287703372,-6.971138914604529,385.0632283428485,0.022257295910217634,0.1132975699337666,7.941489584024266,0.007046529767224158,0.6875792337435073,0.03798801632796543,0.03046785251733112
193,7Networks_LH_Default_pCunPCC_4,7networks_lh_default_pcunpcc,7Networks_LH_Default_pCunPCC,default,precuneus posterior cingulate cortex,L,2.4183360819317996,95.90915111582656,5.2477866992357375e-05,0.27646309927940826,-0.033427371895778296,5.17297384313804,46.69340341193913,0.00020135227727808227,0.27419529823678646,0.8500223961330071,0.361254690639381,0.000273850018557819,0.0007086351463895298,0.5125300923446218
194,7Networks_LH_Default_pCunPCC_5,7networks_lh_default_pcunpcc,7Networks_LH_Default_pCunPCC,default,precuneus posterior cingulate cortex,L,-0.42402055704574515,295.7814414568234,0.3589419612493706,-0.002907042568006446,0.01513773060296078,-1.6714702359467584,318.0690066440534,0.5840365007421136,-0.018965542942494418,0.24353868164223258,0.6239601237328121,0.4621326665406034,0.6123615966210614,0.7377028546216059
195,7Networks_LH_Default_pCunPCC_6,7networks_lh_default_pcunpcc,7Networks_LH_Default_pCunPCC,default,precuneus posterior cingulate cortex,L,0.8822393628279119,295.16451292598083,0.004672750042029663,0.1374034670614791,0.008234405045110527,0.20366962216566975,307.2881821888689,0.01754162852148182,0.12223594402268956,0.17057311597102767,0.6814811487835531,0.0120535711311447,0.031230977838246063,0.7773596191485441
196,7Networks_LH_Default_pCunPCC_7,7networks_lh_default_pcunpcc,7Networks_LH_Default_pCunPCC,default,precuneus posterior cingulate cortex,L,0.6434913639477857,307.0344593715393,0.009712880304245095,0.11319531251682269,0.016155110732535727,-0.6877972039680955,330.81993243894107,0.021934231865340548,0.11384909122203746,1.0354131305847125,0.31410025909676004,0.022730142567666357,0.03757789157307399,0.4629919403569125
197,7Networks_LH_Default_pCunPCC_8,7networks_lh_default_pcunpcc,7Networks_LH_Default_pCunPCC,default,precuneus posterior cingulate cortex,L,-0.7416235716518109,336.8991280130791,0.009954818093896645,0.11237657629714815,-0.015783747657855868,0.5590622090679993,313.66041977802286,0.02598549086852843,0.10743477256254041,0.7342417428223301,0.3958598179666023,0.023176858536559368,0.04337284137614672,0.544607143505568
198,7Networks_LH_Default_pCunPCC_9,7networks_lh_default_pcunpcc,7Networks_LH_Default_pCunPCC,default,precuneus posterior cingulate cortex,L,-1.8376686918249407,358.8348430863126,2.781473308991704e-05,0.2945777665583178,-0.0348489521016028,1.0341167329113805,307.52607613554085,7.077026999567958e-05,0.3057815833630857,1.774659953900546,0.1892301910533089,0.0001558998620101523,0.0002868723444467726,0.3146905008725357
199,7Networks_LH_Default_pCunPCC_10,7networks_lh_default_pcunpcc,7Networks_LH_Default_pCunPCC,default,precuneus posterior cingulate cortex,L,-1.4173734179829016,255.0270496681266,0.0012346241816778535,0.18050693795729977,-0.034100173777140586,1.392707692882606,204.82072311313965,0.0026549385830795793,0.19000279727931824,1.5627195327661727,0.2174561443883363,0.0038656508860810033,0.005967040181772916,0.3451926208122541
200,7Networks_LH_Default_pCunPCC_11,7networks_lh_default_pcunpcc,7Networks_LH_Default_pCunPCC,default,precuneus posterior cingulate cortex,L,-0.7191415976922206,335.0384733831454,0.01652603894244982,0.0954611914420116,0.0066261057121738964,-1.2651767769284898,344.79421332006234,0.05499996129932936,0.07849728011960522,0.11636967975397336,0.7345260684387307,0.03522451492897755,0.08323327476631842,0.8173402820372151
201,7Networks_RH_Vis_1,7networks_rh_vis,7Networks_RH_Vis,visual,visual,R,-0.9371372531435367,240.15809143510148,0.10717243242190971,0.033443645972064284,0.04273594203874598,-4.458863103075823,303.0790218577753,0.14759785814156612,0.03896340227481121,1.2756901278879529,0.2644336160498646,0.17757767999834675,0.19091005013182627,0.40286195196858565
202,7Networks_RH_Vis_2,7networks_rh_vis,7Networks_RH_Vis,visual,visual,R,0.7657929331875488,199.76014922139387,0.22544169353410975,0.010259728855908534,0.1402837750917661,-10.79452312627414,406.30258705922165,0.0007995773213031913,0.23032912907267522,14.724478357453961,0.0003702587973127096,0.32389407868508174,0.002217072800149221,0.0032960292937249053
203,7Networks_RH_Vis_3,7networks_rh_vis,7Networks_RH_Vis,visual,visual,R,0.19575768842744123,193.03976486607343,0.7096408586532748,-0.01785839270146594,0.04609818112756406,-3.6030390238250387,260.9109830718054,0.3880402811065685,-0.0013908488002718489,1.7893442487559372,0.18744321047327148,0.7877187037373758,0.4317899206430934,0.3140192529699825
204,7Networks_RH_Vis_4,7networks_rh_vis,7Networks_RH_Vis,visual,visual,R,-0.8584886845409652,243.6969345982468,0.14126275049954784,0.024629045451929676,0.06508459388777127,-6.2218920820627535,339.52220504361355,0.07885334448421925,0.06426171785147194,3.0330131955380204,0.08812858024445466,0.22268503030137055,0.11293191922976512,0.195172563077963
205,7Networks_RH_Vis_5,7networks_rh_vis,7Networks_RH_Vis,visual,visual,R,-0.7821890423977491,317.55172604527206,0.16270590630062515,0.020199545823298748,0.13994411029806153,-12.314514463833653,523.5940690254204,7.803713856765003e-05,0.30288803917973994,20.46466054770184,4.122532317471722e-05,0.24955568060974265,0.0003054212147389062,0.0007198575662046775
206,7Networks_RH_Vis_6,7networks_rh_vis,7Networks_RH_Vis,visual,visual,R,-0.20030747671724125,288.0621779944961,0.7456149356754705,-0.018573956240420797,0.14236266780911838,-11.931938122278382,497.6654086400773,0.000984181162870695,0.22349551441390347,15.963641301617765,0.0002260167512571023,0.8078978061972879,0.002675558370917937,0.0022802578904605434
207,7Networks_RH_Vis_7,7networks_rh_vis,7Networks_RH_Vis,visual,visual,R,-0.41095750719037194,145.40873253010577,0.41643663137225695,-0.006740752023753016,-0.02756933440266049,1.8609390042575127,104.8178834930984,0.5147417665746645,-0.013503915776079678,0.6796935314620011,0.41385678670297465,0.5151559418065522,0.5511621745870229,0.5575400034514851
208,7Networks_RH_Vis_8,7networks_rh_vis,7Networks_RH_Vis,visual,visual,R,0.2772373700592965,201.9820479801623,0.5986271992037864,-0.014896420556948176,0.07538901189363847,-5.935318603223337,312.9787066636883,0.077476262414389,0.06496298511428988,5.099571900571206,0.02861473727594482,0.6875792337435073,0.11166420043216702,0.08895314032712329
209,7Networks_RH_Vis_9,7networks_rh_vis,7Networks_RH_Vis,visual,visual,R,0.8230488469279442,273.63311854787025,0.056498480400979545,0.054409873217886484,-0.06508382978607413,6.186389277387576,177.8089731037969,0.009988008491792082,0.14302201629954714,5.963234702428998,0.01842420231553942,0.10426955326034436,0.019134283902294734,0.06527669983597982
210,7Networks_RH_Vis_10,7networks_rh_vis,7Networks_RH_Vis,visual,visual,R,-0.76954200091552,223.30294293105112,0.17806862443369134,0.017406567199649503,-0.007825015688854964,-0.12470866595424646,211.78202530934024,0.3990706227301444,-0.0025859542940607216,0.04283415542782312,0.8369319281199092,0.2678730872626594,0.4397525794162271,0.8927925379761683
211,7Networks_RH_Vis_11,7networks_rh_vis,7Networks_RH_Vis,visual,visual,R,1.4059692914423936,143.19197391768083,0.052562655336944646,0.056804574014849396,0.15843074719218053,-11.649777960014132,376.45253973960826,0.0002745329768025519,0.2645569423852462,14.559328052019946,0.00039579152488801954,0.09901844615341439,0.0009097662150975077,0.003327580598132609
212,7Networks_RH_Vis_12,7networks_rh_vis,7Networks_RH_Vis,visual,visual,R,-1.5386403154888333,227.92011448376638,0.01737328633219794,0.09378897238026296,0.09189562789725993,-9.111451228797165,363.2197740496862,0.004845827538165235,0.1689957567024205,5.344052002837809,0.025224750004096682,0.03668591625496681,0.010138275125930954,0.08064814437929503
213,7Networks_RH_Vis_13,7networks_rh_vis,7Networks_RH_Vis,visual,visual,R,0.319618738495449,196.16216126348655,0.5341423090801318,-0.012561086198412008,-0.05748011464013361,5.056362470543755,111.53310849381137,0.19397941691290851,0.027723135276723876,2.9887777864146443,0.0904080660037991,0.6298717099282594,0.24327805325541565,0.19646770769850175
214,7Networks_RH_Vis_14,7networks_rh_vis,7Networks_RH_Vis,visual,visual,R,-0.720665156213665,243.58645995527587,0.2344576685555634,0.00909691564655457,0.0636109771748235,-5.962632735936591,337.2420968266132,0.1373465086959919,0.04190271308003646,2.6435473707156865,0.11065863528981852,0.3305707500752354,0.18126545043017536,0.22509269803007412
215,7Networks_RH_Vis_15,7networks_rh_vis,7Networks_RH_Vis,visual,visual,R,1.1397995081598609,226.42584661212223,0.013097734347702774,0.10323002549562232,-0.05943340688846904,6.037507512323582,138.92092496511677,0.005883826670143593,0.16210397238758523,4.372673169088497,0.04195169689020161,0.029583937282870943,0.012087137141380957,0.11473536378404536
216,7Networks_RH_Vis_16,7networks_rh_vis,7Networks_RH_Vis,visual,visual,R,0.4123622880273814,309.6767391653526,0.13472172493764026,0.026128424410861717,0.03616376643345748,-2.567772582151843,362.9213319607677,0.042145798748024314,0.08887675226016312,4.3057215302517475,0.04348369387505032,0.21460934428662695,0.06575323928385925,0.11632397565039358
217,7Networks_RH_Vis_17,7networks_rh_vis,7Networks_RH_Vis,visual,visual,R,-0.3342383046528319,209.7939764889108,0.6597535926911369,-0.016676569642988248,0.1186182808647062,-10.109173548083488,384.4379001066077,0.049424980485927805,0.08267870033442293,6.198890465809937,0.01637777857784601,0.7432459828331914,0.07632292904969804,0.0599638022124362
218,7Networks_RH_Vis_18,7networks_rh_vis,7Networks_RH_Vis,visual,visual,R,-0.808440595204905,304.7149618257058,0.08842615961383779,0.03967691769579573,0.10038243386638912,-9.080620763969119,452.50990527726447,0.0006964184495102929,0.2348399690654216,13.24296367689258,0.0006788394752755173,0.15149236401766927,0.001976087350485456,0.004669592754167952
219,7Networks_RH_Vis_19,7networks_rh_vis,7Networks_RH_Vis,visual,visual,R,0.27141120795748375,309.37914576239496,0.39032523680516673,-0.005097971378597244,0.029475421146844982,-2.157559528112362,352.7763621260425,0.2546119001903268,0.01640465533696167,2.0493401457694143,0.1588887777969273,0.4895239157722257,0.30339580757587503,0.2785154637830309
220,7Networks_RH_Vis_20,7networks_rh_vis,7Networks_RH_Vis,visual,visual,R,0.06718985492475138,242.09668219428858,0.8997815574054604,-0.020492553958534776,0.05445384567609604,-4.420169187537965,322.270102308118,0.2999511505293555,0.009521499176830428,2.4545237976394403,0.12389556894576416,0.9326502900960709,0.3473924039294066,0.23733581561762418
221,7Networks_RH_Vis_21,7networks_rh_vis,7Networks_RH_Vis,visual,visual,R,1.3271511219684116,198.19158844084723,0.006247180844618511,0.12783191845143282,-0.11425001528643197,10.742112229519583,29.97914430871856,9.074086635067038e-06,0.36388352409963653,18.81195347137731,7.580964379179579e-05,0.015463868645442821,4.9634160630366694e-05,0.000930204818418251
222,7Networks_RH_Vis_22,7networks_rh_vis,7Networks_RH_Vis,visual,visual,R,0.7842271358427597,283.5650344221946,0.004523912123638579,0.13846719715753564,-0.014856288144921792,2.0084840843982548,261.69184225392416,0.013002986576259442,0.13334801197191903,0.7164710953139527,0.4015931825518173,0.011818519545915672,0.024095330227027704,0.5508256944970545
223,7Networks_RH_Vis_23,7networks_rh_vis,7Networks_RH_Vis,visual,visual,R,0.19406318662131916,250.13517942343142,0.6728544718393472,-0.01700925527810826,-0.002444870200631888,0.3955367513663788,246.5355510907561,0.912679150564552,-0.03850748695591566,0.006347923827189464,0.9368349303146539,0.756128540136296,0.9228426154928877,0.9622693628118844
224,7Networks_RH_Vis_24,7networks_rh_vis,7Networks_RH_Vis,visual,visual,R,0.19508322408150303,310.3874886877708,0.5005384341374004,-0.011127783577152606,0.029533504456642518,-2.2386739630130563,353.870222199752,0.24064363941520162,0.018763424941099616,2.462214154410196,0.12332301376409206,0.5995895754574664,0.28979366656366456,0.23733581561762418
225,7Networks_RH_Vis_25,7networks_rh_vis,7Networks_RH_Vis,visual,visual,R,-0.528822621999959,302.4124392468675,0.23981811412712856,0.008430262293559032,-0.02120433003004371,1.2185551971102697,271.19290573875185,0.3917281314326474,-0.0017939963680242421,0.5101144371644789,0.47862160510765095,0.3370818074728061,0.4348212216305236,0.6166486199355721
226,7Networks_RH_Vis_26,7networks_rh_vis,7Networks_RH_Vis,visual,visual,R,0.23916203128005264,270.8232968085634,0.6184205010371737,-0.015515710913154734,0.04586103390574878,-3.5400921726887535,338.34535870389567,0.3104939787521711,0.008064430190238614,2.1410486803895505,0.1500598060278168,0.7054344408816001,0.3568715603885714,0.27034584101836834
227,7Networks_RH_Vis_27,7networks_rh_vis,7Networks_RH_Vis,visual,visual,R,0.019352318895522025,258.7057980770227,0.9660300525123731,-0.020794356995240237,-0.008060682949357106,0.6836062034854642,246.83790311975955,0.9644964484804194,-0.04095070561592529,0.07055662811582628,0.791689740011918,0.978967955001378,0.966625579713268,0.8598735453717962
228,7Networks_RH_Vis_28,7networks_rh_vis,7Networks_RH_Vis,visual,visual,R,-1.1559640032276892,317.7164085859662,0.010169429037072858,0.11166659458197303,0.09372032663621277,-8.87914222823554,455.7026063892314,0.00010496309524489493,0.29403912642849306,13.399952825071527,0.0006360529244256858,0.023555718279750393,0.0003971103770098525,0.004583619487131132
229,7Networks_RH_Vis_29,7networks_rh_vis,7Networks_RH_Vis,visual,visual,R,1.6930553488886186,182.76884763956593,0.0011961362202163562,0.18151524299726907,-0.07061863225838758,7.512500313638016,78.79570852295436,0.0005015039891913746,0.24545635372087038,5.067588839781288,0.029093334626857058,0.003771151694293234,0.0015178854072858937,0.0892457697337372
230,7Networks_RH_Vis_30,7networks_rh_vis,7Networks_RH_Vis,visual,visual,R,-0.8268610171232811,296.1367693425467,0.04162691431726302,0.06456546878530622,-0.07629615144309856,5.460449288190079,183.8045120562533,0.0013617598022343576,0.21269129681758103,10.030815634082739,0.002703890335715193,0.08110995321904468,0.0034788486304109328,0.013949616050167018
231,7Networks_RH_SomMot_1,7networks_rh_sommot,7Networks_RH_SomMot,somatomotor,somatomotor,R,-1.853352184486286,380.3608149240704,0.00028268009118160014,0.22648454715264843,-0.10988632097302029,7.202011489812669,218.57311991835851,1.4906045551271927e-06,0.4109445229343255,16.030976168197743,0.00022010859500183112,0.0011063513913486765,1.1094007672585992e-05,0.0022802578904605434
232,7Networks_RH_SomMot_2,7networks_rh_sommot,7Networks_RH_SomMot,somatomotor,somatomotor,R,0.8056816774871773,274.1385371944906,0.10201956397201019,0.035034493135791434,0.015534757415992417,-0.47448565133253595,297.0106524182221,0.2375516916491512,0.019303245277258574,0.23003732440916444,0.6337205733603013,0.1709110038497883,0.2875959146899057,0.7472964683261735
233,7Networks_RH_SomMot_3,7networks_rh_sommot,7Networks_RH_SomMot,somatomotor,somatomotor,R,-0.4321037363281466,344.6484702221065,0.17164662898115565,0.018540061906937355,0.012954967277153506,-1.4996792001759793,363.72231195314725,0.3273013110145492,0.005836760244825823,0.38666161109366426,0.5370642645899733,0.26150191126659283,0.37350221610704604,0.6680196606132818
234,7Networks_RH_SomMot_4,7networks_rh_sommot,7Networks_RH_SomMot,somatomotor,somatomotor,R,-0.3156788676069908,301.3684658472565,0.41971430579525293,-0.006936472773122704,0.05192220088013741,-4.594413541553656,377.8144977613128,0.09104416417368051,0.05852004485831652,4.337206309226483,0.04275580707715679,0.5163964629567611,0.12796919670232493,0.11554247864898323
235,7Networks_RH_SomMot_5,7networks_rh_sommot,7Networks_RH_SomMot,somatomotor,somatomotor,R,0.9917618931506342,225.28138117664335,0.05146521396183725,0.05750510610401316,0.01822262223170404,-0.5099033727926106,252.11089027042422,0.13185816800657593,0.043563881323808507,0.30034136479911605,0.5862621179136658,0.09735502974447546,0.1755531034457052,0.7041349246899583
236,7Networks_RH_SomMot_6,7networks_rh_sommot,7Networks_RH_SomMot,somatomotor,somatomotor,R,0.39747036989528617,265.207874601306,0.3886010973461861,-0.0049840152921964975,0.09516619315809649,-7.444856872608241,405.3228488509037,0.003194232113205101,0.18360365696663927,12.088006880077632,0.001103251363694094,0.4887116293494972,0.007039715433956873,0.006956612765515536
237,7Networks_RH_SomMot_7,7networks_rh_sommot,7Networks_RH_SomMot,somatomotor,somatomotor,R,0.6851156307769726,282.8503437636476,0.04046059392563349,0.06551312810098053,-0.027035740828629584,2.9130404829286896,243.04511457129607,0.057571727063515224,0.07670354256491219,1.581763192031407,0.21472005801289581,0.07917719673378278,0.08654822545309905,0.3420452853959814
238,7Networks_RH_SomMot_8,7networks_rh_sommot,7Networks_RH_SomMot,somatomotor,somatomotor,R,0.951277950114795,269.01845812993025,0.009426765084018008,0.11418993394849752,0.004141296366176439,0.6100075868271126,275.11576658003526,0.035106848073405535,0.09593427925221276,0.03074366684662491,0.861566710414505,0.022174877451524227,0.055924593071319695,0.9054427928893178
239,7Networks_RH_SomMot_9,7networks_rh_sommot,7Networks_RH_SomMot,somatomotor,somatomotor,R,0.5022218009086048,225.8451227950089,0.25785110506980213,0.00631137815623295,0.05365678059740239,-3.9194537779915475,304.8450090175443,0.09509918858222167,0.05677265189987302,3.5679292957031685,0.06508494121836123,0.355818850157113,0.1332562704207674,0.1605900180061739
240,7Networks_RH_SomMot_10,7networks_rh_sommot,7Networks_RH_SomMot,somatomotor,somatomotor,R,0.33162369263656455,268.02229639563564,0.35646731640746077,-0.0027231957678417462,0.02289231787646001,-1.5548555513990205,301.7270861253824,0.41361382815352665,-0.0041142208049680384,0.9335043758980623,0.3388994302637002,0.4621326665406034,0.4524835614016894,0.48689981436620217
241,7Networks_RH_SomMot_11,7networks_rh_sommot,7Networks_RH_SomMot,somatomotor,somatomotor,R,1.683437324246659,189.95367906357637,0.00032110894269852044,0.22258904853468453,-0.04338542479376101,5.258684872737277,126.07650297766995,0.0005344319407193593,0.243411734723453,2.3210473687370263,0.13433492517151488,0.0012148621665427357,0.0015755331239388902,0.2507270518302405
242,7Networks_RH_SomMot_12,7networks_rh_sommot,7Networks_RH_SomMot,somatomotor,somatomotor,R,2.44726482795385,141.78916262949605,0.0005743897051127913,0.2046217486987283,-0.16775213473641434,16.271156407245428,-105.19545721191375,6.205358558985384e-07,0.43250682533796614,20.275092929880167,4.417068835909254e-05,0.0020372884853219315,4.857297906516146e-06,0.0007215376667209928
243,7Networks_RH_SomMot_13,7networks_rh_sommot,7Networks_RH_SomMot,somatomotor,somatomotor,R,0.9284754921669847,196.62621577236382,0.08556721639896901,0.040748826449752085,0.05979716233312429,-3.9992083798821856,284.666701395088,0.053791051800366585,0.07936838821064973,3.0135512845579395,0.08912344892860616,0.1494135240197382,0.08168158607644109,0.19589474913625113
244,7Networks_RH_SomMot_14,7networks_rh_sommot,7Networks_RH_SomMot,somatomotor,somatomotor,R,1.0283527715147818,226.7462945656402,0.05421870131364147,0.05577530662985408,0.0631319906678807,-4.174143134417982,319.6967106032016,0.029650246209041435,0.10240970148686457,3.4938448608953525,0.06783543296344366,0.10129749134318199,0.04824807089213194,0.16557680949141623
245,7Networks_RH_SomMot_15,7networks_rh_sommot,7Networks_RH_SomMot,somatomotor,somatomotor,R,0.17851252914575122,131.23896444734564,0.7885252491479038,-0.019288399130724443,-0.18940122065296688,15.786432770555063,-147.62001135034237,1.0115680725363457e-05,0.36093530946095775,29.558514157630132,1.8947508818092498e-06,0.8383851595155698,5.4029635874294226e-05,9.557965559348881e-05
246,7Networks_RH_SomMot_16,7networks_rh_sommot,7Networks_RH_SomMot,somatomotor,somatomotor,R,-0.12639847447055796,352.5114483789472,0.5403001392084752,-0.012806696117562577,-0.019472509915589353,1.4782658493111,323.8417061642448,0.29891173617691363,0.009667796660816297,2.089306850494011,0.15496855901559406,0.6354825471519372,0.3470739852284368,0.2748270538792176
247,7Networks_RH_SomMot_17,7networks_rh_sommot,7Networks_RH_SomMot,somatomotor,somatomotor,R,0.693623140395172,186.145674962882,0.26152393528973616,0.005901604356355339,0.011117170631275125,-0.2225056571115882,202.51369416211625,0.5166354161724498,-0.013662297142221336,0.07358962192916484,0.7873681949554,0.3587065456844115,0.55188818574657,0.8572306007428095
248,7Networks_RH_SomMot_18,7networks_rh_sommot,7Networks_RH_SomMot,somatomotor,somatomotor,R,0.23631659194650112,321.18737099780583,0.41399611521379276,-0.0065935546648083765,-0.033632456030550595,3.0078546498204908,271.66967406900153,0.14875811942012698,0.03864313044435064,3.258641877956597,0.077455982005196,0.5149431131700326,0.1918641653884592,0.17941334607326012
249,7Networks_RH_SomMot_19,7networks_rh_sommot,7Networks_RH_SomMot,somatomotor,somatomotor,R,0.6235982488841736,185.137597272363,0.25659397142342455,0.006453256359406079,0.0432746795448255,-2.942523154555902,248.8517210474933,0.25905227596402786,0.01568073690900973,1.449975006066737,0.23456126930910798,0.3551636067873011,0.30787888295201216,0.3672097112632242
250,7Networks_RH_SomMot_20,7networks_rh_sommot,7Networks_RH_SomMot,somatomotor,somatomotor,R,-1.2719452606907904,345.2017287188928,0.0008583680062586809,0.19202706158952298,0.018820555799942296,-2.8228842293618364,372.9115866396733,0.003015106342415833,0.18560611431991136,0.6215523294554514,0.43442961960102866,0.002886659813640305,0.0066773574607648205,0.5766989687101375
251,7Networks_RH_SomMot_21,7networks_rh_sommot,7Networks_RH_SomMot,somatomotor,somatomotor,R,0.7207012339647685,291.959526722031,0.016190575968718823,0.09614697552337581,-0.0768286630302838,7.051894035662027,178.84324262064732,4.243191579143365e-06,0.3841295052995073,23.444915851954775,1.4322580110149807e-05,0.03467227117829408,2.5685453025747835e-05,0.00030969853200817153
252,7Networks_RH_SomMot_22,7networks_rh_sommot,7Networks_RH_SomMot,somatomotor,somatomotor,R,-1.8331450892928922,379.99705262434816,4.463072636643845e-06,0.3445581460290279,-0.04762139778295982,2.091174805892349,309.8831739174029,3.71585882149837e-06,0.38759756100700693,4.3734220953464105,0.04193489540082668,3.070052995509554e-05,2.2797296012976486e-05,0.11473536378404536
253,7Networks_RH_SomMot_23,7networks_rh_sommot,7Networks_RH_SomMot,somatomotor,somatomotor,R,-1.5161904292696025,363.94992633375966,0.0002457402542437972,0.2307464339126657,-0.04506416223577506,2.197396249300912,297.60111357043877,0.00026434889090574563,0.26573900948254225,3.2875294330567475,0.07619666610004255,0.00101423704933349,0.0008824587975824156,0.17922335330368216
254,7Networks_RH_SomMot_24,7networks_rh_sommot,7Networks_RH_SomMot,somatomotor,somatomotor,R,-2.578385533438278,352.4795255363031,9.573518284138013e-08,0.4390692179238599,0.005810256579947215,-3.0571893181728775,361.0340754669787,7.573725074215783e-07,0.4276742201177195,0.04432071047499904,0.8341681254327779,1.2073270280551826e-06,5.827917260498246e-06,0.8927925379761683
255,7Networks_RH_SomMot_25,7networks_rh_sommot,7Networks_RH_SomMot,somatomotor,somatomotor,R,-1.1649287693226107,342.19776754644766,0.004460324315800733,0.13893215066438547,-0.05618473335101709,3.465066929249149,259.47592898745967,0.0016371998519159113,0.20649556555553805,5.086989024889077,0.02880200799138133,0.011773181624264724,0.004039612678096868,0.08895314032712329
256,7Networks_RH_SomMot_26,7networks_rh_sommot,7Networks_RH_SomMot,somatomotor,somatomotor,R,-2.1943070051097404,388.69900396563645,2.180909234569883e-08,0.4718994545259658,-0.09771437387860418,5.858007276068387,244.83229536387068,5.463252346978301e-13,0.6864638382746976,33.84817407748471,5.071441314137765e-07,3.8082030480566416e-07,2.755907295031276e-11,3.289191938026493e-05
257,7Networks_RH_SomMot_27,7networks_rh_sommot,7Networks_RH_SomMot,somatomotor,somatomotor,R,-2.731875770909167,337.13329704051455,6.160392031588954e-07,0.3949899116004708,-0.11547166419025043,6.7837573311943915,167.1221962739217,2.180778678642867e-09,0.5538010924738859,18.084167068422907,9.968819945993105e-05,5.950676558173159e-06,3.00022278819352e-08,0.0011910116461791762
258,7Networks_RH_SomMot_28,7networks_rh_sommot,7Networks_RH_SomMot,somatomotor,somatomotor,R,-2.7830387315383684,358.9123268253069,3.600249854273406e-06,0.3502111773048777,-0.08123508542360981,3.91127258136956,239.3083842426383,1.5824639889647387e-06,0.4094436222728771,5.814370762375721,0.019856788263268175,2.63631199006472e-05,1.1496261376238876e-05,0.06881665550781489
259,7Networks_RH_SomMot_29,7networks_rh_sommot,7Networks_RH_SomMot,somatomotor,somatomotor,R,-2.4583611965270826,378.19617479231516,9.695754212871115e-09,0.4891010624248405,-0.024776988062932104,-0.41657259466211194,341.71654973625743,4.995291573919361e-08,0.4902013471619069,1.1035971105164069,0.2988497496553024,2.00085109665613e-07,5.58726095809449e-07,0.4463085077089056
260,7Networks_RH_SomMot_30,7networks_rh_sommot,7Networks_RH_SomMot,somatomotor,somatomotor,R,-3.838883528786122,344.6476506824084,6.110320422638133e-12,0.6224778918296705,-0.045064003587359874,-0.12530992390009255,278.29907150012826,1.9520116470096093e-11,0.6349317457008706,2.6374608823910375,0.11105895233201894,4.623475786462854e-10,5.513190011442192e-10,0.22509269803007412
261,7Networks_RH_SomMot_31,7networks_rh_sommot,7Networks_RH_SomMot,somatomotor,somatomotor,R,-0.7640777325005574,250.17106406053608,0.2075595613180312,0.01273540081525748,0.04354617788988732,-4.352572405240583,314.28491995024206,0.2514537821839003,0.016926919680995023,1.2046571201910268,0.27798425369670837,0.30202577191790436,0.30042109766181774,0.4220898032719251
262,7Networks_RH_SomMot_32,7networks_rh_sommot,7Networks_RH_SomMot,somatomotor,somatomotor,R,-3.7447046668801027,359.2316764692593,3.218087207750658e-10,0.5556318335705204,-0.06329546668730415,1.4712627502903146,266.0405716167828,4.145260243183191e-10,0.5842376991324973,4.302563854659049,0.043557435816226675,1.1238550710144606e-08,8.664050272851269e-09,0.11632397565039358
263,7Networks_RH_SomMot_33,7networks_rh_sommot,7Networks_RH_SomMot,somatomotor,somatomotor,R,-3.6359691612937617,352.7564513045147,7.429164938611744e-10,0.5401123051744448,-0.11757344961995812,6.05286503866091,179.65085235964094,2.435369715920505e-12,0.6658745978435084,19.0668396031971,6.893389627526208e-05,1.984024048311607e-08,1.0334406225857716e-10,0.0008693330252491384
264,7Networks_RH_SomMot_34,7networks_rh_sommot,7Networks_RH_SomMot,somatomotor,somatomotor,R,-2.492908217696944,328.9191042568519,1.6319817884072888e-06,0.3706463257258309,0.030395952763465905,-4.997736881199245,373.671636615376,7.042963116071036e-06,0.3707057382581205,1.0045317456765075,0.3213488057373041,1.4248456383402098e-05,4.047475005944621e-05,0.4687747870108025
265,7Networks_RH_SomMot_35,7networks_rh_sommot,7Networks_RH_SomMot,somatomotor,somatomotor,R,-2.3079547887036744,260.4048730973483,0.0005978189115184414,0.2033749158411935,-0.03898294447554368,0.9044991017829593,203.00955150147627,0.001913766756684221,0.20120759943514643,0.8697644251288725,0.3557869249736004,0.0020718304261784152,0.0045970905160562766,0.5063550593668169
266,7Networks_RH_SomMot_36,7networks_rh_sommot,7Networks_RH_SomMot,somatomotor,somatomotor,R,-3.0069536674942148,294.31037417327366,2.784487149758553e-06,0.35691342327563924,0.04881763141392104,-7.02985116971848,366.1854901309417,8.31637986719363e-06,0.3662394318938357,1.7063368032049093,0.197818087587392,2.1426392643904797e-05,4.719545574632385e-05,0.3277715757834889
267,7Networks_RH_SomMot_37,7networks_rh_sommot,7Networks_RH_SomMot,somatomotor,somatomotor,R,-0.9253776703923653,229.4304145802911,0.07463229723883179,0.04522547644364483,-0.07562630142256452,5.306732538226023,118.08439006493771,0.015489339807652278,0.12687113519777204,5.488445839075315,0.023427578535428158,0.13392514998588786,0.027888935135694563,0.0765188536337006
268,7Networks_RH_SomMot_38,7networks_rh_sommot,7Networks_RH_SomMot,somatomotor,somatomotor,R,-0.20065945310444233,199.14229495140683,0.7580875846991656,-0.018796831389850777,-0.07279354040577612,5.798012407753692,91.96699770538065,0.22555975885304375,0.02146257554429787,2.9748366128296357,0.09114008625890128,0.8155728991787232,0.2767679203223834,0.19672666167522457
269,7Networks_RH_SomMot_39,7networks_rh_sommot,7Networks_RH_SomMot,somatomotor,somatomotor,R,-2.7374403768783404,311.1016486294477,7.1345490688255875e-06,0.3320579091983257,-0.09065375718197251,4.7330321301219085,177.63041865096966,1.7242814359511503e-06,0.40728283410757427,7.0919382859569,0.010570109593945757,4.6272646817811666e-05,1.223162143627847e-05,0.042467519961516584
270,7Networks_RH_SomMot_40,7networks_rh_sommot,7Networks_RH_SomMot,somatomotor,somatomotor,R,0.16850286439402318,171.2957070188418,0.7366664774234231,-0.018406173200812947,-0.06494925115322991,5.520753120458954,75.66970422448028,0.13284663314750192,0.04325987076136717,4.093807837390675,0.048748415194906886,0.801708403124859,0.17583781763546902,0.12574875283231662
271,7Networks_RH_DorsAttn_Post_1,7networks_rh_dorsattn_post,7Networks_RH_DorsAttn_Post,dorsal attention,posterior,R,0.42096683107413346,264.7161101366701,0.36466705894070117,-0.00332588604417694,-0.06436227402982789,5.724846268334289,169.9543247897174,0.06840808324101212,0.06990282528892089,4.779151511862818,0.03382139431065173,0.463750265431592,0.10050896372627671,0.09906395494861862
272,7Networks_RH_DorsAttn_Post_2,7networks_rh_dorsattn_post,7Networks_RH_DorsAttn_Post,dorsal attention,posterior,R,-0.041982825332017804,294.9786596182575,0.9107435741610824,-0.020563313186815924,0.004571150586393735,-0.4186760352172936,301.70885051325314,0.9773581655792767,-0.04153765858265657,0.033382450740788945,0.8558124777404671,0.938705467599726,0.9773581655792767,0.9027196140073829
273,7Networks_RH_DorsAttn_Post_3,7networks_rh_dorsattn_post,7Networks_RH_DorsAttn_Post,dorsal attention,posterior,R,1.8759298483892364,155.00708330364964,0.004607452503266672,0.1378659921066423,0.0005672690128266655,1.8291831089694597,155.84228412956764,0.018859474048986538,0.11952606894441398,0.0001790163945469889,0.9893814961581769,0.011953048208474681,0.033446098508749564,0.9969433779723371
274,7Networks_RH_DorsAttn_Post_4,7networks_rh_dorsattn_post,7Networks_RH_DorsAttn_Post,dorsal attention,posterior,R,0.9268235532717437,249.54550206529987,0.026459931012170444,0.07970839435879018,-0.027861094609585968,3.2227630461934993,208.52508899380072,0.051431639580666454,0.08112388824562922,1.073942184043243,0.3053593018940905,0.054111750808672886,0.07888501476223841,0.45157369074891557
275,7Networks_RH_DorsAttn_Post_5,7networks_rh_dorsattn_post,7Networks_RH_DorsAttn_Post,dorsal attention,posterior,R,-0.6310056964801336,301.893691396809,0.10320564176785733,0.034660874201210556,-0.044415188486813556,3.0291012290157777,236.50037487755063,0.05618635866952297,0.07766003760336693,3.237743052941635,0.07838145275028906,0.17226235795076186,0.0847462021128353,0.1806354291808692
276,7Networks_RH_DorsAttn_Post_6,7networks_rh_dorsattn_post,7Networks_RH_DorsAttn_Post,dorsal attention,posterior,R,1.4809188077939481,175.4629815650094,0.01380738434532047,0.10146818333009977,-0.0412384480629755,4.879241194668758,114.74683965905281,0.02824176158884241,0.10426669273460654,1.1499647834090552,0.2890320203567078,0.030879568929928543,0.04628794137665868,0.434505090205117
277,7Networks_RH_DorsAttn_Post_7,7networks_rh_dorsattn_post,7Networks_RH_DorsAttn_Post,dorsal attention,posterior,R,0.12902184635977432,131.8221305149861,0.8373347406986746,-0.019927937813101648,-0.06144117151081055,5.192183008539134,41.36113929092525,0.3274314581731373,0.005819941478897861,2.2431331683059974,0.14089526728773188,0.8820184971628731,0.37350221610704604,0.25792923930899303
278,7Networks_RH_DorsAttn_Post_8,7networks_rh_dorsattn_post,7Networks_RH_DorsAttn_Post,dorsal attention,posterior,R,0.019795421797141888,222.28898342038957,0.9723152694734722,-0.02080745081773938,0.014165925074274222,-1.147571018307314,243.14574106862904,0.9326329809381815,-0.039463678702545746,0.1384990579098868,0.7114505302366683,0.9815398420518529,0.9367596755441027,0.7995013384342757
279,7Networks_RH_DorsAttn_Post_9,7networks_rh_dorsattn_post,7Networks_RH_DorsAttn_Post,dorsal attention,posterior,R,0.18141001728387174,270.82634765464957,0.6324009449301111,-0.015927850440110358,0.020981832750985807,-1.5476325462593739,301.7182942383504,0.6317816323325254,-0.022378507783173518,0.6971458710156094,0.40796862641117215,0.7177750724956762,0.6593766921355552,0.556209478650667
280,7Networks_RH_DorsAttn_Post_10,7networks_rh_dorsattn_post,7Networks_RH_DorsAttn_Post,dorsal attention,posterior,R,-2.3377528354592125,260.3461841263796,0.0007934801900764323,0.19450292164248928,0.10213663488563748,-10.75449083495665,410.72387069798896,0.00021370564958726328,0.2723539440516479,6.135531272507657,0.01690292823953071,0.0026897278522564367,0.0007350179160046783,0.06090420175195986
281,7Networks_RH_DorsAttn_Post_11,7networks_rh_dorsattn_post,7Networks_RH_DorsAttn_Post,dorsal attention,posterior,R,0.06922949149276025,250.30514619527372,0.8841202845623394,-0.020376933540570352,0.10273125233990843,-8.396508940886882,401.5582992169831,0.0026424670424880364,0.190165075345321,13.479106690579053,0.0006155627598346545,0.9185139798427965,0.005967040181772916,0.004507507951047308
282,7Networks_RH_DorsAttn_Post_12,7networks_rh_dorsattn_post,7Networks_RH_DorsAttn_Post,dorsal attention,posterior,R,-2.4683802657160703,277.68239225409906,4.475247217500286e-05,0.2810447229628641,-0.07953875741854101,4.086142337725828,160.57598526533707,2.3015232842377858e-05,0.33818413452702534,5.144191607010888,0.02796116919417494,0.00023903085138177996,0.00011235393237031771,0.08754738492520982
283,7Networks_RH_DorsAttn_Post_13,7networks_rh_dorsattn_post,7Networks_RH_DorsAttn_Post,dorsal attention,posterior,R,-1.3871980458704227,338.90026798471513,0.00031351375194545584,0.22332178775310796,-0.040042226432850936,1.912547722914562,279.94534566041614,0.00038606360822747096,0.2538095900665994,2.9611810759913206,0.09186355126684495,0.0011960944822120754,0.0012256844624844183,0.19672666167522457
284,7Networks_RH_DorsAttn_Post_14,7networks_rh_dorsattn_post,7Networks_RH_DorsAttn_Post,dorsal attention,posterior,R,-1.9421640880865856,311.54215935697164,2.976277035401785e-06,0.3551820463689511,-0.006011880984722412,-1.4467451114461394,302.6907540268643,1.9880237884777018e-05,0.3422951337436728,0.05949942329865942,0.8083505283613217,2.2520496234540172e-05,9.918272527130512e-05,0.8737884282762859
285,7Networks_RH_DorsAttn_Post_15,7networks_rh_dorsattn_post,7Networks_RH_DorsAttn_Post,dorsal attention,posterior,R,-1.720388778364585,286.5341015017529,0.004446538169585498,0.13903381140080573,0.09868453357934541,-9.852650671171084,431.8291944591101,0.0005535934946793786,0.24227676608568605,7.540200436079887,0.008523327053518959,0.011773181624264724,0.0016214932037705672,0.03582954150275563
286,7Networks_RH_DorsAttn_Post_16,7networks_rh_dorsattn_post,7Networks_RH_DorsAttn_Post,dorsal attention,posterior,R,-1.4592484667789538,272.2795672225758,0.004929283114048735,0.1356457092287685,-0.024835341261792876,0.5873488267645879,235.7140276554448,0.015135385289881339,0.12772959802061912,0.5643858405272982,0.45624382029585275,0.012572441201000708,0.027376354269347123,0.5969299550844875
287,7Networks_RH_DorsAttn_Post_17,7networks_rh_dorsattn_post,7Networks_RH_DorsAttn_Post,dorsal attention,posterior,R,-3.581763170823797,404.3139910406063,3.229875569710936e-08,0.46336775348143366,-0.16839856013362617,10.295398160409658,156.37762694129577,2.0466898812942191e-13,0.699293379488422,38.65939715284528,1.2595852768106852e-07,4.88309468498789e-07,1.3274245801536793e-11,1.660790048761001e-05
288,7Networks_RH_DorsAttn_Post_18,7networks_rh_dorsattn_post,7Networks_RH_DorsAttn_Post,dorsal attention,posterior,R,-1.6168963431910566,285.3637295670354,0.0013062045581635775,0.17871046341509422,-0.09031568656089932,5.825716896210596,152.39024731592002,7.238864759068695e-05,0.3051133207544391,9.731405182318182,0.003092006537288775,0.0040617593794949605,0.0002870429596860816,0.015426054592627515
289,7Networks_RH_DorsAttn_Post_19,7networks_rh_dorsattn_post,7Networks_RH_DorsAttn_Post,dorsal attention,posterior,R,-3.3825189523905284,356.2780992232761,4.305222337996522e-08,0.4570406373798426,-0.13013468436482536,7.341444532135806,164.67835835243164,9.822111580574709e-11,0.6089479208770925,19.64598092464371,5.5626778783451036e-05,5.922942246819457e-07,2.3795447557166097e-09,0.0007652896232632356
290,7Networks_RH_DorsAttn_FEF_1,7networks_rh_dorsattn_fef,7Networks_RH_DorsAttn_FEF,dorsal attention,frontal eye fields,R,-2.4076387261833787,328.580967119603,0.0011657246251989815,0.1823345453095988,0.10419258932376954,-10.99380104501581,481.9856740394865,0.00039768216999513364,0.2528674948836508,5.531433924196973,0.022919491872960943,0.0037009718869953677,0.0012538035081791018,0.07595218474689247
291,7Networks_RH_DorsAttn_FEF_2,7networks_rh_dorsattn_fef,7Networks_RH_DorsAttn_FEF,dorsal attention,frontal eye fields,R,-1.7962188294644754,338.8178447054214,0.0005941149953776108,0.20356883666960612,-0.005943763433902516,-1.3064131920442108,330.066730125237,0.002880165804785741,0.18719132890860712,0.03283466271048486,0.8569871225488591,0.0020718304261784152,0.00644135603631885,0.9027196140073829
292,7Networks_RH_DorsAttn_FEF_3,7networks_rh_dorsattn_fef,7Networks_RH_DorsAttn_FEF,dorsal attention,frontal eye fields,R,-1.888680778310845,224.6141931001357,0.004038688555348635,0.142190048941225,0.12487593583055329,-12.179288409007443,408.47137969816345,0.00012556709505016496,0.28863427041336953,10.88144682587906,0.0018568160503342015,0.01078567414193106,0.00046727427174405656,0.010407339343848488
293,7Networks_RH_DorsAttn_PrCv_1,7networks_rh_dorsattn_prcv,7Networks_RH_DorsAttn_PrCv,dorsal attention,precentral ventral,R,-0.4364806200137581,314.92279859773,0.3985422224957096,-0.005631475718893997,0.06254775099178417,-5.59083129100595,407.01302758298635,0.12692968867732932,0.045113010780330476,3.550810074345306,0.06570940729890584,0.49845225623430345,0.17049135698079146,0.16125443737136894
294,7Networks_RH_SalVentAttn_TempOccPar_1,7networks_rh_salventattn_tempoccpar,7Networks_RH_SalVentAttn_TempOccPar,salience / ventral attention,temporal occipital parietal,R,0.5697828206471902,270.7768008688529,0.24693397144720125,0.007572104131373214,0.05527979554219359,-3.985639983965619,352.166282489183,0.11749863939533037,0.04824503437344929,3.051263951467218,0.08720689564990379,0.34601241678095485,0.1611612757869486,0.19407809129929568
295,7Networks_RH_SalVentAttn_TempOccPar_2,7networks_rh_salventattn_tempoccpar,7Networks_RH_SalVentAttn_TempOccPar,salience / ventral attention,temporal occipital parietal,R,2.395549460512423,169.65195233617482,1.6498643180479894e-05,0.30918131598881227,-0.00958594323465628,3.1854949367313736,155.53838800298496,9.929697968914561e-05,0.295704238466442,0.08149422954755368,0.776536934413116,9.727771433685548e-05,0.0003828187272497839,0.8524295178631918
296,7Networks_RH_SalVentAttn_TempOccPar_3,7networks_rh_salventattn_tempoccpar,7Networks_RH_SalVentAttn_TempOccPar,salience / ventral attention,temporal occipital parietal,R,0.38470319214695303,206.26906747987738,0.5340082814914302,-0.012555683819577945,0.00387234938605982,0.06559584871926027,211.97040023795216,0.822228770621269,-0.033905602947076785,0.008810751002001316,0.9256149366257507,0.6298717099282594,0.8407474366262525,0.9529006377054213
297,7Networks_RH_SalVentAttn_TempOccPar_4,7networks_rh_salventattn_tempoccpar,7Networks_RH_SalVentAttn_TempOccPar,salience / ventral attention,temporal occipital parietal,R,-0.8393691105400354,322.50187602787344,0.10823041678724576,0.03312708320853719,0.10362716924663706,-9.378937054550864,475.0741043446048,0.0018356513550209714,0.20262289347876394,11.203201002929998,0.0016138850428830207,0.17803119283119415,0.004481033764236595,0.009158797618361142
298,7Networks_RH_SalVentAttn_TempOccPar_5,7networks_rh_salventattn_tempoccpar,7Networks_RH_SalVentAttn_TempOccPar,salience / ventral attention,temporal occipital parietal,R,0.9443158814213461,214.01274684515806,0.06312719853934894,0.05073970457277399,-0.0010847544248610563,1.0337068604569524,212.41564252415543,0.18108661611382232,0.030564502759644063,0.0010581521030017728,0.9741877422396887,0.11509939010788922,0.22900647274561373,0.9872348995018274
299,7Networks_RH_SalVentAttn_TempOccPar_6,7networks_rh_salventattn_tempoccpar,7Networks_RH_SalVentAttn_TempOccPar,salience / ventral attention,temporal occipital parietal,R,-0.9649046540327282,271.65506206013765,0.056320660025894746,0.05451432596992334,-0.00682244776863658,-0.4026895835231006,261.6102440244593,0.16152792565697396,0.035268117642162755,0.04240958899931909,0.8377304431230125,0.10426955326034436,0.20657374154441177,0.8927925379761683
300,7Networks_RH_SalVentAttn_TempOccPar_7,7networks_rh_salventattn_tempoccpar,7Networks_RH_SalVentAttn_TempOccPar,salience / ventral attention,temporal occipital parietal,R,-0.2560989208775206,286.49443563763816,0.6015901656280788,-0.01499186505536021,0.09033319784850363,-7.700155206841412,419.4937000865188,0.013719545641518074,0.1313674832436822,9.087710951217915,0.004139603927911878,0.6879645722799691,0.025115619843746797,0.019993406205021196
301,7Networks_RH_SalVentAttn_PrC_1,7networks_rh_salventattn_prc,7Networks_RH_SalVentAttn_PrC,salience / ventral attention,precentral,R,1.1214997893686007,220.87525348506026,0.06770644209290327,0.04842927784761997,-0.04993971366615679,5.236864331861856,147.34807474480272,0.08791227310002415,0.059921416936972394,1.5867835798275347,0.21400576851667028,0.12246503868596847,0.12433698438445782,0.3420452853959814
302,7Networks_RH_SalVentAttn_FrOperIns_1,7networks_rh_salventattn_froperins,7Networks_RH_SalVentAttn_FrOperIns,salience / ventral attention,frontal operculum insula,R,1.0579160296881263,205.74499710786432,0.044766663000160224,0.062142497103668926,-0.07747356012490694,7.442252641029848,91.67921889719372,0.009453681097216867,0.14502467377056583,5.653168761671919,0.02154379537663582,0.08600619811289471,0.01849987594024335,0.07245098593327899
303,7Networks_RH_SalVentAttn_FrOperIns_2,7networks_rh_salventattn_froperins,7Networks_RH_SalVentAttn_FrOperIns,salience / ventral attention,frontal operculum insula,R,-1.132025949516521,326.8715224453596,0.015123356895569548,0.09842656204162847,0.04927255190835686,-5.192411926043469,399.41642639441784,0.013686100379036174,0.13145769651748263,2.8254660118266948,0.09941491681289943,0.032760660600059756,0.025115619843746797,0.2079924987698449
304,7Networks_RH_SalVentAttn_FrOperIns_3,7networks_rh_salventattn_froperins,7Networks_RH_SalVentAttn_FrOperIns,salience / ventral attention,frontal operculum insula,R,-0.3898601632772527,296.36382884265777,0.3789805109754377,-0.004334921279887771,0.02857661849196494,-2.744763582875869,338.4377211700605,0.4244384034506121,-0.005218675537679962,0.9578000236104515,0.33275265433768086,0.47926783282130564,0.46209840567524674,0.4795863652993877
305,7Networks_RH_SalVentAttn_FrOperIns_4,7networks_rh_salventattn_froperins,7Networks_RH_SalVentAttn_FrOperIns,salience / ventral attention,frontal operculum insula,R,-0.4728342640345753,307.94339144868957,0.17541014239209804,0.017870148361369353,0.02376037061257777,-2.4308468267254373,342.9262315315316,0.23609850244496902,0.019559284192623316,1.0826959943553827,0.30341845390094235,0.26545401548670833,0.28660085590913353,0.4501698629772151
306,7Networks_RH_SalVentAttn_FrOperIns_5,7networks_rh_salventattn_froperins,7Networks_RH_SalVentAttn_FrOperIns,salience / ventral attention,frontal operculum insula,R,-0.8496054731263643,321.50231831883576,0.10757078042372006,0.03332406620279682,0.13588480951143275,-12.047417512361426,521.5680764812537,2.773615749867577e-05,0.33290866664928476,22.556359830373168,1.9526097439232514e-05,0.1775895793177051,0.00013116891150415417,0.000402947647155071
307,7Networks_RH_SalVentAttn_FrOperIns_6,7networks_rh_salventattn_froperins,7Networks_RH_SalVentAttn_FrOperIns,salience / ventral attention,frontal operculum insula,R,1.2033045236899067,221.59644577066248,0.0031426732912943713,0.15038960230278808,0.02063835259185326,-0.49743299034113875,251.9826800624762,0.00973617506038877,0.1439527679158764,0.6390759306358147,0.42806741990545194,0.008595022134021956,0.018864688948457387,0.5715959077561035
308,7Networks_RH_SalVentAttn_FrOperIns_7,7networks_rh_salventattn_froperins,7Networks_RH_SalVentAttn_FrOperIns,salience / ventral attention,frontal operculum insula,R,-0.03120941150242995,280.4592075053445,0.939452064743635,-0.020709349734065352,-0.054793905894441775,4.484172854605987,199.78511034271415,0.12452037502787491,0.04589139123621533,4.3505992265550795,0.04245020798815823,0.9563032228556284,0.1689565880649504,0.1154035594408613
309,7Networks_RH_SalVentAttn_FrOperIns_8,7networks_rh_salventattn_froperins,7Networks_RH_SalVentAttn_FrOperIns,salience / ventral attention,frontal operculum insula,R,-0.26732142365805434,270.84999565223285,0.6897034730518123,-0.017413431808537938,0.06818406444430761,-5.886141808833052,371.23867483346356,0.2804149803691068,0.01235606466291539,2.4468127424303634,0.12447271928360373,0.7687053934225647,0.32811443579271776,0.2374395569527567
310,7Networks_RH_SalVentAttn_PFCl_1,7networks_rh_salventattn_pfcl,7Networks_RH_SalVentAttn_PFCl,salience / ventral attention,lateral prefrontal cortex,R,0.005714929095469223,298.6595843082117,0.986027052924738,-0.02082674195741574,-0.035826600939310616,2.958065120154039,245.9114066047891,0.24912340548662795,0.017316341353381448,2.86313060445088,0.09725152239319307,0.990390004486352,0.298422232429892,0.20535902868144024
311,7Networks_RH_SalVentAttn_Med_1,7networks_rh_salventattn_med,7Networks_RH_SalVentAttn_Med,salience / ventral attention,medial,R,-1.9643132865649262,374.60801846510697,2.5929439678838956e-05,0.29655597674914536,0.0502026608793093,-6.101346428217852,448.52233932777244,3.1267612160193776e-05,0.3294979269785495,3.3582531279673224,0.07320838006980772,0.00014714957017741107,0.00014485199919110178,0.17401363639629688
312,7Networks_RH_SalVentAttn_Med_2,7networks_rh_salventattn_med,7Networks_RH_SalVentAttn_Med,salience / ventral attention,medial,R,-2.98250008857259,388.6883052338926,1.8910727323369805e-12,0.6402907077291533,0.03010641609591702,-5.463469005033765,433.0145473167256,8.175059275286957e-12,0.6482052737569888,2.0798887561312234,0.15588207473315627,2.1463675512024726e-10,2.6510549364144846e-10,0.2753714471939804
313,7Networks_RH_SalVentAttn_Med_3,7networks_rh_salventattn_med,7Networks_RH_SalVentAttn_Med,salience / ventral attention,medial,R,-1.7227663284355152,374.1825434961714,9.1333235398633e-05,0.260324544043978,0.007700346940966024,-2.357326129430941,385.51990897799203,0.0004948534717255301,0.2458848725009274,0.0809039511446764,0.7773255955844964,0.0004411200943721211,0.001507808564854971,0.8524295178631918
314,7Networks_RH_SalVentAttn_Med_4,7networks_rh_salventattn_med,7Networks_RH_SalVentAttn_Med,salience / ventral attention,medial,R,-4.172391003673384,323.5307398600534,2.394829954006283e-13,0.6696841089361641,-0.017550792682209937,-2.726088960777288,297.69037803490204,2.5039310238862308e-12,0.665479622746793,0.3967024109354772,0.5318473819354519,4.724608142773665e-11,1.0334406225857716e-10,0.665175513495028
315,7Networks_RH_SalVentAttn_Med_5,7networks_rh_salventattn_med,7Networks_RH_SalVentAttn_Med,salience / ventral attention,medial,R,-2.5417871884898746,327.8952645373654,7.610878155943131e-07,0.38978252943787084,-0.016030814223177203,-1.2207414796103278,304.29279555608923,4.857900500942707e-06,0.38057368350067355,0.28639679456379347,0.5950620301168348,7.051711597547309e-06,2.8642686070493363e-05,0.7109425307185342
316,7Networks_RH_SalVentAttn_Med_6,7networks_rh_salventattn_med,7Networks_RH_SalVentAttn_Med,salience / ventral attention,medial,R,-2.8293877350268093,381.4823778839812,4.652959640443591e-08,0.4553183290250341,0.05812249781202228,-7.619068112767202,467.0572234672746,5.003941899281545e-08,0.4901638116237562,4.2806285682968115,0.04407346798152736,6.213069637533501e-07,5.58726095809449e-07,0.11637263497307682
317,7Networks_RH_SalVentAttn_Med_7,7networks_rh_salventattn_med,7Networks_RH_SalVentAttn_Med,salience / ventral attention,medial,R,-2.205533570749668,290.36936743375026,0.0002784511419968594,0.226944178209743,-0.061363989113915746,2.851267248604856,200.02201330280784,0.0003739447258410542,0.25482163115954326,2.79570126770133,0.10116291776974981,0.0010992766823180362,0.0011955697572664692,0.21067873700672665
318,7Networks_RH_SalVentAttn_Med_8,7networks_rh_salventattn_med,7Networks_RH_SalVentAttn_Med,salience / ventral attention,medial,R,-2.2731927020190685,233.5571737380706,0.00026046936190059715,0.22897720309567848,0.0740779951589362,-8.37771217712158,342.6235978506026,0.00020342323909194204,0.273879188325585,3.968232360763033,0.0521937887730657,0.0010464875248041691,0.0007104165426749361,0.13387559380210073
319,7Networks_RH_Limbic_OFC_1,7networks_rh_limbic_ofc,7Networks_RH_Limbic_OFC,limbic,orbital frontal cortex,R,2.400676558557334,18.830251482579712,7.869356049112915e-05,0.26469260206202494,0.012375161619759989,1.38088093701972,37.05043445035703,0.0004243498144496557,0.25080112525631204,0.10999481025337401,0.7416244432707175,0.00038415996196744767,0.0013174994985493973,0.8212777435852522
320,7Networks_RH_Limbic_OFC_2,7networks_rh_limbic_ofc,7Networks_RH_Limbic_OFC,limbic,orbital frontal cortex,R,0.9833071127631792,176.61082573534765,0.12453283580182478,0.028628851350900986,-0.019577729057784682,2.596642193647776,147.7861674006425,0.2795056929915344,0.012492556778310515,0.2156594415557657,0.6445113500415338,0.1997805917103479,0.3278955674887768,0.7580522096343429
321,7Networks_RH_Limbic_OFC_3,7networks_rh_limbic_ofc,7Networks_RH_Limbic_OFC,limbic,orbital frontal cortex,R,3.447526928615643,-8.772855947790788,2.827675948821039e-08,0.46627170179189237,0.05726342210957172,-1.2713598977473968,75.53715633774036,6.065607610935401e-08,0.4859723381839596,2.839649141601361,0.09859396617921411,4.5848745741598276e-07,6.258604216737891e-07,0.20722991039520003
322,7Networks_RH_Limbic_OFC_4,7networks_rh_limbic_ofc,7Networks_RH_Limbic_OFC,limbic,orbital frontal cortex,R,1.0666150887741557,184.28448491060342,0.1216219748846022,0.029383924509948867,0.09878528817082953,-7.073949652463874,329.72792074606514,0.025415909132874927,0.10827616034862186,5.246636853105533,0.026520653419612277,0.19720134499146214,0.04270989804916905,0.08419843812939842
323,7Networks_RH_Limbic_OFC_5,7networks_rh_limbic_ofc,7Networks_RH_Limbic_OFC,limbic,orbital frontal cortex,R,1.7060144481330544,17.16007718114559,0.00016848962819310817,0.24213759517306355,0.03497940366911882,-1.176521053367292,68.6609104258116,0.00041435057529991883,0.2515609608179543,1.6043532302231265,0.21152869462095805,0.0007426630213560303,0.0012973459392149184,0.34101958928253767
324,7Networks_RH_Limbic_OFC_6,7networks_rh_limbic_ofc,7Networks_RH_Limbic_OFC,limbic,orbital frontal cortex,R,0.34980705811973367,146.67754624674114,0.5680798430932655,-0.013853615717983825,0.14330070755886326,-11.459124301485343,357.6618704405538,0.0006874281464189708,0.23526291693887724,16.636215154710378,0.00017373414298191473,0.6625292437857263,0.0019628451476365583,0.0019718825228447322
325,7Networks_RH_Limbic_TempPole_1,7networks_rh_limbic_temppole,7Networks_RH_Limbic_TempPole,limbic,temporal pole,R,0.6192934099828493,130.11789375059323,0.3579915172583692,-0.002836634525074322,0.10661523316722119,-8.166510873941197,287.08950471987004,0.032338556105150955,0.09908860824380328,6.4305136972117625,0.014601467068657182,0.4621326665406034,0.05194663867753113,0.05524221707641967
326,7Networks_RH_Limbic_TempPole_2,7networks_rh_limbic_temppole,7Networks_RH_Limbic_TempPole,limbic,temporal pole,R,-0.16761398132171124,178.58787904805047,0.82714034392776,-0.019809080198704976,0.10040070779823862,-8.441300043605517,326.40972755281604,0.1323217530395844,0.04342103121416874,4.172812122004184,0.04670855522188785,0.8753419956718019,0.1756551926314951,0.12187174753297174
327,7Networks_RH_Limbic_TempPole_3,7networks_rh_limbic_temppole,7Networks_RH_Limbic_TempPole,limbic,temporal pole,R,-0.8467074381538262,174.9534793285421,0.12422532237518345,0.028707717282402623,-0.054669627555329114,3.658433466268013,94.46235949963209,0.09750125700079387,0.05577090123171535,2.375760216732947,0.12993820336122527,0.1997805917103479,0.13620175593341666,0.2457997680249845
328,7Networks_RH_Limbic_TempPole_4,7networks_rh_limbic_temppole,7Networks_RH_Limbic_TempPole,limbic,temporal pole,R,0.598561108491027,171.2047630474722,0.36145895423529584,-0.0030922897153968787,0.1531315312739586,-12.020495507559522,396.66319370685113,0.0005263242380752698,0.24390374161452721,16.680291196193213,0.00017078409219866293,0.4625509241366804,0.001565987114556251,0.0019718825228447322
329,7Networks_RH_Limbic_TempPole_5,7networks_rh_limbic_temppole,7Networks_RH_Limbic_TempPole,limbic,temporal pole,R,-0.45806261313845953,174.21435061637624,0.439491288897089,-0.008071253263666867,-0.03157968049184688,2.144313087855684,127.71899368248603,0.5391235901251332,-0.015501816164123161,0.6487775663768438,0.4246064391034511,0.5333775280585696,0.570541048757134,0.5686469715426749
330,7Networks_RH_Limbic_TempPole_6,7networks_rh_limbic_temppole,7Networks_RH_Limbic_TempPole,limbic,temporal pole,R,1.9622890897770202,48.809581149671786,0.0022007033147922873,0.16195673947075384,0.056091228828837825,-2.660001214292606,131.39375124381996,0.0036831318776881935,0.17864103924030938,1.975026057057865,0.16649128467890617,0.0064877876942577815,0.007962580345097333,0.28631455774327047
331,7Networks_RH_Limbic_TempPole_7,7networks_rh_limbic_temppole,7Networks_RH_Limbic_TempPole,limbic,temporal pole,R,0.623498105915739,109.68733814345211,0.3073015835012537,0.001320052333764754,-0.06804047187101243,6.230485508052996,9.51007300582917,0.1402869435639505,0.04103869365788382,2.988083117586771,0.0904443852620856,0.40674903472177604,0.18460948515372036,0.19646770769850175
332,7Networks_RH_Cont_Par_1,7networks_rh_cont_par,7Networks_RH_Cont_Par,control,parietal,R,-0.7275999332221339,325.21476982802335,0.014879943305772815,0.09896884927626193,-0.033273213406235125,2.0143341431764608,276.22599256475263,0.011553579782819703,0.13769554621467373,3.1557136170220286,0.08213474053369167,0.032496748233512465,0.021855521755833936,0.1864458610114801
333,7Networks_RH_Cont_Par_2,7networks_rh_cont_par,7Networks_RH_Cont_Par,control,parietal,R,-2.175550934936983,316.3353093518952,1.2144593364516265e-05,0.31762263262411217,-0.10319740126089892,6.328601268770355,164.39583651541952,8.288972013700753e-08,0.47909584067059496,15.879347471921115,0.0002336480575579946,7.351527183320512e-05,8.006794243021578e-07,0.002306004741985425
334,7Networks_RH_Cont_Par_3,7networks_rh_cont_par,7Networks_RH_Cont_Par,control,parietal,R,-2.7404031952177874,352.47463145222946,3.297699032587885e-08,0.4629126051129845,-0.017839237101769698,-1.2703314137791475,326.2095874886236,2.2755700431652302e-07,0.4562225301319035,0.40945769752141675,0.5253520114658423,4.88309468498789e-07,1.98674769153272e-06,0.6588668873079901
335,7Networks_RH_Cont_Par_4,7networks_rh_cont_par,7Networks_RH_Cont_Par,control,parietal,R,-1.501000726960882,242.11714250164204,0.015888740034507517,0.09677619442052088,-0.09187579203297186,6.070175579206418,106.84668765141261,0.0036051837923516557,0.17938833467322624,5.832228080197729,0.019678808897715578,0.03418714680410622,0.00786900693138294,0.06872445568894517
336,7Networks_RH_Cont_Par_5,7networks_rh_cont_par,7Networks_RH_Cont_Par,control,parietal,R,-2.1966335584709196,287.43689368365574,0.0014678104186631954,0.17498372438777643,-0.07654042578617203,4.110806577318586,174.74498669242172,0.0013747690253520799,0.212372693971552,3.278578366043101,0.07658442850421661,0.0045332376195448346,0.0034868443436304147,0.17922335330368216
337,7Networks_RH_Cont_Par_6,7networks_rh_cont_par,7Networks_RH_Cont_Par,control,parietal,R,-1.5480327470469,320.67090477225736,0.00233003700798294,0.16010929807875984,-0.045415425031217455,2.1945003220281194,253.80492119538317,0.003726794488575748,0.17822903197871032,2.0583815455197443,0.1579918794428483,0.006737814023084424,0.008018790037030281,0.2780167180893532
338,7Networks_RH_Cont_Temp_1,7networks_rh_cont_temp,7Networks_RH_Cont_Temp,control,temporal,R,1.8232737487749109,163.70214829485025,0.00022927272735380808,0.2328503742063256,0.004784530110438917,1.428996646975163,170.74650187225137,0.0011994519462514383,0.21693174182409625,0.024230204239285243,0.8769672396534143,0.0009728020394264381,0.003147694702879497,0.9152715558681611
339,7Networks_RH_Cont_Temp_2,7networks_rh_cont_temp,7Networks_RH_Cont_Temp,control,temporal,R,-0.3752028608139657,322.92104646559164,0.2718593402037731,0.004784962426031658,0.03147310422587396,-2.9687959686805865,369.2594891606525,0.2058271350177048,0.02526722787607072,2.0086341300083896,0.16300139007484604,0.3684302700075015,0.2560151213644876,0.2835349850344065
340,7Networks_RH_Cont_PFCv_1,7networks_rh_cont_pfcv,7Networks_RH_Cont_PFCv,control,ventral prefrontal cortex,R,-0.4599689205607822,240.54593455461395,0.5282972311120282,-0.012323214584516462,0.15017622146925733,-12.835488353686094,461.65320706167176,0.003997062451963619,0.17577716048543057,11.95434095065241,0.0011679471651311172,0.627871578337332,0.008479749313978893,0.007204771735554092
341,7Networks_RH_Cont_PFCl_1,7networks_rh_cont_pfcl,7Networks_RH_Cont_PFCl,control,lateral prefrontal cortex,R,1.411303987602222,151.0786883637372,0.013448634444941817,0.1023473324852553,0.056650245322943216,-3.257052993459057,234.48590894543307,0.0145804750272108,0.12911492760269194,2.4753319425950644,0.12235334543997828,0.030226138801997943,0.026584480571701617,0.23733581561762418
342,7Networks_RH_Cont_PFCl_2,7networks_rh_cont_pfcl,7Networks_RH_Cont_PFCl,control,lateral prefrontal cortex,R,0.12255330723294344,215.52187627362196,0.8467663622459068,-0.020031125430778784,0.013618657910699827,-0.999714678857508,235.5728821944119,0.9322317596106455,-0.03944464583805507,0.10351264660375727,0.7490809406450456,0.8898887232862077,0.9367596755441027,0.8274519393013399
343,7Networks_RH_Cont_PFCl_3,7networks_rh_cont_pfcl,7Networks_RH_Cont_PFCl,control,lateral prefrontal cortex,R,1.3870832686680172,203.32227952397312,0.008961954460149031,0.11587106670349667,-0.028122709596570372,3.704581576452421,161.91668579169257,0.02425654280850903,0.11004604566766063,0.6858253077487738,0.41177359203856767,0.02119128815056073,0.040938551803208545,0.5563845559092552
344,7Networks_RH_Cont_PFCl_4,7networks_rh_cont_pfcl,7Networks_RH_Cont_PFCl,control,lateral prefrontal cortex,R,0.01728113463342984,227.88918260778752,0.972891913928048,-0.020808518198852877,-0.02043547033470111,1.7012998013561553,197.80165567510988,0.833572556002992,-0.03450861530106253,0.3643313828617307,0.5490126984771506,0.9815398420518529,0.8504313267985582,0.6751734104635763
345,7Networks_RH_Cont_PFCl_5,7networks_rh_cont_pfcl,7Networks_RH_Cont_PFCl,control,lateral prefrontal cortex,R,1.4866784716356767,218.61757428238812,0.002319413983201625,0.16025722009017307,-0.0857933317812079,8.55661960015317,92.30243994323925,0.00015742134422495405,0.2817574301627582,9.119833505281743,0.004079300329143704,0.006737814023084424,0.0005717543222250332,0.019914003757325178
346,7Networks_RH_Cont_PFCl_6,7networks_rh_cont_pfcl,7Networks_RH_Cont_PFCl,control,lateral prefrontal cortex,R,-0.11632892404167094,244.97016714585425,0.8536350458025189,-0.020102209164125417,0.06323960877180779,-5.327693277478808,338.0790313398479,0.3100396249519278,0.00812624051188704,2.36606656995128,0.13070498411734702,0.8909202546996404,0.3568715603885714,0.24622432692645455
347,7Networks_RH_Cont_PFCl_7,7networks_rh_cont_pfcl,7Networks_RH_Cont_PFCl,control,lateral prefrontal cortex,R,0.7638009891323483,142.41557222588565,0.3341936781281831,-0.0009879589141250644,0.1214280954095123,-9.242681660156006,321.19643859107236,0.0372744301174238,0.09362649595377981,6.010620691564091,0.017991728744594402,0.4385084678329339,0.05875899747677223,0.06431688858303826
348,7Networks_RH_Cont_PFCl_8,7networks_rh_cont_pfcl,7Networks_RH_Cont_PFCl,control,lateral prefrontal cortex,R,0.4618915365875633,230.25175693972534,0.35698159797339857,-0.0027615440737607244,-0.05258665472876875,4.795381626775432,152.82743714001646,0.1834195389879733,0.03003629985668943,2.6230468299267504,0.11201355383807007,0.4621326665406034,0.2313124186126108,0.22601845974437249
349,7Networks_RH_Cont_PFCl_9,7networks_rh_cont_pfcl,7Networks_RH_Cont_PFCl,control,lateral prefrontal cortex,R,-0.4619509677644107,278.72377955134186,0.4405651388148978,-0.00813067904710385,0.061050570238339597,-5.492923987302284,368.6096811830031,0.22432593791261754,0.021690946006373224,2.463175666956701,0.12325164111430817,0.5333775280585696,0.2759999344507544,0.23733581561762418
350,7Networks_RH_Cont_PFCl_10,7networks_rh_cont_pfcl,7Networks_RH_Cont_PFCl,control,lateral prefrontal cortex,R,0.368140456022342,241.5210194848724,0.5265014133830093,-0.012249191926249514,0.03511817798162101,-2.525830971781211,293.22617275724707,0.5420329932272493,-0.015734415740355612,0.835300704116483,0.36540919700736885,0.6273796369445832,0.5722859975003981,0.5152042715569735
351,7Networks_RH_Cont_PFCl_11,7networks_rh_cont_pfcl,7Networks_RH_Cont_PFCl,control,lateral prefrontal cortex,R,1.5534310865229948,212.79191089279718,0.0003499165271693161,0.21995464713418889,-0.020439379116203582,3.2377718628378123,182.69862898767258,0.0013496180720554336,0.21299129447473597,0.5753021214286849,0.45194656172681835,0.0013129099449162769,0.0034788486304109328,0.5930165867744958
352,7Networks_RH_Cont_PFCl_12,7networks_rh_cont_pfcl,7Networks_RH_Cont_PFCl,control,lateral prefrontal cortex,R,2.182021465849802,198.83443832751053,6.181424229712865e-05,0.2717258449590678,-0.1348988744802381,13.298585901309464,0.2202908361104221,1.5748927405914915e-08,0.5146373546591814,25.02276437532198,8.347700408583665e-06,0.0003189052954874592,1.9861147339681585e-07,0.0002448852319108174
353,7Networks_RH_Cont_PFCl_13,7networks_rh_cont_pfcl,7Networks_RH_Cont_PFCl,control,lateral prefrontal cortex,R,1.2888218713053603,165.0468687379747,0.07714238080517657,0.04414001757690589,-0.11427677600967137,10.705988240430287,-3.204975709782758,0.010313974829165467,0.1418500902995854,6.465342870368607,0.014352668813908502,0.13788441293523687,0.01967455702706354,0.05522128509758016
354,7Networks_RH_Cont_PFCl_14,7networks_rh_cont_pfcl,7Networks_RH_Cont_PFCl,control,lateral prefrontal cortex,R,-2.7341963840490555,364.2352067865538,2.574499228281427e-06,0.3589460129547072,-0.07026630292038574,3.0562142999956095,260.7808087741447,2.020523242608329e-06,0.40327046335572525,4.565390161870218,0.0378599789755829,2.087183302928157e-05,1.3691306748420618e-05,0.10857404573920705
355,7Networks_RH_Cont_PFCl_15,7networks_rh_cont_pfcl,7Networks_RH_Cont_PFCl,control,lateral prefrontal cortex,R,-2.1015064691128935,369.18489300841054,2.6494255313203372e-06,0.3582030258178227,0.03079461795503724,-4.6391877958220515,414.52438761894496,9.25239853311358e-06,0.3633565449217597,1.3885517317673222,0.24458156855918772,2.1102441951218124e-05,5.0007011119447205e-05,0.3802740826228467
356,7Networks_RH_Cont_pCun_1,7networks_rh_cont_pcun,7Networks_RH_Cont_pCun,control,precuneus,R,0.1375176135938112,262.2225160459756,0.7172653246979976,-0.018019279844308844,-0.05023357481937382,4.277098269508317,188.26268000852488,0.1208782571997738,0.047095870753251834,4.280001768020028,0.04408831104706875,0.7921988392491282,0.1652973758093292,0.11637263497307682
357,7Networks_RH_Cont_pCun_2,7networks_rh_cont_pcun,7Networks_RH_Cont_pCun,control,precuneus,R,-1.9392810072510072,315.9298008265176,7.18103624617405e-05,0.26736591090247774,-0.015390778403394728,-0.6709785066378515,293.269668608242,0.0003606017760378094,0.2559728741855949,0.26499217106933204,0.6091235298669688,0.00035436852780032816,0.0011693800451511819,0.725832237689249
358,7Networks_RH_Cont_Cing_1,7networks_rh_cont_cing,7Networks_RH_Cont_Cing,control,cingulate,R,-0.747531558585429,286.1642301531966,0.17818870562405975,0.01738581136988515,0.026570766886029357,-2.937139465443341,325.2848694735439,0.3136457655714574,0.007638029780916988,0.5285051923471312,0.47084165749727336,0.2678730872626594,0.3595837817410143,0.6124988896955934
359,7Networks_RH_Cont_Cing_2,7networks_rh_cont_cing,7Networks_RH_Cont_Cing,control,cingulate,R,-1.3395007470572375,279.03193088278624,0.015153609528662,0.09835977012169084,0.015713266832060035,-2.6343784389818676,302.1668688737793,0.0490620164980795,0.08296637532847917,0.19426842135825048,0.6614082955592743,0.032760660600059756,0.0760210084987307,0.7642636633318242
360,7Networks_RH_Cont_PFCmp_1,7networks_rh_cont_pfcmp,7Networks_RH_Cont_PFCmp,control,medial posterior prefrontal cortex,R,-2.891607689728585,396.80412392138567,4.039716440301014e-08,0.45844818298441226,-0.08204685383876711,3.869598739454652,276.00499944888986,5.441499370386939e-09,0.5360975432839277,9.03438145329316,0.00424180866964036,5.731347699677062e-07,7.266002100457854e-08,0.02027138037912341
361,7Networks_RH_Cont_PFCmp_2,7networks_rh_cont_pfcmp,7Networks_RH_Cont_PFCmp,control,medial posterior prefrontal cortex,R,-4.9325066048447335,371.34356735001717,3.038807706944919e-12,0.6331885951001579,-0.0725934616025611,1.049677431954887,264.46284988521467,4.175232646699009e-12,0.6581214384232226,4.5005894314854205,0.0391852841038096,2.7592373979059864e-10,1.4581197089241153e-10,0.11082153976802771
362,7Networks_RH_Default_Par_1,7networks_rh_default_par,7Networks_RH_Default_Par,default,parietal,R,1.9305555797301333,191.26965871231963,2.3752470495985107e-05,0.29902071130751107,0.01964931198649522,0.3113215894394621,220.19970993793305,0.0001132091924119532,0.2917635177609256,0.5081511628223152,0.4794646758529889,0.00013650153930604101,0.0004247683748349318,0.6166486199355721
363,7Networks_RH_Default_Par_2,7networks_rh_default_par,7Networks_RH_Default_Par,default,parietal,R,-0.04174757604649049,280.6426299351564,0.9239509889758646,-0.02063752967495991,-0.03124523033159174,2.5330672073991263,234.63969025614367,0.5582157875713629,-0.017006770173094488,1.1713621395655858,0.28464320855069514,0.9468933385892607,0.588004565098373,0.4307600556067186
364,7Networks_RH_Default_Par_3,7networks_rh_default_par,7Networks_RH_Default_Par,default,parietal,R,0.5864935357875476,276.11464919847697,0.10541337794478474,0.033977409738597864,0.029719229304439154,-1.8625686139744069,319.87082889342366,0.12434726423589916,0.045947872301336457,1.6022545166346889,0.21182274047946173,0.17530283365176655,0.1689565880649504,0.34101958928253767
365,7Networks_RH_Default_Par_4,7networks_rh_default_par,7Networks_RH_Default_Par,default,parietal,R,1.788131267076107,161.20942388720886,0.002634135780488887,0.15613229641474935,0.08510568757293568,-5.225143405332474,286.5121267384851,0.0007877344561282765,0.23081770482638486,5.660663182515585,0.021462049242889462,0.0074279356791425765,0.0022076015005076392,0.07245098593327899
366,7Networks_RH_Default_Par_5,7networks_rh_default_par,7Networks_RH_Default_Par,default,parietal,R,-0.14392634965485396,298.46878362157963,0.686726184411889,-0.017343915470191318,-0.017028013064683656,1.259295175882066,273.3981200497392,0.7137939778335203,-0.027702187163642922,0.5162051346237833,0.47602169518177895,0.7679154870024573,0.738183293704825,0.6157089732550645
367,7Networks_RH_Default_Temp_1,7networks_rh_default_temp,7Networks_RH_Default_Temp,default,temporal,R,0.8695521569279885,209.71063760327385,0.15021077944924865,0.0226963503220472,-0.05036308029858347,5.0198049256375725,135.56012821552412,0.16004091269855508,0.035647718512915594,1.6446458261114378,0.20597840719613875,0.23274980842989382,0.20525021007102828,0.33638200311887406
368,7Networks_RH_Default_Temp_2,7networks_rh_default_temp,7Networks_RH_Default_Temp,default,temporal,R,-0.19992065639632273,285.0268443584647,0.7193286608907224,-0.018061952777512102,0.01230555096462796,-1.2139798969883984,303.1445382507908,0.8879919495750848,-0.03729637838949684,0.10994345626782005,0.7416825437664172,0.7921988392491282,0.8998846988997511,0.8212777435852522
369,7Networks_RH_Default_Temp_3,7networks_rh_default_temp,7Networks_RH_Default_Temp,default,temporal,R,-2.616247230205718,300.0805661331116,3.9440737557883314e-05,0.28466194944695866,-0.1460527973648416,9.41947463286469,85.04428840937203,5.1688317233473254e-08,0.4894599538417729,20.25471720567924,4.4500120414510574e-05,0.00021316779584855982,5.58726095809449e-07,0.0007215376667209928
370,7Networks_RH_Default_Temp_4,7networks_rh_default_temp,7Networks_RH_Default_Temp,default,temporal,R,0.11305473705128666,295.83248227824095,0.7320768270103004,-0.018317526877180912,0.004956290225462401,-0.295376540559559,303.12972150016645,0.9201219671153527,-0.03886646771925273,0.05055250980918334,0.8230793248540165,0.7989492294775875,0.9283008290452669,0.883399559063176
371,7Networks_RH_Default_Temp_5,7networks_rh_default_temp,7Networks_RH_Default_Temp,default,temporal,R,0.539817642872781,301.2408576015499,0.091267225859598,0.03864716138953361,-0.003611179749444249,0.8374028712696919,295.92404980654874,0.2403869870880597,0.01880798015373608,0.029465507202675822,0.8644455656491533,0.15460940500096076,0.28979366656366456,0.9063701773780961
372,7Networks_RH_Default_Temp_6,7networks_rh_default_temp,7Networks_RH_Default_Temp,default,temporal,R,0.8274739492912673,236.371534200557,0.13420553138947336,0.02625010479874057,0.0690097539567982,-4.859388743165026,337.9758915647801,0.051317947285084334,0.08121041487264602,3.8712720804097858,0.05503635555660804,0.21453982834796095,0.07888501476223841,0.13958941576927403
373,7Networks_RH_Default_Temp_7,7networks_rh_default_temp,7Networks_RH_Default_Temp,default,temporal,R,1.5962893751651128,231.47324882588993,0.001673956360687143,0.17077135894043882,-0.043908289139726386,5.214624423201752,166.8262497394015,0.0029272789413200564,0.18662993608389755,1.9358737635622336,0.17066840364858862,0.005032954885774589,0.0065146305850946355,0.2891173703599225
374,7Networks_RH_Default_Temp_8,7networks_rh_default_temp,7Networks_RH_Default_Temp,default,temporal,R,0.7455417637614943,256.2064156323361,0.1805223106051301,0.016985545193232476,0.0525028354756954,-3.581041062512936,333.507326770886,0.14598150995899928,0.03941361119020936,2.1207187405484555,0.1519665832790008,0.27048557430603654,0.18990144848534576,0.2705601129751622
375,7Networks_RH_Default_PFCv_1,7networks_rh_default_pfcv,7Networks_RH_Default_PFCv,default,ventral prefrontal cortex,R,-2.626622675631867,270.1812258693724,0.00015155946783287233,0.24530898575099103,-0.06178281578683595,2.464692247081545,179.21722535861903,0.0002859523026172978,0.2632804325276429,2.1709061132160885,0.14730965010712752,0.0006745882195698435,0.0009407416332482116,0.2675143245945436
376,7Networks_RH_Default_PFCv_2,7networks_rh_default_pfcv,7Networks_RH_Default_PFCv,default,ventral prefrontal cortex,R,0.5608999042154368,259.664996068662,0.19195402774122036,0.015105636282395696,0.03031988800352664,-1.9376605171803725,304.30553685195906,0.24263733743905208,0.018418857494713392,1.1620188197435717,0.28654889183730226,0.2838668683860392,0.2914215640140996,0.43220331194064854
377,7Networks_RH_Default_PFCv_3,7networks_rh_default_pfcv,7Networks_RH_Default_PFCv,default,ventral prefrontal cortex,R,0.5055456536160361,202.3639893700174,0.2273903286192203,0.010003838086362404,-0.06747471975928584,6.065911319072773,103.01969169632005,0.020778146503304024,0.11588853539298927,6.748670472198049,0.012489103892699051,0.32463902261989314,0.03614282954980853,0.048879768683494564
378,7Networks_RH_Default_PFCv_4,7networks_rh_default_pfcv,7Networks_RH_Default_PFCv,default,ventral prefrontal cortex,R,-2.5798521276267357,347.9512367298373,1.1406999374119511e-05,0.3193374457932887,0.033215933311456836,-5.317065943260742,396.8556794333487,4.680801143956532e-05,0.3178866834818339,0.8979105241555958,0.34818940848600977,7.020860852706644e-05,0.00020238892565297768,0.4986687427528342
379,7Networks_RH_Default_PFCdPFCm_1,7networks_rh_default_pfcdpfcm,7Networks_RH_Default_PFCdPFCm,default,dorsal prefrontal cortex medial prefrontal cortex,R,1.1649643436072825,212.74224018368722,0.022376717677411773,0.08531900244419266,0.09780558310892679,-6.894866184759472,356.7432378489823,0.0006170645325305277,0.23876886173667067,10.675895895224148,0.002031936219656319,0.046388264043584225,0.0017843776927952838,0.011114446309927336
380,7Networks_RH_Default_PFCdPFCm_2,7networks_rh_default_pfcdpfcm,7Networks_RH_Default_PFCdPFCm,default,dorsal prefrontal cortex medial prefrontal cortex,R,1.2581957671516366,90.33875818832128,0.06234016053457824,0.05115416539985973,0.017708023821885938,-0.20106316735862784,116.41061437461462,0.16553654515778266,0.03426123578759177,0.1603727100567056,0.6906281766341633,0.11412271323668759,0.21110559410571159,0.7799631646564928
381,7Networks_RH_Default_PFCdPFCm_3,7networks_rh_default_pfcdpfcm,7Networks_RH_Default_PFCdPFCm,default,dorsal prefrontal cortex medial prefrontal cortex,R,-1.3286566832892488,330.3831793902325,0.02154333238163051,0.08658953974827432,0.05142096698869578,-5.566086351001321,406.09123522831317,0.02818885405524489,0.1043381631630308,1.9511780996686483,0.16902105707345152,0.04507222535142973,0.04628794137665868,0.2873991007915618
382,7Networks_RH_Default_PFCdPFCm_4,7networks_rh_default_pfcdpfcm,7Networks_RH_Default_PFCdPFCm,default,dorsal prefrontal cortex medial prefrontal cortex,R,-3.2113891671795285,379.62299287739575,6.935494503219992e-07,0.39207629777761543,-0.10925696231699511,5.792111168157748,218.76191444587232,5.1379809132174644e-08,0.48958999478754206,10.170387352669852,0.0025408562943818476,6.559821884295575e-06,5.58726095809449e-07,0.013259181122406424
383,7Networks_RH_Default_PFCdPFCm_5,7networks_rh_default_pfcdpfcm,7Networks_RH_Default_PFCdPFCm,default,dorsal prefrontal cortex medial prefrontal cortex,R,1.927671850324959,112.98386010732357,0.002849825722120963,0.15357472057783628,-0.13730040714422745,13.242138549283647,-89.16610904729657,2.1546677391709592e-05,0.34003840908905714,14.561784764147557,0.00039539847001744,0.007986548628659983,0.0001063281688677843,0.003327580598132609
384,7Networks_RH_Default_PFCdPFCm_6,7networks_rh_default_pfcdpfcm,7Networks_RH_Default_PFCdPFCm,default,dorsal prefrontal cortex medial prefrontal cortex,R,-0.5108515980710413,241.09167483001,0.3635844176996045,-0.003247366770326776,0.04985429580316672,-4.61917714056173,314.49309124569174,0.268927191074602,0.014112503013342992,1.8452016605982307,0.1808271809965145,0.46367226302140574,0.31712453181264755,0.30405755619413927
385,7Networks_RH_Default_PFCdPFCm_7,7networks_rh_default_pfcdpfcm,7Networks_RH_Default_PFCdPFCm,default,dorsal prefrontal cortex medial prefrontal cortex,R,-3.676934804345239,359.376619489294,2.0261382625157217e-08,0.473484140003954,-0.02234828060727395,-1.8352878495453582,326.47282605281106,1.4531767907955509e-07,0.46650168771348355,0.3717736266003803,0.5449757589483216,3.6794670847285506e-07,1.3194845260423603e-06,0.6741661977180873
386,7Networks_RH_Default_PFCdPFCm_8,7networks_rh_default_pfcdpfcm,7Networks_RH_Default_PFCdPFCm,default,dorsal prefrontal cortex medial prefrontal cortex,R,1.369630694759397,176.48161325798912,0.00626729478141295,0.127725680117731,-0.018041240394696234,2.8563488910080856,149.91915605079774,0.021204809056220505,0.11512349659527588,0.3163963482470589,0.5764546318232389,0.015463868645442821,0.036744211112687435,0.694192049994033
387,7Networks_RH_Default_PFCdPFCm_9,7networks_rh_default_pfcdpfcm,7Networks_RH_Default_PFCdPFCm,default,dorsal prefrontal cortex medial prefrontal cortex,R,-3.472640002921513,357.6171771185118,4.01235009540183e-06,0.34736508730058635,-0.18144270690716985,11.479445775772351,90.47567064005031,1.1510549458803624e-09,0.5657704937083561,25.142669615205488,8.01642753127271e-06,2.891439592559414e-05,1.6857385336441437e-08,0.0002448852319108174
388,7Networks_RH_Default_PFCdPFCm_10,7networks_rh_default_pfcdpfcm,7Networks_RH_Default_PFCdPFCm,default,dorsal prefrontal cortex medial prefrontal cortex,R,-0.09666242125619195,261.77515407069376,0.8341850987742188,-0.019892031530646115,0.04396154613931699,-3.719386200258386,326.5005644383257,0.34666864192342967,0.0034017545909182934,2.1219182243052614,0.15185330155875718,0.8807442670778961,0.3915113518239728,0.2705601129751622
389,7Networks_RH_Default_PFCdPFCm_11,7networks_rh_default_pfcdpfcm,7Networks_RH_Default_PFCdPFCm,default,dorsal prefrontal cortex medial prefrontal cortex,R,-0.7326713961297648,254.50608967347952,0.1438170939935185,0.02406395966180519,0.029266958172787877,-3.144463396702733,297.5963820836424,0.23443019871307624,0.019855091412660508,0.7938818289123043,0.3774675726910548,0.22592719956075225,0.28533863328615716,0.5240681284456846
390,7Networks_RH_Default_PFCdPFCm_12,7networks_rh_default_pfcdpfcm,7Networks_RH_Default_PFCdPFCm,default,dorsal prefrontal cortex medial prefrontal cortex,R,-3.4390412679280047,388.2869041738733,4.318855366905349e-11,0.590831914017242,0.01123501252486303,-4.364881021203157,404.82842420715133,4.2888434812141804e-10,0.583634822165531,0.1702946661417066,0.6817265297457582,2.178622596194476e-09,8.664050272851269e-09,0.7773596191485441
391,7Networks_RH_Default_PFCdPFCm_13,7networks_rh_default_pfcdpfcm,7Networks_RH_Default_PFCdPFCm,default,dorsal prefrontal cortex medial prefrontal cortex,R,-0.8134756038788735,235.5525195766711,0.2289727767310918,0.009797917721537597,0.06663037515393029,-6.304261658332322,333.65367282364974,0.15782069705387655,0.03622082181226882,2.3159647199890645,0.13475198380303674,0.32485512698723645,0.20297619394464575,0.2507270518302405
392,7Networks_RH_Default_pCunPCC_1,7networks_rh_default_pcunpcc,7Networks_RH_Default_pCunPCC,default,precuneus posterior cingulate cortex,R,-0.1921337860603538,318.72817008405315,0.680310589844309,-0.017191355311367396,0.12510563700317712,-10.50167032106566,502.92355003435677,4.661355492453974e-05,0.31800750830702473,24.59196860619714,9.66084913212833e-06,0.7626197723192994,0.00020238892565297768,0.00025800150035213304
393,7Networks_RH_Default_pCunPCC_2,7networks_rh_default_pcunpcc,7Networks_RH_Default_pCunPCC,default,precuneus posterior cingulate cortex,R,0.6705583717978367,147.7952589219443,0.2318123319235324,0.009432568754262682,-0.016339953752881553,2.017079233933951,123.73763800270811,0.44756027250038033,-0.007490223161064513,0.19374501780565304,0.6618354576914625,0.3278591859603854,0.4861061332898867,0.7642636633318242
394,7Networks_RH_Default_pCunPCC_3,7networks_rh_default_pcunpcc,7Networks_RH_Default_pCunPCC,default,precuneus posterior cingulate cortex,R,0.6751837775834053,253.99903053746456,0.08704206855704683,0.04019124578980848,-0.018796411599726642,2.2241331035791756,226.32472057631287,0.18049569407896335,0.03069932894449323,0.5299580180017888,0.47023592555006366,0.15014307392081966,0.22889677405544515,0.6124988896955934
395,7Networks_RH_Default_pCunPCC_4,7networks_rh_default_pcunpcc,7Networks_RH_Default_pCunPCC,default,precuneus posterior cingulate cortex,R,0.44825727017381745,286.2129722898454,0.3244628956761668,-0.00018139947728701422,0.11163459660731229,-8.75117594373036,450.57468636001687,0.00019911411429371695,0.2745404489568445,19.176959288601168,6.616825893875178e-05,0.4269743612666079,0.0007062328741355272,0.0008582968445198088
396,7Networks_RH_Default_pCunPCC_5,7networks_rh_default_pcunpcc,7Networks_RH_Default_pCunPCC,default,precuneus posterior cingulate cortex,R,-0.36716642121837406,311.361543130105,0.4185675414877351,-0.006868250686092647,0.04783072886061368,-4.308736589410925,381.78362391578,0.19990918248152018,0.02647653483567247,2.6440792259430195,0.11062373222293514,0.5163849560745428,0.2500241566022319,0.22509269803007412
397,7Networks_RH_Default_pCunPCC_6,7networks_rh_default_pcunpcc,7Networks_RH_Default_pCunPCC,default,precuneus posterior cingulate cortex,R,0.5053476560244627,315.28904440157737,0.13896350773951305,0.025147315993105268,0.002487460914212092,0.30036433321983225,318.95137984209686,0.3365022607291657,0.004663222879057294,0.012156998439907864,0.9126736160734078,0.21982380666807985,0.3809776218729208,0.9417132311302889
398,7Networks_RH_Default_pCunPCC_7,7networks_rh_default_pcunpcc,7Networks_RH_Default_pCunPCC,default,precuneus posterior cingulate cortex,R,-1.1277990442030035,354.58563847981577,0.0009246157042594536,0.18968027747077276,-0.038243901846464395,2.0237528184618263,298.2784232324973,0.0008485232870971414,0.22838073311752105,3.407433239127313,0.07120698612901714,0.0030865847774543525,0.0023347246808612257,0.1710474693257872
399,7Networks_RH_Default_pCunPCC_8,7networks_rh_default_pcunpcc,7Networks_RH_Default_pCunPCC,default,precuneus posterior cingulate cortex,R,0.6166656547927873,296.1998395340814,0.056028465561919545,0.05468669972025253,0.02687534211595033,-1.5980412766634302,335.7689106880583,0.07227853989794841,0.0677220138510991,1.6711464687322377,0.2024240823650942,0.10424968592258801,0.10483852112993156,0.3327531677849428
400,7Networks_RH_Default_pCunPCC_9,7networks_rh_default_pcunpcc,7Networks_RH_Default_pCunPCC,default,precuneus posterior cingulate cortex,R,-0.8123420560431294,314.5895274423625,0.012174777506041392,0.1056685516345458,0.03268775810612928,-3.506030721998462,362.71632786726764,0.012783690168667705,0.13397505352836592,2.5689064113442046,0.11568328275987144,0.02777562305398388,0.023786046461373517,0.231526986666514
401,HIP-head-m1-rh,HIP-head-m1,"Hippocampus head, medial division",subcortex,Hippocampus head,R,2.655458389286015,48.75247941443857,1.1443693900887481e-05,0.31924964175292214,0.021757428034590354,0.8625016160858987,80.78634950672807,6.123910445208517e-05,0.31004168451127234,0.3594077530812702,0.5517145983931564,7.020860852706644e-05,0.00025506929744262995,0.6751734104635763
402,HIP-head-m2-rh,HIP-head-m2,"Hippocampus head, medial division",subcortex,Hippocampus head,R,-0.0670983584196474,150.49276889309098,0.9036139859972013,-0.02051824031347138,0.05965410427327478,-4.9829932948941975,238.32262744640178,0.26126674046836096,0.015324139305235351,2.747208691075289,0.10408548078115813,0.9344891791406137,0.3088934900329059,0.2147945830665718
403,THA-VAip-rh,THA-VAip,"Thalamus, inferior ventro-anterior part, posterior division",subcortex,Thalamus,R,1.8136200804867277,81.78206295014341,0.008230007276842767,0.1187010927223231,0.04403269454192446,-1.814966800080212,146.6122264477283,0.01914760514058441,0.11895780160553227,1.013985739180826,0.3191061366724844,0.019769435469241353,0.03382495227169386,0.4673360840300255
404,THA-VAia-rh,THA-VAia,"Thalamus, inferior ventro-anterior part, anterior division",subcortex,Thalamus,R,2.45626579453283,49.28759246699626,4.6661008976325955e-05,0.27984561965895427,0.12642518955295018,-7.962010646583763,235.42577442919702,3.155494798586387e-07,0.44860503608087765,15.690834190209408,0.000251708396804257,0.00024632672180525565,2.6529530343670735e-06,0.002431396003173036
405,HIP-head-l-rh,HIP-head-l,"Hippocampus head, lateral division",subcortex,Hippocampus head,R,3.078893918034681,16.479435908717136,1.5793651826608637e-07,0.42752487812675444,0.1261632701317232,-7.317798620812981,202.23198898588154,3.104382120868446e-10,0.5893220164316808,19.910832694649425,5.046514758126908e-05,1.8869257708632424e-06,7.046947414371372e-09,0.0007413350269246948
406,HIP-body-rh,HIP-body,Hippocampus body,subcortex,Hippocampus body,R,2.648448452467707,98.60782634338534,3.2796982531858696e-06,0.3526510236112378,0.09004326235815957,-4.771715220804095,231.18021332227718,4.806147692603445e-07,0.4386437985771814,8.353001869229042,0.0058104200586629575,2.440955749092434e-05,3.8280544779683575e-06,0.026917660271765127
407,HIP-tail-rh,HIP-tail,Hippocampus tail,subcortex,Hippocampus tail,R,2.4101797564946006,145.415182413051,0.00010268629830825535,0.25687332058369294,0.029433379043476426,-0.015326430646153355,188.75049939798458,0.0004265912473276683,0.25063315391449503,0.6002918975050127,0.44234724661864455,0.0004856206190827909,0.0013174994985493973,0.5837954940839087
408,THA-VPm-rh,THA-VPm,"Thalamus, medial ventro-posterior part",subcortex,Thalamus,R,3.147765998286462,29.87330278592198,9.007023487756994e-06,0.32576766494542087,0.036661891515339495,0.12658230845646123,83.85129449858425,4.020294244451513e-05,0.3222877056527792,0.7535266108641475,0.38977283261907225,5.759420652734754e-05,0.00018242443837130167,0.5378628146172
409,THA-VPl-rh,THA-VPl,"Thalamus, lateral ventro-posterior part",subcortex,Thalamus,R,1.1629787701484697,50.55193716534003,0.026182712328520166,0.08006090439717772,0.02307113553168931,-0.7382362379488105,84.52000348865522,0.0688225772185352,0.06966370596669802,0.46356438218763896,0.4993036308942733,0.05378711039433554,0.10079177437811285,0.6331951073351958
410,THA-VAs-rh,THA-VAs,"Thalamus, superior ventro-anterior part",subcortex,Thalamus,R,2.2667802174129488,113.3257101729848,0.00010894961953255583,0.2551241547210812,0.09315882735542869,-5.4101267324684805,250.48520203522637,1.680150582686119e-05,0.34698741669444644,7.752452689963403,0.00770517814301883,0.0005047257884467383,8.51026674061161e-05,0.03269299884981822
411,THA-DAm-rh,THA-DAm,"Thalamus, medial dorso-anterior part",subcortex,Thalamus,R,0.04730441092107718,212.4098448709628,0.938733746568242,-0.020706384843793835,0.10928700715150588,-8.958671818600983,373.3151588768524,0.021752711745233765,0.1141623971719723,8.308000378500022,0.005933645133356376,0.9563032228556284,0.03746531777252184,0.02721085748024035
412,THA-DAl-rh,THA-DAl,"Thalamus, lateral dorso-anterior part",subcortex,Thalamus,R,1.2383566641832318,54.58243440230419,0.011807353902277658,0.10669063931321798,0.018915007275849174,-0.32036573427519066,82.43135500569319,0.03638304805819568,0.09455956534148413,0.35689689972501815,0.5531021944945207,0.027073427634515437,0.05775490845601691,0.6751734104635763
413,PUT-VA-rh,PUT-VA,"Putamen, ventro-anterior part",subcortex,Putamen,R,1.6909793461670053,13.468139716416687,0.00043391367440891176,0.21332675517508815,0.03371593095902571,-1.0874376009843,63.10873835081861,0.0011580325137594586,0.21810187977801876,1.2931404680645684,0.26123443711172367,0.0016016000665174466,0.003062911252346663,0.40203537101261877
414,PUT-DA-rh,PUT-DA,"Putamen, dorso-anterior part",subcortex,Putamen,R,0.8222993323901323,36.854143415092835,0.04651728178234792,0.06086551396078843,-0.047542831077456396,4.740144808514888,-33.14406005516676,0.02844245414778088,0.10399674652549173,3.3105933545191775,0.07520753490199066,0.08873464676128553,0.046449187708965896,0.17783448357033207
415,PUT-VP-rh,PUT-VP,"Putamen, ventro-posterior part",subcortex,Putamen,R,1.0053854006672331,41.395755911976806,0.021939771245966157,0.08597913768160426,0.04413727832340444,-2.631819879053883,106.37990007604226,0.02178599976199508,0.11410475467194003,2.5239156352354,0.11883709123509459,0.04569108323701209,0.03746531777252184,0.23427879616359013
416,PUT-DP-rh,PUT-DP,"Putamen, dorso-posterior part",subcortex,Putamen,R,0.6178999221156786,38.57540187065339,0.08978471611939452,0.03918023199941456,-0.026765666685057816,2.8235688686425005,-0.8321920857401395,0.12803556582280765,0.044760459030207755,1.2804018112631148,0.2635649364071132,0.15266764463747232,0.1714694598334946,0.40286195196858565
417,CAU-VA-rh,CAU-VA,"Caudate, ventro-anterior part",subcortex,Caudate,R,4.447147155572788,-21.344055218209235,1.4806072588946638e-10,0.5695756929786653,0.04678048388991002,0.5921241578800593,47.531730164204646,6.752220359126158e-10,0.5755154307590873,1.6716555420850823,0.20235653374982726,6.721956955381774e-09,1.2262032172173103e-08,0.3327531677849428
418,CAU-DA-rh,CAU-DA,"Caudate, dorso-anterior part",subcortex,Caudate,R,4.193930924162148,-53.9911131766801,4.738938239182242e-10,0.5485168884573627,0.14757873317068598,-7.967538197923107,163.2918285045811,1.6770466928160284e-13,0.70183144152338,25.681001191967965,6.6898712913140225e-06,1.434318640392492e-08,1.2689653308974614e-11,0.00023363088971204354
419,CAU-body-rh,CAU-body,Caudate body,subcortex,Caudate body,R,2.642603369572151,17.256311374411396,4.283501494115502e-06,0.34564221844799137,0.06537994813134165,-2.7451391819460422,113.51643742195026,4.33647942133492e-06,0.38355930948380546,3.9524663081456035,0.05264484351390532,3.0079914217970646e-05,2.5904758648500708e-05,0.13427392671524166
420,CAU-tail-rh,CAU-tail,Caudate tail,subcortex,Caudate tail,R,1.693607940984329,10.702264390195197,6.511114653953832e-05,0.2702169693200219,0.08118372756858377,-4.996471143101688,130.23059183795982,1.5952961821653067e-06,0.4092406296477855,12.295860938700116,0.0010100260028218745,0.0003248402255928615,1.1496261376238876e-05,0.0064584761307201555
421,lAMY-rh,lAMY,"Amygdala, lateral nucleus",subcortex,Amygdala,R,2.612364314902008,-10.862771358750017,4.306595647947339e-06,0.3455003721053215,0.004088332579104181,2.2754585199180557,-4.843442487483628,2.8857973684441636e-05,0.33178219296282363,0.0145838798287873,0.9043929779973952,3.0079914217970646e-05,0.00013506721703852065,0.9352947881795385
422,mAMY-rh,mAMY,"Amygdala, medial nucleus",subcortex,Amygdala,R,2.4808634074790685,26.879115817551565,1.1109192144926063e-05,0.3200602912424845,0.11170714115880341,-6.724547959943223,191.3476385939081,1.530993092662244e-07,0.4653161297304619,14.040004823613142,0.000488829315113954,7.004962824717268e-05,1.3628840471934487e-06,0.003794282967055
423,THA-DP-rh,THA-DP,"Thalamus, dorso-posterior part",subcortex,Thalamus,R,0.5087621918070147,230.93843941805238,0.3532857779432099,-0.002484295336544484,0.0018348369680015186,0.3575594226069647,233.6399043605139,0.6521304294042762,-0.023758595314715025,0.0025320386802088948,0.9600811347547749,0.46089581375349803,0.677499347710621,0.9794985060194782
424,NAc-shell-rh,NAc-shell,"Nucleus Accumbens, shell",subcortex,Nucleus Accumbens,R,2.5425996881440924,-1.8560159029977967,2.7641327974291024e-06,0.3571038655406201,0.040367818754823495,-0.7839770534039197,57.5782821144513,8.566250326680465e-06,0.3654405778464278,1.630614213119231,0.20789096123376521,2.1426392643904797e-05,4.8013304300159644e-05,0.3378489664825384
425,NAc-core-rh,NAc-core,"Nucleus Accumbens, core",subcortex,Nucleus Accumbens,R,2.739608647821105,-14.273368029925393,2.293601134966957e-06,0.36193016444518356,0.1384226707358226,-8.66734003497642,189.52893089664138,7.272454364234899e-10,0.5741726184581111,24.924337030023427,8.630316543112508e-06,1.8932634823181792e-05,1.2698824159087093e-08,0.0002448852319108174
426,pGP-rh,pGP,"Pallidum, posterior part",subcortex,Pallidum,R,0.573143188031477,3.985815992117132,0.04489750870651111,0.06204530912441353,0.02162067238039661,-1.2085440097357463,35.81833816525457,0.06938082406676968,0.06934382628209135,1.3764320631635658,0.24662139537885971,0.08600619811289471,0.10128261776949658,0.38213690615017853
427,aGP-rh,aGP,"Pallidum, anterior part",subcortex,Pallidum,R,0.21489038779172798,39.78831423661311,0.43563585115199266,-0.007856079471835198,0.02519046063998892,-1.8609711043245811,76.87670273654982,0.28339890151990416,0.011911109778126039,1.9602628805846578,0.168052047331654,0.5330961628652416,0.33075347375330716,0.28682567476906357
428,HIP-head-m1-lh,HIP-head-m1,"Hippocampus head, medial division",subcortex,Hippocampus head,L,0.9823214763367103,92.00695527649073,0.12230804753361973,0.029204219503149997,0.11914463065394393,-8.835988490346345,267.42583357838635,0.0036812685709339855,0.17865872555828366,9.73426980218743,0.003088026676103881,0.19760801985858845,0.007962580345097333,0.015426054592627515
429,HIP-head-m2-lh,HIP-head-m2,"Hippocampus head, medial division",subcortex,Hippocampus head,L,0.8998786250802091,104.49995297734174,0.19299838331715868,0.014940250038258607,0.04118838889297166,-2.494318553255689,165.14239182675317,0.2875395384660613,0.011301042586969401,0.8233213898404989,0.3688397810821704,0.2844846299545131,0.3347255140092098,0.5184311474034222
430,THA-VAip-lh,THA-VAip,"Thalamus, inferior ventro-anterior part, posterior division",subcortex,Thalamus,L,2.1284580006941796,85.73932504630338,0.0002776406301941875,0.22703304171603966,0.016111414771103727,0.8007702706112525,109.46046372868936,0.0013146875015357573,0.213868994109641,0.1962226647052548,0.6598194547324223,0.0010992766823180362,0.0034106750039841933,0.7642636633318242
431,THA-VAia-lh,THA-VAia,"Thalamus, inferior ventro-anterior part, anterior division",subcortex,Thalamus,L,1.751769795896715,119.21426138002202,0.001609468550373275,0.1720320984871594,0.051576710777383655,-2.498494195815633,195.15162172443186,0.00242972699118314,0.19305237294726918,2.2503576939316523,0.14027164603848516,0.004879647435636836,0.005628041091822171,0.25782723603834923
432,HIP-head-l-lh,HIP-head-l,"Hippocampus head, lateral division",subcortex,Hippocampus head,L,2.5924036963068433,3.0878084579331357,0.0001230109228741025,0.25152717894292,-0.01144895797716533,3.5358739777484427,-13.768707484552124,0.0006550798342041632,0.23682984044348676,0.07560294498052536,0.784552176267723,0.0005584695898484253,0.0018823180046119627,0.8562180000614092
433,HIP-body-lh,HIP-body,Hippocampus body,subcortex,Hippocampus body,L,3.3625939019759636,69.62676436396944,2.802847068713456e-07,0.4140202159212757,-0.01551596657418991,4.641212740457647,46.782315249689105,1.9872296878829497e-06,0.40369221362371355,0.16864390905311732,0.683186097004998,3.103640412672949e-06,1.3691306748420618e-05,0.7773596191485441
434,HIP-tail-lh,HIP-tail,Hippocampus tail,subcortex,Hippocampus tail,L,1.9692640166672017,183.10522017584387,0.00030189940442482263,0.2244762171030219,0.02649605474448899,-0.2141871128361732,222.1158594064455,0.0011532908894348113,0.21823838253564354,0.6169982606650449,0.43610695858255055,0.0011615451661768598,0.003062911252346663,0.5772377819139299
435,THA-VPm-lh,THA-VPm,"Thalamus, medial ventro-posterior part",subcortex,Thalamus,L,2.260041608589262,49.06386486421303,0.001153418258645135,0.18267200910854808,-0.0004563154071096087,2.2976450329733513,48.392023116687554,0.005380870096549313,0.16528396904328835,0.00010795027399414063,0.9917541761456452,0.0036876893621471223,0.011154863122526887,0.9969433779723371
436,THA-VPl-lh,THA-VPl,"Thalamus, lateral ventro-posterior part",subcortex,Thalamus,L,0.18803459403680667,82.57270428099164,0.5888011983746366,-0.014572817454719278,0.02298139116217056,-1.7057848811450431,116.40863828287131,0.527352138939456,-0.014548283599592038,1.0011607382961945,0.3221535981219612,0.6812691700588055,0.5606291322171515,0.4687747870108025
437,THA-VAs-lh,THA-VAs,"Thalamus, superior ventro-anterior part",subcortex,Thalamus,L,1.1944330707209438,219.10868162315117,0.014888378045309675,0.09894991118214969,0.04430993010135498,-2.4569998637667663,284.3470242438236,0.019709139992164525,0.11787345907232005,2.029705214144163,0.16085715771014167,0.032496748233512465,0.03468197502497168,0.2808813446169397
438,THA-DAm-lh,THA-DAm,"Thalamus, medial dorso-anterior part",subcortex,Thalamus,L,1.3284409878448935,160.68572725426804,0.03122779834114573,0.07416521756606764,0.07121387788686112,-4.540056175519183,265.5352576936667,0.019876746722974344,0.1175555338781823,3.3601883891172823,0.07312845683438698,0.06273194888000072,0.0348418649120863,0.17401363639629688
439,THA-DAl-lh,THA-DAl,"Thalamus, lateral dorso-anterior part",subcortex,Thalamus,L,0.829172558260332,49.965151377575616,0.044712808530024455,0.062182582449782364,0.011379610712779056,-0.1085830473848235,66.71956603975221,0.12467061013603167,0.045842434748888605,0.17798996915517076,0.6750299054291717,0.08600619811289471,0.1689565880649504,0.7738979218809191
440,PUT-VA-lh,PUT-VA,"Putamen, ventro-anterior part",subcortex,Putamen,L,1.7074673709201917,15.137003904924228,0.0021221811897393357,0.16313078078264598,-0.019028947353403575,3.275579189555625,-12.87967281544821,0.008105258348100181,0.15060523907647438,0.2921712853013961,0.5913849668550661,0.0062971912427559375,0.016210516696200362,0.7084136542274406
441,PUT-DA-lh,PUT-DA,"Putamen, dorso-anterior part",subcortex,Putamen,L,1.0290824378624135,41.16101964010614,0.029373270869246352,0.07621308509808966,-0.029839961793721836,3.4880937477021954,-2.772916767229894,0.059490104054723165,0.07541480720089788,0.9585572650701909,0.3325635264535318,0.059268733220612636,0.08826309555831476,0.4795863652993877
442,PUT-VP-lh,PUT-VP,"Putamen, ventro-posterior part",subcortex,Putamen,L,0.7079977101449193,73.66817768097161,0.20521747375367136,0.013077854567720593,0.057524996314772675,-4.03244457039058,158.36331058349762,0.13104876612528327,0.04381444882855212,2.542960487859729,0.11749026520584353,0.2995779198847807,0.1749886465319959,0.2339499140502323
443,PUT-DP-lh,PUT-DP,"Putamen, dorso-posterior part",subcortex,Putamen,L,0.6242390491453826,54.93286156284373,0.13825461270555048,0.025308994280165975,0.04087160963607996,-2.7438534116038946,115.10890036041604,0.11172602144106111,0.050283132919685114,2.2622274029756175,0.13925396566507015,0.21946711247664305,0.15511808481419492,0.2569971561461051
444,CAU-VA-lh,CAU-VA,"Caudate, ventro-anterior part",subcortex,Caudate,L,2.452728097985769,94.28260864169947,6.34495638812652e-05,0.2709679508181192,-0.005047604058008137,2.8686842427032015,86.8509263484425,0.00036323794537061505,0.2557422254800198,0.018035361874278837,0.8937421168613497,0.00032006780002327115,0.0011695746609805618,0.9285101168307843
445,CAU-DA-lh,CAU-DA,"Caudate, dorso-anterior part",subcortex,Caudate,L,3.6057361740512883,-10.669879873281985,5.8581239605033095e-09,0.49951961257657973,0.055408210511476375,-0.9602688780856727,70.90866951908882,1.3861626897168136e-08,0.5172666124478418,2.764651080258131,0.10302342542511098,1.2664706086040489e-07,1.7980510318040954e-07,0.21357367645205655
446,CAU-body-lh,CAU-body,Caudate body,subcortex,Caudate body,L,3.2579046797135227,31.62557563485464,3.406137762067306e-07,0.40936251991802264,0.022972815553643056,1.3647918917085402,65.44888360717404,2.145968902875642e-06,0.4017389784185301,0.3883439188327529,0.5361836510002954,3.681872723758469e-06,1.4119853360949877e-05,0.6680196606132818
447,CAU-tail-lh,CAU-tail,Caudate tail,subcortex,Caudate tail,L,1.8891400172033381,13.819173878474643,0.0001702237174028248,0.24183036506587707,0.12348848834252724,-8.287132712917519,195.63359547134263,6.321714338571595e-08,0.48506694697582664,23.67354146934028,1.3234075580496216e-05,0.0007430919971238698,6.377907354914455e-07,0.00030969853200817153
448,lAMY-lh,lAMY,"Amygdala, lateral nucleus",subcortex,Amygdala,L,2.7460828919112914,-3.5450309279805055,4.887716650684016e-07,0.40064155867483,-0.00012980911162566167,2.7567800260367763,-3.736151321989283,3.674457989875828e-06,0.3878894690563488,1.67114533103094e-05,0.9967555877439518,4.823963824805529e-06,2.2797296012976486e-05,0.9969433779723371
449,mAMY-lh,mAMY,"Amygdala, medial nucleus",subcortex,Amygdala,L,2.497134601388228,42.07665929776765,0.0004977980399531735,0.20907286384187773,0.005840864842819815,2.01580849222532,50.67627434896184,0.002466579008102879,0.19253530514207384,0.01691947320340571,0.8970623089483581,0.0017936532550693713,0.005672062020745425,0.9298317083619968
450,THA-DP-lh,THA-DP,"Thalamus, dorso-posterior part",subcortex,Thalamus,L,1.7097189885836093,179.57394407227466,0.0017926394591608968,0.16857008598526046,-0.05798748685582028,6.488273565608761,94.19787765650577,0.0019125083313527565,0.2012299578627167,2.9626097217207223,0.0917875615683895,0.005354331016177942,0.0045970905160562766,0.19672666167522457
451,NAc-shell-lh,NAc-shell,"Nucleus Accumbens, shell",subcortex,Nucleus Accumbens,L,2.40662873282794,-6.14309194098071,2.0544454582570288e-05,0.30308209862716695,0.05292610429379871,-1.9548342591118253,71.78100583119186,3.728517089500318e-05,0.3244570727931585,2.518776555340126,0.11920352844446985,0.00011957926128829372,0.00017098452107405497,0.23427879616359013
452,NAc-core-lh,NAc-core,"Nucleus Accumbens, core",subcortex,Nucleus Accumbens,L,3.0939775883666476,-21.74907858046977,1.987954357353614e-07,0.4221437426664072,0.0805403472048911,-3.5430826747910382,96.83198786945574,8.243442362555475e-08,0.47921791608382847,6.260473446849987,0.01588403161405406,2.314182764714207e-06,8.006794243021578e-07,0.05862886465675239
453,pGP-lh,pGP,"Pallidum, posterior part",subcortex,Pallidum,L,0.2943887209666366,30.57193710350866,0.21811030335390985,0.011246145549849373,0.0037398509825176743,-0.013799872795651424,36.078189972553425,0.45923425374070315,-0.008594746817841337,0.055752732548037975,0.8143654009777562,0.3143558022942066,0.497595110258423,0.8781992685128298
454,aGP-lh,aGP,"Pallidum, anterior part",subcortex,Pallidum,L,-0.23253359352227132,56.07891804763739,0.41637473263818214,-0.006737034205915204,0.012455851784229623,-1.258978621262048,74.41790266063778,0.5819447064933368,-0.018809976343493684,0.4311979308608805,0.5146042370666646,0.5151559418065522,0.6115807795092012,0.6507808457611858
