index,name,base_name,Label Name,network,component,hemisphere,beta1,intercept,pval,adj_r2,quad_beta2,quad_beta1,quad_intercept,quad_pval,quad_adj_r2,f_statistic,pval_quad_vs_linear,pval_adj,quad_pval_adj,pval_quad_vs_linear_adj
1,7Networks_LH_Vis_1,7networks_lh_vis,7Networks_LH_Vis,visual,visual,L,3.511100085493941e-06,-0.000581866862275767,0.02590389461462493,0.08041924288910729,-3.660551616987817e-08,6.526499840425114e-06,-0.0006356724813090823,0.08054422121308934,0.06341651851563956,0.12860862265797243,0.7214849713589166,0.05180778922924986,0.11535355340928252,0.8734778053251951
2,7Networks_LH_Vis_2,7networks_lh_vis,7Networks_LH_Vis,visual,visual,L,3.1224312302952663e-06,-0.0006121435670708403,0.035836840991632674,0.06956378846811928,1.7582978427071503e-08,1.674023602497362e-06,-0.0005862987453689114,0.11130751689752687,0.05043478630880649,0.03303944751959277,0.8565468169101241,0.0669544272024742,0.1481924125263261,0.9468400303898092
3,7Networks_LH_Vis_3,7networks_lh_vis,7Networks_LH_Vis,visual,visual,L,1.5611048400888901e-06,-0.0004957302735435817,0.16771913107835296,0.019256897307216914,8.917279982481727e-08,-5.784554144485233e-06,-0.00036465719501517496,0.18875942562585865,0.028851096615842287,1.4742028387297192,0.2307494233657175,0.23795151721741326,0.2279169660482442,0.4258546268619339
4,7Networks_LH_Vis_4,7networks_lh_vis,7Networks_LH_Vis,visual,visual,L,4.45587183847869e-06,-0.0007627560465986521,0.005370935652921553,0.1328198152347536,-2.95458592441409e-08,6.8897284274846496e-06,-0.0008061848358315298,0.02074845007318961,0.11594234179101026,0.08363587173613464,0.7737012072365088,0.0139337416367222,0.03723239657402404,0.8961990288147298
5,7Networks_LH_Vis_5,7networks_lh_vis,7Networks_LH_Vis,visual,visual,L,2.5084112037814866e-06,-0.0006843897501551758,0.04076868372681452,0.06526013174487166,8.913409369803559e-08,-4.8340593420700404e-06,-0.0005533735648857605,0.06706653982410322,0.07068637839717717,1.2802711950583905,0.2635889687897159,0.07403592964789517,0.10149403026714288,0.4567534039333244
6,7Networks_LH_Vis_6,7networks_lh_vis,7Networks_LH_Vis,visual,visual,L,3.543675018999633e-06,-0.0004941095483760735,0.020206789222128672,0.08873338637041717,-2.009626359716336e-07,2.0098083935046477e-05,-0.0007894999748035786,0.007928855751132793,0.15140020026901668,4.544670960429591,0.038278361734749626,0.04169946503112008,0.017559514687874575,0.13367981713520255
7,7Networks_LH_Vis_7,7networks_lh_vis,7Networks_LH_Vis,visual,visual,L,4.650488085064351e-06,-0.0004924394911467691,0.0025180213779800943,0.15759519127469823,1.6386070042896577e-07,-8.84762825410296e-06,-0.0002515843593438034,0.002560025274558907,0.19125661117131043,2.9978502172085664,0.08993522975709044,0.007471775853614136,0.006679606176147953,0.23199201312340373
8,7Networks_LH_Vis_8,7networks_lh_vis,7Networks_LH_Vis,visual,visual,L,2.7184800478177837e-06,-0.0006978551976825879,0.03270073626431987,0.07262414201189704,1.3205741666946353e-07,-8.159823102283862e-06,-0.0005037469922726478,0.028254878346827612,0.10424899372188778,2.6946594214690194,0.10736069563824065,0.06272448844259354,0.048589828672195974,0.26346895037708784
9,7Networks_LH_Vis_9,7networks_lh_vis,7Networks_LH_Vis,visual,visual,L,9.154506234558478e-07,-0.000414810538964309,0.4313001435632726,-0.007610660572819672,-6.243056581464934e-09,1.4297258818189329e-06,-0.00042398706641626357,0.7337034431176273,-0.028905982986083156,0.006541420946846692,0.9358815692438467,0.5075739542602711,0.75704855267137,0.9700690238280969
10,7Networks_LH_Vis_10,7networks_lh_vis,7Networks_LH_Vis,visual,visual,L,3.781282896347129e-06,-0.0004632288350483909,0.012188193903216602,0.10563181054645354,-9.641685479895754e-08,1.1723674938648886e-05,-0.0006049497858916297,0.027163057403288806,0.10574986214568904,1.006336567950563,0.32091903501721075,0.02725832528108541,0.04706880939348518,0.5094309157266212
11,7Networks_LH_Vis_11,7networks_lh_vis,7Networks_LH_Vis,visual,visual,L,-3.7260133897074688e-06,-0.00020824756457532375,0.006274966290896355,0.1276852487750183,-1.4544788520466516e-08,-2.5278783453441347e-06,-0.00022962661975434225,0.02450996124512835,0.10965236308230109,0.027819609599938767,0.8682491472351763,0.01582685942259414,0.0434668843956573,0.9533657084431146
12,7Networks_LH_Vis_12,7networks_lh_vis,7Networks_LH_Vis,visual,visual,L,-5.848326461393064e-07,-0.000446508430176402,0.694234300386855,-0.01751767588142039,3.2984456523263414e-07,-2.7755962170770498e-05,3.832262465019019e-05,0.0016401604591808209,0.20643455781868758,14.546087879100348,0.0003979169174794736,0.7504342199419813,0.0048352782368057965,0.0063224402332536945
13,7Networks_LH_Vis_13,7networks_lh_vis,7Networks_LH_Vis,visual,visual,L,8.627163884087137e-06,-0.0005782413557394208,1.1817739186004991e-07,0.434239822487688,-1.0162497923148512e-07,1.699857807334115e-05,-0.0007276176107120786,5.16804188335664e-07,0.43690693247973467,1.2273536773983407,0.27355977114683394,2.063559073248564e-06,7.332159422012233e-06,0.46169567323666394
14,7Networks_LH_Vis_14,7networks_lh_vis,7Networks_LH_Vis,visual,visual,L,3.3494765018053065e-06,-0.0007063863399803109,0.012337208807109031,0.10522640050518317,-1.276844300884167e-07,1.3867552449985316e-05,-0.0008940667914712794,0.01468623538677089,0.12884704737245045,2.3014833344811882,0.1359484619844167,0.027456337247193627,0.02873944338618097,0.3055475333709167
15,7Networks_LH_Vis_15,7networks_lh_vis,7Networks_LH_Vis,visual,visual,L,-1.8521808305105262e-06,-0.000287987199038471,0.2669704364220007,0.005306604317235064,2.60522764193674e-07,-2.3312888436921406e-05,9.494931071203768e-05,0.028015652069092654,0.10457303576571753,6.321247739732459,0.01541232908981253,0.3479936612250494,0.04836161992155158,0.07523868179327836
16,7Networks_LH_Vis_16,7networks_lh_vis,7Networks_LH_Vis,visual,visual,L,3.433752417349887e-06,-0.000639005172359973,0.011336881995549584,0.10804632932840619,-1.2449350612848408e-08,4.459274598565199e-06,-0.0006573041908242591,0.04151301948845558,0.08946309057607149,0.020363204522484118,0.8871373605999694,0.025734722129897556,0.06803938934208965,0.9589532421723479
17,7Networks_LH_Vis_17,7networks_lh_vis,7Networks_LH_Vis,visual,visual,L,1.3049707386546266e-06,-0.000597510516246385,0.2391663763580298,0.00851036954364337,1.9869865943163275e-07,-1.5062941850657465e-05,-0.0003054478576516526,0.00924546267719831,0.145834562423368,8.7169608699315,0.004907990975580294,0.3184209233623036,0.01970629134013161,0.03593915972441054
18,7Networks_LH_Vis_18,7networks_lh_vis,7Networks_LH_Vis,visual,visual,L,-1.0820466091024088e-06,-0.00043982637700863534,0.4544116289575647,-0.008877670570743845,1.3677353720449243e-07,-1.2348842811441335e-05,-0.00023878605285338194,0.26875340866793973,0.014139621470326214,2.1206759517195835,0.15197062616261287,0.533082376089753,0.31205638755817044,0.3224049732608703
19,7Networks_LH_Vis_19,7networks_lh_vis,7Networks_LH_Vis,visual,visual,L,-4.0526007401119266e-07,-0.0005101749645299139,0.77600559249053,-0.01909506316441556,2.69866305326997e-07,-2.2635647078271603e-05,-0.00011350459531657355,0.011236114753205581,0.13871731072785387,9.795014739272677,0.0030048930365593443,0.8207210526912146,0.023293132867375957,0.0257400271433574
20,7Networks_LH_Vis_20,7networks_lh_vis,7Networks_LH_Vis,visual,visual,L,2.7209917434710605e-06,-0.0005185735040600196,0.1260580933421979,0.028240756642982645,-1.822920431913687e-07,1.7737400194430915e-05,-0.0007865204490843697,0.09028420884100175,0.05885579840187516,2.5614206642632458,0.11620135447963086,0.18702736724626745,0.12729512675097762,0.27620636090969847
21,7Networks_LH_Vis_21,7networks_lh_vis,7Networks_LH_Vis,visual,visual,L,-2.3616554018271972e-07,-0.0005510602940257069,0.853408525857416,-0.020099919256501453,6.457526556157357e-08,-5.555588958371842e-06,-0.000456142573929751,0.7358725625083657,-0.029035240805079132,0.5832062719288672,0.4488750650751143,0.8927361076941633,0.7575649509723312,0.6352197552495075
22,7Networks_LH_Vis_22,7networks_lh_vis,7Networks_LH_Vis,visual,visual,L,-2.364204065067024e-06,-0.0004191694891134094,0.09669507046708006,0.036770409965525386,1.1602716132044038e-07,-1.1922006014568433e-05,-0.00024862379292511875,0.11651954567922031,0.04858386850952856,1.5960020976560851,0.21270170686065978,0.15034096572621353,0.1537787027278082,0.40236072881141477
23,7Networks_LH_Vis_23,7networks_lh_vis,7Networks_LH_Vis,visual,visual,L,2.0102887180933574e-06,-0.0006789895765133144,0.0964179989145348,0.036863490584779335,8.620497298340996e-08,-5.090893879678037e-06,-0.0005522788394321534,0.14015391042094782,0.04107740810433913,1.2109326056642606,0.27675175648328004,0.15034096572621353,0.17873560486266943,0.46535295349410793
24,7Networks_LH_Vis_24,7networks_lh_vis,7Networks_LH_Vis,visual,visual,L,2.921040451719124e-08,-0.0005102250560028312,0.981903483919635,-0.02082227679629911,9.781671445807198e-08,-8.028495855822641e-06,-0.0003664464831561649,0.5167270829183719,-0.01366994986859038,1.338681927558903,0.25311327288382035,0.984071041279281,0.5481170458993945,0.4419747149586709
25,7Networks_LH_Vis_25,7networks_lh_vis,7Networks_LH_Vis,visual,visual,L,1.0406359551289581e-06,-0.0005704204318337715,0.49668410719167055,-0.01095284078585812,3.3041476846838973e-07,-2.6177464378201566e-05,-8.475124818713555e-05,0.002012631392563048,0.19949364207480258,13.61880193368263,0.000581073210976451,0.5781912427308165,0.005640337359405085,0.007759036405391434
26,7Networks_LH_Vis_26,7networks_lh_vis,7Networks_LH_Vis,visual,visual,L,6.394082034193105e-07,-0.0005919120458513156,0.6026282715813562,-0.015025073736660177,1.2397456114674204e-07,-9.573065227214822e-06,-0.0004096846466821194,0.2682062624893085,0.01422511250375691,2.4242693310092838,0.12617775280190716,0.6624533542322899,0.31205638755817044,0.29078527803079113
27,7Networks_LH_Vis_27,7networks_lh_vis,7Networks_LH_Vis,visual,visual,L,8.95657546180521e-07,-0.0005574751213462614,0.5491599730786481,-0.013151289433868563,2.5198198378383805e-07,-1.9861498523483113e-05,-0.00018709251125519977,0.02636494011601502,0.10688399391082426,7.451226449042018,0.008893281597127042,0.6182572845676633,0.04621499155471359,0.05110822588728705
28,7Networks_LH_Vis_28,7networks_lh_vis,7Networks_LH_Vis,visual,visual,L,2.846415404683011e-06,-0.0005363452625202694,0.05860959973397485,0.0531949564402886,5.786450596508975e-08,-1.920205459138962e-06,-0.00045129153594367506,0.14328892635564963,0.040174295111613634,0.34884871222628017,0.5575951781069706,0.10117398585256496,0.1812962965559441,0.7274373875303581
29,7Networks_LH_Vis_29,7networks_lh_vis,7Networks_LH_Vis,visual,visual,L,3.4776501989859287e-06,-0.0005892959696468293,0.03860021166653195,0.06708360121148693,2.1007502072843833e-07,-1.3827396479822242e-05,-0.0002805114552782154,0.017680986323691087,0.12194033001609772,3.9987973171226536,0.051331343656716835,0.07094937690933403,0.03276395016716634,0.16174030008651497
30,7Networks_LH_Vis_30,7networks_lh_vis,7Networks_LH_Vis,visual,visual,L,4.559098140978748e-06,-0.0005748970400925455,0.010289740311395774,0.111275022787936,2.768443778096617e-07,-1.8246111465330633e-05,-0.00016796976020359752,0.001671176175489158,0.20580169558624006,6.713031958268674,0.012708622190986719,0.02420488135426778,0.004894928926916631,0.06712000083867764
31,7Networks_LH_Vis_31,7networks_lh_vis,7Networks_LH_Vis,visual,visual,L,5.172030377682341e-07,-0.0004303691617835526,0.7422209507606845,-0.018511100920354018,4.180190515286086e-07,-3.391734883922473e-05,0.00018406757312911253,5.522859431275498e-05,0.3130680584969263,24.16939814620376,1.1159902857109644e-05,0.7928666156361195,0.0002785975757554529,0.0010133191794255557
32,7Networks_LH_SomMot_1,7networks_lh_sommot,7Networks_LH_SomMot,somatomotor,somatomotor,L,5.0635462057213355e-06,-0.0008147971083468336,9.939940145548721e-05,0.25783297027040075,-1.3195963065600802e-08,6.15057100300724e-06,-0.0008341935555432254,0.0005500651190857867,0.24248290272350193,0.02734440595443427,0.8693687297256596,0.0005516061693314641,0.0019978365125195774,0.9533657084431146
33,7Networks_LH_SomMot_2,7networks_lh_sommot,7Networks_LH_SomMot,somatomotor,somatomotor,L,2.7346570619999337e-06,-0.0007233984481659743,0.032743840883027904,0.07258010383876967,5.533654719790304e-08,-1.8237217922932177e-06,-0.0006420605109181799,0.08397033875610828,0.06175481198864574,0.44618526644694273,0.5074191789516505,0.06272448844259354,0.11913291811022861,0.6815630391835779
34,7Networks_LH_SomMot_3,7networks_lh_sommot,7Networks_LH_SomMot,somatomotor,somatomotor,L,4.144974428830402e-06,-0.0006620813347182479,0.006932490012291281,0.12438887263769771,9.99122728063213e-09,3.3219415243455697e-06,-0.0006473954560588203,0.027016765494876187,0.10595533527250667,0.010329317496845253,0.9194801438281317,0.01710516557380566,0.04699468020947811,0.9634759994665948
35,7Networks_LH_SomMot_4,7networks_lh_sommot,7Networks_LH_SomMot,somatomotor,somatomotor,L,3.6946495720853098e-06,-0.0007000389109329852,0.011297421638914562,0.10816255411457076,1.18703417177442e-08,2.716823570656868e-06,-0.0006825909645279736,0.041476317696689934,0.08949736076625536,0.016005838848387764,0.8998646092696999,0.025734722129897556,0.06803938934208965,0.9618416080697011
36,7Networks_LH_SomMot_5,7networks_lh_sommot,7Networks_LH_SomMot,somatomotor,somatomotor,L,3.913522552913218e-06,-0.0006669323100630469,0.003484809440420098,0.14701706047251295,1.0103761205184787e-08,3.0812196038006218e-06,-0.0006520810203370271,0.014574932332061603,0.12912901793873766,0.014060567744571872,0.9061156328809912,0.009706156355525917,0.02864510510283969,0.9634759994665948
37,7Networks_LH_SomMot_6,7networks_lh_sommot,7Networks_LH_SomMot,somatomotor,somatomotor,L,1.4545033098221813e-06,-0.000592824903949029,0.1924218285444906,0.015031428252447854,1.8422766879613083e-07,-1.3721353376947939e-05,-0.0003220328266938672,0.015001617008278808,0.12805904626023112,7.222125066042936,0.009926653495677873,0.2655304260158016,0.029105701375036663,0.056333758587971926
38,7Networks_LH_SomMot_7,7networks_lh_sommot,7Networks_LH_SomMot,somatomotor,somatomotor,L,4.607870923428831e-06,-0.0006426682418104422,0.001114337015105948,0.1837674000886157,-9.08988812195337e-10,4.68274938242456e-06,-0.0006440043438751654,0.005213939653905725,0.16640260311167643,0.00010453726891201781,0.991885570227704,0.0040151508322071455,0.012264915040793778,0.9984338485321758
39,7Networks_LH_SomMot_8,7networks_lh_sommot,7Networks_LH_SomMot,somatomotor,somatomotor,L,8.282588071884483e-08,-0.0005256890497864907,0.9491814946572747,-0.02074604220222831,6.177804017335096e-08,-5.006174540264372e-06,-0.0004348829079261904,0.7723393507013991,-0.031155354667174118,0.5154493490666479,0.4763430436062689,0.9623284955520717,0.7915170772425174,0.6573244431527236
40,7Networks_LH_SomMot_9,7networks_lh_sommot,7Networks_LH_SomMot,somatomotor,somatomotor,L,-2.59761077844882e-06,-0.00030203374404285267,0.1176214928110784,0.030453960994031304,3.2750189279598616e-07,-2.9575761358088083e-05,0.0001793538696351143,0.0020023189290531928,0.19966861169774142,11.148675101957348,0.0016525733728736738,0.17623814434399207,0.005640337359405085,0.016672857899295453
41,7Networks_LH_SomMot_10,7networks_lh_sommot,7Networks_LH_SomMot,somatomotor,somatomotor,L,5.7981120061479e-06,-0.0006958671169037555,2.475652301152094e-05,0.29785798042130895,-6.564528011214752e-08,1.1205678468096519e-05,-0.0007923576271497447,0.00011072597300851543,0.2924316248820542,0.6318870726227628,0.43065996608945645,0.00015860228894073417,0.0004872429941438253,0.6246300728891567
42,7Networks_LH_SomMot_11,7networks_lh_sommot,7Networks_LH_SomMot,somatomotor,somatomotor,L,2.2448368805758274e-06,-0.0005174934513127985,0.112013985120098,0.03202137824084739,-1.3447479349699836e-07,1.3322272791421053e-05,-0.0007151549041633494,0.0979326665659299,0.05559349419838977,2.1980662553797887,0.14485867330733226,0.16895132639376906,0.13473160794221872,0.31516130129430997
43,7Networks_LH_SomMot_12,7networks_lh_sommot,7Networks_LH_SomMot,somatomotor,somatomotor,L,2.435006794432547e-06,-0.0006368493862912001,0.0466389718196124,0.06077857474598336,8.586267821140442e-08,-4.637979081106364e-06,-0.0005106417805417799,0.0785298901956265,0.06442537448296115,1.1871004007597978,0.2814701748311391,0.08271130158634386,0.11390597491634004,0.4698068359313866
44,7Networks_LH_SomMot_13,7networks_lh_sommot,7Networks_LH_SomMot,somatomotor,somatomotor,L,2.4138711168535794e-06,-0.0006006355495982432,0.09520042893089045,0.03727590058258068,3.265577812795503e-07,-2.4486507751492702e-05,-0.00012063566405236281,0.00027551574576019583,0.26444510295714685,15.824347928097493,0.00023877247503677115,0.1490379128780147,0.0011168227551350794,0.004730153252283172
45,7Networks_LH_SomMot_14,7networks_lh_sommot,7Networks_LH_SomMot,somatomotor,somatomotor,L,2.0771412268429767e-06,-0.0006245504438350063,0.10718827888981784,0.033438880006391614,2.355133357147203e-07,-1.7323400798063002e-05,-0.00027837472649443564,0.004046347430792447,0.17534722842570183,9.259962203392888,0.003826888404360569,0.16385009635009193,0.00992995531664741,0.029444076077095607
46,7Networks_LH_SomMot_15,7networks_lh_sommot,7Networks_LH_SomMot,somatomotor,somatomotor,L,3.3855405402714996e-06,-0.0005420199347537296,0.036220697786491625,0.06920792410527399,-9.086931956156795e-08,1.0870951281786195e-05,-0.00067558668921379,0.07836505727138061,0.06450902262853897,0.7588995764373694,0.38810126199227446,0.06722115414296168,0.11390597491634004,0.5834369965049424
47,7Networks_LH_SomMot_16,7networks_lh_sommot,7Networks_LH_SomMot,somatomotor,somatomotor,L,-3.485187183150671e-08,-0.0005788316078344563,0.9785315028816938,-0.020817771460842627,1.297914960670708e-07,-1.0726498551978315e-05,-0.000388054027790545,0.31302981601867824,0.0077210371393140464,2.3805218734641755,0.12956344216967763,0.9828612882926747,0.3579736435075061,0.2955869484675057
48,7Networks_LH_SomMot_17,7networks_lh_sommot,7Networks_LH_SomMot,somatomotor,somatomotor,L,2.244180847202913e-06,-0.0006692101369181536,0.0581621098312008,0.05344868431131855,7.840576741119608e-08,-4.214537853543544e-06,-0.0005539632754406997,0.10082448751768662,0.054423269358360615,1.049472539606897,0.31087256150430725,0.10078472466933268,0.13746041241150067,0.5004827763225371
49,7Networks_LH_SomMot_18,7networks_lh_sommot,7Networks_LH_SomMot,somatomotor,somatomotor,L,6.197364312096525e-06,-0.0007294573118128559,7.568860625895488e-06,0.3304680021146953,2.554768384971453e-07,-1.4847682358456723e-05,-0.00035393769394383607,2.3739942181598777e-07,0.4552418461591291,11.994134685099757,0.00114827964987379,5.824174108739917e-05,3.849262053730659e-06,0.013032974026067517
50,7Networks_LH_SomMot_19,7networks_lh_sommot,7Networks_LH_SomMot,somatomotor,somatomotor,L,3.8813971772693845e-06,-0.0007045372865115282,0.0015953132443040454,0.17231541580669307,1.1356387186788725e-07,-5.473489933465969e-06,-0.000537612323691344,0.0024186844079536404,0.19320877316760887,2.24304915567991,0.1409025380923801,0.005286658488423625,0.006445807252740592,0.31357721712715964
51,7Networks_LH_SomMot_20,7networks_lh_sommot,7Networks_LH_SomMot,somatomotor,somatomotor,L,7.41024072345732e-07,-0.0005406756199420096,0.5417726717376968,-0.012864681433568892,1.66306596634873e-07,-1.295857432722068e-05,-0.00029622532071019685,0.08984926637921575,0.0590491785582149,4.668486387329429,0.03585056152598935,0.614911982422286,0.12707653251141418,0.13074573558713518
52,7Networks_LH_SomMot_21,7networks_lh_sommot,7Networks_LH_SomMot,somatomotor,somatomotor,L,7.0838479135313255e-06,-0.0007404839145905169,7.169371357195327e-06,0.33192704048292265,3.802092578388061e-07,-2.423610117799291e-05,-0.00018162293895851846,2.118017923570294e-09,0.5543551986071098,24.957536487783035,8.533889279883241e-06,5.710341396783646e-05,8.013167810840945e-08,0.0009685964332667478
53,7Networks_LH_SomMot_22,7networks_lh_sommot,7Networks_LH_SomMot,somatomotor,somatomotor,L,6.314245048223188e-06,-0.0007361965958826269,2.3685565562530217e-07,0.41801473788553556,-7.01995524581869e-08,1.2096972227818967e-05,-0.0008393813278871009,1.1111263017278595e-06,0.41826331327408584,1.020510342432706,0.3175706141913553,3.584415588462906e-06,1.1731426534522051e-05,0.5094309157266212
54,7Networks_LH_SomMot_23,7networks_lh_sommot,7Networks_LH_SomMot,somatomotor,somatomotor,L,9.21689075346312e-06,-0.0007505838825519423,1.0844662556520676e-08,0.4867572602909749,2.62520472908913e-07,-1.2408379219515341e-05,-0.00036471098601282816,8.319625574150141e-10,0.5717280216830865,10.52337942549972,0.0021730733979901775,3.5167691433288475e-07,5.395871443805948e-08,0.0201341902589294
55,7Networks_LH_SomMot_24,7networks_lh_sommot,7Networks_LH_SomMot,somatomotor,somatomotor,L,1.0390640551789677e-05,-0.0007467708640310094,8.144067301397557e-10,0.5383761915258602,-1.9120474290723117e-07,2.6141237599196752e-05,-0.0010278183844780546,7.908855531906536e-10,0.5726498024960567,4.849614054651877,0.032594349322004924,6.162344258057484e-08,5.395871443805948e-08,0.12647721873666867
56,7Networks_LH_SomMot_25,7networks_lh_sommot,7Networks_LH_SomMot,somatomotor,somatomotor,L,4.773143804649207e-06,-0.0005149558562127573,0.00011864885426340395,0.25259855669651354,1.523964735536247e-07,-7.780600469118274e-06,-0.0002909517318072396,8.148579357376345e-05,0.3016040581303613,4.368095270610498,0.04205455717126447,0.0006337244686539457,0.0003774954110458021,0.14286374288481693
57,7Networks_LH_SomMot_26,7networks_lh_sommot,7Networks_LH_SomMot,somatomotor,somatomotor,L,3.847922177997127e-06,-0.0007097790968967444,0.0013263646578108666,0.1782217820961597,2.4779013491174614e-07,-1.6563928009270053e-05,-0.0003455579905093973,1.3540815321980458e-05,0.352955467681186,13.962348786139952,0.0005046034543490618,0.004596714157604071,8.538236328026565e-05,0.007147288803797129
58,7Networks_LH_SomMot_27,7networks_lh_sommot,7Networks_LH_SomMot,somatomotor,somatomotor,L,6.4988162402430315e-06,-0.0007322636176999679,6.534701631529322e-05,0.27011186730318393,2.9865383387470946e-07,-1.810295944011153e-05,-0.00029327911236680794,2.5170927235145924e-06,0.39766428622298355,11.164624092698139,0.001641156925364428,0.00037553854945750783,2.1976155701454325e-05,0.016672857899295453
59,7Networks_LH_SomMot_28,7networks_lh_sommot,7Networks_LH_SomMot,somatomotor,somatomotor,L,5.062114807936955e-06,-0.0005973748029056689,0.0002600327783651308,0.22902823588475696,2.423719708750176e-07,-1.490341110315549e-05,-0.00024111773310415367,1.740294942748056e-05,0.34600935621104656,9.585893130107115,0.0033014620692953726,0.0012297383476850977,0.0001082320416448791,0.026765424633216055
60,7Networks_LH_SomMot_29,7networks_lh_sommot,7Networks_LH_SomMot,somatomotor,somatomotor,L,4.846165466614385e-06,-0.0006059858471207379,0.004394166214456526,0.1394228446571446,3.5878541924899815e-07,-2.4708983004872693e-05,-7.861528654106803e-05,3.575573821024634e-05,0.32566004555817474,14.256497089289173,0.0004475259334208418,0.011735008596254487,0.00020291381434314797,0.006554089476550393
61,7Networks_LH_SomMot_30,7networks_lh_sommot,7Networks_LH_SomMot,somatomotor,somatomotor,L,7.300897404769265e-06,-0.0007299480534769855,3.202989062979978e-08,0.46355072965278277,-6.661309279245812e-08,1.2788187974567773e-05,-0.0008278611296589594,1.8073698544626956e-07,0.4615268494009015,0.8195894224582755,0.36991785403894384,8.078650192182833e-07,3.155945822792553e-06,0.565463655668958
62,7Networks_LH_SomMot_31,7networks_lh_sommot,7Networks_LH_SomMot,somatomotor,somatomotor,L,8.606231650892975e-06,-0.0006895594043229151,9.180577183129452e-08,0.44002560458902984,3.154287371857592e-07,-1.7377386020116313e-05,-0.00022591784859641537,8.074302978385348e-10,0.5722731417716707,15.840970733191925,0.00023721139043684643,1.7999288749138368e-06,5.395871443805948e-08,0.004730153252283172
63,7Networks_LH_SomMot_32,7networks_lh_sommot,7Networks_LH_SomMot,somatomotor,somatomotor,L,8.194972342772831e-06,-0.0006321953786346343,7.695567412900566e-07,0.38950884172232747,3.6038417407860863e-07,-2.1491874447050405e-05,-0.0001024748445457699,1.4632081381370639e-09,0.5613139733533473,19.798516062448837,5.2590025474205125e-05,9.442669203937452e-06,7.38107216349141e-08,0.003410838795041304
64,7Networks_LH_SomMot_33,7networks_lh_sommot,7Networks_LH_SomMot,somatomotor,somatomotor,L,5.140368825945962e-06,-0.0006099131365555156,0.0022441442100347713,0.16132466464552764,3.655023640789317e-07,-2.496809171195397e-05,-7.266949092194556e-05,1.1290484846381326e-05,0.3579403855156935,15.698875912555376,0.00025090883190488205,0.006884063995647204,7.66295352297116e-05,0.004746358736867352
65,7Networks_LH_SomMot_34,7networks_lh_sommot,7Networks_LH_SomMot,somatomotor,somatomotor,L,7.893212554073355e-06,-0.0005996858762672046,2.252395034905301e-07,0.4192028792482223,1.1357180190205885e-09,7.79965715055665e-06,-0.0005980165100772367,1.7542818976896917e-06,0.4068476151261017,0.00016809679039241776,0.9897104248530119,3.526163261541402e-06,1.649327922565194e-05,0.9984338485321758
66,7Networks_LH_SomMot_35,7networks_lh_sommot,7Networks_LH_SomMot,somatomotor,somatomotor,L,8.06579487448956e-06,-0.0006394158221352744,1.879554074492456e-06,0.3670424888659729,3.1378217369922664e-07,-1.778218621347783e-05,-0.00017819451277982374,4.978839774977488e-08,0.4902729069487898,12.604366627969194,0.0008866254161575864,1.855038151781685e-05,9.827796773216432e-07,0.011311969219565315
67,7Networks_LH_SomMot_36,7networks_lh_sommot,7Networks_LH_SomMot,somatomotor,somatomotor,L,4.721135065437563e-06,-0.0005412103042973148,0.001876995770856335,0.1670902266782931,3.259000484234358e-07,-2.2125062693047205e-05,-6.217720537773336e-05,1.1308764009671096e-05,0.3578961862720397,15.263559668530625,0.00029827695007601443,0.005956935100399846,7.66295352297116e-05,0.005416709413380422
68,7Networks_LH_SomMot_37,7networks_lh_sommot,7Networks_LH_SomMot,somatomotor,somatomotor,L,5.374201230385797e-06,-0.0005025595862359816,0.0011985314402464915,0.18145157825441227,3.851467612733247e-07,-2.6352477452857037e-05,6.355891385054389e-05,1.816440443353738e-06,0.4059681090743904,19.141775961837258,6.703903467720271e-05,0.004251041202124274,1.649327922565194e-05,0.0034358006493532874
69,7Networks_LH_DorsAttn_Post_1,7networks_lh_dorsattn_post,7Networks_LH_DorsAttn_Post,dorsal attention,posterior,L,3.5210973196369097e-06,-0.0006020607866648439,0.014837880880244425,0.09906344924658528,2.2396739751999323e-07,-1.492834162448596e-05,-0.0002728561823391695,0.0024437166399532907,0.19285520669090028,6.577691133792726,0.013580474805873686,0.03209415758929907,0.006450275317086011,0.06927568047041184
70,7Networks_LH_DorsAttn_Post_2,7networks_lh_dorsattn_post,7Networks_LH_DorsAttn_Post,dorsal attention,posterior,L,2.9730381602458645e-06,-0.0007108832024807267,0.023767731770131122,0.08330014883564862,5.808110098974918e-08,-1.8114248392051092e-06,-0.0006255111077836783,0.06316955574933449,0.07305065526154264,0.4692528838284121,0.49669571733981854,0.04799879285170704,0.09721687562778934,0.673133897529187
71,7Networks_LH_DorsAttn_Post_3,7networks_lh_dorsattn_post,7Networks_LH_DorsAttn_Post,dorsal attention,posterior,L,1.5862485768622458e-06,-0.0006554866145903472,0.2338236788409789,0.009176951289253998,3.95593602472401e-08,-1.6724757269052062e-06,-0.000597339207057938,0.4482680046188474,-0.00755796575197043,0.20274957344091352,0.6545807711453016,0.31314439585193043,0.4857128260070567,0.8200772484518903
72,7Networks_LH_DorsAttn_Post_4,7networks_lh_dorsattn_post,7Networks_LH_DorsAttn_Post,dorsal attention,posterior,L,2.1467345205879865e-06,-0.0005947138999205035,0.07931427829399992,0.04323007785856858,8.507175745868361e-08,-4.861098818025736e-06,-0.00046966885066964325,0.12327016538034793,0.04630099931716847,1.1545605373469636,0.2880820075193146,0.13094066307445804,0.16212624693045083,0.47733296136411985
73,7Networks_LH_DorsAttn_Post_5,7networks_lh_dorsattn_post,7Networks_LH_DorsAttn_Post,dorsal attention,posterior,L,3.9229390897380833e-07,-0.0004898616096456786,0.8034782219017915,-0.019503422362201928,3.6865902645449637e-07,-2.99761984478877e-05,5.2021942509310935e-05,0.0007527389365358052,0.2323036560304853,16.74416741436112,0.00016660158884417684,0.8463552499847177,0.0025128196852004085,0.004449242431485664
74,7Networks_LH_DorsAttn_Post_6,7networks_lh_dorsattn_post,7Networks_LH_DorsAttn_Post,dorsal attention,posterior,L,1.7063439646953995e-06,-0.0005919197448165034,0.10658058908446069,0.033622187028392814,9.499179990706677e-08,-6.1186583882531856e-06,-0.0004522934498786554,0.10612224635922583,0.052360452360072474,1.9491338116487975,0.16924001380554093,0.16347157920386876,0.14212241842798976,0.3469402468077137
75,7Networks_LH_DorsAttn_Post_7,7networks_lh_dorsattn_post,7Networks_LH_DorsAttn_Post,dorsal attention,posterior,L,4.8208994215690115e-06,-0.0005539151114725891,0.005152972085966165,0.1341847329586605,3.997453491584079e-07,-2.8108346058621157e-05,3.366152226034531e-05,9.047968055222421e-06,0.36396154564817274,18.340597779321847,9.048352542235281e-05,0.013445111074877236,6.520281741382507e-05,0.003675087010191475
76,7Networks_LH_DorsAttn_Post_8,7networks_lh_dorsattn_post,7Networks_LH_DorsAttn_Post,dorsal attention,posterior,L,2.6638989619320047e-06,-0.0005769141721965864,0.029798262270106218,0.07573252436105049,5.962866287045174e-08,-2.248045308214821e-06,-0.0004892673513463219,0.07298851155151834,0.06733415363627027,0.5677746790438021,0.454902833179332,0.058312116683742345,0.10758696183243287,0.6406278808928284
77,7Networks_LH_DorsAttn_Post_9,7networks_lh_dorsattn_post,7Networks_LH_DorsAttn_Post,dorsal attention,posterior,L,2.194966069757852e-06,-0.0005785503539316138,0.052097701499405825,0.057099525316973265,-1.080412450305138e-08,3.084961835083652e-06,-0.000594431091804618,0.15305503972050855,0.037477506679683636,0.021470250174762708,0.8841318394810747,0.09132183969393917,0.19142420945760574,0.9579853344257946
78,7Networks_LH_DorsAttn_Post_10,7networks_lh_dorsattn_post,7Networks_LH_DorsAttn_Post,dorsal attention,posterior,L,1.4818155381972521e-06,-0.00037371395228450626,0.36443488503853116,-0.003309074166490067,1.6502024899715099e-07,-1.211181925922955e-05,-0.0001311544263071503,0.2024489554758774,0.025953400654663006,2.442024223850684,0.12483267396227767,0.4462953495729835,0.24251141368350485,0.29063607168653366
79,7Networks_LH_DorsAttn_Post_11,7networks_lh_dorsattn_post,7Networks_LH_DorsAttn_Post,dorsal attention,posterior,L,1.385146259021932e-06,-0.00046534151536510197,0.35566080600718,-0.002662906847484603,3.081914348610469e-07,-2.4002294607513025e-05,-1.2337906386982681e-05,0.003026671919356644,0.18547342527578792,12.086862261031463,0.0011037890877092441,0.4399727681941682,0.007807437791976797,0.012947686365949845
80,7Networks_LH_DorsAttn_Post_12,7networks_lh_dorsattn_post,7Networks_LH_DorsAttn_Post,dorsal attention,posterior,L,2.9718785609842155e-06,-0.0005495951650811924,0.0016659964275987857,0.1709243907418232,4.6970208064938115e-08,-8.973184537706083e-07,-0.00048055472021139373,0.005510378021684628,0.164438768371152,0.6274242245713781,0.43228159607915106,0.005457147057465072,0.01263490718103445,0.6246300728891567
81,7Networks_LH_DorsAttn_Post_13,7networks_lh_dorsattn_post,7Networks_LH_DorsAttn_Post,dorsal attention,posterior,L,2.932683392209388e-06,-0.0005131625598507506,0.038795564121325336,0.06691512763890783,3.644776554522953e-08,-6.972156727283644e-08,-0.000459588814887268,0.1119051090988801,0.050218403073593376,0.1561820299228365,0.6944842394169382,0.07102091173823268,0.14855239628915662,0.854460283727073
82,7Networks_LH_DorsAttn_Post_14,7networks_lh_dorsattn_post,7Networks_LH_DorsAttn_Post,dorsal attention,posterior,L,8.269233151952714e-06,-0.0006352190473305272,7.092256110480825e-08,0.44588091918008466,-5.999664513524169e-08,1.3211490165838643e-05,-0.0007234067569763241,4.576477148714401e-07,0.43981226431779574,0.48000390791290454,0.49182992352963995,1.533278225789664e-06,6.925735418387794e-06,0.6706480092611569
83,7Networks_LH_DorsAttn_Post_15,7networks_lh_dorsattn_post,7Networks_LH_DorsAttn_Post,dorsal attention,posterior,L,6.846367887963367e-06,-0.0006240095991938778,2.430076372670378e-05,0.2983800189131959,2.1441419941966481e-07,-1.0816121049038948e-05,-0.0003088470243577106,1.1962115696253181e-05,0.3563596781881375,5.323880202786129,0.025487391384350556,0.00015860228894073417,7.870725400143398e-05,0.10835227955657731
84,7Networks_LH_DorsAttn_Post_16,7networks_lh_dorsattn_post,7Networks_LH_DorsAttn_Post,dorsal attention,posterior,L,8.799277236331641e-06,-0.0006990825412563716,4.2215561849533995e-07,0.4041942574531031,1.912596974567219e-07,-6.955846722655175e-06,-0.0004179542443618797,4.880348403152477e-07,0.43827770502034413,3.9124809498380744,0.0538080423039582,5.637019141084833e-06,7.1473489517136265e-06,0.1638121564247556
85,7Networks_LH_DorsAttn_Post_17,7networks_lh_dorsattn_post,7Networks_LH_DorsAttn_Post,dorsal attention,posterior,L,4.3384923315422005e-06,-0.00044006557439912837,0.00236244134032981,0.1596621111597668,1.0180429474173043e-07,-4.047693072605101e-06,-0.0002904257476198165,0.005435367007521251,0.16492596051908825,1.3025657095082117,0.2595269305261823,0.007150322456731559,0.012590084803135958,0.45143764926776536
86,7Networks_LH_DorsAttn_FEF_1,7networks_lh_dorsattn_fef,7Networks_LH_DorsAttn_FEF,dorsal attention,frontal eye fields,L,5.660177859635297e-06,-0.0007261792824131163,7.841869345348669e-06,0.32951299083371444,2.298504319131985e-10,5.641243802461244e-06,-0.0007258414304698087,5.1254598264027065e-05,0.31524744432224017,9.234178025497838e-06,0.9975882704896202,5.9336811379804926e-05,0.00026746652427434817,0.9992760367580257
87,7Networks_LH_DorsAttn_FEF_2,7networks_lh_dorsattn_fef,7Networks_LH_DorsAttn_FEF,dorsal attention,frontal eye fields,L,1.0746566248227207e-05,-0.0008728138363435533,1.1879274986144618e-09,0.531175681715543,-1.207130037431232e-07,2.069036707362096e-05,-0.00105024714616569,5.088528021966086e-09,0.5374195751866122,1.6479022252881366,0.20553760320196618,6.74148855463707e-08,1.3788292358954314e-07,0.3953986095495451
88,7Networks_LH_DorsAttn_FEF_3,7networks_lh_dorsattn_fef,7Networks_LH_DorsAttn_FEF,dorsal attention,frontal eye fields,L,6.2781861745310426e-06,-0.0006665614257289215,1.278002641519583e-06,0.37683991545573314,1.3489332146366852e-07,-4.833726210358305e-06,-0.0004682847881006363,1.7904673817769247e-06,0.40633205296143027,3.3845360143411902,0.0721311532153694,1.3814599982140254e-05,1.649327922565194e-05,0.19968014365718117
89,7Networks_LH_DorsAttn_FEF_4,7networks_lh_dorsattn_fef,7Networks_LH_DorsAttn_FEF,dorsal attention,frontal eye fields,L,4.348732757621955e-06,-0.0006358536461595922,0.0005827478056932556,0.2041713842092927,-1.338681180944023e-07,1.5376193444738143e-05,-0.000832623360578225,0.0006538736795274675,0.23688968785755748,3.057996793029277,0.0868696036828515,0.0023413053432277705,0.0022660965687440475,0.22665977052881944
90,7Networks_LH_DorsAttn_PrCv_1,7networks_lh_dorsattn_prcv,7Networks_LH_DorsAttn_PrCv,dorsal attention,precentral ventral,L,4.076920412252192e-06,-0.0006781575012955931,0.0028931505586947785,0.15308387349148955,5.7965283830124394e-08,-6.980020842557814e-07,-0.0005929556436179974,0.009925400875418804,0.1432512912852062,0.4491220808379273,0.5060317805395411,0.008366180596480442,0.020958753476465752,0.6815630391835779
91,7Networks_LH_DorsAttn_PrCv_2,7networks_lh_dorsattn_prcv,7Networks_LH_DorsAttn_PrCv,dorsal attention,precentral ventral,L,7.056218937234053e-06,-0.0007553022326227574,5.447045589304234e-05,0.2753872601585301,1.428252582286643e-08,5.879687928459866e-06,-0.0007343086714422032,0.00031488582023413337,0.26025257759582954,0.017955668370405194,0.8939757052001516,0.00031704598686463104,0.0012540189683008468,0.961299037949851
92,7Networks_LH_SalVentAttn_ParOper_1,7networks_lh_salventattn_paroper,7Networks_LH_SalVentAttn_ParOper,salience / ventral attention,parietal operculum,L,3.457445773510423e-06,-0.0006908126161571037,0.002965614681848061,0.15227872790691133,1.1268092061457304e-07,-5.824707736624823e-06,-0.000525185483383635,0.0038534190959617414,0.177059805143583,2.445416951067483,0.12457751866048421,0.008521449782019113,0.009559848467577216,0.29063607168653366
93,7Networks_LH_SalVentAttn_ParOper_2,7networks_lh_salventattn_paroper,7Networks_LH_SalVentAttn_ParOper,salience / ventral attention,parietal operculum,L,4.050744549284935e-06,-0.0006274126582504003,0.0009936173467607894,0.18740367936000202,-6.3625299676907e-08,9.291913999342682e-06,-0.0007209340450110386,0.003337520874143993,0.18207777555457827,0.6874478098040866,0.41122499928340017,0.0036975596346672003,0.00851255324079423,0.6101181361917114
94,7Networks_LH_SalVentAttn_ParOper_3,7networks_lh_salventattn_paroper,7Networks_LH_SalVentAttn_ParOper,salience / ventral attention,parietal operculum,L,2.616854275378088e-06,-0.0005985033667145359,0.04738201683482454,0.06025268315971244,1.1908202315837866e-07,-7.192593617175006e-06,-0.0004234673983091141,0.053804181135619175,0.07935882728410093,1.9961480597975163,0.1642878239409065,0.08337765753104784,0.08614344001860708,0.34057841127475597
95,7Networks_LH_SalVentAttn_ParOper_4,7networks_lh_salventattn_paroper,7Networks_LH_SalVentAttn_ParOper,salience / ventral attention,parietal operculum,L,3.964702237210805e-06,-0.0005720838558204276,0.010107696151395078,0.11186929353364927,2.029842152462483e-07,-1.2756235396008964e-05,-0.0002737219558098096,0.004207739658946191,0.17397361783573606,4.608852732632657,0.03699835979714801,0.023900489857986276,0.010188347155259897,0.13122855740550934
96,7Networks_LH_SalVentAttn_TempOcc_1,7networks_lh_salventattn_tempocc,7Networks_LH_SalVentAttn_TempOcc,salience / ventral attention,temporal occipital,L,-4.800336044525468e-07,-0.0005333797208151179,0.7331594480092354,-0.01833859643214475,3.116772755629234e-07,-2.6154622537671906e-05,-7.525235355025455e-05,0.0017163552712723112,0.20489967271089982,14.476836257130596,0.0004092303482554935,0.7868898094472644,0.0049632184277556,0.0063224402332536945
97,7Networks_LH_SalVentAttn_FrOperIns_1,7networks_lh_salventattn_froperins,7Networks_LH_SalVentAttn_FrOperIns,salience / ventral attention,frontal operculum insula,L,4.913101159652867e-06,-0.0006527722963574496,0.0005088117927345671,0.20839346717693008,1.781850650998269e-07,-9.764992686663886e-06,-0.0003908621053989827,0.00030013454845583687,0.261761356464871,4.469960165664605,0.03982916302831254,0.002100005035468122,0.0012058503097252208,0.1378252373881064
98,7Networks_LH_SalVentAttn_FrOperIns_2,7networks_lh_salventattn_froperins,7Networks_LH_SalVentAttn_FrOperIns,salience / ventral attention,frontal operculum insula,L,6.412003537135376e-06,-0.0008479052902506954,1.3268746545514835e-05,0.31519318758205905,-6.134199721599857e-08,1.1465084676975124e-05,-0.0009380705024452064,6.612479869916326e-05,0.30778439362346655,0.4862552841390379,0.4890376901204291,9.412517080724585e-05,0.00032294190301842147,0.6706480092611569
99,7Networks_LH_SalVentAttn_FrOperIns_3,7networks_lh_salventattn_froperins,7Networks_LH_SalVentAttn_FrOperIns,salience / ventral attention,frontal operculum insula,L,3.0028058394818702e-06,-0.0006190101549190476,0.04123277248923142,0.06488267014020865,7.267559233766866e-08,-2.983886502389138e-06,-0.0005121859479827717,0.09532227076383402,0.056678603943974615,0.5825439992502431,0.4491311485354448,0.07458039326737477,0.13274942002079954,0.6352197552495075
100,7Networks_LH_SalVentAttn_FrOperIns_4,7networks_lh_salventattn_froperins,7Networks_LH_SalVentAttn_FrOperIns,salience / ventral attention,frontal operculum insula,L,5.84601108358864e-06,-0.0007905936624218656,0.0004246022420399949,0.21399699613685186,-1.5746303583956368e-07,1.8817116243745278e-05,-0.0010220450119641995,0.0006527243980235309,0.23694681173975451,2.4436623368954815,0.1247094025570975,0.0018185794140203556,0.0022660965687440475,0.29063607168653366
101,7Networks_LH_SalVentAttn_FrOperIns_5,7networks_lh_salventattn_froperins,7Networks_LH_SalVentAttn_FrOperIns,salience / ventral attention,frontal operculum insula,L,6.478065204791642e-06,-0.0007577899620088544,0.000451036459272302,0.2121298666060698,-2.4630601494044695e-07,2.676766018393823e-05,-0.0011198295940685592,0.0002040023435805377,0.27379134551673223,5.0756206490238025,0.028972339814636625,0.0019137434813983655,0.0008575654072737419,0.11473821422146105
102,7Networks_LH_SalVentAttn_FrOperIns_6,7networks_lh_salventattn_froperins,7Networks_LH_SalVentAttn_FrOperIns,salience / ventral attention,frontal operculum insula,L,5.745246221027877e-06,-0.000716996762265,0.00012895698743821705,0.25012445963392715,4.133927931901204e-08,2.3399000937104477e-06,-0.0006562330920075603,0.000642953074132353,0.23743641275896898,0.20134365161408768,0.655700531251181,0.0006807729336854714,0.0022627960903572734,0.8200772484518903
103,7Networks_LH_SalVentAttn_FrOperIns_7,7networks_lh_salventattn_froperins,7Networks_LH_SalVentAttn_FrOperIns,salience / ventral attention,frontal operculum insula,L,5.064895949354713e-06,-0.0006314862554239205,0.0023339850924658156,0.16005449005312422,-3.814061589124161e-07,3.648344043254945e-05,-0.0011921065288319447,4.771460462637857e-06,0.38104674221416,18.138011586975118,9.767722059082879e-05,0.007111605583754901,3.868291160781406e-05,0.003675087010191475
104,7Networks_LH_SalVentAttn_FrOperIns_8,7networks_lh_salventattn_froperins,7Networks_LH_SalVentAttn_FrOperIns,salience / ventral attention,frontal operculum insula,L,5.756641137452429e-06,-0.0007362243095922396,4.172156379031112e-05,0.28305440503484747,4.7898668142079385e-08,1.810961707422341e-06,-0.0006658191422864474,0.0002113335719967338,0.2726994723096696,0.3166005634741439,0.576332015376396,0.00025255453281068326,0.0008643733485271814,0.7458770369055253
105,7Networks_LH_SalVentAttn_FrOperIns_9,7networks_lh_salventattn_froperins,7Networks_LH_SalVentAttn_FrOperIns,salience / ventral attention,frontal operculum insula,L,5.380235486094673e-06,-0.0007020967575915561,0.00018371895813238512,0.23953797269074362,7.71871704703918e-08,-9.781006138544737e-07,-0.000588641084153846,0.0006754001785902711,0.235837130662091,0.7675359213288753,0.3854361735009453,0.0009367267351801441,0.0023229672809089628,0.5813555573735187
106,7Networks_LH_SalVentAttn_PFCl_1,7networks_lh_salventattn_pfcl,7Networks_LH_SalVentAttn_PFCl,salience / ventral attention,lateral prefrontal cortex,L,2.5302351842159473e-06,-0.0005751729714879884,0.07355720146673235,0.04570205468137034,1.1298703472885247e-07,-6.777134646347592e-06,-0.00040909588851200805,0.09624154062067111,0.05629326456738726,1.5387034503846855,0.22096770594265963,0.12277562303638415,0.1332264208655801,0.40946668774680606
107,7Networks_LH_SalVentAttn_Med_1,7networks_lh_salventattn_med,7Networks_LH_SalVentAttn_Med,salience / ventral attention,medial,L,8.463369054913523e-06,-0.0008372265128446117,7.315160553588746e-10,0.5404039004832115,5.972364800193881e-08,3.5436003317287692e-06,-0.0007494400755011733,5.163016962604038e-09,0.5371334251570987,0.6608465069945998,0.42036019800739133,6.162344258057484e-08,1.3788292358954314e-07,0.6171336344483083
108,7Networks_LH_SalVentAttn_Med_2,7networks_lh_salventattn_med,7Networks_LH_SalVentAttn_Med,salience / ventral attention,medial,L,5.101416514946018e-06,-0.0007337477154402133,5.586996158547328e-06,0.3386000166321481,5.415003732720096e-08,6.407770712033034e-07,-0.0006541538021746522,2.672853747909426e-05,0.3339582980284336,0.6654826682491936,0.41874617875299114,4.6118113745099766e-05,0.00015759423396764666,0.6171336344483083
109,7Networks_LH_SalVentAttn_Med_3,7networks_lh_salventattn_med,7Networks_LH_SalVentAttn_Med,salience / ventral attention,medial,L,7.6169939409346396e-06,-0.0008611687927184873,2.541522107604088e-08,0.46859054599214245,2.7655831564733827e-07,-1.5164651135641857e-05,-0.0004546619891220894,1.069534129930953e-10,0.6075280414046167,17.992296223318572,0.0001032200737476132,6.787359040307388e-07,2.4278424749432633e-08,0.003675087010191475
110,7Networks_LH_SalVentAttn_Med_4,7networks_lh_salventattn_med,7Networks_LH_SalVentAttn_Med,salience / ventral attention,medial,L,9.89086157027543e-06,-0.0007678773743688829,1.9923634715183636e-10,0.5642947317376448,2.2125876690031595e-08,8.06823017125054e-06,-0.0007353550494155481,1.9721565511555677e-09,0.5557062581400103,0.07213022861715908,0.7894354232215818,3.0151100535644566e-08,8.013167810840945e-08,0.9054600728507266
111,7Networks_LH_SalVentAttn_Med_5,7networks_lh_salventattn_med,7Networks_LH_SalVentAttn_Med,salience / ventral attention,medial,L,7.708008467263582e-06,-0.0007700815652371944,1.7533905254000224e-06,0.368817788985366,2.067509817147528e-07,-9.323218648920826e-06,-0.00046618298051897384,1.0079719951097173e-06,0.42067026969048193,5.296204637237961,0.02585253115198279,1.7689762189591338e-05,1.0895697280471706e-05,0.10867638095370544
112,7Networks_LH_SalVentAttn_Med_6,7networks_lh_salventattn_med,7Networks_LH_SalVentAttn_Med,salience / ventral attention,medial,L,9.99773509345918e-06,-0.0007518759089837118,2.3843106052450135e-09,0.5175996123859969,2.873534906658058e-07,-1.3673168529672405e-05,-0.0003295015221589827,8.725105070867164e-11,0.6109137262239563,12.51178483052884,0.000921900575162812,1.2027522386458177e-07,2.4278424749432633e-08,0.011311969219565315
113,7Networks_LH_SalVentAttn_Med_7,7networks_lh_salventattn_med,7Networks_LH_SalVentAttn_Med,salience / ventral attention,medial,L,5.278617975847203e-06,-0.00047861050971926747,0.0015081601001167553,0.17411566458753536,-3.50679203573756e-07,3.416601242231028e-05,-0.0009940659274991688,1.1727661562581866e-05,0.35690159619321027,14.642896118442781,0.00038264851979228785,0.0050345932753897565,7.82993874913554e-05,0.0063224402332536945
114,7Networks_LH_Limbic_OFC_1,7networks_lh_limbic_ofc,7Networks_LH_Limbic_OFC,limbic,orbital frontal cortex,L,-3.884978536898314e-06,2.069655021523029e-05,0.00025157013166230373,0.23003419049412943,-1.9373227167575066e-07,1.2073825098657544e-05,-0.00026406612751529675,1.0891606265481646e-05,0.3589223374340652,10.650361281275526,0.0020548755929185626,0.0012150302103689989,7.66295352297116e-05,0.01943569831635474
115,7Networks_LH_Limbic_OFC_2,7networks_lh_limbic_ofc,7Networks_LH_Limbic_OFC,limbic,orbital frontal cortex,L,1.9010895635110478e-06,-0.0005520935642912537,0.17825982937342558,0.017373525159134706,-2.380300661803207e-08,3.861875473196023e-06,-0.0005870810645355822,0.3949074002540657,-0.0021386408332582096,0.06541477449058081,0.7992498193961528,0.24978383498621978,0.43411128260374293,0.9094221002652967
116,7Networks_LH_Limbic_OFC_3,7networks_lh_limbic_ofc,7Networks_LH_Limbic_OFC,limbic,orbital frontal cortex,L,-4.771902927001866e-06,-0.00012039727427972738,0.0003266370080221273,0.22206621691721962,-1.8755970197093512e-07,1.0678431845860915e-05,-0.0003960870316216303,0.00010902442199645723,0.2928977595926576,5.808235434896142,0.01991833495947311,0.0014457926437771587,0.0004872429941438253,0.09127308814055213
117,7Networks_LH_Limbic_OFC_4,7networks_lh_limbic_ofc,7Networks_LH_Limbic_OFC,limbic,orbital frontal cortex,L,7.712280740091055e-07,-0.0001845853979175019,0.5009973738707199,-0.011148464166745864,-1.109678267291049e-07,9.912264522485651e-06,-0.0003476944927935778,0.26946805702908455,0.014028209019548155,2.225674328613811,0.1424155988639728,0.5817207359010405,0.31208800482450094,0.31516130129430997
118,7Networks_LH_Limbic_OFC_5,7networks_lh_limbic_ofc,7Networks_LH_Limbic_OFC,limbic,orbital frontal cortex,L,1.324339556686777e-07,-0.00022822443637834946,0.9336452695965674,-0.020684372478730895,7.958466116060951e-10,6.687564837812304e-08,-0.00022705463947139692,0.9965483403908272,-0.04239980858052217,5.6480914578087106e-05,0.9940354615342366,0.9525279829142508,0.9965483403908272,0.9984338485321758
119,7Networks_LH_Limbic_TempPole_1,7networks_lh_limbic_temppole,7Networks_LH_Limbic_TempPole,limbic,temporal pole,L,2.361709548152067e-06,-0.0003776478538256776,0.08559820284635405,0.04073700847717032,-1.6442094052859582e-07,1.5905975977139388e-05,-0.0006193264698605949,0.04113251567295812,0.08981980222607644,3.5884699598053675,0.06434429056162559,0.13762390759413307,0.06790604405644722,0.1848880247783419
120,7Networks_LH_Limbic_TempPole_2,7networks_lh_limbic_temppole,7Networks_LH_Limbic_TempPole,limbic,temporal pole,L,2.9060994480426376e-06,-0.00038618002660433816,0.034688477089414305,0.07065186578614491,-1.1700394612737763e-07,1.2544364589315678e-05,-0.000558161476654315,0.04607806879069926,0.08541170741478266,1.774635323804574,0.18923320544313144,0.06534675767051491,0.07500622366882893,0.36924961688928554
121,7Networks_LH_Limbic_TempPole_3,7networks_lh_limbic_temppole,7Networks_LH_Limbic_TempPole,limbic,temporal pole,L,2.2306210396942825e-07,-0.0002873075258759501,0.8758530087564845,-0.020308954364791854,-1.977016856920362e-07,1.6508848426953776e-05,-0.000577904755354218,0.10213161675357348,0.053904827145646816,4.765225333254568,0.03406976858460273,0.9078476392133424,0.1381807565622661,0.12806440390267268
122,7Networks_LH_Limbic_TempPole_4,7networks_lh_limbic_temppole,7Networks_LH_Limbic_TempPole,limbic,temporal pole,L,7.257338623917159e-06,-0.0005493440299753272,0.00032801022535032455,0.2219376707876295,-1.6402152751450506e-07,2.076870318371044e-05,-0.0007904355578683038,0.0007089296831764482,0.23425999758550442,1.7724184245736216,0.18950475932864214,0.0014457926437771587,0.00241995545986547,0.36924961688928554
123,7Networks_LH_Limbic_TempPole_5,7networks_lh_limbic_temppole,7Networks_LH_Limbic_TempPole,limbic,temporal pole,L,2.14531322581605e-06,-0.00047922016335446123,0.17019392144255793,0.018803052754524652,-2.460716010910362e-07,2.241559823373341e-05,-0.0008409152358068334,0.018942795747425946,0.119360887861097,6.480992177819768,0.014242356266307878,0.2407104060277922,0.03467753737633621,0.07105527192201952
124,7Networks_LH_Limbic_TempPole_6,7networks_lh_limbic_temppole,7Networks_LH_Limbic_TempPole,limbic,temporal pole,L,4.386320858873121e-06,-0.0006124008289804686,0.0054748549646044635,0.13218808584301966,-7.35288337395379e-08,1.0443299435807207e-05,-0.0007204791961258233,0.016849987912248777,0.12373719991726084,0.5370766345460317,0.4672862464448079,0.01412263723824106,0.03148104737514792,0.6507606008771251
125,7Networks_LH_Limbic_TempPole_7,7networks_lh_limbic_temppole,7Networks_LH_Limbic_TempPole,limbic,temporal pole,L,2.7105108366600746e-06,-0.00045871644714418254,0.10211205127968682,0.03500519411125802,2.7052266460626007e-07,-1.957394412830473e-05,-6.108131029404466e-05,0.009724676509258326,0.14399581366522085,7.111593637164981,0.01047018468411744,0.15768323564958442,0.020630855771977943,0.05796907129986974
126,7Networks_LH_Limbic_TempPole_8,7networks_lh_limbic_temppole,7Networks_LH_Limbic_TempPole,limbic,temporal pole,L,4.266495527624784e-06,-0.00042815789940579135,0.0014301396910569066,0.1758153856711715,-2.8717023072866256e-08,6.632076276012904e-06,-0.00047036840112523034,0.0061794717830275375,0.16035413795249853,0.11612749607725514,0.7347917142271189,0.004845398654774892,0.01402740094747251,0.8825276144420952
127,7Networks_LH_Cont_Par_1,7networks_lh_cont_par,7Networks_LH_Cont_Par,control,parietal ,L,4.5388791461985244e-06,-0.0005402179349937706,0.002986758831197739,0.15204741798636057,6.692214656209389e-08,-9.738698997724367e-07,-0.0004418505876764857,0.01006067384034551,0.14275762801293213,0.4798321533139478,0.491907020008734,0.008528229618640085,0.021082351147470667,0.6706480092611569
128,7Networks_LH_Cont_Par_2,7networks_lh_cont_par,7Networks_LH_Cont_Par,control,parietal ,L,6.109454022128875e-06,-0.0006106453508466276,4.7663424255284015e-05,0.2792346553783902,1.7706747807743887e-07,-8.47657797160306e-06,-0.00035037787573689004,3.9778301677662144e-05,0.3225938646261388,4.072369639438383,0.0493185719686191,0.000281028501453233,0.0002202359629470563,0.15768050474473994
129,7Networks_LH_Cont_Par_3,7networks_lh_cont_par,7Networks_LH_Cont_Par,control,parietal ,L,3.561080729973979e-06,-0.000647906742517984,0.006095714676922635,0.12864290205479267,1.315599552781248e-07,-7.27624376132204e-06,-0.00045452974433872234,0.006671778017425302,0.15761086305505523,2.650617353703462,0.1101956850328272,0.015460639459904335,0.014921119309906835,0.2676442351209451
130,7Networks_LH_Cont_Par_4,7networks_lh_cont_par,7Networks_LH_Cont_Par,control,parietal ,L,4.828972410071045e-06,-0.00062407798930013,0.0009220729641289294,0.18976729277332127,8.308442861605931e-08,-2.0151536097548194e-06,-0.0005019540696982532,0.002892298585195186,0.18704592066795378,0.8393195084709278,0.36426841940742727,0.0034596787249135032,0.007503448901020653,0.5587089946316621
131,7Networks_LH_Cont_Par_5,7networks_lh_cont_par,7Networks_LH_Cont_Par,control,parietal ,L,3.1108993599537185e-06,-0.0005435318334667853,0.053951768478874854,0.0559390165542355,3.725093456874392e-07,-2.757476518531619e-05,4.011215711626891e-06,0.00011161513522237408,0.29219076304021363,17.02138434931337,0.00014965528754607026,0.09384713750731488,0.0004872429941438253,0.004449242431485664
132,7Networks_LH_Cont_Par_6,7networks_lh_cont_par,7Networks_LH_Cont_Par,control,parietal ,L,3.42223240729326e-06,-0.0005548810858654262,0.011178868448736974,0.10851416550505533,1.2442023755538729e-07,-6.8269538653937575e-06,-0.0003719985970385841,0.014484522111972896,0.12935958110533774,2.149245919554092,0.14929886116208457,0.025632354927912052,0.028591187125372584,0.3212402036378502
133,7Networks_LH_Cont_Temp_1,7networks_lh_cont_temp,7Networks_LH_Cont_Temp,control,temporal,L,2.7983704459494075e-06,-0.0006574978468495219,0.026951733564740857,0.0790920393370601,7.558433438977284e-08,-3.427931140341653e-06,-0.0005463981458594167,0.057908677281540206,0.07647423630797356,0.8639404006512861,0.35738782274919856,0.05366704841400153,0.09097072486442649,0.5522382448678195
134,7Networks_LH_Cont_OFC_1,7networks_lh_cont_ofc,7Networks_LH_Cont_OFC,control,orbital frontal cortex,L,2.7533222409076692e-06,-0.0006259018003220901,0.08057623731609408,0.04271322535113442,-2.2434282139242083e-07,2.1233686935337905e-05,-0.0009556582316937951,0.018331181540799192,0.12058993256601758,5.250669948800666,0.026465602955369066,0.13254207152719824,0.03369375068632726,0.11023287836456473
135,7Networks_LH_Cont_PFCl_1,7networks_lh_cont_pfcl,7Networks_LH_Cont_PFCl,control,lateral prefrontal cortex,L,3.0849876947664265e-06,-0.0005807096938055442,0.03163777151946126,0.07372904477433828,-5.399327523114342e-09,3.529760302655523e-06,-0.0005886460430267059,0.10166642042331227,0.05408860442318908,0.0033515387767580076,0.9540797133188264,0.06138268491382655,0.1381807565622661,0.9822045121241433
136,7Networks_LH_Cont_PFCl_2,7networks_lh_cont_pfcl,7Networks_LH_Cont_PFCl,control,lateral prefrontal cortex,L,4.456834114266038e-07,-0.0004855385816506386,0.751959117066154,-0.01868890709688875,2.3819481893888266e-07,-1.917574728554368e-05,-0.0001354214128595818,0.029756749197736018,0.10227274011804133,7.467620318313709,0.008823854980744755,0.799506883250665,0.05059761848603802,0.05110822588728705
137,7Networks_LH_Cont_PFCl_3,7networks_lh_cont_pfcl,7Networks_LH_Cont_PFCl,control,lateral prefrontal cortex,L,4.103376598474391e-06,-0.0006899648461687899,0.018996465113221873,0.09080052863878196,-4.982276410415723e-08,8.207554503587311e-06,-0.0007631981985448152,0.059681692527488846,0.07528829423378292,0.1947898498559815,0.6609834300063993,0.039380799823756765,0.09247606965010217,0.8244133989640254
138,7Networks_LH_Cont_PFCl_4,7networks_lh_cont_pfcl,7Networks_LH_Cont_PFCl,control,lateral prefrontal cortex,L,1.5407334341792968e-06,-0.000538624806635988,0.2675105457434851,0.005248405089490205,1.4499766996657667e-07,-1.0403530278799754e-05,-0.00032549601602605113,0.15157851303175554,0.037874470033766094,2.6276993682728795,0.1117044157114528,0.3479936612250494,0.19010122905087573,0.2697542804946786
139,7Networks_LH_Cont_PFCl_5,7networks_lh_cont_pfcl,7Networks_LH_Cont_PFCl,control,lateral prefrontal cortex,L,5.55789112919557e-06,-0.0007614668338083396,0.0008841585053035931,0.191093188372097,-6.470014216760683e-09,6.090862149002981e-06,-0.0007709769611473979,0.004210653708277474,0.17394928290297795,0.0038051593131756627,0.9510744886100841,0.0034017623848121292,0.010188347155259897,0.9813359496113141
140,7Networks_LH_Cont_PFCl_6,7networks_lh_cont_pfcl,7Networks_LH_Cont_PFCl,control,lateral prefrontal cortex,L,2.956185979220071e-06,-0.0006789636640383578,0.01546360477586137,0.09768289035984912,2.0523210946426788e-07,-1.3949923190515348e-05,-0.00037729763523576727,0.0014108971911379442,0.21150280504706231,7.928820977368637,0.007088747227946659,0.033272400797351005,0.00435746479439882,0.046075101411268395
141,7Networks_LH_Cont_PFCl_7,7networks_lh_cont_pfcl,7Networks_LH_Cont_PFCl,control,lateral prefrontal cortex,L,1.8297539109872429e-06,-0.00045425126901204487,0.17678724218073497,0.01762903561987539,-4.231449248597033e-08,5.315433765359107e-06,-0.000516448383013174,0.3624034614161964,0.0015175192345160404,0.22547185214070423,0.6371010048913182,0.24848733111471727,0.402276702892306,0.8079437324599398
142,7Networks_LH_Cont_PFCl_8,7networks_lh_cont_pfcl,7Networks_LH_Cont_PFCl,control,lateral prefrontal cortex,L,2.7987036401505453e-06,-0.0005314816162668469,0.014845315184477546,0.09904670986956488,1.9084347541285298e-07,-1.2922133796464895e-05,-0.0002509651147264102,0.001489432119799542,0.2096831685422803,7.719520330213856,0.007826452294790596,0.03209415758929907,0.004478160148271471,0.04801634245722879
143,7Networks_LH_Cont_PFCv_1,7networks_lh_cont_pfcv,7Networks_LH_Cont_PFCv,control,ventral prefrontal cortex,L,3.663681250985427e-06,-0.0005905466453670313,0.016180296096197207,0.09616821292163269,-9.237606393743132e-08,1.1273210898531591e-05,-0.0007263281292545378,0.036667860818946886,0.0942590752928758,0.8988247039737562,0.34794643646963075,0.03448757947264569,0.061656328932599584,0.5428442685814858
144,7Networks_LH_Cont_pCun_1,7networks_lh_cont_pcun,7Networks_LH_Cont_pCun,control,precuneus,L,3.879362266522824e-06,-0.0004253420826019602,0.012749206450746928,0.10413025494328676,2.9922452034379213e-07,-2.0769424029145442e-05,1.4481261844971032e-05,0.0003361194139901696,0.2581955419160309,10.969114763468607,0.0017870299851874937,0.028234827944581,0.0013269409908829302,0.017637208984241787
145,7Networks_LH_Cont_pCun_2,7networks_lh_cont_pcun,7Networks_LH_Cont_pCun,control,precuneus,L,4.46880561298965e-06,-0.0006077986561629223,0.004280206741458397,0.1402853073222935,1.982552253380248e-07,-1.1862578846217988e-05,-0.0003163877912977565,0.0022400881404677393,0.19583800230394788,4.315910683119946,0.04324666914684601,0.011636011141449774,0.006053571522454487,0.14436755729903006
146,7Networks_LH_Cont_Cing_1,7networks_lh_cont_cing,7Networks_LH_Cont_Cing,control,cingulate,L,4.603968055488881e-06,-0.0006508403681026065,0.001955917206204639,0.16576328363966208,2.9270724290632174e-08,2.192775861312556e-06,-0.000607815993505578,0.008294662481648995,0.14976992041495507,0.09708977226424097,0.7567283851666674,0.006124044218047629,0.018018070653916952,0.8946736637126744
147,7Networks_LH_Cont_Cing_2,7networks_lh_cont_cing,7Networks_LH_Cont_Cing,control,cingulate,L,5.350983237522159e-06,-0.0007357139338971,0.00011009261397156391,0.2548154716259653,2.6021478447971882e-08,3.2074494769054345e-06,-0.0006974655521625804,0.0005853078213051098,0.2404784365259519,0.09393265722053037,0.7605895598260337,0.0005950243659891669,0.0020923602430907074,0.8961990288147298
148,7Networks_LH_Cont_PFCmp_1,7networks_lh_cont_pfcmp,7Networks_LH_Cont_PFCmp,control,medial posterior prefrontal cortex,L,6.921219658021597e-06,-0.0005984062624892904,1.2765348914876267e-06,0.3768688911519058,1.5343350662297926e-07,-5.7179507916444236e-06,-0.0003728778266659079,1.6027030682076298e-06,0.4091241704919012,3.6202686435975777,0.06321595412687343,1.3814599982140254e-05,1.5481429637580083e-05,0.18289455524380702
149,7Networks_LH_Default_Temp_1,7networks_lh_default_temp,7Networks_LH_Default_Temp,default,temporal,L,5.097324422637984e-06,-0.0006780939573990815,0.0013593320052123655,0.17743802051772262,-1.370741106296202e-07,1.6388880528055098e-05,-0.0008795760876233827,0.0024105201856971462,0.1933248462948336,1.9453218359320446,0.16964919557557806,0.004649746333480989,0.006445807252740592,0.3469402468077137
150,7Networks_LH_Default_Temp_2,7networks_lh_default_temp,7Networks_LH_Default_Temp,default,temporal,L,1.8343827093616412e-06,-0.000515809503287157,0.20355441259421614,0.013323761879277862,6.380207398370381e-08,-3.4213486225418285e-06,-0.0004220282799772477,0.35870807391081644,0.0019528999862985508,0.4531306479869446,0.5041486793145581,0.27919547830143243,0.40013136500125474,0.6812008940738374
151,7Networks_LH_Default_Temp_3,7networks_lh_default_temp,7Networks_LH_Default_Temp,default,temporal,L,2.3637071211376994e-06,-0.0005471772515616149,0.1089038547898202,0.03292729316107801,1.2061513980271158e-07,-7.572032107730623e-06,-0.0003698877897287046,0.12744315723652094,0.044948953649803114,1.6041977605951112,0.21155046006171588,0.16591392642475963,0.16531198110108716,0.4018573592804143
152,7Networks_LH_Default_Temp_4,7networks_lh_default_temp,7Networks_LH_Default_Temp,default,temporal,L,2.9774417562440708e-06,-0.0006603198080492297,0.020553822159357388,0.08816343175823516,9.792271250455176e-08,-5.088996152131814e-06,-0.0005163854310751038,0.03485039598779689,0.09621629273944166,1.427687868228498,0.2381369519369649,0.042033492163730875,0.05881814044037096,0.4341934786320565
153,7Networks_LH_Default_Temp_5,7networks_lh_default_temp,7Networks_LH_Default_Temp,default,temporal,L,3.802205857280147e-06,-0.0006437451925351171,0.0022206693614258404,0.1616647311492445,1.9658753466880556e-07,-1.239180165546053e-05,-0.0003547856284082612,0.00034431429827094415,0.2574347740195896,7.19065086397924,0.010078302102523353,0.0068583938101179015,0.001340796022802784,0.05648826116722966
154,7Networks_LH_Default_Temp_6,7networks_lh_default_temp,7Networks_LH_Default_Temp,default,temporal,L,3.0345687857904625e-06,-0.0006640540363853351,0.033606088992898166,0.07171125051919702,3.345406283871473e-07,-2.4523401553201523e-05,-0.00017232034470271977,5.3722743307217384e-05,0.31387566074651174,17.9413778609837,0.00010523376901429334,0.06410573278477213,0.0002740463534997381,0.003675087010191475
155,7Networks_LH_Default_Temp_7,7networks_lh_default_temp,7Networks_LH_Default_Temp,default,temporal,L,1.999879063756258e-06,-0.0005084370429913217,0.11156564590445577,0.032150302721146384,1.3564868013387457e-07,-9.174256411731163e-06,-0.00030905012076401186,0.07119409066825623,0.06832155129881212,2.863539866300815,0.09722830774307348,0.16883601080207639,0.1059741546340601,0.24674836972793848
156,7Networks_LH_Default_Temp_8,7networks_lh_default_temp,7Networks_LH_Default_Temp,default,temporal,L,2.506763956239316e-06,-0.0004951033547995023,0.12049950519096263,0.029680299736627225,-1.8033467354034655e-07,1.7361932993483156e-05,-0.0007601732065119717,0.06839359102441538,0.06991121084574181,3.0762358989333305,0.08596318646083066,0.17945767633156262,0.10281685538107478,0.2255912523307348
157,7Networks_LH_Default_Temp_9,7networks_lh_default_temp,7Networks_LH_Default_Temp,default,temporal,L,2.6768774023838403e-06,-0.0006096630351088171,0.03440408293301507,0.07092694984836379,-4.521121527776998e-08,6.401176407923044e-06,-0.0006761179763253155,0.09396346924914455,0.05725475285275272,0.3038782663978505,0.5840725454339417,0.06534675767051491,0.13125973858188192,0.7533208398494589
158,7Networks_LH_Default_Temp_10,7networks_lh_default_temp,7Networks_LH_Default_Temp,default,temporal,L,-8.754820475827944e-07,-0.0003416331115887047,0.5256733884766385,-0.012214910990863137,2.0778560877512058e-07,-1.799193714333757e-05,-3.6213751990718664e-05,0.053887085826617644,0.07929850671110528,5.770975263658211,0.020296529362221517,0.6011479052100601,0.08614344001860708,0.09127308814055213
159,7Networks_LH_Default_Par_1,7networks_lh_default_par,7Networks_LH_Default_Par,default,parietal,L,2.76197274226495e-07,-0.0004645935069543605,0.8115505142936971,-0.019612419535947723,1.121775468345384e-07,-8.964490540795888e-06,-0.0002997062718977842,0.32919434409927045,0.005592754148705081,2.2166527767279223,0.14320863983675197,0.852879475669765,0.373635580552672,0.31516130129430997
160,7Networks_LH_Default_Par_2,7networks_lh_default_par,7Networks_LH_Default_Par,default,parietal,L,-1.4253995276377968e-06,-0.00042818042096244487,0.3851252462874326,-0.004752112255969276,1.8909674118598287e-07,-1.700234876075988e-05,-0.00015023140449521805,0.14469485793256381,0.039775413205066945,3.2258555462152505,0.07891335138007058,0.46378477934879153,0.1819708185633905,0.21303882574590557
161,7Networks_LH_Default_Par_3,7networks_lh_default_par,7Networks_LH_Default_Par,default,parietal,L,-9.545022863514746e-07,-0.000508788406758402,0.411493435473255,-0.0064412923566417035,1.1713545698262459e-07,-1.0603600707472886e-05,-0.0003366136518812796,0.21938789533971959,0.02261714080330579,2.4270812901546766,0.12596362215771234,0.4877755083677749,0.2610183679961152,0.29078527803079113
162,7Networks_LH_Default_Par_4,7networks_lh_default_par,7Networks_LH_Default_Par,default,parietal,L,-6.080691036105367e-07,-0.0004894044091513557,0.675017893414363,-0.0170626275681951,1.30372696106588e-07,-1.134759246028321e-05,-0.0002977725363346475,0.3611738537752172,0.0016619145840788274,1.9002742021353611,0.17457422726116179,0.7349115674103617,0.40189443532830543,0.3538245498953904
163,7Networks_LH_Default_Par_5,7networks_lh_default_par,7Networks_LH_Default_Par,default,parietal,L,3.802447309142729e-06,-0.0006756769663185036,0.0008490077944401288,0.19237275220673555,8.298753067034168e-08,-3.033696688508783e-06,-0.0005536954748121143,0.002051742453936703,0.19883776245963725,1.3873378918756796,0.24478491278646544,0.003294440501502722,0.005679823622483312,0.43751109192327947
164,7Networks_LH_Default_Par_6,7networks_lh_default_par,7Networks_LH_Default_Par,default,parietal,L,2.1043470624340444e-06,-0.0005554005150745776,0.08958678482549154,0.039252102085914675,2.2570502420370208e-07,-1.648822984624865e-05,-0.00022364181264707854,0.0035657304588586815,0.17977249428283715,9.22330241114608,0.003891287587281358,0.141715680525342,0.009043807979451628,0.029444076077095607
165,7Networks_LH_Default_Par_7,7networks_lh_default_par,7Networks_LH_Default_Par,default,parietal,L,5.216340295949313e-07,-0.0004968748735735578,0.7554992938473415,-0.018751622633468523,2.4565729335942024e-07,-1.971452214848692e-05,-0.00013578878267103917,0.0734498620318792,0.06708404772966414,5.416380883405098,0.024306677645084013,0.8013941107633015,0.10791662576852154,0.1061079966429629
166,7Networks_LH_Default_PFC_1,7networks_lh_default_pfc,7Networks_LH_Default_PFC,default,prefrontal cortex,L,5.95440981272096e-06,-0.0006872510042804171,0.0001948070400679158,0.23777330359518356,2.607022020652482e-07,-1.552107908816612e-05,-0.00030405074286709904,2.4006031790065172e-05,0.3369960581706244,8.183505133438322,0.006289183011630006,0.0009718944636355359,0.00014340445306170512,0.042039065634918216
167,7Networks_LH_Default_PFC_2,7networks_lh_default_pfc,7Networks_LH_Default_PFC,default,prefrontal cortex,L,2.0646165074360377e-06,-0.0005604335718096512,0.12663560942174676,0.02809513058139712,3.057697084238522e-07,-2.3123333296841e-05,-0.00011098960366484042,0.00034553553891613595,0.2573228878012882,15.815230152953491,0.00023963331454298007,0.18727220416114992,0.001340796022802784,0.004730153252283172
168,7Networks_LH_Default_PFC_3,7networks_lh_default_pfc,7Networks_LH_Default_PFC,default,prefrontal cortex,L,3.0560628996344696e-06,-0.0005636796778627814,0.010538672973909705,0.11047899304000208,-3.5550692098673614e-09,3.3489137031707403e-06,-0.0005689051935652714,0.03928866036164261,0.09159439345785936,0.002140923157334961,0.9632910078180462,0.024308225596779823,0.06557739633891818,0.9849867512373716
169,7Networks_LH_Default_PFC_4,7networks_lh_default_pfc,7Networks_LH_Default_PFC,default,prefrontal cortex,L,1.466676559657207e-06,-0.0004672436559549202,0.3647039090122839,-0.0033285530467823676,-2.0357055863510348e-07,1.8235914555665934e-05,-0.0007664674088310335,0.1022659343720736,0.05385191364899611,3.9008803600530095,0.054150755734666475,0.4462953495729835,0.1381807565622661,0.1638121564247556
170,7Networks_LH_Default_PFC_5,7networks_lh_default_pfc,7Networks_LH_Default_PFC,default,prefrontal cortex,L,-1.2718034455028919e-06,-0.00040275815144178123,0.3104780154372844,0.0010341721049116348,1.4128342110668854e-07,-1.291010384273798e-05,-0.0001950888510961657,0.13494624698056898,0.04262123927103134,3.085046489284787,0.08552911949632423,0.3921154463080096,0.17454585791788693,0.2255912523307348
171,7Networks_LH_Default_PFC_6,7networks_lh_default_pfc,7Networks_LH_Default_PFC,default,prefrontal cortex,L,2.3501706429725683e-06,-0.0004713941039535957,0.08908373385307711,0.039435516432436146,1.1943823430064483e-07,-7.48862034055377e-06,-0.0002958345488590174,0.09878247677689134,0.055246207782706835,1.8032920228156613,0.18576450154380547,0.14141264045208743,0.13549016452177845,0.3650956004367433
172,7Networks_LH_Default_PFC_7,7networks_lh_default_pfc,7Networks_LH_Default_PFC,default,prefrontal cortex,L,3.1784458943338417e-06,-0.0006444475720841853,0.023787947999194016,0.08327168746587321,1.1462616847982933e-08,2.2342064558335414e-06,-0.0006275989312294889,0.07920976597735474,0.06408212365382504,0.015833454774602383,0.900402386408861,0.04799879285170704,0.11452622214560207,0.9618416080697011
173,7Networks_LH_Default_PFC_8,7networks_lh_default_pfc,7Networks_LH_Default_PFC,default,prefrontal cortex,L,4.243645635127633e-06,-0.0005123331357145723,0.0069081481871758775,0.1245053204562202,4.1151538157453366e-07,-2.9655162811977336e-05,9.254400205313095e-05,8.753703425502242e-07,0.4241370323910393,25.975251026451883,6.063779145890359e-06,0.01710516557380566,9.935453387945045e-06,0.0009176519107447409
174,7Networks_LH_Default_PFC_9,7networks_lh_default_pfc,7Networks_LH_Default_PFC,default,prefrontal cortex,L,9.3507034329996e-06,-0.0008315228714892244,1.2451825040311675e-07,0.4330351916700691,8.436184371977592e-08,2.401349633491292e-06,-0.0007075213083622886,7.004213970800652e-07,0.42957490644910235,0.7088247125096301,0.4040979384651955,2.0937513215931485e-06,9.085466122124274e-06,0.6034883686289433
175,7Networks_LH_Default_PFC_10,7networks_lh_default_pfc,7Networks_LH_Default_PFC,default,prefrontal cortex,L,3.97333285559423e-06,-0.0006941218237511965,0.0005231306880364849,0.20753121079064307,-1.8341874391139896e-07,1.90825539050514e-05,-0.0009637248806419998,7.518504466097394e-05,0.30399164254000877,7.6523636883709525,0.00808007872016896,0.0021205476104336086,0.0003518970131554863,0.048911409852756105
176,7Networks_LH_Default_PFC_11,7networks_lh_default_pfc,7Networks_LH_Default_PFC,default,prefrontal cortex,L,-1.8750351013640313e-06,-0.00017324884706785857,0.25931944249076866,0.00614671640388742,3.8756759388332034e-07,-3.380113121735227e-05,0.0003964279800356279,0.00039074142349931933,0.25342706545973004,16.898589682988593,0.0001569274146293389,0.34224135724072374,0.0014783050522390914,0.004449242431485664
177,7Networks_LH_Default_PFC_12,7networks_lh_default_pfc,7Networks_LH_Default_PFC,default,prefrontal cortex,L,6.288285065794159e-06,-0.0007892727274094386,1.264777059238547e-06,0.3771021732616796,4.813418142665025e-08,2.32320509795221e-06,-0.0007185213844614819,7.428060641138778e-06,0.3692785477941847,0.4045960841724848,0.527810651392315,1.3814599982140254e-05,5.620565885128342e-05,0.7027156473082434
178,7Networks_LH_Default_PFC_13,7networks_lh_default_pfc,7Networks_LH_Default_PFC,default,prefrontal cortex,L,9.00225205120486e-06,-0.0007482347402205142,7.11062200218035e-09,0.49553760803873415,1.845265938766326e-07,-6.198228755337261e-06,-0.00047700327976075193,5.658004002342757e-09,0.5353266964129137,5.110148414417543,0.028458342433195567,2.690185324158232e-07,1.4270743428131176e-07,0.114337057209476
179,7Networks_LH_Default_PFC_14,7networks_lh_default_pfc,7Networks_LH_Default_PFC,default,prefrontal cortex,L,1.434412038753762e-07,-0.00043994403887904197,0.9069497725429618,-0.02053976755814424,4.931724325984983e-08,-3.91909414051015e-06,-0.00036745374014106644,0.8272303683556947,-0.03417245318289974,0.36725358718047396,0.5474209015103082,0.9317281981457428,0.8439608701876077,0.7224682828072091
180,7Networks_LH_Default_PFC_15,7networks_lh_default_pfc,7Networks_LH_Default_PFC,default,prefrontal cortex,L,4.533422228675453e-06,-0.0005758805965871203,0.002432438523512666,0.15871622560549936,-9.409525670071142e-09,5.308537139441531e-06,-0.0005897114452258529,0.010557726098370294,0.1409966956078461,0.0098554504523015,0.9213424539256653,0.007265309800491778,0.021987191048899603,0.9634759994665948
181,7Networks_LH_Default_PFC_16,7networks_lh_default_pfc,7Networks_LH_Default_PFC,default,prefrontal cortex,L,2.04139978228988e-06,-0.00051808443254975,0.1753894772803044,0.01787378270838469,1.087460374563438e-09,1.951819629076729e-06,-0.0005164859991782386,0.40315015007762933,-0.0030199619814423873,0.0001198549124680564,0.9913114117160707,0.24728826920887642,0.44210185539913943,0.9984338485321758
182,7Networks_LH_Default_PFC_17,7networks_lh_default_pfc,7Networks_LH_Default_PFC,default,prefrontal cortex,L,-6.355702674105706e-07,-0.00038787816410362145,0.6830820132878402,-0.01725772375594281,1.9627502058840911e-07,-1.68038342589546e-05,-9.937795734449504e-05,0.14213136610312244,0.0405055335291894,3.8896845647110387,0.054483778898982586,0.7416378651502347,0.18074969246727615,0.1638121564247556
183,7Networks_LH_Default_PFC_18,7networks_lh_default_pfc,7Networks_LH_Default_PFC,default,prefrontal cortex,L,4.7681042208269496e-06,-0.00043000805467231876,0.00025732086825289705,0.22934710511984968,-1.792982182764316e-08,6.245083266666167e-06,-0.0004563626936320976,0.0013184246428017696,0.21377403125990402,0.04924592293071637,0.8253420983000029,0.0012297228861770028,0.004099758820767146,0.9251983027856823
184,7Networks_LH_Default_PFC_19,7networks_lh_default_pfc,7Networks_LH_Default_PFC,default,prefrontal cortex,L,3.472879155526652e-06,-0.0005943010134205886,0.013285722979406112,0.1027542640876482,-1.2107886004514137e-07,1.3446817597292718e-05,-0.0007722720871337123,0.01930778907111048,0.11864540952457037,1.8654575459359721,0.1784969007498233,0.02928018559539017,0.03520375999310907,0.3569938014996466
185,7Networks_LH_Default_PFC_20,7networks_lh_default_pfc,7Networks_LH_Default_PFC,default,prefrontal cortex,L,3.902876380304621e-06,-0.0005690526569440864,0.0026732374794538544,0.1556538088759657,6.498690584301647e-08,-1.450456135027696e-06,-0.0004735298761228774,0.00845343412980471,0.14908365151538716,0.6293788997362713,0.43157018476499487,0.00782999881078742,0.01827551949967304,0.6246300728891567
186,7Networks_LH_Default_PFC_21,7networks_lh_default_pfc,7Networks_LH_Default_PFC,default,prefrontal cortex,L,3.4329521432015038e-06,-0.0005497390794718221,0.005121086498983986,0.13438914035291138,7.229545174346262e-08,-2.522425905782956e-06,-0.0004434736325840589,0.013485816787120549,0.13200238707796497,0.8680132808064351,0.35626722030333136,0.013439151852825026,0.027090977085631546,0.5522382448678195
187,7Networks_LH_Default_PFC_22,7networks_lh_default_pfc,7Networks_LH_Default_PFC,default,prefrontal cortex,L,6.332785517114794e-06,-0.0006607629472996586,3.040798152358428e-05,0.29205833584358043,3.487388042908864e-08,3.4600302194889552e-06,-0.000609502620416893,0.0001711053321209731,0.27920533359969546,0.14407786785169827,0.7059699624902473,0.00019053353664274286,0.0007328473658766206,0.8647959112443863
188,7Networks_LH_Default_PFC_23,7networks_lh_default_pfc,7Networks_LH_Default_PFC,default,prefrontal cortex,L,1.2676436970824137e-06,-0.0004426393055288902,0.3616094936872679,-0.0031033139112535135,1.7843365449971949e-07,-1.34309278393191e-05,-0.00018036371864254105,0.09372187950917453,0.057358024487396575,4.078734364186407,0.04914854344213099,0.4461160601467925,0.13125973858188192,0.15768050474473994
189,7Networks_LH_Default_PFC_24,7networks_lh_default_pfc,7Networks_LH_Default_PFC,default,prefrontal cortex,L,8.704810313688351e-06,-0.0006512503624342476,5.386689013229598e-09,0.5012343983652969,-1.5916796834915768e-09,8.835925812928158e-06,-0.0006535899363464405,4.898322361081468e-08,0.49062642896049324,0.00037504813715504845,0.9846309882972812,2.223233465460216e-07,9.827796773216432e-07,0.9978180104619769
190,7Networks_LH_Default_pCunPCC_1,7networks_lh_default_pcunpcc,7Networks_LH_Default_pCunPCC,default,precuneus posterior cingulate cortex,L,3.882091530188148e-06,-0.0005139116563657746,0.0346315865473771,0.07070671131780104,-9.534276471818772e-08,1.173600480466445e-05,-0.000654053826529481,0.07978850895802585,0.06379214743107253,0.6454857052819621,0.425775971419334,0.06534675767051491,0.11463285780678398,0.6215507749979988
191,7Networks_LH_Default_pCunPCC_2,7networks_lh_default_pcunpcc,7Networks_LH_Default_pCunPCC,default,precuneus posterior cingulate cortex,L,1.9154968118244893e-06,-0.0006157930566235518,0.08239449984780656,0.04198320409350398,-7.011333447937968e-08,7.691121737460466e-06,-0.0007188510587739747,0.13973972916060395,0.0411981661483285,0.9606990516308819,0.33202938755141165,0.13504369289135082,0.17870940010961744,0.5215963389215948
192,7Networks_LH_Default_pCunPCC_3,7networks_lh_default_pcunpcc,7Networks_LH_Default_pCunPCC,default,precuneus posterior cingulate cortex,L,1.9708423016229435e-06,-0.0005995288186248079,0.14104332148379803,0.024678108273141763,-6.686181876835188e-08,7.478621812030053e-06,-0.0006978074914846266,0.2563227445391191,0.01612431392763536,0.5826890181387204,0.4490750537796683,0.20493699218230166,0.29992403613597957,0.6352197552495075
193,7Networks_LH_Default_pCunPCC_4,7networks_lh_default_pcunpcc,7Networks_LH_Default_pCunPCC,default,precuneus posterior cingulate cortex,L,1.3205943420456582e-06,-0.0004494803508384226,0.3758762063113228,-0.004120574721877546,1.0303568153390139e-07,-7.167027234019162e-06,-0.00029803053650655816,0.3917231217506375,-0.0017934511896500194,1.1115019562308757,0.2971454560707568,0.457362837146578,0.4316560613465763,0.4905601347495403
194,7Networks_LH_Default_pCunPCC_5,7networks_lh_default_pcunpcc,7Networks_LH_Default_pCunPCC,default,precuneus posterior cingulate cortex,L,2.6789778830289495e-06,-0.0005883801710100965,0.06623140787337474,0.04915540690344633,6.978102709248483e-08,-3.0692730367773548e-06,-0.00048581061996028877,0.14396323526109106,0.03998251910079964,0.5413639612951333,0.46552425347574355,0.11178088912458041,0.18155363557926485,0.6503015725476541
195,7Networks_LH_Default_pCunPCC_6,7networks_lh_default_pcunpcc,7Networks_LH_Default_pCunPCC,default,precuneus posterior cingulate cortex,L,1.0273945093879606e-06,-0.0006566250842399265,0.35294896873660153,-0.0024588356172752235,8.428268653306961e-08,-5.915438672837367e-06,-0.0005327398724686635,0.33377612242974036,0.005007693420829851,1.3601971507309625,0.2493873667055031,0.43781101586452753,0.37695114324154755,0.43884443598565276
196,7Networks_LH_Default_pCunPCC_7,7networks_lh_default_pcunpcc,7Networks_LH_Default_pCunPCC,default,precuneus posterior cingulate cortex,L,1.787251084334078e-06,-0.0007043239240390484,0.1449754386773194,0.023811309115701396,2.5501959057251085e-08,-3.13486977508989e-07,-0.0006668391720888423,0.3325932514647037,0.005157997874920106,0.09999885645668483,0.7532311704968884,0.20961416929778026,0.3765519605111608,0.8946736637126744
197,7Networks_LH_Default_pCunPCC_8,7networks_lh_default_pcunpcc,7Networks_LH_Default_pCunPCC,default,precuneus posterior cingulate cortex,L,4.656034236502466e-06,-0.0007479248133304564,0.00024079520089291794,0.23136352095204848,1.2436059019622366e-07,-5.588238551796736e-06,-0.0005651299988057253,0.00035012069889108654,0.256906162290938,2.6499218834145783,0.11024112768197518,0.0011754948516708036,0.001347074553360621,0.2676442351209451
198,7Networks_LH_Default_pCunPCC_9,7networks_lh_default_pcunpcc,7Networks_LH_Default_pCunPCC,default,precuneus posterior cingulate cortex,L,7.385306698939521e-06,-0.0008348457415507396,3.43168857380868e-07,0.40918326837894226,1.4450441969607965e-07,-4.5183252486552856e-06,-0.0006224419683403514,5.607142792091281e-07,0.4349495475231182,3.1887981745684058,0.08059739293336782,4.8687081640910646e-06,7.714069174574066e-06,0.21524244936322934
199,7Networks_LH_Default_pCunPCC_10,7networks_lh_default_pcunpcc,7Networks_LH_Default_pCunPCC,default,precuneus posterior cingulate cortex,L,5.954750383462795e-06,-0.0005738775780964791,4.254200382639853e-06,0.3458232523719935,1.0602057074468463e-08,5.081400034959637e-06,-0.0005582938545595518,2.846169094480699e-05,0.3321752547741402,0.01904820182217024,0.8908179973176084,3.7870724974872413e-05,0.00016566163703772273,0.9606445861809838
200,7Networks_LH_Default_pCunPCC_11,7networks_lh_default_pcunpcc,7Networks_LH_Default_pCunPCC,default,precuneus posterior cingulate cortex,L,3.9333465426719425e-06,-0.0006952927293156039,0.0012739152631300562,0.17950866292044054,4.571054310000448e-08,1.6791513004472435e-07,-0.0006281038374439485,0.004934809064395473,0.16835206452441376,0.3560776138967512,0.5535564024673119,0.004448904072777273,0.011668767266851796,0.7242495870897971
201,7Networks_RH_Vis_1,7networks_rh_vis,7Networks_RH_Vis,visual,visual,R,5.640261607404019e-06,-0.0006445819925821358,0.0002912975231020328,0.2255682077856368,9.943724196875078e-09,4.821141795865443e-06,-0.0006299659376294872,0.0015078710626873963,0.2092692757304373,0.010600303444306763,0.9184345333650595,0.001335849247356797,0.004503772779342618,0.9634759994665948
202,7Networks_RH_Vis_2,7networks_rh_vis,7Networks_RH_Vis,visual,visual,R,5.078269490023322e-06,-0.0006669646946884912,0.0024260049120883105,0.15880204795243036,-1.9328051899952367e-07,2.099985974760507e-05,-0.0009510633513933045,0.0018973704092371355,0.20150002259430266,3.5666910968096035,0.06512988734455667,0.007265309800491778,0.005417648841469557,0.1849432873674722
203,7Networks_RH_Vis_3,7networks_rh_vis,7Networks_RH_Vis,visual,visual,R,1.3513710704586639e-06,-0.00046078134806785086,0.2871369123542018,0.0032262519288597247,1.6483899154057355e-07,-1.2227332543164893e-05,-0.00021848824832009184,0.07666897404106797,0.06537965941299173,4.192059309734882,0.04622582867660441,0.36824903448815716,0.11228294907949955,0.15207627695056813
204,7Networks_RH_Vis_4,7networks_rh_vis,7Networks_RH_Vis,visual,visual,R,4.127321511916222e-06,-0.0005759933444998125,0.0046778447222335096,0.13736764659035394,6.117259009767935e-08,-9.118046223247536e-07,-0.000486077139991144,0.015391537985229926,0.12710644537651417,0.43574144217761707,0.5124072597279762,0.012419540958444523,0.029609145107179602,0.684976363539294
205,7Networks_RH_Vis_5,7networks_rh_vis,7Networks_RH_Vis,visual,visual,R,3.2427872602543374e-06,-0.0006638321303043266,0.024779828528909812,0.08190420693773959,-1.4170753523235212e-07,1.4916024294489113e-05,-0.0008721248263962723,0.0255635410133021,0.10805635804038449,2.4073795628712986,0.12747271661747553,0.04977894757577458,0.04498390550402773,0.2922859259814843
206,7Networks_RH_Vis_6,7networks_rh_vis,7Networks_RH_Vis,visual,visual,R,1.5116331156280233e-06,-0.0005828807891659045,0.3057013670421369,0.0014654980697925701,-1.5274759162491178e-07,1.4094300935814636e-05,-0.0008074010140709272,0.1696969960356731,0.033240610280893756,2.5776473467467595,0.11508166437380926,0.387677152617682,0.20878708997342976,0.2749846085563653
207,7Networks_RH_Vis_7,7networks_rh_vis,7Networks_RH_Vis,visual,visual,R,4.22324969259586e-06,-0.0003927470032329461,0.0017511326288702648,0.16932334002397265,1.4005954856016422e-07,-7.314233522886363e-06,-0.00018687664542042025,0.001962542591125887,0.2003516702487087,2.8625185539380245,0.09728625150066297,0.005678672953622144,0.0055687146023197034,0.24674836972793848
208,7Networks_RH_Vis_8,7networks_rh_vis,7Networks_RH_Vis,visual,visual,R,8.491209035918306e-07,-0.0004420891981098689,0.570738849954987,-0.013948768243633891,6.093266810783994e-08,-4.170241523288642e-06,-0.00035252564949937195,0.7067187326501896,-0.027266637853027076,0.3777100144253618,0.5417953363712771,0.6350868575479512,0.7325349420620687,0.7171285210278712
209,7Networks_RH_Vis_9,7networks_rh_vis,7Networks_RH_Vis,visual,visual,R,1.6533443231471286e-07,-0.0005821756827825838,0.9127689610138654,-0.020575475666226417,4.6238973552416473e-07,-3.792427721833082e-05,9.748051545448183e-05,7.671500941298058e-07,0.4273617361511347,38.54723972289081,1.299922915821611e-07,0.9354336530480697,9.413138992835997e-06,4.531883229103126e-05
210,7Networks_RH_Vis_10,7networks_rh_vis,7Networks_RH_Vis,visual,visual,R,2.8457583420474345e-06,-0.0005009082402933179,0.0775115168671613,0.04398349551079117,1.2951029157457786e-07,-7.822723961620925e-06,-0.0003105439963631042,0.09962684807172072,0.05490396568328959,1.5546341845132219,0.21863068007019157,0.12843149145142785,0.1362367139294012,0.4092567795021027
211,7Networks_RH_Vis_11,7networks_rh_vis,7Networks_RH_Vis,visual,visual,R,-2.1745628028383753e-06,-0.00025276234625162374,0.19035477184171168,0.015360889282980406,-2.0919702269290698e-07,1.5058158299440126e-05,-0.0005602563111961503,0.0641965628334204,0.07241430518328595,3.9523568318459272,0.052647990421048084,0.2634788610248083,0.09811554903365954,0.16174030008651497
212,7Networks_RH_Vis_12,7networks_rh_vis,7Networks_RH_Vis,visual,visual,R,5.426137036066926e-06,-0.0005029435585894898,0.0009039850907558338,0.19039309432783558,-2.065264925578356e-08,7.127410505769266e-06,-0.0005333004199086562,0.004218963139182513,0.17387998012400274,0.04053955513274661,0.8412981849339761,0.0034200769266929045,0.010188347155259897,0.9390768017410906
213,7Networks_RH_Vis_13,7networks_rh_vis,7Networks_RH_Vis,visual,visual,R,8.755396203191566e-07,-0.00043043311900915315,0.5687189405558668,-0.013876564232227162,2.7617775767560273e-07,-2.1874756781664917e-05,-2.4485688955036826e-05,0.015966949565855027,0.12574206692488976,8.665580193214964,0.0050258405454052515,0.6343941007674779,0.03021316666000524,0.0362179620256188
214,7Networks_RH_Vis_14,7networks_rh_vis,7Networks_RH_Vis,visual,visual,R,5.169262495392582e-06,-0.0006008741441355138,0.001889424349025502,0.16687769140191933,-2.91378106506166e-08,7.569505854545219e-06,-0.0006437031519838483,0.008119782563237915,0.15054052552367025,0.07684358616474346,0.782836970501783,0.005956935100399846,0.017722986940913527,0.9034248094926753
215,7Networks_RH_Vis_15,7networks_rh_vis,7Networks_RH_Vis,visual,visual,R,-2.816633391495417e-06,-0.00037883067976423994,0.08750069468809209,0.04001987553892594,3.7748701615123964e-07,-3.391233630986239e-05,0.0001760289344751816,0.00020183601508166863,0.27412118318651213,16.480356371897567,0.00018460131781943622,0.13938707153822388,0.000856388325673622,0.004461733775424004
216,7Networks_RH_Vis_16,7networks_rh_vis,7Networks_RH_Vis,visual,visual,R,7.45031250173863e-07,-0.0006532606425548233,0.5322014085493523,-0.012482615129545405,1.2772660165926247e-07,-9.776518604610084e-06,-0.0004655182040271514,0.21670478750912298,0.023128796670233154,2.7498189736404237,0.10392575879414762,0.6070840187975023,0.25890519349774166,0.25782674586089077
217,7Networks_RH_Vis_17,7networks_rh_vis,7Networks_RH_Vis,visual,visual,R,5.923098943842181e-06,-0.0005988652843947511,0.0009021736013104366,0.1904564370031725,-2.0631532512868328e-07,2.291843860643247e-05,-0.0009021235073655817,0.0007384680228850354,0.23292868747616247,3.6577294567252716,0.061914577610361246,0.0034200769266929045,0.0024834406102948597,0.1824332700822506
218,7Networks_RH_Vis_18,7networks_rh_vis,7Networks_RH_Vis,visual,visual,R,4.266288614699046e-06,-0.0006728608704010957,0.0018609784932854068,0.16736616311490293,1.9342331064177726e-08,2.6729533348460165e-06,-0.0006444300161105799,0.008117345334920019,0.15055137700509214,0.04984279046179151,0.8243045662470491,0.00594988898557447,0.017722986940913527,0.9251983027856823
219,7Networks_RH_Vis_19,7networks_rh_vis,7Networks_RH_Vis,visual,visual,R,1.7679370153883982e-06,-0.0006561692232835062,0.16418109965437924,0.019918845917074712,4.8491769364171325e-08,-2.2265994577017787e-06,-0.0005848922699262327,0.3244609856999154,0.006205415898945632,0.3376451719490817,0.5639679175435004,0.23439691585876785,0.3701137877079437,0.7336430789820894
220,7Networks_RH_Vis_20,7networks_rh_vis,7Networks_RH_Vis,visual,visual,R,4.3602333108291446e-06,-0.0006118590533355023,0.005849575392828663,0.13000399061088674,-3.375170260857631e-08,7.140548586322008e-06,-0.0006614699164593842,0.022080682156045132,0.11359812036396588,0.1115973578761546,0.7398188915883601,0.015003995640362786,0.039467046058442874,0.886221046915872
221,7Networks_RH_Vis_21,7networks_rh_vis,7Networks_RH_Vis,visual,visual,R,-1.7735582918977175e-07,-0.0004739066119796657,0.895498340911645,-0.020462636258421485,2.540731416230356e-07,-2.1106772188984986e-05,-0.00010045025634948176,0.01243969554821402,0.13497970564697392,9.625499841063796,0.0032430077536805316,0.923991469940652,0.0251005412395074,0.026765424633216055
222,7Networks_RH_Vis_22,7networks_rh_vis,7Networks_RH_Vis,visual,visual,R,1.5318352779835317e-06,-0.0006547984980661295,0.19617351220642365,0.01444361752147083,2.064591432686053e-07,-1.5475351483875445e-05,-0.0003513288800691998,0.010076806605729372,0.1426991780355602,8.18098798805497,0.006296600139150746,0.2698871955809586,0.021082351147470667,0.042039065634918216
223,7Networks_RH_Vis_23,7networks_rh_vis,7Networks_RH_Vis,visual,visual,R,-2.1135197320508654e-07,-0.00045066045258143996,0.8756632883959135,-0.020307337701114925,1.634523420814773e-07,-1.3675829566364163e-05,-0.00021040555746334885,0.17813388234207508,0.03124245969952344,3.5541894357417667,0.0655856151237071,0.9078476392133424,0.21790248024642278,0.1849432873674722
224,7Networks_RH_Vis_24,7networks_rh_vis,7Networks_RH_Vis,visual,visual,R,1.0825094398695e-06,-0.0006195688323791292,0.40932059685184763,-0.006308005564527486,5.22318338997155e-08,-3.2201169296059036e-06,-0.0005427944428806576,0.5959845669236478,-0.019844022123976846,0.36291356250693846,0.5497881720653697,0.4864700287192116,0.6263356328317965,0.7234893626599357
225,7Networks_RH_Vis_25,7networks_rh_vis,7Networks_RH_Vis,visual,visual,R,2.8572175295796372e-06,-0.0006173266894749147,0.028954834793609156,0.07669311170631865,1.56950624246156e-07,-1.0071677440559516e-05,-0.0003866285221266499,0.016038266883394853,0.1255762542038853,3.683356726259699,0.06104128963543537,0.056906904745881205,0.03021316666000524,0.18112905551952718
226,7Networks_RH_Vis_26,7networks_rh_vis,7Networks_RH_Vis,visual,visual,R,5.584297393454056e-07,-0.0005253700424152917,0.7033956230905103,-0.01772281863733549,3.60330831680489e-08,-2.4098155286651544e-06,-0.00047240582968467905,0.869357939825945,-0.03636068534552339,0.13677003128042545,0.7131746293422186,0.7585311469907166,0.8790389859264566,0.8667602190947323
227,7Networks_RH_Vis_27,7networks_rh_vis,7Networks_RH_Vis,visual,visual,R,8.698969727324797e-07,-0.0005029566487598826,0.5494881218943453,-0.013163856402218066,2.1993263514859876e-07,-1.7247176176862527e-05,-0.00017968265024885147,0.05369300475221815,0.07943985787681096,5.828558267949192,0.019715244967696326,0.6182572845676633,0.08614344001860708,0.09127308814055213
228,7Networks_RH_Vis_28,7networks_rh_vis,7Networks_RH_Vis,visual,visual,R,3.887382893857998e-06,-0.0006165392258660649,0.010517159856798299,0.11054704983706776,-7.669838980206759e-08,1.0205455414388944e-05,-0.0007292764516712382,0.02879114315182437,0.10353204200280597,0.6243921792845512,0.4333887069605382,0.024308225596779823,0.04932520373935194,0.6246300728891567
229,7Networks_RH_Vis_29,7networks_rh_vis,7Networks_RH_Vis,visual,visual,R,-3.543279394900521e-06,-0.0002991976626976867,0.010547842384505781,0.11045002729705766,2.160954086694428e-07,-2.1344258878962725e-05,1.843608353213963e-05,0.001699539390603208,0.20523272448129581,6.724404621307745,0.01263812805658416,0.024308225596779823,0.004946095405986259,0.06712000083867764
230,7Networks_RH_Vis_30,7networks_rh_vis,7Networks_RH_Vis,visual,visual,R,1.9575707793989497e-06,-0.0005147403446107817,0.1850790353230803,0.016220499002201016,3.237152172920277e-07,-2.470865029940623e-05,-3.891867948066098e-05,0.0007775223703665752,0.23124468317552294,14.425807424595671,0.00041778239426786527,0.2577481044069891,0.0025579359141045302,0.0063224402332536945
231,7Networks_RH_SomMot_1,7networks_rh_sommot,7Networks_RH_SomMot,somatomotor,somatomotor,R,4.424162684238921e-06,-0.0007680142402491639,0.0010099579287346065,0.18688708902030837,1.6139654408223622e-07,-8.87096740527239e-06,-0.0005307811160424152,0.0007154643887954438,0.23396095903909653,3.949648307829726,0.05272591280353351,0.0037278121922399298,0.002424036063530832,0.16174030008651497
232,7Networks_RH_SomMot_2,7networks_rh_sommot,7Networks_RH_SomMot,somatomotor,somatomotor,R,1.6833172797093538e-06,-0.0006550075334040943,0.18922061085722658,0.015543389253328765,-9.537443496143626e-09,2.4689694925476477e-06,-0.0006690264055577876,0.42356496971134905,-0.005130563309251324,0.012715602103803063,0.9106983374569765,0.2627099612513176,0.46336987047940353,0.9634759994665948
233,7Networks_RH_SomMot_3,7networks_rh_sommot,7Networks_RH_SomMot,somatomotor,somatomotor,R,4.419140872710579e-06,-0.0007683088090240959,0.0006678538547374535,0.19991235505912197,-2.433499989971949e-08,6.423750024875912e-06,-0.0008040782741425168,0.0031174951293356074,0.18444799511156873,0.08983207320531625,0.7657122958758908,0.0026596986846561745,0.007996286941911672,0.8961990288147298
234,7Networks_RH_SomMot_4,7networks_rh_sommot,7Networks_RH_SomMot,somatomotor,somatomotor,R,4.80329895524026e-06,-0.0007072032735427429,0.0004160534591788564,0.2146250099259841,2.0595553597194942e-08,3.1067287721722044e-06,-0.0006769303358388273,0.0020466207624212905,0.19892296699398548,0.05914409016607713,0.808912199407551,0.0017989359092114362,0.005679823622483312,0.9158257818728882
235,7Networks_RH_SomMot_5,7networks_rh_sommot,7Networks_RH_SomMot,somatomotor,somatomotor,R,4.414157958148157e-06,-0.000662028648734496,0.0011782168588654568,0.18199551089646226,1.313898338055675e-08,3.3318268941114775e-06,-0.0006427159546864718,0.005422583632598331,0.16500962925789286,0.023554825037441694,0.8786801345068319,0.0042118933379914755,0.012590084803135958,0.9569684842585566
236,7Networks_RH_SomMot_6,7networks_rh_sommot,7Networks_RH_SomMot,somatomotor,somatomotor,R,3.718815637230336e-06,-0.0006679424801336934,0.0022087676349008363,0.1618384868683722,-8.284166973231058e-08,1.054294425898275e-05,-0.0007897095739513183,0.005406650332905031,0.165114179420223,1.1883290368731492,0.28122439623453677,0.0068583938101179015,0.012590084803135958,0.4698068359313866
237,7Networks_RH_SomMot_7,7networks_rh_sommot,7Networks_RH_SomMot,somatomotor,somatomotor,R,7.277821094364518e-07,-0.0005832408872852376,0.550167275254044,-0.013189821604797869,1.5488188906067672e-07,-1.2030699649142988e-05,-0.0003555835069253076,0.12460278075068489,0.04586453102934673,3.970866316810346,0.05211884635933388,0.6182572845676633,0.16255650132416938,0.16174030008651497
238,7Networks_RH_SomMot_8,7networks_rh_sommot,7Networks_RH_SomMot,somatomotor,somatomotor,R,1.698404322531347e-06,-0.0006287236361747043,0.2111722731040724,0.012215794899730348,3.584125205654567e-08,-1.2540387509702622e-06,-0.0005760413916495511,0.42597836969362557,-0.005373605710771834,0.16022140972437932,0.6907663706068953,0.2861857074305937,0.4648898553867933,0.8521954680856806
239,7Networks_RH_SomMot_9,7networks_rh_sommot,7Networks_RH_SomMot,somatomotor,somatomotor,R,3.4504938711147744e-06,-0.0005784251699513447,0.004206092453692905,0.14085837381645427,-2.050266681041152e-08,5.13941245345758e-06,-0.0006085615754714479,0.016772905057649373,0.12390815326625526,0.07131816208213454,0.7905954467516588,0.01150340948178662,0.031466524364350476,0.9054600728507266
240,7Networks_RH_SomMot_10,7networks_rh_sommot,7Networks_RH_SomMot,somatomotor,somatomotor,R,3.40793067843281e-06,-0.0006398193817591466,0.0033669900803695437,0.14814038308484134,-2.2260219360847883e-08,5.241628629690118e-06,-0.000672539173961217,0.013598671017077362,0.1316945241474019,0.09087152972061122,0.7644018407808503,0.009435885780788722,0.027135378651337954,0.8961990288147298
241,7Networks_RH_SomMot_11,7networks_rh_sommot,7Networks_RH_SomMot,somatomotor,somatomotor,R,-9.639053961890763e-08,-0.0004369902815538932,0.9451940726758203,-0.020731784633961192,1.8613412085530682e-07,-1.542929227515577e-05,-0.00016339595360172364,0.1250188189472912,0.0457291822258703,4.342999020668996,0.042623336542895456,0.9621482264457902,0.1626319306649576,0.14334070215166325
242,7Networks_RH_SomMot_12,7networks_rh_sommot,7Networks_RH_SomMot,somatomotor,somatomotor,R,-1.1359524111072514e-06,-0.00040122314180103064,0.502712976721901,-0.011225491233910034,5.123526176767747e-07,-4.334128426904205e-05,0.0003518723651575325,9.394289774137186e-07,0.4224037729128558,37.03590830918716,1.9964243300013774e-07,0.5822237026319975,1.0402457457215323e-05,4.531883229103126e-05
243,7Networks_RH_SomMot_13,7networks_rh_sommot,7Networks_RH_SomMot,somatomotor,somatomotor,R,4.202493685464692e-06,-0.0005780840542116528,0.0018119862252966902,0.16822477665696756,-6.279568963718904e-08,9.37532354706136e-06,-0.0006703860159671603,0.0061789283633766215,0.16035728012887585,0.5502374707585619,0.46191148254699654,0.005834338626132605,0.01402740094747251,0.6472463366553594
244,7Networks_RH_SomMot_14,7networks_rh_sommot,7Networks_RH_SomMot,somatomotor,somatomotor,R,2.0083470168000186e-06,-0.0005902585391323771,0.13697111132948897,0.025604032847007963,-6.798691219018434e-08,7.6088067236213485e-06,-0.0006901909613274345,0.24943330410776188,0.01726435462475895,0.5926630355255944,0.44524338546657904,0.20059640175350965,0.29261684771298163,0.6352197552495075
245,7Networks_RH_SomMot_15,7networks_rh_sommot,7Networks_RH_SomMot,somatomotor,somatomotor,R,7.20842998852775e-07,-0.000251666703619675,0.6844631398633223,-0.01729053363180988,3.9326230928485557e-07,-3.167435846580742e-05,0.0003263806566563547,0.0016315304972660562,0.2066126864564094,14.546163873269501,0.0003979046843363663,0.7416378651502347,0.0048352782368057965,0.0063224402332536945
246,7Networks_RH_SomMot_16,7networks_rh_sommot,7Networks_RH_SomMot,somatomotor,somatomotor,R,9.961538105852284e-07,-0.0006806058606920305,0.3840562106461417,-0.004680199113903605,1.2702944753767248e-07,-9.467967585667075e-06,-0.0004938881532158134,0.16214783618398876,0.03511085574043549,2.9794715738811153,0.09089598059997085,0.46378477934879153,0.2011342011681172,0.23314562255585744
247,7Networks_RH_SomMot_17,7networks_rh_sommot,7Networks_RH_SomMot,somatomotor,somatomotor,R,1.5152876878053441e-06,-0.0004480253381826637,0.3008271035854209,0.0019145327319944894,1.1156781372757252e-07,-7.675173023389717e-06,-0.00028403433600839836,0.300850142809954,0.009395357015570482,1.362485243890881,0.24899519253926908,0.38363905906680085,0.34491405261545227,0.43884443598565276
248,7Networks_RH_SomMot_18,7networks_rh_sommot,7Networks_RH_SomMot,somatomotor,somatomotor,R,1.0697526736506001e-06,-0.0006532685332195972,0.39513837995002454,-0.005412378509008331,1.3327203255418538e-07,-9.90860513553929e-06,-0.00045737499143407105,0.18839508241632033,0.02893093681589798,2.6975920643483415,0.10717487362805123,0.47208638025608196,0.2279169660482442,0.26346895037708784
249,7Networks_RH_SomMot_19,7networks_rh_sommot,7Networks_RH_SomMot,somatomotor,somatomotor,R,1.2913712933408054e-06,-0.00046478375108019204,0.36408713947964466,-0.003283866429261595,-1.5415826813023218e-07,1.3990244375288688e-05,-0.0006913774974258697,0.16819215414707292,0.03360697844194582,2.8323399634685598,0.09901608039554213,0.4462953495729835,0.20806331875414472,0.2497405583309785
250,7Networks_RH_SomMot_20,7networks_rh_sommot,7Networks_RH_SomMot,somatomotor,somatomotor,R,5.7895280093065764e-06,-0.0007908705134731652,3.299959401159053e-07,0.41012153705269205,6.522721890547846e-08,4.1639957178900375e-07,-0.000694994501924996,1.5288492822387508e-06,0.4103091644389597,1.0152726038760351,0.31880249448282094,4.832843768149064e-06,1.5424390536364288e-05,0.5094309157266212
251,7Networks_RH_SomMot_21,7networks_rh_sommot,7Networks_RH_SomMot,somatomotor,somatomotor,R,-1.2644770416808294e-06,-0.0004937234930303482,0.2938732490025156,0.0025712585819712697,2.7835385919188856e-07,-2.4194031016443285e-05,-8.457746065029575e-05,0.000501506127915957,0.24545621679166518,16.45102915631117,0.00018672454126223806,0.3758266339356115,0.0018361595328535844,0.004461733775424004
252,7Networks_RH_SomMot_22,7networks_rh_sommot,7Networks_RH_SomMot,somatomotor,somatomotor,R,6.043454670296437e-06,-0.0007762682439958454,5.347409377910109e-06,0.33976655639021425,1.4329032652700503e-07,-5.760165677202384e-06,-0.0005656490388331512,6.481916088935363e-06,0.3729247736826544,3.538123598637693,0.06617644147289252,4.495784921428129e-05,4.987779498943482e-05,0.18545743474501977
253,7Networks_RH_SomMot_23,7networks_rh_sommot,7Networks_RH_SomMot,somatomotor,somatomotor,R,3.1891831176153944e-06,-0.0006725721829878853,0.01215993247904189,0.10570925178645385,2.095464079463589e-07,-1.4072318789248014e-05,-0.00036456466457356366,0.0013135277464445337,0.21389851668837068,7.606125068502581,0.008259766570979914,0.02725832528108541,0.004099758820767146,0.0493412371476958
254,7Networks_RH_SomMot_24,7networks_rh_sommot,7Networks_RH_SomMot,somatomotor,somatomotor,R,7.131803579941258e-06,-0.0007231443526273511,1.64233705402916e-07,0.4266138397980763,7.62041707498489e-08,8.544426287283821e-07,-0.0006111335682120486,8.009451347221916e-07,0.42631028597018705,0.974601978417329,0.3285903373295168,2.6629322233187093e-06,9.569186609575658e-06,0.5179861567625021
255,7Networks_RH_SomMot_25,7networks_rh_sommot,7Networks_RH_SomMot,somatomotor,somatomotor,R,4.933530672969161e-06,-0.0007213937958945937,0.0002999285165536464,0.22467637754760317,2.0493070600191884e-07,-1.1947750218910913e-05,-0.00042017079321394785,6.83131813221325e-05,0.306824674715389,6.688486188446945,0.012862202803887566,0.0013616754651535547,0.00032993813106646974,0.06712000083867764
256,7Networks_RH_SomMot_26,7networks_rh_sommot,7Networks_RH_SomMot,somatomotor,somatomotor,R,4.263253685088323e-06,-0.0007143044585883123,0.00031369945544563007,0.2233036679898357,1.9445000845764812e-07,-1.1754673917089921e-05,-0.00042848679582018975,3.652643402747045e-05,0.3250478271848516,8.23565289225062,0.00613758610317359,0.0014100945819041193,0.00020472840800582202,0.042039065634918216
257,7Networks_RH_SomMot_27,7networks_rh_sommot,7Networks_RH_SomMot,somatomotor,somatomotor,R,5.1104185396879346e-06,-0.000586793791942632,0.0015056415735677398,0.17416918113278934,3.8112302645191254e-07,-2.6284802749590384e-05,-2.6589688524828676e-05,1.6005626617942242e-06,0.4091577712712392,20.09046404979236,4.725146984664555e-05,0.0050345932753897565,1.5481429637580083e-05,0.003410838795041304
258,7Networks_RH_SomMot_28,7networks_rh_sommot,7Networks_RH_SomMot,somatomotor,somatomotor,R,5.727232384274558e-06,-0.000665799879814845,8.117336439597579e-05,0.26378457746716877,1.110962505429004e-07,-3.424383047293767e-06,-0.0005025020176839278,0.00020888995528698832,0.2730593261910993,1.6124130273465789,0.21040406141463547,0.00046065884294716256,0.0008643733485271814,0.4018573592804143
259,7Networks_RH_SomMot_29,7networks_rh_sommot,7Networks_RH_SomMot,somatomotor,somatomotor,R,5.085485243179796e-06,-0.0006892454948863101,1.5021626819868477e-05,0.31177505700871333,8.231824022617382e-08,-1.6955255818658232e-06,-0.0005682477782430972,4.755671872338355e-05,0.31742592135882386,1.3973802951106535,0.2431089300347992,0.00010492028578800443,0.00025105523605135037,0.43751109192327947
260,7Networks_RH_SomMot_30,7networks_rh_sommot,7Networks_RH_SomMot,somatomotor,somatomotor,R,1.0737049283961688e-05,-0.0007340278541066644,5.954328592213994e-11,0.5853926102878422,7.128631858990221e-08,4.864799139794139e-06,-0.000629245709182533,4.4970858406448576e-10,0.5827939355703049,0.7010197188473358,0.4066786344209852,1.3516325904325764e-08,5.104192429131913e-08,0.6053511476299255
261,7Networks_RH_SomMot_31,7networks_rh_sommot,7Networks_RH_SomMot,somatomotor,somatomotor,R,4.165223063330881e-06,-0.0005653329613936448,0.0007620765841041378,0.19577269153461463,-1.022086065450129e-08,5.0071721447138496e-06,-0.0005803563729477053,0.003649124234909225,0.17896519328010918,0.01738646204375251,0.8956596763277247,0.0030085458189850305,0.009153051948335846,0.961299037949851
262,7Networks_RH_SomMot_32,7networks_rh_sommot,7Networks_RH_SomMot,somatomotor,somatomotor,R,8.878342682654829e-06,-0.000685388442566504,3.8101760254475494e-08,0.4597386579615357,2.658908957244635e-07,-1.3024567744425145e-05,-0.00029456143787732006,2.861269018904303e-09,0.5486145788155334,10.451001296846274,0.002243630731145116,9.104315345016776e-07,9.992431804481182e-08,0.020372167038797656
263,7Networks_RH_SomMot_33,7networks_rh_sommot,7Networks_RH_SomMot,somatomotor,somatomotor,R,8.406101154394708e-06,-0.0006719163688748472,3.740892682558627e-07,0.4071103040414621,2.678149964290612e-07,-1.3655308138434951e-05,-0.0002782611721445273,3.8810452255854607e-08,0.4956473150767091,9.426199873087274,0.0035486734083014404,5.146561448126111e-06,8.390450154360949e-07,0.02777754702360093
264,7Networks_RH_SomMot_34,7networks_rh_sommot,7Networks_RH_SomMot,somatomotor,somatomotor,R,4.115287567595738e-06,-0.0005387133603186672,0.003310001423043017,0.1486975988927196,-4.595987264432069e-09,4.493884574848172e-06,-0.0005454688978907812,0.013994385707415992,0.13063402118487,0.002661996092267319,0.9590704355499774,0.00933379283268031,0.027744327996361833,0.9828848255974937
265,7Networks_RH_SomMot_35,7networks_rh_sommot,7Networks_RH_SomMot,somatomotor,somatomotor,R,6.215503339943644e-06,-0.0005408826310066495,0.00018569472723835455,0.2392161107426659,1.4471253718064666e-07,-5.705272401200067e-06,-0.000328172950619951,0.0003619410346334807,0.2558554962374615,2.0733002793299757,0.1565248695803145,0.0009367267351801441,0.0013808506699462206,0.3274759944214875
266,7Networks_RH_SomMot_36,7networks_rh_sommot,7Networks_RH_SomMot,somatomotor,somatomotor,R,7.58502848272579e-06,-0.0006340041818142672,1.0589932769108178e-06,0.3815632482886817,8.134309696197364e-09,6.9149601970991115e-06,-0.0006220477442494743,7.64291385731497e-06,0.36851278688955336,0.00802085275384615,0.929018060250788,1.2327767890192597e-05,5.688332608559011e-05,0.9651583509241596
267,7Networks_RH_SomMot_37,7networks_rh_sommot,7Networks_RH_SomMot,somatomotor,somatomotor,R,3.4469196623295076e-06,-0.00048480551407472386,0.013935558315355728,0.101159562582809,2.183507365983391e-07,-1.4539843714316478e-05,-0.00016385671240969914,0.002227504361686117,0.19603075137610848,6.664168212743081,0.0130163102040918,0.03041703593832452,0.006053571522454487,0.06715232764383725
268,7Networks_RH_SomMot_38,7networks_rh_sommot,7Networks_RH_SomMot,somatomotor,somatomotor,R,1.8780440031267463e-06,-0.0004188510421953674,0.2432999312048845,0.008006632508793077,2.0633363363537748e-07,-1.5118803832885222e-05,-0.00011556590796528432,0.07183782058047675,0.0679646196644762,4.087847783671855,0.048906199219807066,0.3229771016579461,0.10658291027299491,0.15768050474473994
269,7Networks_RH_SomMot_39,7networks_rh_sommot,7Networks_RH_SomMot,somatomotor,somatomotor,R,7.706063271532931e-06,-0.0006608155802400628,8.645428666354821e-08,0.4413934326187382,1.420004600884636e-07,-3.991303610651567e-06,-0.00045209232053744416,1.4818982790518318e-07,0.4660571817058934,3.2172036323398236,0.07930299901114106,1.784102097511404e-06,2.6911272747581267e-06,0.21303882574590557
270,7Networks_RH_SomMot_40,7networks_rh_sommot,7Networks_RH_SomMot,somatomotor,somatomotor,R,9.210777101595151e-07,-0.0003193250700425626,0.5398585731966143,-0.012789252234970183,2.383996433890781e-07,-1.8717225514821587e-05,3.10931655681734e-05,0.03974311487888498,0.09114971950850537,6.489430713482098,0.014183248445743554,0.6142751684994058,0.06585173049275103,0.07105527192201952
271,7Networks_RH_DorsAttn_Post_1,7networks_rh_dorsattn_post,7Networks_RH_DorsAttn_Post,dorsal attention,posterior,R,2.655146020311161e-06,-0.0006503623259137347,0.08631581703966512,0.040464563396164555,3.0699255647322103e-07,-2.2633536572195667e-05,-0.00019912092112099995,0.0014376714549209984,0.2108717901045043,11.3652952453487,0.0015043998491267568,0.1379837356901689,0.004380555976739149,0.016261845988179705
272,7Networks_RH_DorsAttn_Post_2,7networks_rh_dorsattn_post,7Networks_RH_DorsAttn_Post,dorsal attention,posterior,R,2.720686853279374e-06,-0.0006509949208266502,0.03209699489364584,0.07324718320266788,1.6645475166715554e-07,-1.0991115899476862e-05,-0.00040632685186888027,0.012253664253563888,0.13553415674601432,4.458522685901214,0.040072535980682916,0.06200866247538388,0.024835551656776807,0.1378252373881064
273,7Networks_RH_DorsAttn_Post_3,7networks_rh_dorsattn_post,7Networks_RH_DorsAttn_Post,dorsal attention,posterior,R,-6.884997420710377e-07,-0.0003842669352478571,0.6368264176159653,-0.016054085834110277,2.2160376971995713e-07,-1.894323353148728e-05,-5.85365738847715e-05,0.056239103373830354,0.07762320978079174,5.874916885589332,0.019260229086826668,0.6983555400909378,0.08865469767957979,0.09014581448885883
274,7Networks_RH_DorsAttn_Post_4,7networks_rh_dorsattn_post,7Networks_RH_DorsAttn_Post,dorsal attention,posterior,R,-5.703164400739695e-07,-0.00048358188203743795,0.669343074712022,-0.016921689450184463,2.0811915241903872e-07,-1.771424737901745e-05,-0.00017767225419265865,0.04934642545261597,0.08274078892282066,6.215318531701,0.016244481344953886,0.730484990190524,0.07972696496614821,0.07845738862350068
275,7Networks_RH_DorsAttn_Post_5,7networks_rh_dorsattn_post,7Networks_RH_DorsAttn_Post,dorsal attention,posterior,R,9.725547155235358e-07,-0.0005075853072458861,0.5047839527810121,-0.011317886355407536,2.9596708776256295e-07,-2.340789875944198e-05,-7.254998916303884e-05,0.0044036387154558175,0.17237254454909234,11.653513999982337,0.001328585716162579,0.5831346426528741,0.010578052787391223,0.014711656466775877
276,7Networks_RH_DorsAttn_Post_6,7networks_rh_dorsattn_post,7Networks_RH_DorsAttn_Post,dorsal attention,posterior,R,6.9234114160679e-07,-0.0004518394307414292,0.5805140657098946,-0.014291272484404205,1.5065849076485982e-08,-5.487165558785252e-07,-0.0004296944804541397,0.8458131965639866,-0.03515055218114105,0.032753812154509454,0.8571613490973824,0.6443848064359221,0.8590585933781877,0.9468400303898092
277,7Networks_RH_DorsAttn_Post_7,7networks_rh_dorsattn_post,7Networks_RH_DorsAttn_Post,dorsal attention,posterior,R,2.3910780303277577e-06,-0.0003230862833566866,0.08557677218972363,0.040745181472784275,8.134420619779127e-08,-4.309696199860388e-06,-0.0002035202772680593,0.1551087946795474,0.03693140994712418,0.8099190077192425,0.37273233088232416,0.13762390759413307,0.1934598702871278,0.5678539537603193
278,7Networks_RH_DorsAttn_Post_8,7networks_rh_dorsattn_post,7Networks_RH_DorsAttn_Post,dorsal attention,posterior,R,3.09539708233009e-06,-0.0005193963708650308,0.017248599203142374,0.09402991096240287,-2.3128692383010765e-08,5.00063598184334e-06,-0.000553392711889806,0.05824402716501628,0.07624728402974967,0.0759798829161607,0.7840294602205156,0.03625400017697518,0.09118202873419791,0.9034248094926753
279,7Networks_RH_DorsAttn_Post_9,7networks_rh_dorsattn_post,7Networks_RH_DorsAttn_Post,dorsal attention,posterior,R,7.008763834106212e-07,-0.0005062816032240176,0.5492121523507566,-0.013153288647780315,6.797212169788962e-08,-4.898364948380597e-06,-0.00040637092123856463,0.5697054283541187,-0.017888868420199877,0.7766869880118401,0.38264107394087055,0.6182572845676633,0.6001073421641993,0.5790634918971841
280,7Networks_RH_DorsAttn_Post_10,7networks_rh_dorsattn_post,7Networks_RH_DorsAttn_Post,dorsal attention,posterior,R,6.064211575806645e-06,-0.0005088042232748791,2.4803441662537722e-05,0.2978047659610923,-1.2439390140771752e-07,1.631122839368153e-05,-0.0006916480011948407,5.3337229193718e-05,0.3140858998252505,2.1393473691246507,0.15021830262068667,0.00015860228894073417,0.0002740463534997381,0.3216939122159988
281,7Networks_RH_DorsAttn_Post_11,7networks_rh_dorsattn_post,7Networks_RH_DorsAttn_Post,dorsal attention,posterior,R,3.280754620709913e-06,-0.0005620168294756848,0.007435541013979266,0.12206835590103182,-2.471314260792564e-07,2.363834330151963e-05,-0.0009252697146711843,0.00011154158789008562,0.29221061618150335,12.53850097242617,0.0009115724119023883,0.018149116238422507,0.0004872429941438253,0.011311969219565315
282,7Networks_RH_DorsAttn_Post_12,7networks_rh_dorsattn_post,7Networks_RH_DorsAttn_Post,dorsal attention,posterior,R,5.7949841508923305e-06,-0.0005002372891133079,0.0004812071967952758,0.21012432562251826,2.8305787902789383e-07,-1.7522066074294547e-05,-8.417692453134039e-05,4.1122058425061966e-05,0.32163550516507033,8.890354903295714,0.004531387809816164,0.002022852475417178,0.00022393293392377527,0.033725410912402276
283,7Networks_RH_DorsAttn_Post_13,7networks_rh_dorsattn_post,7Networks_RH_DorsAttn_Post,dorsal attention,posterior,R,2.7977560058164577e-06,-0.000600556493527522,0.04695306388432126,0.060555241124628956,2.3810610320026617e-07,-1.6816366682840426e-05,-0.00025056972599107907,0.0037682773128685,0.17784185264256203,7.847535806773708,0.007366086879442618,0.08294432297074651,0.009399988461770875,0.04634894106527311
284,7Networks_RH_DorsAttn_Post_14,7networks_rh_dorsattn_post,7Networks_RH_DorsAttn_Post,dorsal attention,posterior,R,2.4255345044144877e-06,-0.0005063912302375707,0.022578848762285636,0.08501797055541882,-4.9222821545304435e-08,6.4802918075463905e-06,-0.0005787427406361795,0.059058065661143515,0.07570153587729544,0.5161856457541927,0.47602997705377403,0.04596770106761291,0.0921387003785538,0.6573244431527236
285,7Networks_RH_DorsAttn_Post_15,7networks_rh_dorsattn_post,7Networks_RH_DorsAttn_Post,dorsal attention,posterior,R,4.531104845687048e-06,-0.0005268753363223798,0.002824541944663971,0.15386455239949282,-2.0605917947805906e-07,2.1505344367835766e-05,-0.0008297570566035438,0.0010938987905943747,0.21999524641663581,5.069556369035144,0.029063644571515466,0.008220141300496428,0.0034973947248580716,0.11473821422146105
286,7Networks_RH_DorsAttn_Post_16,7networks_rh_dorsattn_post,7Networks_RH_DorsAttn_Post,dorsal attention,posterior,R,3.000703768160118e-06,-0.000496258607842585,0.04451193895674049,0.06233252958676505,1.8781819705567878e-07,-1.247092468108619e-05,-0.00022018889443103001,0.01951034305603037,0.11825392072598517,4.0442174201586845,0.05007838052491472,0.07987517899747108,0.03543078298975116,0.158990103204974
287,7Networks_RH_DorsAttn_Post_17,7networks_rh_dorsattn_post,7Networks_RH_DorsAttn_Post,dorsal attention,posterior,R,8.249256772468522e-06,-0.0007610796623971884,9.204335455649492e-06,0.32518007468010246,4.101001522371742e-07,-2.5532971370803392e-05,-0.0001582827381748291,1.9732237161709995e-08,0.509957908317597,19.099131003521983,6.811058555986694e-05,6.73994886591108e-05,4.479217835708169e-07,0.0034358006493532874
288,7Networks_RH_DorsAttn_Post_18,7networks_rh_dorsattn_post,7Networks_RH_DorsAttn_Post,dorsal attention,posterior,R,4.11215959845097e-06,-0.0005290311535175003,0.004387922705050834,0.13946952594949535,2.396612672872486e-07,-1.5630070596872482e-05,-0.00017675848551703584,0.00046388802316745746,0.24795563246948826,7.924236571386055,0.007104090525966493,0.011735008596254487,0.0017262718239182435,0.046075101411268395
289,7Networks_RH_DorsAttn_Post_19,7networks_rh_dorsattn_post,7Networks_RH_DorsAttn_Post,dorsal attention,posterior,R,8.165710090099441e-06,-0.0006924863857197819,5.026117445796577e-09,0.5026461845680885,1.9599273576539254e-07,-7.979300532138102e-06,-0.0004044011030277245,1.3885777494443618e-09,0.5622901541090661,7.5406583033096615,0.008521466059337022,2.223233465460216e-07,7.38107216349141e-08,0.05024344923297412
290,7Networks_RH_DorsAttn_FEF_1,7networks_rh_dorsattn_fef,7Networks_RH_DorsAttn_FEF,dorsal attention,frontal eye fields,R,6.320639469504332e-06,-0.00068183822153341,3.7151171804032375e-06,0.3493875469362393,-1.4310789435252333e-07,1.810923186516015e-05,-0.0008921892737752914,5.013970599894775e-06,0.37973961747694895,3.348851267959114,0.07359804201223004,3.37332639980614e-05,3.9935836006179434e-05,0.20128621128646046
291,7Networks_RH_DorsAttn_FEF_2,7networks_rh_dorsattn_fef,7Networks_RH_DorsAttn_FEF,dorsal attention,frontal eye fields,R,6.944322112976057e-06,-0.0007501827353233498,4.535154148483619e-06,0.34413476489458317,2.2003291360639456e-08,5.131788748643307e-06,-0.0007178405957688958,2.9627530680240104e-05,0.33103343578077793,0.059947341020512405,0.8076450385987243,3.959538429637621e-05,0.00017026454340289884,0.9158257818728882
292,7Networks_RH_DorsAttn_FEF_3,7networks_rh_dorsattn_fef,7Networks_RH_DorsAttn_FEF,dorsal attention,frontal eye fields,R,5.492806865987266e-06,-0.000522336753165892,0.00036721296303876127,0.2184721564806883,-2.734399505608837e-07,2.8017574884095046e-05,-0.0009242599425586513,2.1619240919521943e-05,0.33994398350617816,9.833564957404027,0.0029533618031917,0.0016030258194192077,0.00013086847169950616,0.0257400271433574
293,7Networks_RH_DorsAttn_PrCv_1,7networks_rh_dorsattn_prcv,7Networks_RH_DorsAttn_PrCv,dorsal attention,precentral ventral,R,4.626150151685562e-06,-0.0007495609042817491,0.0005179754468907041,0.20783898193686934,2.9015269368881705e-08,2.236001198775637e-06,-0.0007069120170876617,0.0024278260797767426,0.19307924770728901,0.12201137347518323,0.7284233586706264,0.0021185662422376545,0.006445807252740592,0.8795324596714478
294,7Networks_RH_SalVentAttn_TempOccPar_1,7networks_rh_salventattn_tempoccpar,7Networks_RH_SalVentAttn_TempOccPar,salience / ventral attention,temporal occipital parietal,R,1.9776257708860316e-06,-0.0006116499901846313,0.07528924125077054,0.04493775994549154,6.633845365243639e-08,-3.4870412469947205e-06,-0.0005141405998534929,0.13752020339649257,0.04185118453254366,0.8453730595604728,0.36255952346373754,0.12520628398479788,0.1773698077897944,0.5579729615340232
295,7Networks_RH_SalVentAttn_TempOccPar_2,7networks_rh_salventattn_tempoccpar,7Networks_RH_SalVentAttn_TempOccPar,salience / ventral attention,temporal occipital parietal,R,-2.878329496588048e-06,-0.00036642403027552684,0.027741175238813864,0.07812588104563967,9.831671607340292e-08,-1.0977223668097888e-05,-0.00022191051638047356,0.0460941330475843,0.0853981414190953,1.3816616975472684,0.24573860889963936,0.05499778846472268,0.07500622366882893,0.43751109192327947
296,7Networks_RH_SalVentAttn_TempOccPar_3,7networks_rh_salventattn_tempoccpar,7Networks_RH_SalVentAttn_TempOccPar,salience / ventral attention,temporal occipital parietal,R,3.3116767201128496e-06,-0.000572113505320752,0.017848983171132152,0.09288530248960791,1.7878670350655062e-08,1.8389113056422273e-06,-0.0005458340527583334,0.06111062167540512,0.07435680296306846,0.039189203657697055,0.8439280509038877,0.03734303391564054,0.09436810285929906,0.9390768017410906
297,7Networks_RH_SalVentAttn_TempOccPar_4,7networks_rh_salventattn_tempoccpar,7Networks_RH_SalVentAttn_TempOccPar,salience / ventral attention,temporal occipital parietal,R,4.082974323108285e-06,-0.0006865787816515789,0.009978218875083895,0.11229843084912428,-1.353412436518925e-07,1.5231784547393238e-05,-0.0008855138099580614,0.015239506284387238,0.12747508975426314,1.8349098333954776,0.18202502301634652,0.023717860572188942,0.029441429162177894,0.36245333530447943
298,7Networks_RH_SalVentAttn_TempOccPar_5,7networks_rh_salventattn_tempoccpar,7Networks_RH_SalVentAttn_TempOccPar,salience / ventral attention,temporal occipital parietal,R,1.6491190202618492e-06,-0.0005107458121371245,0.1840705141662854,0.01638797879422449,1.1255760643710177e-07,-7.622876415915473e-06,-0.0003452999360798165,0.1593007352170497,0.03583792971733002,1.9682994935025426,0.16720029057321495,0.2571323490199802,0.19814392818778237,0.34504059963745265
299,7Networks_RH_SalVentAttn_TempOccPar_6,7networks_rh_salventattn_tempoccpar,7Networks_RH_SalVentAttn_TempOccPar,salience / ventral attention,temporal occipital parietal,R,6.475882966336194e-06,-0.0006677568966249111,2.545587986021064e-06,0.3592382835954484,6.542531450831391e-08,1.0864362933517877e-06,-0.0005715897088373766,1.2736781070166052e-05,0.3546387435042385,0.6579002501996164,0.4213908076629418,2.4077019701115898e-05,8.193306729877853e-05,0.6171336344483083
300,7Networks_RH_SalVentAttn_TempOccPar_7,7networks_rh_salventattn_tempoccpar,7Networks_RH_SalVentAttn_TempOccPar,salience / ventral attention,temporal occipital parietal,R,2.2818759453164392e-06,-0.0005903799936834984,0.09870937438480117,0.0361020710726867,-1.0043095405465419e-07,1.0554931646497512e-05,-0.0007380011780956778,0.1394725867341954,0.04127623570905603,1.259052619530526,0.26753034459544955,0.15294899648702978,0.17870940010961744,0.45833500545786454
301,7Networks_RH_SalVentAttn_PrC_1,7networks_rh_salventattn_prc,7Networks_RH_SalVentAttn_PrC,salience / ventral attention,precentral,R,1.5353337857171171e-07,-0.0004867621282057251,0.9277870856471268,-0.02065683622658776,2.5529154683479285e-07,-2.087624978823395e-05,-0.00011151486635398275,0.06609754894700351,0.07126172585131751,5.750629001247697,0.02050628852496986,0.9486831911797197,0.10036216462187154,0.09127308814055213
302,7Networks_RH_SalVentAttn_FrOperIns_1,7networks_rh_salventattn_froperins,7Networks_RH_SalVentAttn_FrOperIns,salience / ventral attention,frontal operculum insula,R,4.207255992421461e-06,-0.0006491390591542239,0.004328558724468979,0.13991665672499165,2.2776674304607544e-07,-1.4555156152654972e-05,-0.0003143498829021892,0.0007756070261905687,0.23132536335975473,6.708030042003484,0.01273975943395219,0.011697414648267361,0.0025579359141045302,0.06712000083867764
303,7Networks_RH_SalVentAttn_FrOperIns_2,7networks_rh_salventattn_froperins,7Networks_RH_SalVentAttn_FrOperIns,salience / ventral attention,frontal operculum insula,R,4.555971043885045e-06,-0.0007223436067190282,0.0008279755388719722,0.1931632207210604,-3.531249841008933e-08,7.464857741661391e-06,-0.0007742486482365509,0.0036465156487334527,0.17899017710414855,0.17137886217707549,0.6807724150412418,0.003240524953860995,0.009153051948335846,0.8450953247583364
304,7Networks_RH_SalVentAttn_FrOperIns_3,7networks_rh_salventattn_froperins,7Networks_RH_SalVentAttn_FrOperIns,salience / ventral attention,frontal operculum insula,R,6.352558947070367e-06,-0.0007698410841457285,8.880235587712497e-06,0.32615181901344537,1.2375175429533867e-07,-3.841560645251389e-06,-0.0005879411837204141,1.9750637425560972e-05,0.3424781573795477,2.1918451841078666,0.14541586894927092,6.609224519379465e-05,0.00012117282961087408,0.31516130129430997
305,7Networks_RH_SalVentAttn_FrOperIns_4,7networks_rh_salventattn_froperins,7Networks_RH_SalVentAttn_FrOperIns,salience / ventral attention,frontal operculum insula,R,6.005775596830904e-06,-0.0007629700615105261,3.641557171347768e-06,0.34991211584094206,9.579857439800438e-08,-1.885685253546411e-06,-0.0006221579070234349,1.1246508811536846e-05,0.3580470014368161,1.608260276805172,0.21098260946178182,3.37332639980614e-05,7.66295352297116e-05,0.4018573592804143
306,7Networks_RH_SalVentAttn_FrOperIns_5,7networks_rh_salventattn_froperins,7Networks_RH_SalVentAttn_FrOperIns,salience / ventral attention,frontal operculum insula,R,5.0276015372744725e-06,-0.0007741546264190254,0.00010990524666895584,0.25486586010021606,-1.7684981353866992e-07,1.9595703293558534e-05,-0.001034102161353764,4.590787718726411e-05,0.3184500694381768,5.4780901755887905,0.023551774277428016,0.0005950243659891669,0.00024520207344726945,0.10381073322283806
307,7Networks_RH_SalVentAttn_FrOperIns_6,7networks_rh_salventattn_froperins,7Networks_RH_SalVentAttn_FrOperIns,salience / ventral attention,frontal operculum insula,R,3.1856630421080757e-06,-0.0006436607701846838,0.02046116964588817,0.08831465597352184,3.668854629030626e-08,1.6342363482502615e-07,-0.0005897331070581577,0.06440183614984701,0.0722882841658754,0.17079213980243807,0.6812883014571611,0.042033353028204656,0.09811554903365954,0.8450953247583364
308,7Networks_RH_SalVentAttn_FrOperIns_7,7networks_rh_salventattn_froperins,7Networks_RH_SalVentAttn_FrOperIns,salience / ventral attention,frontal operculum insula,R,3.5519078090782664e-06,-0.000670486601741664,0.0066449139208036604,0.12579102583988688,1.8964242336618018e-07,-1.206999229715252e-05,-0.0003917354993985123,0.0017355269925906807,0.20452375195054284,5.7508280260764355,0.020504225466693834,0.016575774285960777,0.004986894016684614,0.09127308814055213
309,7Networks_RH_SalVentAttn_FrOperIns_8,7networks_rh_salventattn_froperins,7Networks_RH_SalVentAttn_FrOperIns,salience / ventral attention,frontal operculum insula,R,4.292807927027701e-06,-0.0006498238553475317,0.016259863359132227,0.09600418189376358,-2.7292359326351745e-08,6.541031206881382e-06,-0.0006899402760973238,0.05588660871304036,0.07786996205390073,0.05605227408903269,0.8138768026075439,0.03449522413572911,0.08861397637335587,0.9191543989647386
310,7Networks_RH_SalVentAttn_PFCl_1,7networks_rh_salventattn_pfcl,7Networks_RH_SalVentAttn_PFCl,salience / ventral attention,lateral prefrontal cortex,R,5.0175084648053005e-06,-0.0007625808728866215,0.0002793534902431198,0.2268455401045273,9.483578683471649e-08,-2.7946422245319343e-06,-0.0006231838980298317,0.0007833588781115266,0.23099999972380814,1.2593160749725185,0.26748094859193916,0.0012941478017385346,0.0025585966234721804,0.45833500545786454
311,7Networks_RH_SalVentAttn_Med_1,7networks_rh_salventattn_med,7Networks_RH_SalVentAttn_Med,salience / ventral attention,medial,R,7.011419982860804e-06,-0.000836174796405109,6.511648374456645e-08,0.44780578931266446,-5.309436191021165e-08,1.138509757695042e-05,-0.0009142169962883227,4.1194049409935634e-07,0.4423148872616902,0.5273976435328688,0.4713042903244016,1.4781441810016582e-06,6.448999459348544e-06,0.6543490758632364
312,7Networks_RH_SalVentAttn_Med_2,7networks_rh_salventattn_med,7Networks_RH_SalVentAttn_Med,salience / ventral attention,medial,R,7.56175512279701e-06,-0.0008086399976018253,1.0277982971350413e-09,0.5339502237914251,-8.6260243992858e-08,1.4667490700715067e-05,-0.0009354319762878004,4.272865840319339e-09,0.5408457421309438,1.720857695696888,0.19595434515358925,6.666006098561554e-08,1.344521865799028e-07,0.38018492606722015
313,7Networks_RH_SalVentAttn_Med_3,7networks_rh_salventattn_med,7Networks_RH_SalVentAttn_Med,salience / ventral attention,medial,R,6.535075022389217e-06,-0.0008134750454694317,7.392931145145247e-07,0.3905005663766271,6.483685368577482e-08,1.1941031369707274e-06,-0.0007181728229151891,3.807694736090518e-06,0.3869610062497384,0.7228579457053803,0.3995185792448376,9.323307610822062e-06,3.2012840929353615e-05,0.5986185972843441
314,7Networks_RH_SalVentAttn_Med_4,7networks_rh_salventattn_med,7Networks_RH_SalVentAttn_Med,salience / ventral attention,medial,R,9.648648170677265e-06,-0.0006375626116855803,3.037157808135459e-11,0.5967150159606183,5.809737864596278e-08,4.862844290241861e-06,-0.0005521665908303854,2.4627610117623625e-10,0.5933483170499847,0.6026045028558894,0.4414751441889353,1.3516325904325764e-08,3.726978331133709e-08,0.6342712514613185
315,7Networks_RH_SalVentAttn_Med_5,7networks_rh_salventattn_med,7Networks_RH_SalVentAttn_Med,salience / ventral attention,medial,R,5.909770230887907e-06,-0.0005988549971673088,0.00013592461373619055,0.2485582339703859,1.497027150526706e-07,-6.422074188061892e-06,-0.0003788103673635744,0.0002104846828174584,0.27282402842605447,2.6017555301655877,0.11344070339647613,0.0007093077544394312,0.0008643733485271814,0.2724977742962972
316,7Networks_RH_SalVentAttn_Med_6,7networks_rh_salventattn_med,7Networks_RH_SalVentAttn_Med,salience / ventral attention,medial,R,7.54953207855831e-06,-0.0007558967845192983,1.0528645645128263e-06,0.38170855538091875,5.6765698258807803e-08,2.8734261107118003e-06,-0.000672458170500081,6.260131573770042e-06,0.37385308997978206,0.3978053181762367,0.5312799973982569,1.2327767890192597e-05,4.900171956019999e-05,0.7052664292947621
317,7Networks_RH_SalVentAttn_Med_7,7networks_rh_salventattn_med,7Networks_RH_SalVentAttn_Med,salience / ventral attention,medial,R,5.652167938043772e-06,-0.0005949944604997977,9.962930811713667e-05,0.25776485561237084,8.089485311958317e-09,4.98579208600064e-06,-0.0005831039092820385,0.0005565413073467062,0.24210550961285482,0.008241097526903596,0.9280528066258278,0.0005516061693314641,0.0020053155042492428,0.9651583509241596
318,7Networks_RH_SalVentAttn_Med_8,7networks_rh_salventattn_med,7Networks_RH_SalVentAttn_Med,salience / ventral attention,medial,R,5.866608935432729e-06,-0.00048768205308551344,3.0636449724493895e-05,0.2918464112464846,-1.2330902380078033e-07,1.602425835701393e-05,-0.0006689311939855858,6.35634093130841e-05,0.3089471001754863,2.1878006282884153,0.1457794565458262,0.00019053353664274286,0.00031711854756198005,0.31516130129430997
319,7Networks_RH_Limbic_OFC_1,7networks_rh_limbic_ofc,7Networks_RH_Limbic_OFC,limbic,orbital frontal cortex,R,-2.4218273208905415e-06,-0.00011385132464719884,0.09144555510098033,0.0385836532949132,4.3405822924819875e-08,-5.997406127173665e-06,-5.005008875472793e-05,0.21962338452536564,0.022572520543429175,0.21371724427216263,0.6460023859372822,0.14365495507212828,0.2610183679961152,0.813799962420317
320,7Networks_RH_Limbic_OFC_2,7networks_rh_limbic_ofc,7Networks_RH_Limbic_OFC,limbic,orbital frontal cortex,R,2.285992152544158e-06,-0.0005477338038330612,0.13596053232062535,0.025838458785368834,1.1188678035140443e-07,-6.9307436117021246e-06,-0.00038327395984362933,0.17854564460720104,0.031147275005251385,1.2630153912770852,0.2667885805294802,0.19976078211509357,0.21790248024642278,0.45833500545786454
321,7Networks_RH_Limbic_OFC_3,7networks_rh_limbic_ofc,7Networks_RH_Limbic_OFC,limbic,orbital frontal cortex,R,-2.6787634525419e-06,-0.00014310363833454484,0.06558263687381327,0.04948009221222771,-5.152190364265215e-09,-2.2543489055740076e-06,-0.00015067672624403483,0.1866435458094062,0.02931683463024426,0.002932781298908431,0.9570410906639164,0.11151504547082855,0.2265672989237177,0.9828848255974937
322,7Networks_RH_Limbic_OFC_4,7networks_rh_limbic_ofc,7Networks_RH_Limbic_OFC,limbic,orbital frontal cortex,R,1.8565052930896707e-06,-0.0005431491486446514,0.23860959717061175,0.008579010243831453,-3.2443912384673813e-08,4.529090621479528e-06,-0.000590837720542361,0.4792041822703823,-0.01042330385620871,0.09729805981224011,0.7564760883265225,0.3184209233623036,0.5131101385630981,0.8946736637126744
323,7Networks_RH_Limbic_OFC_5,7networks_rh_limbic_ofc,7Networks_RH_Limbic_OFC,limbic,orbital frontal cortex,R,-1.4401257675443868e-06,-7.639351617054742e-05,0.22439433500721184,0.010398337622483544,3.162694871129015e-08,-4.045413258933703e-06,-2.990578067056486e-05,0.4440155321215037,-0.007149377361344911,0.16368878524207617,0.68761821585002,0.30140540855998277,0.4822561042659394,0.8506230790079268
324,7Networks_RH_Limbic_OFC_6,7networks_rh_limbic_ofc,7Networks_RH_Limbic_OFC,limbic,orbital frontal cortex,R,8.545337244646653e-07,-0.0003215339214407319,0.5172787725059254,-0.011861950290829926,-3.246239334241885e-08,3.5286414320279935e-06,-0.0003692496580795993,0.7587385483454294,-0.030376061729478376,0.13752135549084565,0.7124239287601437,0.5945431967536459,0.7793377849520926,0.8667602190947323
325,7Networks_RH_Limbic_TempPole_1,7networks_rh_limbic_temppole,7Networks_RH_Limbic_TempPole,limbic,temporal pole,R,2.366383402283172e-06,-0.0004267227636752671,0.14007812699961578,0.024894912293769278,-1.1553450662380135e-07,1.188360264712886e-05,-0.0005965443178845466,0.18567803096434504,0.029531041517993684,1.229305843136763,0.2731834533900547,0.20448704070040374,0.22599953366705805,0.46169567323666394
326,7Networks_RH_Limbic_TempPole_2,7networks_rh_limbic_temppole,7Networks_RH_Limbic_TempPole,limbic,temporal pole,R,3.6129994484465673e-06,-0.0004900549521848909,0.045306938768897964,0.06174304897997607,-5.4083637914289405e-08,8.068169203619294e-06,-0.000569551266457504,0.12391587595785558,0.046088950094841485,0.2122989386052676,0.647096445889283,0.08066411843560657,0.16212624693045083,0.813799962420317
327,7Networks_RH_Limbic_TempPole_3,7networks_rh_limbic_temppole,7Networks_RH_Limbic_TempPole,limbic,temporal pole,R,3.833860029411417e-06,-0.00045796267788441263,0.007632095897939347,0.12120341397239387,1.6611987095991251e-07,-9.850356738821011e-06,-0.0002137868424925312,0.00548489242705102,0.16460357975746842,3.493675944982846,0.0678418490113692,0.018430699668428,0.01263490718103445,0.18895827884148234
328,7Networks_RH_Limbic_TempPole_4,7networks_rh_limbic_temppole,7Networks_RH_Limbic_TempPole,limbic,temporal pole,R,4.299964755341677e-06,-0.0005607317712709983,0.010427277646362247,0.110832888062799,-1.9857692516888703e-07,2.0657849417050717e-05,-0.0008526154954304496,0.00672913469375394,0.1573039564445463,3.646993894634429,0.06228448648182565,0.024308225596779823,0.014975623289040632,0.1824332700822506
329,7Networks_RH_Limbic_TempPole_5,7networks_rh_limbic_temppole,7Networks_RH_Limbic_TempPole,limbic,temporal pole,R,2.3327657966876035e-06,-0.00042265306354358917,0.10388928795641154,0.03444758684888327,1.7264262729994362e-07,-1.1888766653092012e-05,-0.00016888957636037357,0.04727710889198642,0.08441137498333329,3.6193661268017125,0.06324767659312269,0.15988385332952826,0.07665645513200656,0.18289455524380702
330,7Networks_RH_Limbic_TempPole_6,7networks_rh_limbic_temppole,7Networks_RH_Limbic_TempPole,limbic,temporal pole,R,2.5555007924849745e-07,-0.00026032743941726384,0.8844619979460114,-0.020379639688966167,-5.619875165599778e-08,4.884953505346502e-06,-0.00034293271146744757,0.8816578669747829,-0.036980443862318024,0.23157798680079805,0.6325891558155867,0.9146827951423444,0.8888294870874479,0.8044691225217826
331,7Networks_RH_Limbic_TempPole_7,7networks_rh_limbic_temppole,7Networks_RH_Limbic_TempPole,limbic,temporal pole,R,3.3030176394216476e-06,-0.00039019045969124037,0.04310713891242075,0.06340083471389912,3.193769333933881e-07,-2.300583489022644e-05,7.925446020667988e-05,0.0008885749108453434,0.22686485537511736,11.1486435408979,0.001652596047286994,0.07766127407237708,0.002881521496598471,0.016672857899295453
332,7Networks_RH_Cont_Par_1,7networks_rh_cont_par,7Networks_RH_Cont_Par,control,parietal,R,3.452617614957255e-06,-0.0006468489345644395,0.001041696361759086,0.18590652700967403,1.1554240339172947e-07,-6.065252130538134e-06,-0.00047701577307487355,0.0010142278701649923,0.22250118738360425,3.2592236405321704,0.07743039387546248,0.003811908016736561,0.0032656698798220318,0.21049939412850277
333,7Networks_RH_Cont_Par_2,7networks_rh_cont_par,7Networks_RH_Cont_Par,control,parietal,R,4.487379354005072e-06,-0.0005776664237577741,0.003268409702469234,0.1491102233467002,3.4660182091410925e-07,-2.4064138427978697e-05,-6.82042583888047e-05,8.054661719108573e-06,0.36710119211233694,17.5327638010148,0.000122961406429061,0.009274112530756452,5.8980910007666e-05,0.0039874627513424065
334,7Networks_RH_Cont_Par_3,7networks_rh_cont_par,7Networks_RH_Cont_Par,control,parietal,R,6.241921016752138e-06,-0.0006511057738123108,1.5992565370282704e-05,0.3100438691046977,1.147816267219205e-07,-3.2132793274143925e-06,-0.0004823908607166551,4.143252521937692e-05,0.3214183497022395,1.8045827181481149,0.18561006676126643,0.00011000946481982346,0.00022393293392377527,0.3650956004367433
335,7Networks_RH_Cont_Par_4,7networks_rh_cont_par,7Networks_RH_Cont_Par,control,parietal,R,5.179994270982203e-06,-0.0005180566011065847,0.004955521615444979,0.13547100852068383,2.439701500125694e-07,-1.4917182535492971e-05,-0.00015945040399258765,0.002114041230172034,0.19781735362509922,4.730602473807864,0.034695862731340836,0.013080272171000119,0.005781775412639177,0.12806440390267268
336,7Networks_RH_Cont_Par_5,7networks_rh_cont_par,7Networks_RH_Cont_Par,control,parietal,R,6.240430984050981e-06,-0.0006252791503473085,0.00013779325506048417,0.24815139315795642,2.1682419904805267e-07,-1.1620583012811148e-05,-0.0003065741716484641,6.615329731434625e-05,0.3077717012357498,5.134148795769924,0.0281068557276342,0.0007108879295165887,0.00032294190301842147,0.1139331473245172
337,7Networks_RH_Cont_Par_6,7networks_rh_cont_par,7Networks_RH_Cont_Par,control,parietal,R,4.417775699194455e-06,-0.000627988491562729,0.003922951994977004,0.14314270873892,2.5836571070556177e-08,2.289473786640032e-06,-0.0005900119009937665,0.015764048597620827,0.126217719498799,0.07024953280145217,0.7921328141154466,0.010859879303168047,0.03007206367154349,0.9054600728507266
338,7Networks_RH_Cont_Temp_1,7networks_rh_cont_temp,7Networks_RH_Cont_Temp,control,temporal,R,1.4369860486319537e-06,-0.0005488132766217269,0.27127084070096347,0.004847146191342633,1.4686066541811067e-07,-1.0660742950888144e-05,-0.0003329461111979814,0.12377368681379762,0.04613555355738319,3.0776993638468513,0.08589091662322641,0.3518770333663926,0.16212624693045083,0.2255912523307348
339,7Networks_RH_Cont_Temp_2,7networks_rh_cont_temp,7Networks_RH_Cont_Temp,control,temporal,R,2.4959937946952426e-06,-0.0006837867496976438,0.03541455337806358,0.06995975796667842,1.58668714665953e-07,-1.057442982939761e-05,-0.0004505632001593463,0.012228318207770525,0.1356103216022463,4.6456093047622025,0.03628626141845602,0.06643887286628457,0.024835551656776807,0.13074573558713518
340,7Networks_RH_Cont_PFCv_1,7networks_rh_cont_pfcv,7Networks_RH_Cont_PFCv,control,ventral prefrontal cortex,R,5.8580078748271404e-06,-0.0006720276656617424,0.0004962064124778214,0.2091722491246919,-6.238407292834399e-08,1.0996930581086508e-05,-0.0007637246013408249,0.002077010180214475,0.19842036631558424,0.3561583239521946,0.5535116256515815,0.002066767993256247,0.005714924980711343,0.7242495870897971
341,7Networks_RH_Cont_PFCl_1,7networks_rh_cont_pfcl,7Networks_RH_Cont_PFCl,control,lateral prefrontal cortex,R,1.2948557818649753e-06,-0.00048552995355073594,0.41382734121096765,-0.006583328555772594,-3.623808511211916e-08,4.2799881990435576e-06,-0.0005387954939952639,0.6771648398432653,-0.025400980754389568,0.11912771443900487,0.7315224155407091,0.4892646169525503,0.7051211864422992,0.8809315030649387
342,7Networks_RH_Cont_PFCl_2,7networks_rh_cont_pfcl,7Networks_RH_Cont_PFCl,control,lateral prefrontal cortex,R,4.516501440583526e-06,-0.0005931467065086998,0.008541308475292966,0.11746830667287367,2.0424188970436825e-08,2.8340475139597266e-06,-0.0005631256537879188,0.032119088007510295,0.09934963194215085,0.03436847647095936,0.8537229516942121,0.02051721718403707,0.05441069386346893,0.9468400303898092
343,7Networks_RH_Cont_PFCl_3,7networks_rh_cont_pfcl,7Networks_RH_Cont_PFCl,control,lateral prefrontal cortex,R,2.8955868421755562e-06,-0.0005774611775480893,0.05242567377661936,0.05689119233922857,2.028399776867918e-07,-1.3813469141857264e-05,-0.00027931128905886037,0.016009766001117302,0.1256424338868517,4.77426778492458,0.033908272168618685,0.09154329190225072,0.03021316666000524,0.12806440390267268
344,7Networks_RH_Cont_PFCl_4,7networks_rh_cont_pfcl,7Networks_RH_Cont_PFCl,control,lateral prefrontal cortex,R,6.04252604827877e-06,-0.0006737915038486199,3.206037814972285e-05,0.29055899300443977,1.2415111193745156e-07,-4.184490851939738e-06,-0.0004913045966713757,7.006939435748145e-05,0.30607554175826857,2.0733075212119676,0.15652416133850927,0.00019669475243208343,0.000334857947771543,0.3274759944214875
345,7Networks_RH_Cont_PFCl_5,7networks_rh_cont_pfcl,7Networks_RH_Cont_PFCl,control,lateral prefrontal cortex,R,1.396722644965638e-06,-0.0005866819949000835,0.2859246501423048,0.0033461547576215667,2.469232967654157e-07,-1.894372126785169e-05,-0.0002237350342684866,0.006577998706543704,0.15811814548761272,9.824344550509934,0.0029656015800172365,0.36773311944647696,0.014857768222740505,0.0257400271433574
346,7Networks_RH_Cont_PFCl_6,7networks_rh_cont_pfcl,7Networks_RH_Cont_PFCl,control,lateral prefrontal cortex,R,4.483509036313455e-06,-0.0006105117273464167,0.0016708005308097905,0.17083194559639658,8.850164842911666e-08,-2.806863478737122e-06,-0.0004804251590516933,0.00463322729741758,0.17058073176667188,0.9854617992508626,0.3259375535861557,0.005457147057465072,0.011070974700145167,0.5155945969620721
347,7Networks_RH_Cont_PFCl_7,7networks_rh_cont_pfcl,7Networks_RH_Cont_PFCl,control,lateral prefrontal cortex,R,1.4498993945994744e-06,-0.00036203402699621755,0.38927230954610437,-0.005028462934835831,-1.497183548292346e-07,1.3783032148843375e-05,-0.0005821016453532661,0.2772580981256188,0.012831773549336067,1.8684349113652272,0.17815739252200466,0.4675386998252153,0.3202930700993154,0.3569938014996466
348,7Networks_RH_Cont_PFCl_8,7networks_rh_cont_pfcl,7Networks_RH_Cont_PFCl,control,lateral prefrontal cortex,R,3.0068387793029675e-06,-0.0005682806991786056,0.06484303883966057,0.04985430413759706,2.3322847938219828e-07,-1.62054869343464e-05,-0.00022546344040485258,0.014754839799507175,0.12867426525900538,5.342070919037213,0.025250414790448265,0.11067195350829286,0.02874977368659338,0.10835227955657731
349,7Networks_RH_Cont_PFCl_9,7networks_rh_cont_pfcl,7Networks_RH_Cont_PFCl,control,lateral prefrontal cortex,R,5.570192598087794e-06,-0.0006717469467720333,0.0002162285433407324,0.23462351354468258,2.4467943023165884e-08,3.5546321821848936e-06,-0.0006357820715678936,0.0011107811727928093,0.2194867386731556,0.06911870709517806,0.7937733678294916,0.0010670408551814404,0.0035265360311044435,0.9054600728507266
350,7Networks_RH_Cont_PFCl_10,7networks_rh_cont_pfcl,7Networks_RH_Cont_PFCl,control,lateral prefrontal cortex,R,5.015094845992627e-06,-0.0006778040610481027,0.0010495341455772468,0.18566885216405227,-1.0713763921612305e-08,5.897647108162785e-06,-0.0006935519799492915,0.004905601509158855,0.16856211809024735,0.012405793134458292,0.911788297096389,0.003811908016736561,0.011660435000827854,0.9634759994665948
351,7Networks_RH_Cont_PFCl_11,7networks_rh_cont_pfcl,7Networks_RH_Cont_PFCl,control,lateral prefrontal cortex,R,1.799632908052428e-06,-0.0005871913751267533,0.1205607737469749,0.029664046055946747,-4.028771645164641e-08,5.1183559592792515e-06,-0.0006464093769453761,0.26384986093778456,0.014911815173929699,0.2811739159557194,0.5984292820852442,0.17945767633156262,0.3079378839736612,0.7661697325749646
352,7Networks_RH_Cont_PFCl_12,7networks_rh_cont_pfcl,7Networks_RH_Cont_PFCl,control,lateral prefrontal cortex,R,7.845259680627245e-07,-0.0005589327754850641,0.5684051917894455,-0.01386530445326195,2.832801272769999e-07,-2.2550832080261463e-05,-0.000142545733236081,0.003957827547075299,0.17612306607366113,12.06893688822179,0.0011122461856212422,0.6343941007674779,0.00976550927376188,0.012947686365949845
353,7Networks_RH_Cont_PFCl_13,7networks_rh_cont_pfcl,7Networks_RH_Cont_PFCl,control,lateral prefrontal cortex,R,1.0441064483565293e-06,-0.00042654725628314753,0.47770600549888587,-0.01005767407657121,1.9125098963640228e-07,-1.4710300199088274e-05,-0.0001454317588164885,0.1053808384270674,0.05264312438509633,4.17687917154406,0.04660609598303504,0.5589652744755005,0.14154704333103135,0.15222422716761086
354,7Networks_RH_Cont_PFCl_14,7networks_rh_cont_pfcl,7Networks_RH_Cont_PFCl,control,lateral prefrontal cortex,R,7.279813124705972e-06,-0.0007520692379574861,1.5311576710861758e-06,0.3722672557714294,1.3023430028409094e-07,-3.4483097991108844e-06,-0.0005606407900253421,3.629781592620065e-06,0.3882080263122125,2.2506816350422922,0.14024375826769367,1.5798763242570996e-05,3.1092846095273765e-05,0.31357721712715964
355,7Networks_RH_Cont_PFCl_15,7networks_rh_cont_pfcl,7Networks_RH_Cont_PFCl,control,lateral prefrontal cortex,R,6.986074589161687e-06,-0.000809323166160063,5.790591161988921e-07,0.3965066642098648,-1.1582124591586073e-07,1.6526914142678937e-05,-0.0009795661919595536,1.5246391532318423e-06,0.41037835716329596,2.1292686926505997,0.15116125254256113,7.511223964408486e-06,1.5424390536364288e-05,0.3221934678606702
356,7Networks_RH_Cont_pCun_1,7networks_rh_cont_pcun,7Networks_RH_Cont_pCun,control,precuneus,R,1.3940360332680972e-06,-0.0005134773787806206,0.2581655739856443,0.006276018038980702,2.1706733997748598e-07,-1.648700683289414e-05,-0.00019441501273720504,0.01139749627962884,0.13819449702541808,8.347466417298754,0.005825430226790486,0.3417118676078208,0.023520287777052243,0.04068838958404432
357,7Networks_RH_Cont_pCun_2,7networks_rh_cont_pcun,7Networks_RH_Cont_pCun,control,precuneus,R,6.920032921818568e-06,-0.0006841853167972535,1.2133657328459986e-05,0.31764731593247175,2.7948987798559806e-08,4.6177195063427876e-06,-0.0006431037327300697,7.411785228442067e-05,0.30441492119852465,0.08687669332433459,0.7694840193027341,8.743937185906085e-05,0.0003505156764284061,0.8961990288147298
358,7Networks_RH_Cont_Cing_1,7networks_rh_cont_cing,7Networks_RH_Cont_Cing,control,cingulate,R,7.485626953834619e-06,-0.0007911478796799288,1.6685037142577032e-05,0.3088700440212696,-1.839723772202252e-08,9.001109643956035e-06,-0.0008181895626749995,0.00010292168967177828,0.2946288952998829,0.03089999849486838,0.8612188658992477,0.00011305980392134287,0.0004719843142523973,0.9490130221316954
359,7Networks_RH_Cont_Cing_2,7networks_rh_cont_cing,7Networks_RH_Cont_Cing,control,cingulate,R,8.4745057504483e-06,-0.0007771736362288328,9.515042510557728e-08,0.4392091262993807,-2.6152781113063767e-08,1.0628855641135085e-05,-0.0008156150167765371,7.382202763054256e-07,0.428297665691891,0.08387621017262914,0.7733854468724162,1.7999288749138368e-06,9.309777928962867e-06,0.8961990288147298
360,7Networks_RH_Cont_PFCmp_1,7networks_rh_cont_pfcmp,7Networks_RH_Cont_PFCmp,control,medial posterior prefrontal cortex,R,1.0039107932220022e-05,-0.0009341387657076666,2.979256005877671e-10,0.5570363522344733,9.306170783875606e-08,2.3730979869396453e-06,-0.0007973494693807676,1.6403883810258137e-09,0.5591750508236238,1.2328759578400297,0.2724969604275119,3.3814555666711566e-08,7.447363249857194e-08,0.46169567323666394
361,7Networks_RH_Cont_PFCmp_2,7networks_rh_cont_pfcmp,7Networks_RH_Cont_PFCmp,control,medial posterior prefrontal cortex,R,1.0113804032698659e-05,-0.0007186015235717372,2.396629043865351e-08,0.4698622092774285,1.1807461763997513e-08,9.141157802434764e-06,-0.0007012460029863904,2.040614441489597e-07,0.4587384225177912,0.013523614688623216,0.9079173391995526,6.787359040307388e-07,3.4312553942084335e-06,0.9634759994665948
362,7Networks_RH_Default_Par_1,7networks_rh_default_par,7Networks_RH_Default_Par,default,parietal,R,-2.376360985006568e-06,-0.00038581463489379975,0.04520639481434174,0.06181701691419739,1.7873753523099984e-07,-1.7099964865669522e-05,-0.00012309238060401835,0.008075538841927316,0.15073800295485362,6.025783968671576,0.017855643899281806,0.08066411843560657,0.017722986940913527,0.08533118242393621
363,7Networks_RH_Default_Par_2,7networks_rh_default_par,7Networks_RH_Default_Par,default,parietal,R,2.7904022551875956e-06,-0.0006240471545602434,0.01835309270738224,0.09195345443002456,2.2750819176036523e-07,-1.5950711583919103e-05,-0.0002896380169863922,0.00047458896591391,0.24722544633521804,10.900780486222727,0.001841183044024195,0.03822157839060338,0.0017517348823163834,0.017785044723127332
364,7Networks_RH_Default_Par_3,7networks_rh_default_par,7Networks_RH_Default_Par,default,parietal,R,1.9281705468496538e-06,-0.0006338759262794031,0.060568897229289945,0.0521069908493772,4.5806786948816713e-08,-1.8451890063555225e-06,-0.0005665455677544833,0.13862404769200096,0.04152516539000273,0.47006681478846873,0.49632447475491737,0.10376709185697221,0.17828701884466977,0.673133897529187
365,7Networks_RH_Default_Par_4,7networks_rh_default_par,7Networks_RH_Default_Par,default,parietal,R,-6.640290625550748e-07,-0.00039710188186300424,0.5951291967019902,-0.014782474442476934,-2.468875581302418e-08,1.3697209297318667e-06,-0.0004333913247851394,0.8320054006242126,-0.03442577797378954,0.0885005095775039,0.767403163120294,0.655797707045397,0.8469292643125392,0.8961990288147298
366,7Networks_RH_Default_Par_5,7networks_rh_default_par,7Networks_RH_Default_Par,default,parietal,R,1.7183423636732893e-06,-0.0005765250858651424,0.20753900015564217,0.012738387833231557,1.9465824206255666e-07,-1.4316738597531446e-05,-0.00029040134523805085,0.03882111826071358,0.09205704267019865,5.193320077476487,0.027260113982046454,0.2829510692812659,0.06503611693861241,0.11195674370633979
367,7Networks_RH_Default_Temp_1,7networks_rh_default_temp,7Networks_RH_Default_Temp,default,temporal,R,3.7561130106156904e-06,-0.0006614490635641804,0.01670995407288787,0.095091065252073,2.070793824658236e-07,-1.3302166300098776e-05,-0.000357067770020862,0.006620491933879301,0.15788743372781544,4.579361961286059,0.03758064740241842,0.03528520534460973,0.014879719494956449,0.1322605730286664
368,7Networks_RH_Default_Temp_2,7networks_rh_default_temp,7Networks_RH_Default_Temp,default,temporal,R,6.169863895745905e-06,-0.000810598152918624,0.000276125357466585,0.22719985036332235,1.605979886482721e-08,4.846929031599156e-06,-0.0007869922183523174,0.0014258658437016187,0.2111486254932743,0.023315647711109964,0.8792927543517799,0.0012923805390704082,0.004373939817841452,0.9569684842585566
369,7Networks_RH_Default_Temp_3,7networks_rh_default_temp,7Networks_RH_Default_Temp,default,temporal,R,8.752824279334833e-06,-0.0007520590556177503,1.503053665729444e-06,0.3727374048138119,2.9935347932465837e-07,-1.5906585084110636e-05,-0.000312046157286016,1.447347894671902e-07,0.4665929241637007,9.445828960426569,0.003517260786054749,1.5798763242570996e-05,2.6911272747581267e-06,0.02777754702360093
370,7Networks_RH_Default_Temp_4,7networks_rh_default_temp,7Networks_RH_Default_Temp,default,temporal,R,4.747397412543942e-06,-0.0007393985281914388,0.0013621503576056642,0.1773718782970246,1.254502028828742e-07,-5.586632826874033e-06,-0.0005550021166604067,0.0024981211009096507,0.19209858178105355,1.8749604237504025,0.1774159664199851,0.004649746333480989,0.0065557628890923775,0.3569938014996466
371,7Networks_RH_Default_Temp_5,7networks_rh_default_temp,7Networks_RH_Default_Temp,default,temporal,R,1.222950868619868e-06,-0.0006421193264907185,0.33808349635998447,-0.0013018425983315485,1.739421923476966e-07,-1.3105633974802306e-05,-0.0003864456380814416,0.06927638347122474,0.06940348369943583,4.646967942438219,0.036260226243758034,0.42052029410255604,0.10380025774236314,0.13074573558713518
372,7Networks_RH_Default_Temp_6,7networks_rh_default_temp,7Networks_RH_Default_Temp,default,temporal,R,2.623564329700709e-06,-0.0006065620946153514,0.03967917545396639,0.06616367514161281,7.290150727736505e-08,-3.3817378809844364e-06,-0.0004994058204266195,0.08358780871296846,0.06193709115885215,0.783728757143665,0.38051011807978175,0.07234676970321582,0.11896195973569806,0.5777645271177957
373,7Networks_RH_Default_Temp_7,7networks_rh_default_temp,7Networks_RH_Default_Temp,default,temporal,R,-4.126594804700218e-07,-0.0005070637095583952,0.7507023423204329,-0.01866639727172359,2.2382319798149382e-07,-1.8850219907403537e-05,-0.00017807106086796363,0.02552789998664173,0.1081093108221517,7.822847308917916,0.007452583034724531,0.799506883250665,0.04498390550402773,0.04634894106527311
374,7Networks_RH_Default_Temp_8,7networks_rh_default_temp,7Networks_RH_Default_Temp,default,temporal,R,3.845193614665005e-06,-0.0006766217809655626,0.008885160930974667,0.1161570682427624,5.286376828052542e-08,-5.094887009192383e-07,-0.0005989185254352603,0.028905109259776234,0.10338132505641495,0.31605743881783155,0.5766582377837872,0.02123085822453947,0.04933428422533237,0.7458770369055253
375,7Networks_RH_Default_PFCv_1,7networks_rh_default_pfcv,7Networks_RH_Default_PFCv,default,ventral prefrontal cortex,R,8.518944014264246e-06,-0.0006997250818449571,5.140095486189065e-06,0.34081733418921223,1.544496694111744e-07,-4.203933410281482e-06,-0.0004727030113572346,1.2813321097386069e-05,0.3544741860133812,2.0154960086130735,0.162299451164355,4.4030251900562926e-05,8.193306729877853e-05,0.33799977444319806
376,7Networks_RH_Default_PFCv_2,7networks_rh_default_pfcv,7Networks_RH_Default_PFCv,default,ventral prefrontal cortex,R,2.169165913066363e-06,-0.0006201847204643253,0.06598242069575924,0.04927962541895692,2.5265727553825604e-07,-1.8643617690472987e-05,-0.00024880951432009265,0.0004276254901895906,0.25055593322918346,13.891239257546008,0.0005195165870601437,0.11177619028311453,0.0016044791119510257,0.007147288803797129
377,7Networks_RH_Default_PFCv_3,7networks_rh_default_pfcv,7Networks_RH_Default_PFCv,default,ventral prefrontal cortex,R,2.9795958559849173e-06,-0.0005344737646373679,0.03630610626931761,0.06912926245371365,1.920529201768709e-07,-1.2840870265774513e-05,-0.000252179527634533,0.0119819188965182,0.13635873071866556,4.736521854036697,0.034587944709191715,0.06722115414296168,0.02461443972406906,0.12806440390267268
378,7Networks_RH_Default_PFCv_4,7networks_rh_default_pfcv,7Networks_RH_Default_PFCv,default,ventral prefrontal cortex,R,8.66755453299785e-06,-0.0008020781603729362,1.7516675943920523e-08,0.4766044087079655,1.7160639547041228e-07,-5.468617743459002e-06,-0.0005498378068833271,1.8882565025021477e-08,0.5108748812998789,4.363112262121151,0.04216683160036447,5.301713919026611e-07,4.479217835708169e-07,0.14286374288481693
379,7Networks_RH_Default_PFCdPFCm_1,7networks_rh_default_pfcdpfcm,7Networks_RH_Default_PFCdPFCm,default,dorsal prefrontal cortex medial prefrontal cortex,R,2.782590296015774e-06,-0.0006390355825971753,0.059805457273989705,0.05252655221278313,-1.3968949132056e-07,1.4289589840555875e-05,-0.0008443620016557241,0.059482907873759185,0.07541956670351335,2.1885009199655867,0.14571642801152637,0.1028472636454217,0.09247606965010217,0.31516130129430997
380,7Networks_RH_Default_PFCdPFCm_2,7networks_rh_default_pfcdpfcm,7Networks_RH_Default_PFCdPFCm,default,dorsal prefrontal cortex medial prefrontal cortex,R,8.847251691714093e-08,-0.00022880041219992096,0.949610497813498,-0.020747511675365704,1.144280289488179e-07,-9.337600014014926e-06,-6.0605244461277224e-05,0.4639619330129774,-0.009034421318661057,1.5571944080828075,0.21825792578475353,0.9623284955520717,0.4991438805400278,0.4092567795021027
381,7Networks_RH_Default_PFCdPFCm_3,7networks_rh_default_pfcdpfcm,7Networks_RH_Default_PFCdPFCm,default,dorsal prefrontal cortex medial prefrontal cortex,R,6.9157662705036904e-06,-0.0008170372441661571,1.7777835513846727e-05,0.3071099282198273,-2.996700211731245e-09,7.162621117246991e-06,-0.0008214420259264144,0.00011090888726544643,0.2923819249969549,0.0009523785909132237,0.9755113652622814,0.00011869319593068256,0.0004872429941438253,0.9909446767647977
382,7Networks_RH_Default_PFCdPFCm_4,7networks_rh_default_pfcdpfcm,7Networks_RH_Default_PFCdPFCm,default,dorsal prefrontal cortex medial prefrontal cortex,R,1.0081868504676423e-05,-0.0008918767514393902,7.963677248566792e-09,0.4931949925498019,2.2130084877327886e-07,-8.147912003268522e-06,-0.0005665916467140998,4.442252860569475e-09,0.5400855181764419,5.893834221428578,0.019077796074607113,2.781161131422557e-07,1.344521865799028e-07,0.09014581448885883
383,7Networks_RH_Default_PFCdPFCm_5,7networks_rh_default_pfcdpfcm,7Networks_RH_Default_PFCdPFCm,default,dorsal prefrontal cortex medial prefrontal cortex,R,-1.5203043285886376e-06,-0.00024890095459543447,0.3767702667242735,-0.004182557960904498,3.968926387029842e-07,-3.421455619830095e-05,0.0003344825446584143,0.0006182205278193256,0.2387082320987527,16.314441078227834,0.00019695568254553681,0.457362837146578,0.0021927509346091703,0.004470893993783686
384,7Networks_RH_Default_PFCdPFCm_6,7networks_rh_default_pfcdpfcm,7Networks_RH_Default_PFCdPFCm,default,dorsal prefrontal cortex medial prefrontal cortex,R,4.3927118258028664e-06,-0.0006087996111450091,0.006083673872875358,0.12870821830396895,-9.429419372534726e-08,1.2160248481515954e-05,-0.000747400510558474,0.015764650118562446,0.12621630073393486,0.8631102371649915,0.35761683698488755,0.015460639459904335,0.03007206367154349,0.5522382448678195
385,7Networks_RH_Default_PFCdPFCm_7,7networks_rh_default_pfcdpfcm,7Networks_RH_Default_PFCdPFCm,default,dorsal prefrontal cortex medial prefrontal cortex,R,9.263372031323394e-06,-0.0007357917196641071,1.0417246341005557e-07,0.4371371044438037,-9.049151820867288e-11,9.270826320468797e-06,-0.0007359247310969284,8.395036697622374e-07,0.42516130833240184,8.320948519614493e-07,0.9992760367580257,1.8917719355266093e-06,9.772683745437328e-06,0.9992760367580257
386,7Networks_RH_Default_PFCdPFCm_8,7networks_rh_default_pfcdpfcm,7Networks_RH_Default_PFCdPFCm,default,dorsal prefrontal cortex medial prefrontal cortex,R,-8.239449467793432e-07,-0.0003643320027932578,0.5235783844669513,-0.012127750557923589,1.0969817281738237e-07,-9.860392948080332e-06,-0.0002030891434419449,0.35602533316115437,0.002271672207880493,1.6927459845588493,0.19958182637186006,0.600264107444434,0.3981169981654288,0.38557510286308283
387,7Networks_RH_Default_PFCdPFCm_9,7networks_rh_default_pfcdpfcm,7Networks_RH_Default_PFCdPFCm,default,dorsal prefrontal cortex medial prefrontal cortex,R,8.430087386328119e-06,-0.0007184838999758987,7.534288115236106e-06,0.33059130053649566,3.172324979290855e-07,-1.7702116079186513e-05,-0.00025219103719140764,6.275810017517976e-07,0.4322341370725282,9.593077661579683,0.0032907766416815096,5.824174108739917e-05,8.380052199862238e-06,0.026765424633216055
388,7Networks_RH_Default_PFCdPFCm_10,7networks_rh_default_pfcdpfcm,7Networks_RH_Default_PFCdPFCm,default,dorsal prefrontal cortex medial prefrontal cortex,R,3.252246066649033e-06,-0.0005889707027223966,0.015603003140538037,0.09738289244650955,1.727696904924943e-08,1.8290461315553346e-06,-0.0005635756772732311,0.05436133235797837,0.078955148583296,0.03964317907677825,0.8430387280373144,0.03341397842360504,0.08659664873867431,0.9390768017410906
389,7Networks_RH_Default_PFCdPFCm_11,7networks_rh_default_pfcdpfcm,7Networks_RH_Default_PFCdPFCm,default,dorsal prefrontal cortex medial prefrontal cortex,R,3.5966365555974777e-06,-0.0005468273533230101,0.013643128497009709,0.10186786190646147,-1.1495010307352345e-07,1.3065715232936666e-05,-0.0007157899059915936,0.02306895393877874,0.1119450590467409,1.544679659362295,0.2200874304594167,0.02992261032677492,0.041071784659629594,0.40946668774680606
390,7Networks_RH_Default_PFCdPFCm_12,7networks_rh_default_pfcdpfcm,7Networks_RH_Default_PFCdPFCm,default,dorsal prefrontal cortex medial prefrontal cortex,R,6.337557169946912e-06,-0.0007023551484684821,1.9756547175842553e-06,0.3657655812914953,1.1750541032189068e-07,-3.3420163632689936e-06,-0.0005296366075581269,4.392978543668646e-06,0.3832196579833824,2.358337197439434,0.1313201136053773,1.9083983867728763e-05,3.6262041069555735e-05,0.2966135899345338
391,7Networks_RH_Default_PFCdPFCm_13,7networks_rh_default_pfcdpfcm,7Networks_RH_Default_PFCdPFCm,default,dorsal prefrontal cortex medial prefrontal cortex,R,2.9803758040997358e-06,-0.0004765338839945138,0.08426865262688017,0.04124815965377704,-1.6043624612353972e-07,1.6196400815134703e-05,-0.000712355487984373,0.08192017250033375,0.06274118173058274,2.1007259036426853,0.15386932829783143,0.13663560104501285,0.1169552148275205,0.32491476766146726
392,7Networks_RH_Default_pCunPCC_1,7networks_rh_default_pcunpcc,7Networks_RH_Default_pCunPCC,default,precuneus posterior cingulate cortex,R,3.903341944516893e-06,-0.0007587357767222725,0.007619674523730069,0.12125742168449172,-2.2859953694483823e-07,2.2734355950214978e-05,-0.001094749057861747,0.0012316477141357343,0.2160486050860959,6.80390166124611,0.01215684704443535,0.018430699668428,0.0038831115431779395,0.06649648865269456
393,7Networks_RH_Default_pCunPCC_2,7networks_rh_default_pcunpcc,7Networks_RH_Default_pCunPCC,default,precuneus posterior cingulate cortex,R,2.116372020227201e-06,-0.00041634899037178077,0.12781174622371608,0.027800760799973845,3.004371768263066e-08,-3.5849593456354617e-07,-0.0003721884102976259,0.300831587137912,0.009397957006222257,0.1082851197939455,0.7435669105444815,0.1883978337193737,0.34491405261545227,0.8883667825978806
394,7Networks_RH_Default_pCunPCC_3,7networks_rh_default_pcunpcc,7Networks_RH_Default_pCunPCC,default,precuneus posterior cingulate cortex,R,1.2117990177897169e-06,-0.0005366201984372698,0.38473964748572265,-0.0047262054835164324,2.3998763709859275e-07,-1.8557316072274102e-05,-0.00018386780684400805,0.018128394452822872,0.12100611519027438,7.865976540494797,0.0073021746445927176,0.46378477934879153,0.033456467811307254,0.04634894106527311
395,7Networks_RH_Default_pCunPCC_4,7networks_rh_default_pcunpcc,7Networks_RH_Default_pCunPCC,default,precuneus posterior cingulate cortex,R,1.8292814878032615e-06,-0.0006661833639083931,0.16706972329785877,0.019377227232953875,-8.965265504623144e-08,9.21446881314342e-06,-0.0007979617707571335,0.2280567082542553,0.02100404674077383,1.0797626753362963,0.30406699251446573,0.2377732112138805,0.270333539288334,0.4983625075868861
396,7Networks_RH_Default_pCunPCC_5,7networks_rh_default_pcunpcc,7Networks_RH_Default_pCunPCC,default,precuneus posterior cingulate cortex,R,3.3832984185009127e-06,-0.0006701142289454826,0.02796272469994355,0.07785969457801911,-1.0834404492166733e-08,4.27578851477224e-06,-0.0006860394746885901,0.09114574851522768,0.0584753676525922,0.01176489657982264,0.9140877116649951,0.055195987016410306,0.1281119808851807,0.9634759994665948
397,7Networks_RH_Default_pCunPCC_6,7networks_rh_default_pcunpcc,7Networks_RH_Default_pCunPCC,default,precuneus posterior cingulate cortex,R,1.998945722995794e-06,-0.0007064847453373069,0.16311086280615278,0.02012221020740268,1.0912789920628834e-07,-6.990525672397913e-06,-0.0005460801182491596,0.1940975425605176,0.027697947834491088,1.373994280162597,0.24703426173257534,0.23360357007568885,0.23312244529755285,0.43809982354136406
398,7Networks_RH_Default_pCunPCC_7,7networks_rh_default_pcunpcc,7Networks_RH_Default_pCunPCC,default,precuneus posterior cingulate cortex,R,5.472346863374041e-06,-0.0008153643811135016,5.715444695836903e-06,0.33799430226032146,1.6951779268234987e-07,-8.491775596709711e-06,-0.0005661940175512258,1.956250552591816e-06,0.4040907665437564,6.324015986803533,0.015391202624008081,4.6335926641249175e-05,1.74144657034644e-05,0.07523868179327836
399,7Networks_RH_Default_pCunPCC_8,7networks_rh_default_pcunpcc,7Networks_RH_Default_pCunPCC,default,precuneus posterior cingulate cortex,R,1.3356123338852554e-06,-0.0006745452392606876,0.3283801330838355,-0.0005098260609264216,-2.6143038156070377e-08,3.489159643070468e-06,-0.0007129722988565998,0.597910236423308,-0.019984026549151324,0.08355268405789756,0.7738106151880487,0.4097896061953969,0.6269081924623137,0.8961990288147298
400,7Networks_RH_Default_pCunPCC_9,7networks_rh_default_pcunpcc,7Networks_RH_Default_pCunPCC,default,precuneus posterior cingulate cortex,R,3.638143873649997e-06,-0.0006220085208252448,0.0012158867827018567,0.18099393920779705,1.1413582069908056e-07,-5.763857840179871e-06,-0.0004542428633738217,0.0014831859632653854,0.20982448701029488,2.7513403943434147,0.10383279143571622,0.004279167436795682,0.004478160148271471,0.25782674586089077
401,HIP-head-m1-rh,HIP-head-m1,"Hippocampus head, medial division",subcortex,Hippocampus head,R,-6.092606126386358e-08,-0.00029245602982093735,0.9723917284671816,-0.020807593638896504,-1.1365374728092557e-08,8.75303003523772e-07,-0.0003091617366863374,0.9947193153034913,-0.04231832508963951,0.009405203015244182,0.9231543166695346,0.9788599661288259,0.9965483403908272,0.9634759994665948
402,HIP-head-m2-rh,HIP-head-m2,"Hippocampus head, medial division",subcortex,Hippocampus head,R,4.8924649234629155e-06,-0.0004557841492617588,0.0026106029760219903,0.15642362243960206,-7.114223016585514e-08,1.0752845703556609e-05,-0.0005603545018752812,0.008903567466209125,0.14720306925205662,0.4810176525682315,0.491375295013741,0.007696193189051841,0.019067073724806333,0.6706480092611569
403,THA-VAip-rh,THA-VAip,"Thalamus, inferior ventro-anterior part, posterior division",subcortex,Thalamus,R,1.707579128253492e-06,-0.00036202177319394113,0.31372489030076117,0.0007457773218895181,9.195590307858197e-08,-5.867339534845753e-06,-0.00022685787423542425,0.43167753068155146,-0.005942349493996746,0.6808663167188252,0.41345712514670596,0.3935369682297968,0.4699798535477802,0.6114317095003404
404,THA-VAia-rh,THA-VAia,"Thalamus, inferior ventro-anterior part, anterior division",subcortex,Thalamus,R,2.5479959702426533e-06,-0.000390314024431121,0.11082093961507677,0.03236567756798858,-2.230737710639625e-07,2.0923821938004616e-05,-0.0007182051074714335,0.02647141906227961,0.10673080098929633,4.996024858101048,0.030195785561261096,0.1682699216897821,0.04622317020874978,0.11818005728286671
405,HIP-head-l-rh,HIP-head-l,"Hippocampus head, lateral division",subcortex,Hippocampus head,R,3.342002559668397e-07,-0.0002847230109638697,0.8441867502628597,-0.020003546395307437,-3.0321404305808987e-07,2.5311625704247274e-05,-0.0007304104644782542,0.019984214266381858,0.11735303158187738,8.469708704399718,0.0055033022626037745,0.8851288328391186,0.036003306654513345,0.03903905042534552
406,HIP-body-rh,HIP-body,Hippocampus body,subcortex,Hippocampus body,R,5.4871985762311456e-08,-0.00038752002626111565,0.9702662894600113,-0.020803476068104843,-1.044542352842844e-07,8.65934771603241e-06,-0.000541054940617728,0.5623758053551391,-0.01732813948896017,1.1639747779735488,0.2861485830594098,0.9788599661288259,0.5937642223982166,0.4758661417911064
407,HIP-tail-rh,HIP-tail,Hippocampus tail,subcortex,Hippocampus tail,R,1.0721079334329873e-06,-0.0005204772926199415,0.5102867653503003,-0.011560301293024766,-3.3169999984248653e-09,1.3453476532596398e-06,-0.0005253528757812524,0.8066102867862562,-0.03306219083806039,0.0009404009603437443,0.9756657940834021,0.5879954098198892,0.824777185137298,0.9909446767647977
408,THA-VPm-rh,THA-VPm,"Thalamus, medial ventro-posterior part",subcortex,Thalamus,R,-2.9494900044513576e-06,-0.00016958505202402122,0.07115129410504858,0.04679530584051772,1.8927985489521484e-07,-1.8541523331221678e-05,0.00010863311913653418,0.03951678602967609,0.09137056537676824,3.3547690358801017,0.07335251168374048,0.11919810894351313,0.06571655991748332,0.20128621128646046
409,THA-VPl-rh,THA-VPl,"Thalamus, lateral ventro-posterior part",subcortex,Thalamus,R,1.0476270664348556e-06,-0.00017376667877194658,0.4010892527808867,-0.005793689908263344,1.6970330252473639e-07,-1.2931776870098723e-05,7.567636150551029e-05,0.07797933637020915,0.06470542552339054,4.618066043645176,0.03681845595321543,0.4779383747047836,0.11383478685554647,0.13122855740550934
410,THA-VAs-rh,THA-VAs,"Thalamus, superior ventro-anterior part",subcortex,Thalamus,R,2.6823720367237953e-06,-0.000527822706225993,0.06861916078176575,0.04798811389696456,-1.2737488882378004e-07,1.3174949351058608e-05,-0.0007150481700237705,0.07963243299426308,0.0638701496780516,1.8143503993917147,0.18444629241209926,0.11538184812933945,0.11463285780678398,0.3650956004367433
411,THA-DAm-rh,THA-DAm,"Thalamus, medial dorso-anterior part",subcortex,Thalamus,R,2.7848779108323208e-06,-0.0004726833462476791,0.08312759661140176,0.04169362046681602,-1.220556337884089e-07,1.2839278632993489e-05,-0.0006520901575602404,0.11455199219688629,0.04927310121405881,1.3826704349400885,0.2455687847722546,0.13575513978984316,0.1516227535200769,0.43751109192327947
412,THA-DAl-rh,THA-DAl,"Thalamus, lateral dorso-anterior part",subcortex,Thalamus,R,-3.3655176745525515e-07,-0.0001421231108956119,0.7773349177471857,-0.019116173424201355,5.9206774714529e-08,-5.21374276609885e-06,-5.5096413889160014e-05,0.7256722014919599,-0.02842419484186265,0.565563480236445,0.45577710468806953,0.8207210526912146,0.7504673792194756,0.6406278808928284
413,PUT-VA-rh,PUT-VA,"Putamen, ventro-anterior part",subcortex,Putamen,R,-1.2631813052894158e-06,-5.056923655443686e-05,0.22391567521141673,0.01046193609790702,1.0317677997931754e-08,-2.113105769188084e-06,-3.5403515380373076e-05,0.4756787357673973,-0.010105862697348034,0.022622896637871755,0.8810855207490677,0.30140540855998277,0.5105393523366392,0.9569684842585566
414,PUT-DA-rh,PUT-DA,"Putamen, dorso-anterior part",subcortex,Putamen,R,-5.133623388213418e-07,-6.183917407988017e-05,0.6537326912180275,-0.01651813122521606,1.6638944515179137e-07,-1.421978543105053e-05,0.00018273290231028024,0.0728370992535628,0.06741656678757357,5.320112668885674,0.025536770732497296,0.7151678115975529,0.10758696183243287,0.10835227955657731
415,PUT-VP-rh,PUT-VP,"Putamen, ventro-posterior part",subcortex,Putamen,R,5.181614880742137e-07,-0.00011782800458465888,0.5940576822431297,-0.014747293995394095,-4.241035054775482e-08,4.0117377036027894e-06,-0.00018016601817943275,0.6999102915574861,-0.0268435531042317,0.4345580342118007,0.5129778933994713,0.655797707045397,0.727137923036839,0.684976363539294
416,PUT-DP-rh,PUT-DP,"Putamen, dorso-posterior part",subcortex,Putamen,R,1.0386236556818378e-06,-9.68141085140106e-05,0.31378938876472784,0.0007400870744356247,1.060177496726343e-07,-7.694647441974183e-06,5.9018980225446944e-05,0.17564170645286142,0.031823097169447645,2.541024662123863,0.1176263672455673,0.3935369682297968,0.21551712089080835,0.2781373475494143
417,CAU-VA-rh,CAU-VA,"Caudate, ventro-anterior part",subcortex,Caudate,R,-4.688639720903e-06,-0.00010471241372522657,0.006318613914343144,0.12745613203512163,1.3026116272571092e-07,-1.5418975453289943e-05,8.675551870138072e-05,0.01225013285439868,0.1355447595500161,1.4491315484568572,0.23469537286271053,0.015848898989567886,0.024835551656776807,0.4296439487083491
418,CAU-DA-rh,CAU-DA,"Caudate, dorso-anterior part",subcortex,Caudate,R,-5.150218911085593e-06,4.2696649263855054e-05,4.5930070414408105e-05,0.2802991630927707,-9.426489922974777e-08,2.614904594258084e-06,-9.586119083409322e-05,0.0001262170915035319,0.28847796058599917,1.551749992169308,0.21905153616522238,0.00027437173642291156,0.0005457386623105094,0.4092567795021027
419,CAU-body-rh,CAU-body,Caudate body,subcortex,Caudate body,R,-1.9092497958583533e-08,-0.0002199227655185282,0.9898314264328173,-0.020829842734847226,9.722663993668944e-09,-8.200023523019036e-07,-0.00020563164195113007,0.9951794158511866,-0.042338836171246674,0.009504731935791714,0.9227500905632544,0.9898314264328173,0.9965483403908272,0.9634759994665948
420,CAU-tail-rh,CAU-tail,Caudate tail,subcortex,Caudate tail,R,1.8387882513473292e-06,-0.0001771341031553856,0.11259694556558154,0.03185456366370498,-7.786943128518871e-08,8.253325965397732e-06,-0.0002915926163102688,0.16962113709336785,0.03325900427835016,1.0697323789942879,0.30629852646918987,0.16926825591647027,0.20878708997342976,0.4996472236555179
421,lAMY-rh,lAMY,"Amygdala, lateral nucleus",subcortex,Amygdala,R,-1.116677534126998e-06,-0.00010319285727082353,0.2799816460233017,0.0039432162523329595,3.4674321949601315e-08,-3.972994091008555e-06,-5.222585687666726e-05,0.49348251348724104,-0.011686504942584719,0.25843963155501726,0.6135721561695381,0.36111269117778116,0.5259179838572945,0.7824768508454222
422,mAMY-rh,mAMY,"Amygdala, medial nucleus",subcortex,Amygdala,R,-4.855693312678571e-07,-0.00022111359061403792,0.7364604176866354,-0.018402231131199542,-1.3083684737698135e-07,1.0292188744470535e-05,-0.0004134277088691929,0.36656735144973857,0.001032004980971557,1.9338070268872367,0.17089231450603742,0.7885684661078596,0.40590628672727147,0.34791529500332286
423,THA-DP-rh,THA-DP,"Thalamus, dorso-posterior part",subcortex,Thalamus,R,1.8505274454377456e-06,-0.0005434158935788209,0.2629250354596566,0.005747115337041309,2.1574130438926597e-07,-1.5921282501587585e-05,-0.00022630263720929399,0.07047946099602033,0.06872143243021389,4.245824961225444,0.044905939845980195,0.34405318295622755,0.105255510829583,0.14881238459908763
424,NAc-shell-rh,NAc-shell,"Nucleus Accumbens, shell",subcortex,Nucleus Accumbens,R,-2.3003104155205043e-06,-6.750780940406993e-05,0.08398533320209718,0.04135817408783016,8.374023831935087e-08,-9.198459124424752e-06,5.558007002534298e-05,0.14335984683608796,0.04015408444339541,0.9397858531289867,0.33729544300411984,0.13663560104501285,0.1812962965559441,0.5280418314616221
425,NAc-core-rh,NAc-core,"Nucleus Accumbens, core",subcortex,Nucleus Accumbens,R,-1.5055705711644804e-06,-7.68591113436573e-05,0.21300242022529944,0.011956471862988538,-9.374223171013769e-08,6.2164979065373225e-06,-0.00021464869429395036,0.2306342569487067,0.020535731654394485,1.4204384818274849,0.23931460357454012,0.28780684161394626,0.2719687081940593,0.4345953200913649
426,pGP-rh,pGP,"Pallidum, posterior part",subcortex,Pallidum,R,-8.011644351388673e-07,-1.203684340457242e-05,0.3285537811786883,-0.0005242671103800056,1.1301401776271147e-07,-1.011075700812519e-05,0.000154079901321668,0.06439256301664224,0.07229396881109784,4.767653983828874,0.03402631179299727,0.4097896061953969,0.09811554903365954,0.12806440390267268
427,aGP-rh,aGP,"Pallidum, anterior part",subcortex,Pallidum,R,-8.168930190667956e-07,-2.8028526864747156e-05,0.43154966155168417,-0.007624884211300698,1.1189930329432987e-07,-1.0034660367702306e-05,0.0001364497243148288,0.18967814643547726,0.02865042637017301,2.79257288537639,0.10134864165513457,0.5075739542602711,0.22841877581354555,0.2542115100079066
428,HIP-head-m1-lh,HIP-head-m1,"Hippocampus head, medial division",subcortex,Hippocampus head,L,2.6075232605761494e-06,-0.0003553349630031323,0.08578758997607853,0.04066487507973093,-2.1498848483214889e-07,2.031731927785706e-05,-0.0006713416669584641,0.019850606128147676,0.1176049493854382,5.185340300925088,0.027372684033928892,0.13762390759413307,0.03590508040708783,0.11195674370633979
429,HIP-head-m2-lh,HIP-head-m2,"Hippocampus head, medial division",subcortex,Hippocampus head,L,2.0299199077852132e-06,-0.00033803758944464583,0.16033230714434019,0.020657173523556893,-5.027389249547282e-08,6.171259765055688e-06,-0.0004119340452241417,0.3280013592071042,0.005746369129966511,0.28014483561298803,0.5990974781147851,0.2303508463402862,0.37321457914793316,0.7661697325749646
430,THA-VAip-lh,THA-VAip,"Thalamus, inferior ventro-anterior part, posterior division",subcortex,Thalamus,L,9.40419328827099e-07,-0.0003773008468190863,0.582057550501612,-0.014344317341604684,1.1508140952305139e-07,-8.53947579032565e-06,-0.00020814528977469574,0.5122873786327402,-0.013297803116468554,1.0495734646340402,0.31084955165834066,0.6445222632383704,0.5446802573753257,0.5004827763225371
431,THA-VAia-lh,THA-VAia,"Thalamus, inferior ventro-anterior part, anterior division",subcortex,Thalamus,L,3.5604257427030147e-06,-0.0005412911106827287,0.03159277078468267,0.07377664235626002,-3.396407467694172e-08,6.358235285451372e-06,-0.0005912141346992662,0.0967669641218951,0.0560745973797645,0.09982488392291167,0.753438728112895,0.06138268491382655,0.13353252799799506,0.8946736637126744
432,HIP-head-l-lh,HIP-head-l,"Hippocampus head, lateral division",subcortex,Hippocampus head,L,-2.055643115684769e-06,-0.00011830930108573013,0.20680557128835345,0.01284515992436075,2.0521229249767116e-07,-1.8960119851774692e-05,0.00018332759920656016,0.06824163676017404,0.06999923794209506,3.9498854805029033,0.05271908446825794,0.2828003896533508,0.10281685538107478,0.16174030008651497
433,HIP-body-lh,HIP-body,Hippocampus body,subcortex,Hippocampus body,L,-1.170024880888869e-06,-0.0003551286513762958,0.48557933838430445,-0.010435984412791033,1.1566885282027168e-07,-1.069831096839332e-05,-0.00018510962473603155,0.4557883928226255,-0.008271542469029836,1.1030409060699424,0.29897015108496633,0.5667172741040468,0.49151527397024225,0.49178423403106786
434,HIP-tail-lh,HIP-tail,Hippocampus tail,subcortex,Hippocampus tail,L,1.9028500149172107e-06,-0.0006013454515673701,0.20824493436972574,0.012636027964872953,-7.372978888217273e-09,2.5102032517757595e-06,-0.0006121828262231263,0.4556095503582299,-0.008254704154257109,0.005454536848038094,0.9414393282917354,0.28306347366423795,0.49151527397024225,0.9736069590989701
435,THA-VPm-lh,THA-VPm,"Thalamus, medial ventro-posterior part",subcortex,Thalamus,L,6.497585836865807e-08,-0.0002585604469534142,0.9686216965502727,-0.020800080177050928,1.85767290021347e-07,-1.5237707983185064e-05,1.4494684665338164e-05,0.22930652806306848,0.020776337442565462,3.0380104383195925,0.08787513558891932,0.9788599661288259,0.271107197241232,0.22797320889925357
436,THA-VPl-lh,THA-VPl,"Thalamus, lateral ventro-posterior part",subcortex,Thalamus,L,3.560896814254555e-06,-0.0002750499477690557,0.0041540480107645165,0.14126673474768303,9.176596875712603e-08,-3.99837590347099e-06,-0.00014016522896727213,0.008694570056815802,0.14806462405371112,1.3830087303592922,0.24551186456294846,0.011429926041739943,0.01870774789476007,0.43751109192327947
437,THA-VAs-lh,THA-VAs,"Thalamus, superior ventro-anterior part",subcortex,Thalamus,L,2.0890109066151003e-06,-0.0006011008198471553,0.14706835046021513,0.02336037076307096,-2.1184857707405414e-08,3.834125343540717e-06,-0.0006322399623138234,0.34473307168390527,0.003639170673736647,0.04992491030770574,0.8241623295699416,0.21196517812361165,0.38739805580320047,0.9251983027856823
438,THA-DAm-lh,THA-DAm,"Thalamus, medial dorso-anterior part",subcortex,Thalamus,L,2.72688766518546e-07,-0.00035846850639756746,0.8597016647832446,-0.02016216360618084,-4.7899178159627576e-08,4.218410209528522e-06,-0.0004288744233666157,0.8829561644855485,-0.0370453776701154,0.2185546625842674,0.642303796079457,0.8972518524404438,0.8888294870874479,0.8122727671868342
439,THA-DAl-lh,THA-DAl,"Thalamus, lateral dorso-anterior part",subcortex,Thalamus,L,-6.027754064996492e-07,-6.8139827778244e-05,0.567207759376063,-0.013822220876642088,5.367014047494949e-08,-5.023883080114054e-06,1.0748695974782091e-05,0.6328139214822539,-0.022449537280130993,0.5949812951463004,0.44436016538974066,0.6343941007674779,0.6619758533477955,0.6352197552495075
440,PUT-VA-lh,PUT-VA,"Putamen, ventro-anterior part",subcortex,Putamen,L,-1.6126601492497227e-06,-7.72007133748851e-05,0.2603298224109013,0.006034063302889026,1.7228038759460806e-07,-1.5804352901820376e-05,0.00017603032587088378,0.09625168732138825,0.05628903096996429,3.5561199638263896,0.065515011822761,0.3425789547088382,0.1332264208655801,0.1849432873674722
441,PUT-DA-lh,PUT-DA,"Putamen, dorso-anterior part",subcortex,Putamen,L,1.3639183782340102e-06,-0.0001786155696331156,0.26296575877931927,0.005742640000535926,1.3080204364798665e-08,2.864292683137155e-07,-0.00015938927352889052,0.5309589262923406,-0.014842594753411653,0.026360074658111948,0.8717200756187777,0.34405318295622755,0.5619005886636892,0.9536407574239159
442,PUT-VP-lh,PUT-VP,"Putamen, ventro-posterior part",subcortex,Putamen,L,1.489094910691274e-06,-0.0002452497054000027,0.3109285477332234,0.000993925459635281,9.937071175406737e-08,-6.696622741258679e-06,-9.91869471289549e-05,0.35517403861108165,0.0023733066743609754,1.0663678094720237,0.3070519281935892,0.3921154463080096,0.3981169981654288,0.4996472236555179
443,PUT-DP-lh,PUT-DP,"Putamen, dorso-posterior part",subcortex,Putamen,L,1.8959501913527293e-06,-0.00016312953815101732,0.09043309018012663,0.038945964081783635,2.642398916140095e-09,1.6782811109011026e-06,-0.00015924553583956355,0.24202124478677947,0.018525045436565746,0.001294846686686204,0.9714475339023988,0.1425577185478385,0.28465711174403596,0.9909446767647977
444,CAU-VA-lh,CAU-VA,"Caudate, ventro-anterior part",subcortex,Caudate,L,-5.344599590751782e-07,-0.00033606548063459297,0.7210122137492108,-0.01809649963187554,1.1415930557741249e-07,-9.938396252820424e-06,-0.00016826530329248178,0.482088104743999,-0.010681322066233179,1.3521669149115934,0.2507698859043823,0.7756861256922789,0.5149835283618248,0.4395734679559443
445,CAU-DA-lh,CAU-DA,"Caudate, dorso-anterior part",subcortex,Caudate,L,-3.895560358098138e-06,-8.579945934993207e-05,0.007416951241739975,0.12215132213831037,9.451691775360438e-08,-1.1681444029520304e-05,5.312881706753586e-05,0.01715200401582978,0.12307452911518846,1.0505332965701588,0.31063083327015395,0.018149116238422507,0.03191397468519148,0.5004827763225371
446,CAU-body-lh,CAU-body,Caudate body,subcortex,Caudate body,L,-1.763996465372291e-06,-0.0002192124264411906,0.27327395862934634,0.0046361580768690125,1.058190592539768e-07,-1.0480900329277295e-05,-6.36713882474006e-05,0.33540649558228014,0.004801359749683098,1.0079679372281805,0.32053123228246455,0.35346546215875563,0.3778524788941816,0.5094309157266212
447,CAU-tail-lh,CAU-tail,Caudate tail,subcortex,Caudate tail,L,9.969160925284538e-07,-0.0001369998132776565,0.3933391525382143,-0.005295483695203496,-2.8516344120111766e-08,3.345965800563144e-06,-0.0001789153415501981,0.651616247336269,-0.023724233496126068,0.13591965345653595,0.714027140840154,0.47117671570540703,0.6800776466452094,0.8667602190947323
448,lAMY-lh,lAMY,"Amygdala, lateral nucleus",subcortex,Amygdala,L,-3.786422229982681e-06,-3.829208766669494e-05,0.01173555110693293,0.10689404991534424,1.4517669335030165e-07,-1.5745433093771426e-05,0.0001750998453597664,0.013627458882169721,0.13161638333493408,2.3665297011217246,0.13066823181457102,0.02650716518680373,0.027135378651337954,0.2966135899345338
449,mAMY-lh,mAMY,"Amygdala, medial nucleus",subcortex,Amygdala,L,1.8540651414895379e-07,-0.0002948253649802055,0.907101021102243,-0.02054072533879725,5.725907982384311e-08,-4.5313420345425084e-06,-0.00021066154057456854,0.8575076680434871,-0.03575559136094397,0.2948977778595175,0.5896651493474521,0.9317281981457428,0.8689921457404981,0.758379540520519
450,THA-DP-lh,THA-DP,"Thalamus, dorso-posterior part",subcortex,Thalamus,L,2.166198777045805e-06,-0.0005616552851135065,0.14128915980850312,0.024623146119173378,1.8100521796208074e-07,-1.2744206729902787e-05,-0.000295599815344654,0.05601808638579986,0.0777777516518664,3.7666010770606864,0.05829675598206646,0.20493699218230166,0.08861397637335587,0.174123205367488
451,NAc-shell-lh,NAc-shell,"Nucleus Accumbens, shell",subcortex,Nucleus Accumbens,L,-1.4369862496068332e-06,-9.113779144144395e-05,0.3025480073842306,0.0017549535906502545,1.0998408069072632e-07,-1.0496986071000168e-05,7.052531741654172e-05,0.2873458769237541,0.011329387954714054,1.4648391930294564,0.23221347989197694,0.3847529281580972,0.3311041322928537,0.4268215379390993
452,NAc-core-lh,NAc-core,"Nucleus Accumbens, core",subcortex,Nucleus Accumbens,L,-2.96769417665928e-06,-4.3880928562256105e-05,0.036423797178785404,0.0690211744444067,3.4881968684647464e-08,-5.841115748835962e-06,7.391287064151351e-06,0.10679957922876866,0.05210385774597692,0.14333315083055706,0.706694456104994,0.06722115414296168,0.1426088499113558,0.8647959112443863
453,pGP-lh,pGP,"Pallidum, posterior part",subcortex,Pallidum,L,1.3287867521819253e-07,-8.418192949870572e-05,0.8693327984029359,-0.020251930806997498,1.1167334076489664e-07,-9.066274884372095e-06,7.996418447733787e-05,0.10274033490790689,0.05366555788983152,4.749244769678105,0.034357216759381616,0.9052226845755341,0.1384098280361713,0.12806440390267268
454,aGP-lh,aGP,"Pallidum, anterior part",subcortex,Pallidum,L,8.412521816454966e-07,-8.581046726424464e-05,0.37337366171900976,-0.003945993317694629,6.862420848222161e-08,-4.811705161703989e-06,1.5058702314492392e-05,0.36804140732250495,0.0008613931210184056,1.2309534908064794,0.27286635400199116,0.45567645811943663,0.4065469560204799,0.46169567323666394
