index,name,base_name,Label Name,network,component,hemisphere,beta1,intercept,pval,adj_r2,quad_beta2,quad_beta1,quad_intercept,quad_pval,quad_adj_r2,f_statistic,pval_quad_vs_linear,pval_adj,quad_pval_adj,pval_quad_vs_linear_adj
1,7Networks_LH_Vis_1,7networks_lh_vis,7Networks_LH_Vis,visual,visual,L,-0.23942951275299929,113.1944644608428,0.36178055929626407,-0.0031158337256569357,0.015574814399518216,-1.5172654853426142,135.9615533321154,0.4457848546501618,-0.007319831582206726,0.7996744521574385,0.3757473303206501,0.47333825337321006,0.5176120818700088,0.5667418204836383
2,7Networks_LH_Vis_2,7networks_lh_vis,7Networks_LH_Vis,visual,visual,L,0.07183920475990258,115.11507205946734,0.7231539927959452,-0.01814009786191817,0.01984902582852867,-1.5566745337626733,144.1301552222097,0.3169176437408129,0.007199700584744284,2.2251309011048757,0.14246322478996404,0.7988124397308007,0.38573890149686074,0.29943659284557256
3,7Networks_LH_Vis_3,7networks_lh_vis,7Networks_LH_Vis,visual,visual,L,-0.2472890561838561,115.95699788453203,0.19880927154818065,0.014038261364548776,0.016701440436216977,-1.6175590854768576,140.37097605054987,0.1861627982284766,0.029423359216004474,1.7608721102883356,0.1909266629860674,0.297885839217406,0.24858208939920107,0.36885406381138125
4,7Networks_LH_Vis_4,7networks_lh_vis,7Networks_LH_Vis,visual,visual,L,-0.448271257427868,153.7767486326901,0.07677732901238354,0.04429557678543594,0.03701131181061029,-3.4848651076757653,207.87946880768095,0.01608935783363011,0.12545790122499145,5.45466442216515,0.023835337491722747,0.1418225411913835,0.032037580949421364,0.08588288270827085
5,7Networks_LH_Vis_5,7networks_lh_vis,7Networks_LH_Vis,visual,visual,L,-0.19148334284293744,142.19944591981323,0.34317658146577623,-0.0017057122746262365,0.004069706613059859,-0.5253825068813889,148.14849736676962,0.6126752728891622,-0.021043381558179197,0.09092195064813059,0.7643384832304427,0.4542337259051382,0.663853398309498,0.8547036241049779
6,7Networks_LH_Vis_6,7networks_lh_vis,7Networks_LH_Vis,visual,visual,L,-0.6412365650630225,119.8348098253069,0.016682522432631457,0.09514601321989635,0.049105368342878195,-4.6700875360084915,191.61648609064252,0.0007743115273940581,0.2313800419709996,9.507759018932783,0.0034200632119598677,0.039447214502159794,0.0025832111634664216,0.02283395144455559
7,7Networks_LH_Vis_7,7networks_lh_vis,7Networks_LH_Vis,visual,visual,L,-0.834258002384153,117.31048078070529,0.0013508503103778176,0.17763788072770492,-0.006846936580980609,-0.27250094764272914,107.30170573938082,0.005706077791634845,0.16319699692545198,0.1716539974625535,0.6805308544339328,0.004754155355903327,0.013492496444803227,0.8004171189456101
8,7Networks_LH_Vis_8,7networks_lh_vis,7Networks_LH_Vis,visual,visual,L,-0.3465139009870182,154.3129205456247,0.11164773444187709,0.03212665601375897,0.005998568788528294,-0.8386666024838263,163.08156107036086,0.2622807901810167,0.015161810761007977,0.1731508982594647,0.6792205888553786,0.18984296418206814,0.3280316218792881,0.8004171189456101
9,7Networks_LH_Vis_9,7networks_lh_vis,7Networks_LH_Vis,visual,visual,L,-0.15165098052279724,104.5894429391451,0.43435227309775526,-0.007783805988440307,0.023160248462889346,-2.0518340492153646,138.44483418230956,0.14266195083073258,0.04035338614417838,3.4077459233476235,0.07119445677316197,0.544740143608787,0.20240164274110184,0.18683400794806665
10,7Networks_LH_Vis_10,7networks_lh_vis,7Networks_LH_Vis,visual,visual,L,-0.8406420203855127,119.43203832380945,0.0014681660413418398,0.1749759727135003,0.04321036864797184,-4.385837618282726,182.59647020296396,0.00019181204641659182,0.2756929246962637,7.674536063513324,0.007995390631612967,0.00512728755976304,0.000731787135068342,0.04270479231473279
11,7Networks_LH_Vis_11,7networks_lh_vis,7Networks_LH_Vis,visual,visual,L,0.37195818649057544,80.75151281025985,0.08028189703266493,0.04283301728020805,0.014454685714946416,-0.8139768047865807,101.88121014319739,0.12902393996779424,0.04444782566064098,1.0811162428826828,0.3037674998226265,0.14579192501131952,0.18714654551239163,0.49918966470726694
12,7Networks_LH_Vis_12,7networks_lh_vis,7Networks_LH_Vis,visual,visual,L,0.08864072073875118,112.85552407979225,0.6988159511367413,-0.017621207111925274,-0.04836762144054241,4.05696323167899,42.152277955524,0.0036075764131441347,0.1793651672173424,12.521989550142672,0.0009179411053662885,0.7833640538668656,0.009467281454147035,0.00990627687238441
13,7Networks_LH_Vis_13,7networks_lh_vis,7Networks_LH_Vis,visual,visual,L,-1.5179128605527126,128.7428621892751,2.087116660647597e-09,0.5202228680859766,0.0008719172445263747,-1.589449329084293,130.01742103057606,1.963994951914446e-08,0.5100556561223869,0.003915076578149557,0.9503738068533609,4.307049836063677e-08,2.409874886943672e-07,0.9739722535246633
14,7Networks_LH_Vis_14,7networks_lh_vis,7Networks_LH_Vis,visual,visual,L,-0.4172685642809535,153.00111028450465,0.029318242757447023,0.07627581895741309,0.04798297817716363,-4.354033010646364,223.1420892037543,1.4973917886203043e-05,0.3501795904972418,21.232330104824115,3.1243523718398176e-05,0.061622602832782175,8.190552675103833e-05,0.0008093490383971079
15,7Networks_LH_Vis_15,7networks_lh_vis,7Networks_LH_Vis,visual,visual,L,0.3362195565679138,85.78127432917702,0.17592185541021305,0.01778030682892806,-0.013484414762736735,1.442548647313128,66.0699081834694,0.2890490492276266,0.01108072672983862,0.6748168900653683,0.415524896577549,0.2725888135025144,0.35808719222477414,0.5969883007791369
16,7Networks_LH_Vis_16,7networks_lh_vis,7Networks_LH_Vis,visual,visual,L,-0.6685853124980885,153.34011831702767,0.0034733747524174838,0.1471244409894249,0.024969874764636205,-2.717239208900023,189.84080097611672,0.0032940206046752937,0.18253427116598497,3.079196458668922,0.08581705624453381,0.010512747583983583,0.008796972673662255,0.21437983315624728
17,7Networks_LH_Vis_17,7networks_lh_vis,7Networks_LH_Vis,visual,visual,L,-0.056670877753733695,131.82386192658782,0.7979243774022425,-0.019425558441707347,-0.019316036884403837,1.528113771720104,103.5878960198849,0.4098803174172464,-0.003726854954700265,1.7507398687767117,0.1921849661824122,0.8503701111282116,0.48340622794376614,0.3697117569780302
18,7Networks_LH_Vis_18,7networks_lh_vis,7Networks_LH_Vis,visual,visual,L,0.07915856139016375,124.15374672682604,0.729196787459721,-0.018260995566416582,0.017783101354304373,-1.3798563605109377,150.14888468190935,0.4772536735839986,-0.010247951965697943,1.3807244469895825,0.2458965297632663,0.8015867833092334,0.5471544641594328,0.4343853093872487
19,7Networks_LH_Vis_19,7networks_lh_vis,7Networks_LH_Vis,visual,visual,L,-0.3640275687857717,141.9301904378747,0.09796331783576209,0.03634791511402191,-0.032065732372828074,2.2668061132323425,95.05686277387193,0.020027077387621505,0.11727255484612875,5.4004326912754275,0.02450597616526616,0.17238506316835656,0.03852666582194984,0.08760404077977037
20,7Networks_LH_Vis_20,7networks_lh_vis,7Networks_LH_Vis,visual,visual,L,-0.20456376269723098,105.61279167736066,0.5074416526083911,-0.011435523211339227,0.05195907563525358,-4.467547208027211,181.565985231539,0.027234025482664743,0.10565056587280264,7.284045208261968,0.009635345689471556,0.6159853216155337,0.049259950474620694,0.04703706390344179
21,7Networks_LH_Vis_21,7networks_lh_vis,7Networks_LH_Vis,visual,visual,L,0.05845555157101279,137.69590945421515,0.7715411158990917,-0.019023145401044994,0.029625468863471158,-2.372166659872388,181.0020873107316,0.07627306891166012,0.06558553968597569,5.346269301967102,0.025196058335944786,0.8339992062337801,0.12060192597293276,0.08876438895092295
22,7Networks_LH_Vis_22,7networks_lh_vis,7Networks_LH_Vis,visual,visual,L,0.7143983168082522,100.17443732038878,0.0030115329196403876,0.15177842529177854,0.009780011896383861,-0.08800296342402447,114.47074893575876,0.010520298561345136,0.14112649897239182,0.40469409905089004,0.5277608774506222,0.009384351636785321,0.02242354716831311,0.6762670034981817
23,7Networks_LH_Vis_23,7networks_lh_vis,7Networks_LH_Vis,visual,visual,L,-0.2180455174020146,153.61321846734953,0.20122191208539403,0.013672566586035328,-0.008900811259210162,0.5122217281969057,140.60211247489903,0.32734201402813984,0.005831499553688335,0.6214210997595603,0.4344778137326556,0.30020986090843504,0.395248070129722,0.6183477349047826
24,7Networks_LH_Vis_24,7networks_lh_vis,7Networks_LH_Vis,visual,visual,L,-0.09109530405240207,138.0831777755099,0.6127418533650852,-0.015342399690078778,-0.009171831078023454,0.6614077682395818,124.67589805395284,0.6590797066069182,-0.024220475199393743,0.5839297936665926,0.44859556204617423,0.7169711377003832,0.7007545358303064,0.634462259093343
25,7Networks_LH_Vis_25,7networks_lh_vis,7Networks_LH_Vis,visual,visual,L,-0.49461113370017484,153.22561692386768,0.045594681562075454,0.061532282685623496,-0.04148845198347287,2.9093097755070065,92.57826349739611,0.004198770821982728,0.17404861707710984,7.538864347776693,0.008528760030642369,0.0905829889545577,0.010590233073223102,0.04450640291852455
26,7Networks_LH_Vis_26,7networks_lh_vis,7Networks_LH_Vis,visual,visual,L,-0.22396696553934436,153.71331086260057,0.23178027403457066,0.009436664037512088,-0.006551591942062174,0.3135585321356329,144.1362672993801,0.42941775470290566,-0.005717701833154454,0.27672590383353496,0.6013288151899467,0.3394459497151454,0.4998863093208184,0.7328200695782199
27,7Networks_LH_Vis_27,7networks_lh_vis,7Networks_LH_Vis,visual,visual,L,-0.33394193475429534,143.87974422473894,0.165810202277663,0.019612097448408417,-0.04773091576638129,3.582142045855851,74.10722730832057,0.002842519334949678,0.18764627460643024,10.928729630281941,0.0018188281791385913,0.2586867073335361,0.007821235018588812,0.015013599878707646
28,7Networks_LH_Vis_28,7networks_lh_vis,7Networks_LH_Vis,visual,visual,L,-0.6442236977135853,135.5266026811288,0.006755174480411816,0.12524649381308373,0.010109477113730503,-1.4736559585818494,150.30452285316744,0.021354624463241562,0.11485835840563363,0.4366658666522212,0.5119622828714672,0.0183839235278296,0.04006198143103995,0.6666035163275356
29,7Networks_LH_Vis_29,7networks_lh_vis,7Networks_LH_Vis,visual,visual,L,-0.7251656390231784,145.69217146708496,0.006883848017028705,0.12462197224908134,-0.031036441142124532,1.8212198224816412,100.32345017094863,0.0051403101931890155,0.16690694770679393,3.436317067323072,0.0700598307908255,0.0183839235278296,0.012546778643590393,0.18492536731996964
30,7Networks_LH_Vis_30,7networks_lh_vis,7Networks_LH_Vis,visual,visual,L,-1.1149095309059958,147.9007523851508,0.0009155878319766883,0.18999028132419438,-0.05767055710417605,3.6166725307898764,63.598579327651976,8.119296798789166e-05,0.3017110397596594,8.67962363755057,0.004993335398508468,0.0033522328686888428,0.0003381798850137873,0.029828608827932167
31,7Networks_LH_Vis_31,7networks_lh_vis,7Networks_LH_Vis,visual,visual,L,-0.5002431045270559,134.1406238912363,0.04125781134562693,0.06486242777936857,-0.052479666863579535,3.8054522590002615,57.426435922814086,0.00031166622344775216,0.2605760213648589,13.70482532828302,0.0005608491656370707,0.08288073606599392,0.0011324860965902278,0.006881770843222435
32,7Networks_LH_SomMot_1,7networks_lh_sommot,7Networks_LH_SomMot,somatomotor,somatomotor,L,-0.6714102482979367,176.48221157269887,0.0008738041855442197,0.19146489655518473,0.005122148543622723,-1.091657032502976,183.96971082072326,0.003850463743389534,0.17708667237835574,0.1613275209888106,0.6897578205254795,0.003225260977537201,0.009876330731631912,0.8070877590684735
33,7Networks_LH_SomMot_2,7networks_lh_sommot,7Networks_LH_SomMot,somatomotor,somatomotor,L,-0.1799464272435336,158.88398464448596,0.3053975001518836,0.001493225984811386,0.001176038579173616,-0.27643453702588694,160.6031046391942,0.5917359745237694,-0.019533593017343476,0.010049968911365802,0.9205726350027569,0.41762188273781675,0.6473448974308224,0.9539536608651442
34,7Networks_LH_SomMot_3,7networks_lh_sommot,7Networks_LH_SomMot,somatomotor,somatomotor,L,-0.4566361302105686,146.1995410974771,0.04701501013985677,0.060511374298208964,0.012665578932523777,-1.4957838181696914,164.713942217519,0.09981370928349852,0.054828602159246786,0.7114036001371505,0.4032505814174696,0.09275913724854608,0.1515566020558807,0.5907374776960189
35,7Networks_LH_SomMot_4,7networks_lh_sommot,7Networks_LH_SomMot,somatomotor,somatomotor,L,-0.08890060670993494,139.89412861939155,0.70624485632634,-0.017785097220593737,0.03152706488488667,-2.6755393034331387,185.98003819573933,0.11763329246522382,0.04819864670305485,4.327605804892169,0.042976343307102274,0.7878013876465808,0.17567603545793295,0.13183283690151645
36,7Networks_LH_SomMot_5,7networks_lh_sommot,7Networks_LH_SomMot,somatomotor,somatomotor,L,-0.24263476001925532,134.49785646576998,0.30038881017150926,0.0019553596248110816,0.03398047353837834,-3.0305634209420553,184.17013127375236,0.04914618321261324,0.0828994861344381,5.236523711109436,0.026659237396934817,0.41201365503886767,0.0814319970019212,0.09169161953188187
37,7Networks_LH_SomMot_6,7networks_lh_sommot,7Networks_LH_SomMot,somatomotor,somatomotor,L,-0.10978026310672595,140.27382135528504,0.6469440014504578,-0.016335222505206026,0.004688138957851501,-0.49441872178564505,147.1268902623259,0.8639213026934797,-0.036084068685825255,0.0850697879448143,0.7718245354506394,0.7502759482445531,0.8853730731892545,0.8609541501095586
38,7Networks_LH_SomMot_7,7networks_lh_sommot,7Networks_LH_SomMot,somatomotor,somatomotor,L,-0.5335337660373294,138.6648781315971,0.006846879026175596,0.12480021917899775,0.02507285309185113,-2.5906365214456697,175.31609335353903,0.0035727394534824353,0.17970395093054314,4.21271707582129,0.04571376761531244,0.0183839235278296,0.009430370417912939,0.1374440430288202
39,7Networks_LH_SomMot_8,7networks_lh_sommot,7Networks_LH_SomMot,somatomotor,somatomotor,L,0.12067100566240319,126.34498604495062,0.6094007096815615,-0.015238803702718462,0.023872775000629093,-1.8379713176956125,161.24194058330005,0.27473278765288256,0.01321605963492889,2.384126133732753,0.12928059747898313,0.7149041917194545,0.34172242628605115,0.2742681834367212
40,7Networks_LH_SomMot_9,7networks_lh_sommot,7Networks_LH_SomMot,somatomotor,somatomotor,L,0.2859683586397852,91.96993807801937,0.2663087028222227,0.005378104727366773,-0.04159424636091738,3.6985691697532257,31.167935618077408,0.023662570982999735,0.1109844282048632,6.701928838753748,0.012777849910445279,0.3743162572176133,0.04366994807431658,0.05524898913659197
41,7Networks_LH_SomMot_10,7networks_lh_sommot,7Networks_LH_SomMot,somatomotor,somatomotor,L,-0.6241909323829753,143.04652233373207,0.005759984600493661,0.13051341276245332,0.027439293497980785,-2.8754483403203146,183.15697357948113,0.0036585704928182193,0.17887486427325205,3.827035212439088,0.05638922336431059,0.016142179065581002,0.009526617124235998,0.1580290580703519
42,7Networks_LH_SomMot_11,7networks_lh_sommot,7Networks_LH_SomMot,somatomotor,somatomotor,L,-0.10534770044547148,117.04823970775655,0.7359865106925754,-0.018393151479082936,0.05628501856957837,-4.723253224142002,199.3250480872183,0.01903584575087258,0.11917724112270023,8.496830410356678,0.005434421421548506,0.805151508082962,0.036932794747419444,0.031631119556192584
43,7Networks_LH_SomMot_12,7networks_lh_sommot,7Networks_LH_SomMot,somatomotor,somatomotor,L,-0.4589428878841155,154.9014073188328,0.01322616349580448,0.10290427139471214,0.006306181644873399,-0.9763336926022932,164.1197128642045,0.04184119545834679,0.08915794020164414,0.27558912089178744,0.602074638662282,0.03245772014646072,0.07168265184184695,0.7328200695782199
44,7Networks_LH_SomMot_13,7networks_lh_sommot,7Networks_LH_SomMot,somatomotor,somatomotor,L,-0.6193822411393388,148.6095048720149,0.01145963514747324,0.10768731880941185,-0.058853117653903456,4.209223025549186,62.57867807645665,1.305077623457469e-05,0.35396959225089264,19.29875031173781,6.324425599955821e-05,0.02890374642751584,7.314879519131987e-05,0.0013051314647181558
45,7Networks_LH_SomMot_14,7networks_lh_sommot,7Networks_LH_SomMot,somatomotor,somatomotor,L,-0.18175811066798842,148.15179203780923,0.35593489246098753,-0.0026834161761188913,-0.014026395682628492,0.9690378159655966,127.6481642668142,0.3695045605627508,0.000692688947498854,1.1621653760973432,0.28651887223881684,0.46838968457185026,0.44146071183023383,0.4889461322308935
46,7Networks_LH_SomMot_15,7networks_lh_sommot,7Networks_LH_SomMot,somatomotor,somatomotor,L,-0.7738294491752999,132.0242339756822,0.000614320258646982,0.20252491043927778,0.0034661363451256103,-1.058208677979355,137.09099317968668,0.0029313519436675334,0.18658180986310058,0.059193860014731335,0.8088334212221464,0.002363571164624829,0.008017070978464217,0.8848442728550711
47,7Networks_LH_SomMot_16,7networks_lh_sommot,7Networks_LH_SomMot,somatomotor,somatomotor,L,-0.3915701751139977,159.47853578301707,0.049888498650594096,0.05853877417999598,-0.016281664039258167,0.9442592909262499,135.67818204233424,0.0684488420866697,0.06987925032307252,1.5852389112454013,0.21422523138972016,0.09720763256381854,0.109808389778615,0.3951471663492714
48,7Networks_LH_SomMot_17,7networks_lh_sommot,7Networks_LH_SomMot,somatomotor,somatomotor,L,-0.3488108457762311,162.84442407026438,0.06754663584232787,0.04850715303842068,-0.016155724228879273,0.9766858858920253,139.22816773079478,0.08289727882877578,0.0622681666846413,1.7043897109510395,0.19806961423583988,0.12777571946840355,0.12927407088435336,0.37312699113307596
49,7Networks_LH_SomMot_18,7networks_lh_sommot,7Networks_LH_SomMot,somatomotor,somatomotor,L,-1.1548506694585523,170.3326507680818,6.522384525101988e-08,0.4477687228309951,-0.03499917712874108,1.7166575488048283,119.17124648604215,5.925993118299808e-09,0.5344107422266064,9.932373033858704,0.0028254928851035293,7.222347742430006e-07,8.968002919027043e-08,0.020489753296444396
50,7Networks_LH_SomMot_19,7networks_lh_sommot,7Networks_LH_SomMot,somatomotor,somatomotor,L,-1.1571926062107276,185.2483132447462,3.0564272781341926e-07,0.4119551494201149,-0.029557352686164134,1.2678410120434602,142.0417068516527,1.622623529027766e-07,0.46399194198768634,5.659941218992005,0.021469909628894147,2.8079257200428242e-06,1.5034103717930728e-06,0.07797871177214355
51,7Networks_LH_SomMot_20,7networks_lh_sommot,7Networks_LH_SomMot,somatomotor,somatomotor,L,-0.5215730862540566,152.50014113142848,0.011275540269344148,0.10822717566519491,-0.033663314843180886,2.2403342828995196,103.29148534416821,0.0013836239029944909,0.21215748015446356,7.332045414942782,0.009415780891197427,0.028758962260012604,0.0043025017257499925,0.04703706390344179
52,7Networks_LH_SomMot_21,7networks_lh_sommot,7Networks_LH_SomMot,somatomotor,somatomotor,L,-1.6160003356316466,177.10495608924757,2.760956981404365e-08,0.4667915028802563,-0.07168833843532213,4.265670888050542,72.31174762306046,1.2867873272332904e-12,0.6748230247523803,31.707933863577118,9.695515231544704e-07,3.581355627307376e-07,4.493857281260876e-11,8.803527830242591e-05
53,7Networks_LH_SomMot_22,7networks_lh_sommot,7Networks_LH_SomMot,somatomotor,somatomotor,L,-1.113525526426365,171.88648007504753,1.0711735452712594e-06,0.3812768501477384,0.01618630089716855,-2.4415309214827,195.5474330450167,3.7246276658680925e-06,0.3875361336179455,1.490552378779072,0.22822032607679787,8.38470326815779e-06,2.4506970439190058e-05,0.4111588414240724
54,7Networks_LH_SomMot_23,7networks_lh_sommot,7Networks_LH_SomMot,somatomotor,somatomotor,L,-1.8121374685698548,187.15606189522188,3.270122030414169e-10,0.5553391390952975,-0.061908483460661856,3.267145349526112,96.65893565799172,1.9968107530099595e-13,0.6996089239275056,24.053113835761128,1.1613711065275336e-05,1.060453858434309e-08,1.0072800909628017e-11,0.00047932952942136386
55,7Networks_LH_SomMot_24,7networks_lh_sommot,7Networks_LH_SomMot,somatomotor,somatomotor,L,-2.6419766654341337,192.86140909916062,9.717569848458377e-13,0.6500320051194297,-0.05691830560529955,2.0278869063304326,109.6588688391484,6.420477266859654e-14,0.7137680510167642,11.688290436967407,0.0013088823728583834,1.7446163576433593e-10,4.8581611319238045e-12,0.011676789703804043
56,7Networks_LH_SomMot_25,7networks_lh_sommot,7Networks_LH_SomMot,somatomotor,somatomotor,L,-0.9499553277152282,128.78539492969136,6.64129711275516e-05,0.2696414094049835,-0.03474688831112246,1.9008538492391676,77.99278360945635,1.9423730957942354e-05,0.3429449776390223,6.355063359215615,0.015156365007381089,0.00033501654324342696,0.00010253923087099801,0.06154439178529536
57,7Networks_LH_SomMot_26,7networks_lh_sommot,7Networks_LH_SomMot,somatomotor,somatomotor,L,-1.0309195867983614,183.58184448671437,4.239273468791677e-06,0.3459159390244081,-0.053158492537380184,3.3304700433089174,105.87535676774107,2.055580593148928e-09,0.5549222737020651,23.540566448863203,1.3856214372394108e-05,2.7893190649730746e-05,3.335513642611278e-08,0.0004839016403897635
58,7Networks_LH_SomMot_27,7networks_lh_sommot,7Networks_LH_SomMot,somatomotor,somatomotor,L,-1.6957292777788102,191.72393330879072,3.637740250374986e-08,0.46075821715065746,-0.04199461414728748,1.749719716726541,130.33667771262174,1.4175380030126537e-08,0.5168066198336624,6.567798399593373,0.013646656622735424,4.3929530403897975e-07,1.8387492953364135e-07,0.05741750640949156
59,7Networks_LH_SomMot_28,7networks_lh_sommot,7Networks_LH_SomMot,somatomotor,somatomotor,L,-1.4636996514207086,177.76534356635378,1.719234332730278e-09,0.5240190351318554,-0.026561016307280902,0.7154994860685289,138.93874805983478,2.057144977821934e-09,0.5549078651989201,4.331139167133891,0.04289503374780273,3.716820890759744e-08,3.335513642611278e-08,0.13183283690151645
60,7Networks_LH_SomMot_29,7networks_lh_sommot,7Networks_LH_SomMot,somatomotor,somatomotor,L,-1.4633472151341347,173.0885661707952,1.5473160571493727e-06,0.37200069043475636,-0.0573132244580996,3.2389174821537767,89.30873796448645,3.747879428697923e-08,0.49639608324335227,12.856498045661368,0.000797563216443379,1.1150499840409765e-05,3.957063396811296e-07,0.008831553665007173
61,7Networks_LH_SomMot_30,7networks_lh_sommot,7Networks_LH_SomMot,somatomotor,somatomotor,L,-1.3590336496565016,167.14447434163532,3.676921047022297e-08,0.4605225366314276,-0.0013837959129928135,-1.245500085083152,165.12165700830082,3.0819126044933983e-07,0.4491583807015844,0.009734439951686664,0.9218252373240369,4.3929530403897975e-07,2.5439787680727324e-06,0.9539536608651442
62,7Networks_LH_SomMot_31,7networks_lh_sommot,7Networks_LH_SomMot,somatomotor,somatomotor,L,-2.0581936533493934,177.45505001904007,5.393242418353139e-10,0.5461146300447137,-0.0784772565779153,4.380474501085332,62.73787721354165,2.5305395630348726e-14,0.7248867250015931,32.19100871442828,8.362608907045419e-07,1.440312975254309e-08,2.2977299232356642e-12,8.803527830242591e-05
63,7Networks_LH_SomMot_32,7networks_lh_sommot,7Networks_LH_SomMot,somatomotor,somatomotor,L,-1.9689858752689413,171.14963138154954,5.299737869547971e-10,0.5464402062182891,-0.0702544257366492,3.795039951112458,68.45250040347351,1.669446747349139e-13,0.7018890655038408,26.029424896196183,5.955347345971026e-06,1.440312975254309e-08,9.474110291206363e-12,0.00033796596188385574
64,7Networks_LH_SomMot_33,7networks_lh_sommot,7Networks_LH_SomMot,somatomotor,somatomotor,L,-1.2328753724141923,153.43863445047157,4.5695734285879146e-05,0.2804460434257182,-0.0620920188153763,3.861465607691282,62.67321829179385,4.5718775874179625e-07,0.43983623386827175,14.658022178184627,0.0003803189369691881,0.00023574844733851286,3.578676594289233e-06,0.005180302898184766
65,7Networks_LH_SomMot_34,7networks_lh_sommot,7Networks_LH_SomMot,somatomotor,somatomotor,L,-1.300825226970862,133.6952874474739,8.328862106878727e-07,0.38754960079475076,0.01061235563760475,-2.171516166829814,149.20830980120272,4.828744140344101e-06,0.38073233983567656,0.4715878979555898,0.4956319618936098,6.752327493790967e-06,3.115639769826027e-05,0.6598852459842843
66,7Networks_LH_SomMot_35,7networks_lh_sommot,7Networks_LH_SomMot,somatomotor,somatomotor,L,-2.030839455904881,179.18299423941252,8.237450860996444e-11,0.579823097865072,-0.05601387956774264,2.564820462725124,97.30253380946122,1.2391453359733368e-12,0.6753446432732212,15.122773841830673,0.0003155323626278778,3.739802690892386e-09,4.493857281260876e-11,0.004476615394783016
67,7Networks_LH_SomMot_36,7networks_lh_sommot,7Networks_LH_SomMot,somatomotor,somatomotor,L,-0.92852242646807,134.01750468049244,0.00014413507036382652,0.2468093647505505,-0.04573956290688966,2.8241809672083162,67.15592502233875,5.106646595252313e-06,0.37925602690888904,11.241645604615693,0.001587180815795056,0.0006588784007631297,3.220024380895208e-05,0.01359585076171614
68,7Networks_LH_SomMot_37,7networks_lh_sommot,7Networks_LH_SomMot,somatomotor,somatomotor,L,-1.6311439525364335,146.1587375878833,2.601560948602067e-05,0.2964625768472158,-0.12892456709671227,8.946474846685,-42.30174749321385,1.0832166760754228e-14,0.7346428527309348,80.26167981106595,9.829490163986898e-12,0.0001389539612547457,1.2294509273456046e-12,4.462588534450051e-09
69,7Networks_LH_DorsAttn_Post_1,7networks_lh_dorsattn_post,7Networks_LH_DorsAttn_Post,dorsal attention,posterior,L,0.369669752170535,97.83918243759649,0.13819243248095092,0.02532321882065458,-0.029031463941482025,2.751556817387394,55.401314308693614,0.06882331199083852,0.06966328330613447,3.287691173649959,0.07618967953570929,0.2248722736428377,0.11002036494310102,0.19664819106167308
70,7Networks_LH_DorsAttn_Post_2,7networks_lh_dorsattn_post,7Networks_LH_DorsAttn_Post,dorsal attention,posterior,L,-0.047886310570173674,140.78996491606307,0.8175272981546493,-0.019689959320740913,0.012715410009748601,-1.0911223903006189,159.37720854546825,0.6402196134865952,-0.022955877273102887,0.8467538383656791,0.3621713173417753,0.8671901714070346,0.6839051871127394,0.5548516755581693
71,7Networks_LH_DorsAttn_Post_3,7networks_lh_dorsattn_post,7Networks_LH_DorsAttn_Post,dorsal attention,posterior,L,0.06639760801512695,142.7176986795385,0.7250069043680637,-0.018177499352413307,0.026727645442025605,-2.126472620313116,181.78787078491445,0.09100047030988712,0.05853927627825917,4.911374248003849,0.03155836995004999,0.7989153752017013,0.13957504567800255,0.10692164147255744
72,7Networks_LH_DorsAttn_Post_4,7networks_lh_dorsattn_post,7Networks_LH_DorsAttn_Post,dorsal attention,posterior,L,-0.22330210706462372,138.77013545950888,0.21847132445860334,0.011196672316117762,0.006182337420475581,-0.730532109806389,147.80740690773297,0.41472693998886667,-0.00422906263671341,0.26268288253698235,0.6106833135864154,0.3230813723264036,0.48778764444286393,0.7393339316486203
73,7Networks_LH_DorsAttn_Post_5,7networks_lh_dorsattn_post,7Networks_LH_DorsAttn_Post,dorsal attention,posterior,L,-0.35633361057913393,137.68814156029066,0.14967162914934815,0.022809187214059334,-0.03895301067498956,2.839566963536919,80.74706777975312,0.018013865021296448,0.12124313938794096,6.376720132865255,0.014994823203015933,0.2392638015274791,0.035099977337633426,0.06154439178529536
74,7Networks_LH_DorsAttn_Post_6,7networks_lh_dorsattn_post,7Networks_LH_DorsAttn_Post,dorsal attention,posterior,L,-0.6051892604237057,157.34099765687532,0.001743610980293538,0.1694617008474848,-0.014983049950049593,0.6240953855541047,135.4389434156343,0.003702755364220449,0.17845529354602707,1.5254643431315407,0.22293321238960948,0.005863699148542714,0.009551425769068657,0.40647260411599473
75,7Networks_LH_DorsAttn_Post_7,7networks_lh_dorsattn_post,7Networks_LH_DorsAttn_Post,dorsal attention,posterior,L,-0.8635130522448905,136.0094400221457,0.002466245074161969,0.1582688670133463,-0.07238571193853577,5.075374195068666,30.196818796559754,7.450926564075809e-07,0.4280721923398637,23.643696358559655,1.3371121458058501e-05,0.007997680454782384,5.637867766817362e-06,0.0004839016403897635
76,7Networks_LH_DorsAttn_Post_8,7networks_lh_dorsattn_post,7Networks_LH_DorsAttn_Post,dorsal attention,posterior,L,-0.9764128427940906,163.41280069658805,8.270589879108091e-05,0.26323671999510945,0.0016790459361318982,-1.114170201680202,165.86721119974257,0.00046683514378008563,0.24775293750782235,0.011998056958173485,0.9132440071353217,0.00040374707581882505,0.0016303319636627605,0.9509467413748534
77,7Networks_LH_DorsAttn_Post_9,7networks_lh_dorsattn_post,7Networks_LH_DorsAttn_Post,dorsal attention,posterior,L,-0.6147940936488661,150.02954906314636,0.006300185753296042,0.1275526755214318,0.01223152954409118,-1.6183301904716654,167.9094616591212,0.017456723665420937,0.12241715348776705,0.7191090748918053,0.40073437862100403,0.01754775663801474,0.03416100234526339,0.5906928827725189
78,7Networks_LH_DorsAttn_Post_10,7networks_lh_dorsattn_post,7Networks_LH_DorsAttn_Post,dorsal attention,posterior,L,-0.6989630495190664,121.76837349271037,0.01122153665133038,0.10838719500474048,-0.02171192048218136,1.0823919197572516,90.0301318351319,0.01968421950485281,0.11792095046448403,1.5187973371645886,0.22393113665167366,0.028758962260012604,0.03802823683065181,0.40665894415943943
79,7Networks_LH_DorsAttn_Post_11,7networks_lh_dorsattn_post,7Networks_LH_DorsAttn_Post,dorsal attention,posterior,L,-0.6250025302428717,132.2817024811031,0.02888781654208209,0.07677064175151638,-0.04698993248577403,3.2302874616391213,63.59234660718401,0.003226616698255879,0.18325314247862867,7.257948822004079,0.00975699464221839,0.061000319581884975,0.008667952550344195,0.047124208165607966
80,7Networks_LH_DorsAttn_Post_12,7networks_lh_dorsattn_post,7Networks_LH_DorsAttn_Post,dorsal attention,posterior,L,-0.8306570314578001,148.05635737531122,4.969300627925274e-06,0.3417141519852769,0.0033492324109435506,-1.105444874541082,152.95222772050488,3.17560894098872e-05,0.32905548671938945,0.09438720976845737,0.7600292982849624,3.133420118163992e-05,0.0001533751552349871,0.8519834602996862
81,7Networks_LH_DorsAttn_Post_13,7networks_lh_dorsattn_post,7Networks_LH_DorsAttn_Post,dorsal attention,posterior,L,-0.6432565842437368,138.20582390352214,0.0031447278841535403,0.15036829727719248,-0.012275085760756088,0.36385308328482857,120.26224131891793,0.009066905588014484,0.14654311206872495,0.7848644816125516,0.3801680308427551,0.009581922546347028,0.01960178636646941,0.5713802156858244
82,7Networks_LH_DorsAttn_Post_14,7networks_lh_dorsattn_post,7Networks_LH_DorsAttn_Post,dorsal attention,posterior,L,-1.4663162671301424,148.7173285305494,1.1080290827835082e-08,0.4863061974034897,0.013100076227573546,-2.5411122947333427,167.8668729195242,6.448950567978983e-08,0.48463012075511214,0.8438952636502621,0.36297565559642353,1.6768173452790423e-07,6.229411825239274e-07,0.5548516755581693
83,7Networks_LH_DorsAttn_Post_15,7networks_lh_dorsattn_post,7Networks_LH_DorsAttn_Post,dorsal attention,posterior,L,-1.5491259227425567,161.78316438039838,3.0343413615538854e-07,0.41212832886895345,-0.011124427452868742,-0.6364220401087906,145.52160119481536,1.9079377517575746e-06,0.4047245454250503,0.40299637323177556,0.528624220558366,2.8079257200428242e-06,1.3749265703141887e-05,0.6762670034981817
84,7Networks_LH_DorsAttn_Post_16,7networks_lh_dorsattn_post,7Networks_LH_DorsAttn_Post,dorsal attention,posterior,L,-1.9226611851386886,177.59508567822033,5.865461791305386e-11,0.585648884365179,-0.021391162230952963,-0.1676228332813796,146.325724831969,2.3723478852158857e-10,0.5939950351159167,1.9867249681288641,0.1652665831547391,2.958799614725161e-09,4.895663363127328e-09,0.3349599497868373
85,7Networks_LH_DorsAttn_Post_17,7networks_lh_dorsattn_post,7Networks_LH_DorsAttn_Post,dorsal attention,posterior,L,-0.7729596613771358,105.70168814732327,0.004482710582663936,0.13876772575574925,-0.02281475144662111,1.098877097402262,72.35134056454255,0.00774860440333371,0.15223019347742395,1.7622333865498163,0.19075836202991092,0.012962742704009088,0.017559615921210515,0.36885406381138125
86,7Networks_LH_DorsAttn_FEF_1,7networks_lh_dorsattn_fef,7Networks_LH_DorsAttn_FEF,dorsal attention,frontal eye fields,L,-1.5121380363613228,183.57272486894652,4.520626613271989e-09,0.5047986282357153,-0.004128451566054528,-1.1734191414277966,177.5378007090785,3.9704789421095805e-08,0.4951581301203355,0.08338840903087377,0.7740268424803006,7.89370954779032e-08,4.096812362994885e-07,0.8612945747207267
87,7Networks_LH_DorsAttn_FEF_2,7networks_lh_dorsattn_fef,7Networks_LH_DorsAttn_FEF,dorsal attention,frontal eye fields,L,-2.208926360225388,198.5607882053367,1.3099884646673119e-10,0.5717354054803905,0.020585298942908913,-3.897847641789645,228.6521471424569,7.18646927513276e-10,0.5743880841461033,1.2991659096262909,0.2601412129763531,5.406679663263268e-09,1.3594404378792805e-08,0.4560004273793989
88,7Networks_LH_DorsAttn_FEF_3,7networks_lh_dorsattn_fef,7Networks_LH_DorsAttn_FEF,dorsal attention,frontal eye fields,L,-1.1215250621208215,152.43199252898359,9.824863978060668e-05,0.25817621271600477,-0.03165096168804592,1.4752787504044846,106.16497199644385,0.00010796017948151348,0.293192859368379,3.3780164951530622,0.07239671426651693,0.00046802484915999285,0.00043375151756289485,0.1888971740057396
89,7Networks_LH_DorsAttn_FEF_4,7networks_lh_dorsattn_fef,7Networks_LH_DorsAttn_FEF,dorsal attention,frontal eye fields,L,-1.217238806109793,164.90807626901508,7.19414776615523e-07,0.39117345328464703,0.01341106791022606,-2.3175501528093037,184.5122248089962,3.4335859221964007e-06,0.38965293996469474,0.8804210847620253,0.35288346762544487,5.938441974244499e-06,2.292423542172303e-05,0.550546715814268
90,7Networks_LH_DorsAttn_PrCv_1,7networks_lh_dorsattn_prcv,7Networks_LH_DorsAttn_PrCv,dorsal attention,precentral ventral,L,-0.23376326283593363,138.19301982451213,0.27473208618765343,0.004483761077561099,0.0012818341266586236,-0.33893137052056765,140.06679056304256,0.5520142794852176,-0.016523409182258364,0.00804628465714365,0.9289059246599294,0.38260235315703883,0.6139414386276747,0.9572893428070648
91,7Networks_LH_DorsAttn_PrCv_2,7networks_lh_dorsattn_prcv,7Networks_LH_DorsAttn_PrCv,dorsal attention,precentral ventral,L,-0.9460063055126757,155.89873851178908,0.0005740537828026258,0.20463998205718348,-0.027388684972606187,1.3010989249037799,115.86226624038135,0.0007852051554149035,0.23092296170509308,2.6403857614793385,0.11086637423267587,0.0022467277361413115,0.0025832111634664216,0.25293132613886854
92,7Networks_LH_SalVentAttn_ParOper_1,7networks_lh_salventattn_paroper,7Networks_LH_SalVentAttn_ParOper,salience / ventral attention,parietal operculum,L,-0.221098463282841,150.41162682730874,0.18555206607748254,0.016142300086492645,0.008989856963791065,-0.9586714655731523,163.55289883122958,0.3023639073539882,0.009183766273137217,0.6628944786414079,0.4196460628458628,0.28268670469522506,0.3700086629075759,0.5991173350063576
93,7Networks_LH_SalVentAttn_ParOper_2,7networks_lh_salventattn_paroper,7Networks_LH_SalVentAttn_ParOper,salience / ventral attention,parietal operculum,L,-0.6360266563558459,142.51949709083647,0.008868537593198562,0.11621929927077179,0.03275941970743784,-3.323773930225176,190.40684911434687,0.0034887203113632926,0.1805342166816195,4.767229942438346,0.03403389500801692,0.023273503279260966,0.009262450417303713,0.1119665821278238
94,7Networks_LH_SalVentAttn_ParOper_3,7networks_lh_salventattn_paroper,7Networks_LH_SalVentAttn_ParOper,salience / ventral attention,parietal operculum,L,-0.5511866855428948,145.73769504244802,0.02531037315042461,0.08119509199433372,-0.03502749222929108,2.322644645736286,94.53490006424425,0.007008916847266124,0.15584189884915678,5.244520930554043,0.026549584372734875,0.05498042780044389,0.01615252918100924,0.09169161953188187
95,7Networks_LH_SalVentAttn_ParOper_4,7networks_lh_salventattn_paroper,7Networks_LH_SalVentAttn_ParOper,salience / ventral attention,parietal operculum,L,-0.8203031516353916,140.52227012389685,0.0011705607293657307,0.18220287790874035,-0.008970106405219377,-0.0843505843353558,127.40986926480679,0.0046631945560945826,0.17035315468394063,0.31442309700616944,0.5776421266849545,0.004151832586969076,0.011596987788923645,0.7165287582376211
96,7Networks_LH_SalVentAttn_TempOcc_1,7networks_lh_salventattn_tempocc,7Networks_LH_SalVentAttn_TempOcc,salience / ventral attention,temporal occipital,L,0.3152367969414036,127.64296909028138,0.07069043911697151,0.04700909211891513,-0.01735599168823189,1.7392094973721965,102.27217525101175,0.06206609246202444,0.07374551390875828,2.3855244591884883,0.1291710545797654,0.1331678811581123,0.10027760134433841,0.2742681834367212
97,7Networks_LH_SalVentAttn_FrOperIns_1,7networks_lh_salventattn_froperins,7Networks_LH_SalVentAttn_FrOperIns,salience / ventral attention,frontal operculum insula,L,-0.5445379538859279,131.63323693181258,0.02439295312868786,0.0824309500751732,-0.04596149825860797,3.226374130355898,64.44723466760789,0.0007812708796210305,0.23108733358539468,10.279995921725526,0.0024200989081358975,0.053759226798176164,0.0025832111634664216,0.01820673860773607
98,7Networks_LH_SalVentAttn_FrOperIns_2,7networks_lh_salventattn_froperins,7Networks_LH_SalVentAttn_FrOperIns,salience / ventral attention,frontal operculum insula,L,-0.47773496608788335,161.58492601399945,0.022019027728679794,0.08585842784810072,0.02147081243628368,-2.2393082207044195,192.97071863637672,0.02089684607223084,0.11567419867380613,2.618359429847697,0.11232599060932104,0.04953955556309527,0.03952986715330334,0.2549799986831588
99,7Networks_LH_SalVentAttn_FrOperIns_3,7networks_lh_salventattn_froperins,7Networks_LH_SalVentAttn_FrOperIns,salience / ventral attention,frontal operculum insula,L,-0.12608353251881121,132.6408011820384,0.5700083364684438,-0.013922712303015006,0.025187228888074856,-2.1925702525163446,169.4592096591004,0.19479504621080226,0.027549520541769068,3.047062774506189,0.08741810143262128,0.677444462713805,0.2570841598247216,0.2149721515811008
100,7Networks_LH_SalVentAttn_FrOperIns_4,7networks_lh_salventattn_froperins,7Networks_LH_SalVentAttn_FrOperIns,salience / ventral attention,frontal operculum insula,L,-0.555462184116049,162.10246146037838,0.027076870330156138,0.07893701144228749,0.03774307565716134,-3.652093614432472,217.2748658126477,0.005478218279807489,0.16464686157904695,5.924950439931529,0.018781733805985988,0.05771314145488679,0.01315931798429947,0.06932444835705397
101,7Networks_LH_SalVentAttn_FrOperIns_5,7networks_lh_salventattn_froperins,7Networks_LH_SalVentAttn_FrOperIns,salience / ventral attention,frontal operculum insula,L,-0.20270779949492157,130.87978821723846,0.4608804665201943,-0.009214748028343323,0.060224085460792595,-5.143794148523539,218.9146803646155,0.0017751888781690202,0.2037585178579946,13.838714123564156,0.0005308287853721806,0.5685862277178485,0.005100859181574273,0.006694340793304721
102,7Networks_LH_SalVentAttn_FrOperIns_6,7networks_lh_salventattn_froperins,7Networks_LH_SalVentAttn_FrOperIns,salience / ventral attention,frontal operculum insula,L,-0.16899036862728378,127.90394579495211,0.4204372470523198,-0.006979341008363837,0.006739833460036246,-0.7219601455745748,137.75615869624752,0.6462884741140918,-0.023366652346930472,0.23136938022431758,0.63274207783998,0.5317049546150132,0.6887675287506988,0.7619758709266603
103,7Networks_LH_SalVentAttn_FrOperIns_7,7networks_lh_salventattn_froperins,7Networks_LH_SalVentAttn_FrOperIns,salience / ventral attention,frontal operculum insula,L,-0.3830487555952917,122.97913773020397,0.1855035528117935,0.016150309666749352,0.07829565941988723,-6.806817767408,237.4308538484159,1.5936291659887774e-05,0.348454891160051,25.481221169901723,7.1531761137782975e-06,0.28268670469522506,8.511854604222411e-05,0.00036083799507281633
104,7Networks_LH_SalVentAttn_FrOperIns_8,7networks_lh_salventattn_froperins,7Networks_LH_SalVentAttn_FrOperIns,salience / ventral attention,frontal operculum insula,L,-0.5520227383357348,147.4169919552975,0.013090424023755709,0.10324866284054557,0.002013794401659344,-0.7172445420651492,150.3607340080094,0.047113601601102915,0.08454634546929252,0.0193810146726164,0.8898745268612754,0.032299198406440716,0.07863814384889972,0.9395419423139978
105,7Networks_LH_SalVentAttn_FrOperIns_9,7networks_lh_salventattn_froperins,7Networks_LH_SalVentAttn_FrOperIns,salience / ventral attention,frontal operculum insula,L,-0.7372294253007519,150.9953627304438,0.0030646620759935688,0.15120877751291006,-0.01606929536101015,0.5811762480986564,127.5054471399134,0.007833880904731859,0.1518352470368548,1.035453651008596,0.31409089252793354,0.00946501076531347,0.01760684124132804,0.5111013089881069
106,7Networks_LH_SalVentAttn_PFCl_1,7networks_lh_salventattn_pfcl,7Networks_LH_SalVentAttn_PFCl,salience / ventral attention,lateral prefrontal cortex,L,-0.1923287506452045,129.83317154655862,0.4507756632252372,-0.008684925492882689,-0.02753785791018172,2.0670153765491532,89.57863994937937,0.19840708333603915,0.026788935164408723,2.7496156518089383,0.10393819001913389,0.5591588827985182,0.26033761801896466,0.24075478708513665
107,7Networks_LH_SalVentAttn_Med_1,7networks_lh_salventattn_med,7Networks_LH_SalVentAttn_Med,salience / ventral attention,medial,L,-1.0933153811408316,168.68589612402027,1.407284748979035e-06,0.37440561673450234,-0.016020171117303153,0.22105989265799852,145.2677898015506,4.872476292018676e-06,0.38049470983967415,1.471790110093501,0.23112557214533366,1.0473889771089869e-05,3.115639769826027e-05,0.41474707412640904
108,7Networks_LH_SalVentAttn_Med_2,7networks_lh_salventattn_med,7Networks_LH_SalVentAttn_Med,salience / ventral attention,medial,L,-0.9406599089367169,171.48955437492197,9.626000325151256e-07,0.38394847209389893,-0.0016965993554042963,-0.8014623793998048,169.00948448050093,6.9291081870705075e-06,0.3711420189296514,0.022498289935649618,0.881410956097715,7.667024820383633e-06,4.1944201559066804e-05,0.9327752309285842
109,7Networks_LH_SalVentAttn_Med_3,7networks_lh_salventattn_med,7Networks_LH_SalVentAttn_Med,salience / ventral attention,medial,L,-1.5129011609785405,205.41324276402088,1.3605143250970242e-09,0.5285617112152533,-0.03898828979822515,1.6858938895399866,148.42059835712487,1.4908546738859156e-10,0.6019418381359545,9.848571464279294,0.0029335549873764004,3.0883675179702446e-08,3.231999635677e-09,0.020489753296444396
110,7Networks_LH_SalVentAttn_Med_4,7networks_lh_salventattn_med,7Networks_LH_SalVentAttn_Med,salience / ventral attention,medial,L,-2.0657265298425416,181.53657608498352,1.2263306576154085e-11,0.6114902227086518,-0.04648140367735803,1.7478412053355807,113.59058191527679,1.1468319397845236e-12,0.6764124306886599,10.63036370547989,0.0020730311111560695,7.953630265105649e-10,4.493857281260876e-11,0.016226829732152684
111,7Networks_LH_SalVentAttn_Med_5,7networks_lh_salventattn_med,7Networks_LH_SalVentAttn_Med,salience / ventral attention,medial,L,-1.4301155507213155,183.8479563675265,2.5802919111684295e-08,0.4682620956252903,-0.03316949639368506,1.2912764734331326,135.36115884692384,1.3977063598825784e-08,0.5170962226053903,5.85404795897744,0.01946365246669949,3.4454486107954914e-07,1.8387492953364135e-07,0.07126208241839974
112,7Networks_LH_SalVentAttn_Med_6,7networks_lh_salventattn_med,7Networks_LH_SalVentAttn_Med,salience / ventral attention,medial,L,-2.3272742994583435,196.43344847099377,1.1528301922753476e-12,0.6475570573333544,-0.06886029180559233,3.322369779441861,95.77424682502011,2.534762052445844e-16,0.773829491142354,27.79870533716171,3.329602742988626e-06,1.7446163576433593e-10,5.753909859052066e-14,0.00021594852075954805
113,7Networks_LH_SalVentAttn_Med_7,7networks_lh_salventattn_med,7Networks_LH_SalVentAttn_Med,salience / ventral attention,medial,L,-0.9126783301302523,111.73770232114535,0.0016449029528106266,0.17133338963224054,0.057170423117248514,-5.603226888426436,195.30878513025687,3.523899827049059e-05,0.32607764515049076,12.0216321085456,0.001134893073131283,0.005573029407283764,0.0001666510959875284,0.010734196983366718
114,7Networks_LH_Limbic_OFC_1,7networks_lh_limbic_ofc,7Networks_LH_Limbic_OFC,limbic,orbital frontal cortex,L,1.1200605329239823,-5.317226487395253,0.0001716604357656184,0.241578105513922,0.052596658040604725,-3.195233374164941,71.56797787044562,1.1379800625321695e-05,0.35772506582506636,9.680167632723593,0.003164113298584905,0.0007566392023067065,6.458036854870061e-05,0.02167230055787771
115,7Networks_LH_Limbic_OFC_2,7networks_lh_limbic_ofc,7Networks_LH_Limbic_OFC,limbic,orbital frontal cortex,L,0.17222256394346225,102.87612674480911,0.49859699409933755,-0.011039946532205747,0.026804872920583367,-2.0269837944754707,142.05918911150872,0.22437204816246825,0.021682389756439657,2.60548284668406,0.11318937840401942,0.6068714083675584,0.286943408072565,0.2556615810717653
116,7Networks_LH_Limbic_OFC_3,7networks_lh_limbic_ofc,7Networks_LH_Limbic_OFC,limbic,orbital frontal cortex,L,1.1093100238462745,37.03476789235531,5.509925595340863e-05,0.2750556378582554,0.044213297486750715,-2.5181708915683805,101.66526989076202,8.059711656534214e-06,0.3670843120210354,7.9794072792208235,0.006921756255120466,0.00028106811463873615,4.7520897299565365e-05,0.038322894388105995
117,7Networks_LH_Limbic_OFC_4,7networks_lh_limbic_ofc,7Networks_LH_Limbic_OFC,limbic,orbital frontal cortex,L,0.19198872315400906,42.524212131356215,0.49629432954197894,-0.010935023187197412,0.03595630154249887,-2.7580467876195294,95.08473013827923,0.12139022791912597,0.04692447532120503,3.913993546670199,0.053763531362440956,0.605692541967899,0.17893234894572463,0.15646566178556534
118,7Networks_LH_Limbic_OFC_5,7networks_lh_limbic_ofc,7Networks_LH_Limbic_OFC,limbic,orbital frontal cortex,L,-0.16391296855720094,76.30681231691612,0.5517339732611459,-0.013249493299335002,0.02512862296394445,-2.2255913642858585,113.03955131190084,0.32651537606231884,0.005938461995966371,1.9265239816277215,0.17168413134118268,0.6591769048962112,0.395248070129722,0.34488759127830504
119,7Networks_LH_Limbic_TempPole_1,7networks_lh_limbic_temppole,7Networks_LH_Limbic_TempPole,limbic,temporal pole,L,-0.20255582679078743,79.05227236180039,0.4447543446045804,-0.008360423087079072,0.035464724277746974,-3.1122598706142677,130.89420824076882,0.09316938638560604,0.05759515826120443,4.359350211822332,0.042251811979171924,0.5532012943848753,0.14242054349853583,0.13183283690151645
120,7Networks_LH_Limbic_TempPole_2,7networks_lh_limbic_temppole,7Networks_LH_Limbic_TempPole,limbic,temporal pole,L,-0.4362677324271915,87.85349643863229,0.09100247547932089,0.03874168764728514,0.031110179475614848,-2.988703057042696,133.33000760299552,0.043617884996719064,0.08754467619270279,3.56729659969059,0.06510790355671423,0.1620200935984772,0.0738899992108599,0.1728595802032062
121,7Networks_LH_Limbic_TempPole_3,7networks_lh_limbic_temppole,7Networks_LH_Limbic_TempPole,limbic,temporal pole,L,0.22634178845793018,60.19340829737413,0.38804126376348536,-0.00494686070057071,0.02906979346916745,-2.1586900236580995,102.6873060996206,0.16831277910182083,0.03357749567158297,2.913416851926888,0.0944451962640983,0.5000202156623642,0.23226140338062815,0.22332353699948243
122,7Networks_LH_Limbic_TempPole_4,7networks_lh_limbic_temppole,7Networks_LH_Limbic_TempPole,limbic,temporal pole,L,-0.729834974776598,95.46841187794824,0.012136909534562562,0.10577247046149651,0.0009728291350171656,-0.8096507614704138,96.89048258809312,0.04446469743043994,0.08679777698620306,0.0026466604425676864,0.9591883961175913,0.030275587520282435,0.07504450793092836,0.9763935691421222
123,7Networks_LH_Limbic_TempPole_5,7networks_lh_limbic_temppole,7Networks_LH_Limbic_TempPole,limbic,temporal pole,L,-0.05161045005189324,100.64196068414671,0.8519858685667424,-0.02008545290425623,0.05697390839326805,-4.726035953716141,183.92578047550322,0.005190392205715474,0.16656315190774162,11.749624343444147,0.001274877635241146,0.8912478901596799,0.0126012730555873,0.011676789703804043
124,7Networks_LH_Limbic_TempPole_6,7networks_lh_limbic_temppole,7Networks_LH_Limbic_TempPole,limbic,temporal pole,L,-0.685354523590658,131.37989493412996,0.013441413849755522,0.10236526487857867,0.009686370109040068,-1.4800729614251962,145.53932203583432,0.04212869271306546,0.08889249168039448,0.29021206871013705,0.5926272376950339,0.0328086122999409,0.07190385899147263,0.7311216465041994
125,7Networks_LH_Limbic_TempPole_7,7networks_lh_limbic_temppole,7Networks_LH_Limbic_TempPole,limbic,temporal pole,L,-0.6503330312425908,111.51904028314486,0.01904155738932667,0.09072118795875206,-0.025727357625725637,1.4604685623127396,73.91107768000504,0.023474580157045368,0.11128612689641881,2.1107253964212167,0.15291421297589508,0.04410646456507299,0.043499834250198356,0.31271645356331695
126,7Networks_LH_Limbic_TempPole_8,7networks_lh_limbic_temppole,7Networks_LH_Limbic_TempPole,limbic,temporal pole,L,-0.15195339423879406,82.69919412709267,0.516343208690156,-0.011821995967892018,0.0015365362555024298,-0.2780185434022693,84.94528557868858,0.8080296733560685,-0.03313948202085104,0.009582589428744421,0.9224353681052826,0.6251195113208823,0.8356388877076426,0.9539536608651442
127,7Networks_LH_Cont_Par_1,7networks_lh_cont_par,7Networks_LH_Cont_Par,control,parietal ,L,-0.8975659141256194,142.25424379117578,0.0007909777714857223,0.1946022980439015,-0.022739257977688568,0.9680769814190189,109.01425171391148,0.001516538924218252,0.20907638284760632,1.8784110823232252,0.17702538360190512,0.0029678008946654373,0.004559660076788652,0.35249791296168825
128,7Networks_LH_Cont_Par_2,7networks_lh_cont_par,7Networks_LH_Cont_Par,control,parietal ,L,-1.2768916574542102,148.31176059238396,2.3544284525048074e-05,0.2992677247958958,-0.024296270743895357,0.716496383002204,112.7957447300125,5.9569938040082545e-05,0.31085256619189405,1.8068990171452355,0.185333300020797,0.00012878439969122682,0.0002625704065067716,0.3626780957303528
129,7Networks_LH_Cont_Par_3,7networks_lh_cont_par,7Networks_LH_Cont_Par,control,parietal ,L,-0.7755905971524435,157.41627739597124,0.0015028201731383272,0.17422923712441185,-0.008236375081346878,-0.09983703163884972,145.3764367504242,0.005952767976690916,0.16168852354339291,0.2819443980019766,0.5979300257014637,0.005208247012250386,0.014002884256050134,0.7328200695782199
130,7Networks_LH_Cont_Par_4,7networks_lh_cont_par,7Networks_LH_Cont_Par,control,parietal ,L,-0.7948939451879382,147.97696499803442,0.002055101730457672,0.16416779780752488,-0.012292116697612765,0.21361302591061904,130.0084867810952,0.0068820935657607114,0.15649758260288527,0.5635219031632465,0.4565866973990188,0.006789646386051455,0.01594117591252736,0.6417658223503236
131,7Networks_LH_Cont_Par_5,7networks_lh_cont_par,7Networks_LH_Cont_Par,control,parietal ,L,-0.7418000012486496,138.6670822376982,0.022253322478093678,0.08550411263434243,-0.07625573872492264,5.5146036745549765,27.197299294499498,3.9307531617429814e-05,0.322936961312538,17.83266710090527,0.00010967189225953995,0.04976851431061345,0.00018209815667666465,0.0018441125587344866
132,7Networks_LH_Cont_Par_6,7networks_lh_cont_par,7Networks_LH_Cont_Par,control,parietal ,L,-0.6551306211961636,139.52499972411258,0.003520279677569804,0.1466861473683737,-0.00935323457122969,0.11225570448338651,125.8525464123323,0.011989189995778922,0.1363364354305967,0.4247920215773269,0.5177301721429617,0.010556745861344571,0.025316708177133166,0.6677542561162062
133,7Networks_LH_Cont_Temp_1,7networks_lh_cont_temp,7Networks_LH_Cont_Temp,control,temporal,L,-0.20935952589965634,137.5141855042641,0.24240959982195398,0.008114270008270252,-0.002664637444579579,0.00926070887496877,133.61904839673275,0.4961393290930335,-0.011917685278539647,0.04979044466230898,0.8243952966932409,0.3482720199973643,0.5631395230180811,0.8975430808123054
134,7Networks_LH_Cont_OFC_1,7networks_lh_cont_ofc,7Networks_LH_Cont_OFC,control,orbital frontal cortex,L,0.058390701319018135,114.91911689401913,0.7955091660680044,-0.01939096228717485,0.03805180314195965,-3.0635702819335044,170.5428156182859,0.0324533558821435,0.09895274635139273,7.304328648302548,0.009541907593227428,0.8497909679879389,0.05777970027644372,0.04703706390344179
135,7Networks_LH_Cont_PFCl_1,7networks_lh_cont_pfcl,7Networks_LH_Cont_PFCl,control,lateral prefrontal cortex,L,-0.321988952277654,130.83088464167656,0.07684657518299634,0.04426600986868379,-0.00698485633335072,0.25108373142655704,120.6205000544036,0.17946942411295158,0.030934492672760827,0.3396598882471477,0.5628115265580906,0.1418225411913835,0.24322124939486572,0.707961889516513
136,7Networks_LH_Cont_PFCl_2,7networks_lh_cont_pfcl,7Networks_LH_Cont_PFCl,control,lateral prefrontal cortex,L,-0.024267345412183117,119.28888471757625,0.9215873235761635,-0.02062513031950508,-0.01723666830629199,1.3899154656560375,94.09251645869323,0.57550891329141,-0.018327966922720762,1.108279303551753,0.2978387183011932,0.9437149707769734,0.632641759405085,0.49889342879963927
137,7Networks_LH_Cont_PFCl_3,7networks_lh_cont_pfcl,7Networks_LH_Cont_PFCl,control,lateral prefrontal cortex,L,-0.4473666066733102,147.31088868854053,0.07749273240987668,0.04399144178047154,0.005368810211294414,-0.887850752552449,155.15895519373822,0.20327231402950638,0.025785156031196355,0.10296817855386384,0.7497188777371376,0.14243603446997577,0.2658449665580184,0.8448531936941241
138,7Networks_LH_Cont_PFCl_4,7networks_lh_cont_pfcl,7Networks_LH_Cont_PFCl,control,lateral prefrontal cortex,L,0.042463598463748475,120.93111745487882,0.8496294375870335,-0.020061169942834578,-0.029773930766830797,2.4852663698680653,77.40791965442563,0.12722353922234134,0.04501904568885806,4.2711127234726725,0.044299396683758575,0.8912478901596799,0.18512656027866334,0.13407950729617596
139,7Networks_LH_Cont_PFCl_5,7networks_lh_cont_pfcl,7Networks_LH_Cont_PFCl,control,lateral prefrontal cortex,L,-0.7058490425279977,161.10110047604493,0.004221951615013142,0.14073492023705803,-0.008316935357126728,-0.023485907506048065,148.94349772360363,0.015196219340430053,0.12758069542587547,0.2762622426781558,0.6016327778910256,0.012366232472361073,0.030658846683190043,0.7328200695782199
140,7Networks_LH_Cont_PFCl_6,7networks_lh_cont_pfcl,7Networks_LH_Cont_PFCl,control,lateral prefrontal cortex,L,-0.20735496986550084,149.6374315426202,0.30674045184946347,0.0013709447172435274,-0.019348796306775676,1.3801174271008225,121.35357827999893,0.21057010192019104,0.024321819884600138,2.1291038689651005,0.15117673043556026,0.4181986941130823,0.2739221383145179,0.3105621521164903
141,7Networks_LH_Cont_PFCl_7,7networks_lh_cont_pfcl,7Networks_LH_Cont_PFCl,control,lateral prefrontal cortex,L,0.5191760823962621,77.5184282779938,0.018441792099932307,0.09179213372914308,0.015117539194065652,-0.7211427364147207,99.61707738657542,0.03663004316655841,0.09429884566347624,1.1328497510154385,0.29260608289681256,0.04293627494035522,0.06396169076006737,0.4920380306562318
142,7Networks_LH_Cont_PFCl_8,7networks_lh_cont_pfcl,7Networks_LH_Cont_PFCl,control,lateral prefrontal cortex,L,-0.4406953283046864,126.5629813738544,0.04505195653683628,0.061930960403299484,-0.041345661549070545,2.951510336730674,66.12435740165515,0.001542219105636536,0.20851103594680187,9.889376789358773,0.0028804020530141163,0.09010391307367256,0.004606364960256496,0.020489753296444396
143,7Networks_LH_Cont_PFCv_1,7networks_lh_cont_pfcv,7Networks_LH_Cont_PFCv,control,ventral prefrontal cortex,L,-0.17662104197016482,115.08100490532314,0.4380863261248872,-0.007993172057042752,0.031144855527827878,-2.7319013640134715,160.60820513359326,0.08380313165626245,0.06183438973412847,4.572634649255969,0.03771486339415056,0.5464043737931286,0.12985195144007902,0.12058132380946729
144,7Networks_LH_Cont_pCun_1,7networks_lh_cont_pcun,7Networks_LH_Cont_pCun,control,precuneus,L,-0.8397305118578217,118.65033660058675,0.006878546925268156,0.12464747369333284,-0.05088591011266221,3.335205045764977,44.265884361693054,0.000854513444068699,0.22814971492570957,7.436620773775984,0.008955624140929154,0.0183839235278296,0.002771065025765638,0.04568374561777344
145,7Networks_LH_Cont_pCun_2,7networks_lh_cont_pcun,7Networks_LH_Cont_pCun,control,precuneus,L,-0.8351741623279956,149.4876741614258,0.0020638132186676225,0.16403127224572212,-0.024940306902404785,1.2110538381999323,113.03021347146428,0.0031641927637861143,0.18393184299395593,2.1705240398298673,0.1473444708114425,0.006789646386051455,0.008550854254517237,0.3040654079472495
146,7Networks_LH_Cont_Cing_1,7networks_lh_cont_cing,7Networks_LH_Cont_Cing,control,cingulate,L,-0.5783038352918448,134.60809683847094,0.022041828686663534,0.08582378175224437,0.021323740338422742,-2.327810556568716,165.7789011189914,0.031973231879399336,0.09952405172717638,1.7302948624647743,0.19475441227394713,0.04953955556309527,0.057374890408092086,0.3710299975543062
147,7Networks_LH_Cont_Cing_2,7networks_lh_cont_cing,7Networks_LH_Cont_Cing,control,cingulate,L,-0.7882682565353822,155.85949910184752,0.0006245552590307744,0.20200875883249902,0.03967786594335651,-4.043639596278507,213.86015817761762,5.330543354280541e-05,0.31410330438758494,8.844531430261554,0.004627845299549337,0.0023827570386552237,0.0002372614394944476,0.028781394054731492
148,7Networks_LH_Cont_PFCmp_1,7networks_lh_cont_pfcmp,7Networks_LH_Cont_PFCmp,control,medial posterior prefrontal cortex,L,-2.1256511924082893,166.6823914049503,1.3453781282108567e-07,0.43124693992930885,-0.1095663868989174,6.863725308312297,6.519476853037212,3.1487145911202163e-13,0.6937303979114147,42.13763134578696,4.838854529186865e-08,1.3881856141084749e-06,1.4295164243685782e-11,7.322799854169455e-06
149,7Networks_LH_Default_Temp_1,7networks_lh_default_temp,7Networks_LH_Default_Temp,default,temporal,L,-0.2790005226134369,121.00603834894312,0.23984231669166786,0.008427292446467116,0.020174016092620733,-1.934178094138793,150.49618863191466,0.22104440326705133,0.022304235612523593,1.681288900119172,0.20108340787086446,0.34699608715034064,0.28509704285011733,0.3756866961867179
150,7Networks_LH_Default_Temp_2,7networks_lh_default_temp,7Networks_LH_Default_Temp,default,temporal,L,-0.08552153009054297,112.9932074895477,0.7564634685319235,-0.018768526938393704,-0.0005522772827367406,-0.04020992889755792,112.18589475662358,0.9531095406064936,-0.040424768167164116,0.0008892417928706998,0.9763367516979493,0.8255634969074357,0.9593562770267942,0.9806568258205066
151,7Networks_LH_Default_Temp_3,7networks_lh_default_temp,7Networks_LH_Default_Temp,default,temporal,L,0.3535330643847019,93.86806417849738,0.16035823630818535,0.020652133939107142,-0.0362065566325612,3.3241007592474396,40.94172608988341,0.0321717742826534,0.0992868142681741,5.190528922620889,0.027299431770535947,0.2510435837376419,0.05750388001702616,0.09318753401370918
152,7Networks_LH_Default_Temp_4,7networks_lh_default_temp,7Networks_LH_Default_Temp,default,temporal,L,0.15643718971547882,127.77685967021418,0.417363373560795,-0.00679631860477814,-0.009141273032264322,0.9064331265051369,114.41424935695208,0.5614959125133518,-0.017260356322467585,0.5062485160978131,0.48028406694366843,0.530764626321011,0.6199390527947741,0.6489647430622011
153,7Networks_LH_Default_Temp_5,7networks_lh_default_temp,7Networks_LH_Default_Temp,default,temporal,L,-0.5625579961013616,136.05070351102984,0.018090885357941466,0.09243491978205076,-0.056597937489605565,4.081020966922213,53.31647376659862,2.556039714547162e-05,0.3352236407878564,18.530494950347197,8.424308116108469e-05,0.04233640181703827,0.00012996436180379942,0.001529854353885298
154,7Networks_LH_Default_Temp_6,7networks_lh_default_temp,7Networks_LH_Default_Temp,default,temporal,L,-0.07826947147005692,144.86069357552228,0.6881592785939977,-0.017377477555051035,-0.0382487546878854,3.059850405480123,88.94909329208275,0.008323826533707997,0.14964292506842158,10.427779884787524,0.002266776215395977,0.7733275061427598,0.018363841426311207,0.01744265087779277
155,7Networks_LH_Default_Temp_7,7networks_lh_default_temp,7Networks_LH_Default_Temp,default,temporal,L,0.29026852674265124,101.66548019923843,0.09136571545966717,0.03861207033057379,-0.013422683084901688,1.3915328406910197,82.04435272728885,0.12051937642206158,0.04721643023618838,1.4334764878154742,0.23720177154327662,0.1620313860105035,0.17893234894572463,0.42397482000254955
156,7Networks_LH_Default_Temp_8,7networks_lh_default_temp,7Networks_LH_Default_Temp,default,temporal,L,-0.41008024789457664,109.80656532922438,0.15819657194575829,0.021075400890568474,0.05133386975790692,-4.621768663964192,184.8458399494581,0.008156757710157149,0.1503762793204042,8.304930422219993,0.00594215163842078,0.24856356347832403,0.01824220689857806,0.03372171054803793
157,7Networks_LH_Default_Temp_9,7networks_lh_default_temp,7Networks_LH_Default_Temp,default,temporal,L,-0.08032596833062122,130.08503322887617,0.6525026105452203,-0.016485326211937767,0.03359351055553535,-2.836506243246804,179.19164989196608,0.012185593287659932,0.13573905276780063,9.454356539454226,0.00350370561654205,0.7502759482445531,0.025612311817581526,0.023053367390001314
158,7Networks_LH_Default_Temp_10,7networks_lh_default_temp,7Networks_LH_Default_Temp,default,temporal,L,0.6672652155676406,75.77179903820465,0.005718355820683458,0.13075277159221366,-0.0211175839602796,2.3998578324955657,44.902351837270906,0.00896165652186971,0.1469670457582407,1.9123740836731256,0.17323494269486225,0.01612505305956702,0.019466947659946644,0.3464698853897245
159,7Networks_LH_Default_Par_1,7networks_lh_default_par,7Networks_LH_Default_Par,default,parietal,L,0.21719615914475643,108.00354023631864,0.2635822095662399,0.0056749968757587865,0.005981081783981143,-0.2735218206988863,116.74661845408875,0.48438100162620845,-0.010885410118370187,0.2136600966225171,0.6460463832359867,0.37279228393480657,0.5539268885095684,0.7698295485279212
160,7Networks_LH_Default_Par_2,7networks_lh_default_par,7Networks_LH_Default_Par,default,parietal,L,0.34217500272791934,112.1246327326915,0.10347625844874694,0.03457626708035666,0.00825691214943762,-0.3352635269658766,124.19449423385608,0.22583814278732253,0.021411214285621316,0.35425119991950754,0.5545715223851042,0.17999318519437207,0.2880070697343945,0.7013244322084604
161,7Networks_LH_Default_Par_3,7networks_lh_default_par,7Networks_LH_Default_Par,default,parietal,L,-0.04189373185073686,137.19734061492704,0.8246316142844096,-0.019778655118437793,0.010950677775469653,-0.9403423185745234,153.20491847232307,0.6710042171524492,-0.025002272989586016,0.7553823397056424,0.3891943190184829,0.8726870696622889,0.710107027009818,0.5793253142111188
162,7Networks_LH_Default_Par_4,7networks_lh_default_par,7Networks_LH_Default_Par,default,parietal,L,-0.08578507826749027,128.59254566000584,0.7080586661900361,-0.01782437051667629,-0.000548663355827636,-0.04076998178321478,127.79051572487326,0.9323882459357726,-0.039452070062697464,0.0012722970993793107,0.9716971359843751,0.787888809927148,0.9406761414552017,0.978498732477967
163,7Networks_LH_Default_Par_5,7networks_lh_default_par,7Networks_LH_Default_Par,default,parietal,L,-0.7154303441199446,160.28207632798043,0.0010404094833805343,0.1859457167356583,0.030315108783640576,-3.202634077212391,204.59636207900644,0.00038983976734712573,0.25350045532479026,5.343776865515922,0.025228312708373845,0.003748777027418751,0.0013827129248093364,0.08876438895092295
164,7Networks_LH_Default_Par_6,7networks_lh_default_par,7Networks_LH_Default_Par,default,parietal,L,-0.8611230398560912,160.72394192926237,0.00021049379226262724,0.23543606792738836,-0.024516687331908912,1.1503490841659003,124.88572357257627,0.00025669621256641857,0.26665630768164816,3.043477736158035,0.08759878423458954,0.0009101350636879312,0.000955246561517656,0.2149721515811008
165,7Networks_LH_Default_Par_7,7networks_lh_default_par,7Networks_LH_Default_Par,default,parietal,L,-0.5989027129802067,146.84812919732082,0.019439628454980696,0.09002878915650547,-0.02553391510822109,1.496027885187658,109.52293869499265,0.020315503703613347,0.11673527629950886,2.451333160338976,0.12413400696459245,0.044799955931782924,0.038916618909031475,0.2670940244640994
166,7Networks_LH_Default_PFC_1,7networks_lh_default_pfc,7Networks_LH_Default_PFC,default,prefrontal cortex,L,-0.9445573355919636,143.9280837339461,8.187609932963672e-05,0.2635321307920895,-0.053847173224388534,3.4733351158596224,65.21489031673164,2.0060560770255448e-07,0.45913168037435514,18.358713829730455,8.986783844015339e-05,0.00040374707581882505,1.7183952056030138e-06,0.001569230717378063
167,7Networks_LH_Default_PFC_2,7networks_lh_default_pfc,7Networks_LH_Default_PFC,default,prefrontal cortex,L,0.23482575331207545,109.32261691773206,0.23394791814565857,0.009161247022404728,-0.0365054076853608,3.2299126890413685,55.959421714559355,0.007419960083035748,0.15379222319501462,9.203997938304438,0.003925658385094267,0.34151882584607396,0.017013443826758734,0.02510209727933517
168,7Networks_LH_Default_PFC_3,7networks_lh_default_pfc,7Networks_LH_Default_PFC,default,prefrontal cortex,L,-0.08718653034324397,118.90913606399677,0.6310265325520134,-0.015888236260178212,0.02113308825507801,-1.8210511974615473,149.80124726903904,0.18846295744214528,0.0289160518512378,3.214644607654989,0.07941865692674394,0.73646798400672,0.2501818206980525,0.20370661155221328
169,7Networks_LH_Default_PFC_4,7networks_lh_default_pfc,7Networks_LH_Default_PFC,default,prefrontal cortex,L,0.5382455833995301,79.82778435754993,0.02567410874253377,0.08071748376459864,0.05113435724501143,-3.6570738243840326,154.575413825841,0.0002255315367523674,0.270684316142236,13.502690064053152,0.0006095927450390158,0.05550497794814444,0.0008462092370708661,0.007283029111781926
170,7Networks_LH_Default_PFC_5,7networks_lh_default_pfc,7Networks_LH_Default_PFC,default,prefrontal cortex,L,0.18233133789033684,109.02773512031932,0.3739066578085515,-0.003983310656840544,-0.004686029282411783,0.5667967082038396,102.17775011315497,0.6379353999025077,-0.02280030232919783,0.11691891543610615,0.7339247678601976,0.4851169213451278,0.6830723385748549,0.8322480941290458
171,7Networks_LH_Default_PFC_6,7networks_lh_default_pfc,7Networks_LH_Default_PFC,default,prefrontal cortex,L,0.17100545859163652,95.41663104458718,0.33009179972280156,-0.0006517409788628914,-0.03150281556245753,2.7556546191499294,49.36616885558084,0.012557251875639863,0.13463341753740865,8.503973160486307,0.005416433223127734,0.44076963845338796,0.026271854154564504,0.031631119556192584
172,7Networks_LH_Default_PFC_7,7networks_lh_default_pfc,7Networks_LH_Default_PFC,default,prefrontal cortex,L,-0.3186008605609316,135.50408276119853,0.1539322569050111,0.021929441733467225,0.014316958891147369,-1.493236051703918,156.43245256900767,0.22884562970532657,0.02086017160166076,0.9475815763610952,0.3353192009335265,0.24350259454660292,0.2910249744711996,0.5322899203630106
173,7Networks_LH_Default_PFC_8,7networks_lh_default_pfc,7Networks_LH_Default_PFC,default,prefrontal cortex,L,-0.5752223571911098,112.89098544158173,0.025091861130970367,0.0814853303509524,-0.07159747882931028,5.298994288218787,8.230594527618148,8.686369503600948e-07,0.4243262221861194,29.586264378031963,1.878191626382639e-06,0.05498042780044389,6.46493730268005e-06,0.00014211649972961968
174,7Networks_LH_Default_PFC_9,7networks_lh_default_pfc,7Networks_LH_Default_PFC,default,prefrontal cortex,L,-1.2266882076404113,164.4358048564069,4.032854761228198e-06,0.3472309405693538,-0.017101706740412434,0.17642167893742755,139.43672189966438,1.5237860150903139e-05,0.3496962416890791,1.181967968406298,0.2824998845445884,2.6925236199964732e-05,8.235700605369078e-05,0.4858141953910725
175,7Networks_LH_Default_PFC_10,7networks_lh_default_pfc,7Networks_LH_Default_PFC,default,prefrontal cortex,L,-0.6182614759770297,157.08946899014774,0.011449719040743388,0.10771617845275538,0.04195575123316239,-4.0605219618814585,218.41991521466093,0.0009674184622848084,0.22406294313728026,8.19729088263566,0.006248725152535788,0.02890374642751584,0.003114950226080163,0.035023718756188246
176,7Networks_LH_Default_PFC_11,7networks_lh_default_pfc,7Networks_LH_Default_PFC,default,prefrontal cortex,L,0.40686838525032354,60.320473164482905,0.14923808528819846,0.02290024641569577,-0.03722990376241124,3.4613966167477095,5.898217727911572,0.04559524413467633,0.08582157254278677,4.303757300969268,0.043529548997865396,0.2392638015274791,0.07666755865608539,0.13263365936262342
177,7Networks_LH_Default_PFC_12,7networks_lh_default_pfc,7Networks_LH_Default_PFC,default,prefrontal cortex,L,-0.5678646692971361,152.95069925043546,0.004263706273154521,0.14041204638060423,-0.024079418297741975,1.4077317076870335,117.75167585981222,0.002780983993244269,0.18840248055223807,3.838279793912922,0.05604191486297388,0.012408478512898412,0.007698577639834745,0.1580290580703519
178,7Networks_LH_Default_PFC_13,7networks_lh_default_pfc,7Networks_LH_Default_PFC,default,prefrontal cortex,L,-2.349381275888639,195.53915972398465,6.421636468214636e-10,0.5428532337526755,-0.10622004587777,6.365444605884813,40.26788891611554,2.108990268507639e-17,0.7965375010480635,60.84810416122501,5.063652367163204e-10,1.6196794203163582e-08,9.57481581902468e-15,1.1494490873460473e-07
179,7Networks_LH_Default_PFC_14,7networks_lh_default_pfc,7Networks_LH_Default_PFC,default,prefrontal cortex,L,-0.15109717240887455,123.67696329777417,0.41190823885842787,-0.006466621598282485,-0.004341474123487621,0.2050991626968548,117.33064515450035,0.6735786018666792,-0.025169308484114028,0.12431150338732068,0.7259808121680655,0.5252987091059726,0.7111736866220287,0.8260533551987513
180,7Networks_LH_Default_PFC_15,7networks_lh_default_pfc,7Networks_LH_Default_PFC,default,prefrontal cortex,L,-0.5516276147156067,131.11607909827526,0.01275607898134388,0.10411226911600657,0.010367868266909483,-1.402259583141304,146.27171255774527,0.03583796706115151,0.09514098303282381,0.524100745068456,0.4726858526112271,0.03164622872967279,0.06282022025391037,0.6473106990477212
181,7Networks_LH_Default_PFC_16,7networks_lh_default_pfc,7Networks_LH_Default_PFC,default,prefrontal cortex,L,-0.6131065141885408,136.36045098699935,0.06279531064625246,0.05091382644571685,0.026310698847379715,-2.771768350453777,174.82113524029745,0.08573068367830299,0.060926108638851395,1.5117696804176624,0.2249889946911508,0.12029143895948785,0.13235293280705926,0.40695220553698197
182,7Networks_LH_Default_PFC_17,7networks_lh_default_pfc,7Networks_LH_Default_PFC,default,prefrontal cortex,L,-0.08235911093735626,114.91166790670229,0.719076740125517,-0.018056762341407184,-0.0126454633879695,0.9551381967489156,96.42667146390389,0.667189691266252,-0.024753641015695438,0.6863146774992472,0.41160801317114415,0.7962459512609383,0.707719906156258,0.5965870406047683
183,7Networks_LH_Default_PFC_18,7networks_lh_default_pfc,7Networks_LH_Default_PFC,default,prefrontal cortex,L,-1.0109684190026553,117.5234946311273,7.76579544107794e-05,0.26508001840589923,-0.014082524022250097,0.14443255842706315,96.93781908328094,0.00029666928223282565,0.2621260780696414,0.8078409713011273,0.373341102432711,0.0003874363879394928,0.0010950232043390475,0.564989535014836
184,7Networks_LH_Default_PFC_19,7networks_lh_default_pfc,7Networks_LH_Default_PFC,default,prefrontal cortex,L,-0.3687081196796662,131.10498716488343,0.15294741215276106,0.022130393140742943,0.024800676615569908,-2.4034801504088437,167.35833786881506,0.12491611096125774,0.04576255585720934,2.188743763256313,0.14569457870640526,0.24279064726347385,0.1829416592787452,0.3034189850124219
185,7Networks_LH_Default_PFC_20,7networks_lh_default_pfc,7Networks_LH_Default_PFC,default,prefrontal cortex,L,-0.7550557153633837,140.88645286684005,0.00030946718103454294,0.22371923007398298,-0.0017828626996043706,-0.6087807079505181,138.28028418412168,0.001588511004023946,0.20751432019854665,0.018486145748634095,0.8924306156210715,0.0012772554562698408,0.00471362088775733,0.9400545231832168
186,7Networks_LH_Default_PFC_21,7networks_lh_default_pfc,7Networks_LH_Default_PFC,default,prefrontal cortex,L,-1.229448782236567,157.27659251101144,2.4777065483374292e-08,0.46914181036974445,-0.004682336428249709,-0.8452863922198741,150.43200567661148,1.9766338837676972e-07,0.45947163707181826,0.14126926515764124,0.7087136339223721,3.4087235543793724e-07,1.7183952056030138e-06,0.818717531299636
187,7Networks_LH_Default_PFC_22,7networks_lh_default_pfc,7Networks_LH_Default_PFC,default,prefrontal cortex,L,-1.1836076789139574,151.94428028420094,1.0038401777695121e-05,0.322823366640396,-0.004382101672938357,-0.8240780556652814,145.53857324516025,6.239549643219004e-05,0.30949222516777464,0.07329821037670131,0.7877792069401721,6.076579209431447e-05,0.00027238034019436803,0.8723213657337515
188,7Networks_LH_Default_PFC_23,7networks_lh_default_pfc,7Networks_LH_Default_PFC,default,prefrontal cortex,L,-0.34142622198572736,117.36682863191646,0.10653108177406884,0.033637169643800036,-0.03280342776238168,2.349931693670383,69.41514612765243,0.015016267467193891,0.12802282784772379,6.195676834756819,0.016403990397459007,0.18351626578162342,0.030434756384401903,0.06476010122127294
189,7Networks_LH_Default_PFC_24,7networks_lh_default_pfc,7Networks_LH_Default_PFC,default,prefrontal cortex,L,-1.7191952658639367,155.94142040008896,4.5009861987511556e-10,0.5494703127189945,-0.02812657335325941,0.5884500321493241,114.82631117619684,7.032220636382415e-10,0.5747808685460041,3.85713080580876,0.05546491923342528,1.362298489488683e-08,1.3594404378792805e-08,0.1580290580703519
190,7Networks_LH_Default_pCunPCC_1,7networks_lh_default_pcunpcc,7Networks_LH_Default_pCunPCC,default,precuneus posterior cingulate cortex,L,-0.6666392469106417,115.91678435845978,0.014479716814368573,0.09987992545152036,0.017002184269256364,-2.0615838102644877,140.77038648394577,0.03268604655370194,0.0986787701947156,0.9360322930160215,0.33825266811912047,0.03459890228275438,0.05796666068508078,0.5336676538332464
191,7Networks_LH_Default_pCunPCC_2,7networks_lh_default_pcunpcc,7Networks_LH_Default_pCunPCC,default,precuneus posterior cingulate cortex,L,0.06573384717442998,132.75366719077522,0.7648296437009556,-0.01891205594683698,0.03579753885514962,-2.87127597560076,185.08210768334652,0.04129391531408717,0.08966811034819377,6.725217408515664,0.012633105925323187,0.8326512760046813,0.07128303251937482,0.05524898913659197
192,7Networks_LH_Default_pCunPCC_3,7networks_lh_default_pcunpcc,7Networks_LH_Default_pCunPCC,default,precuneus posterior cingulate cortex,L,-0.46614766108473393,140.5960285083452,0.029857571359580583,0.07566600895543996,0.05171508374112868,-4.709112786367007,216.1925574503543,3.3509522921051174e-05,0.32751926159568234,18.97665782281984,7.128882167928895e-05,0.06246699261405339,0.00016014024638060247,0.0014071793496694429
193,7Networks_LH_Default_pCunPCC_4,7networks_lh_default_pcunpcc,7Networks_LH_Default_pCunPCC,default,precuneus posterior cingulate cortex,L,0.11904521168363957,85.41158398486589,0.6498702640953649,-0.016414623808436613,-0.0034230482601955575,0.39988927766005933,80.40781045977343,0.8861609367583199,-0.03720527250714145,0.03784606192217192,0.8465910480568758,0.7502759482445531,0.905097368763592,0.9130691866117864
194,7Networks_LH_Default_pCunPCC_5,7networks_lh_default_pcunpcc,7Networks_LH_Default_pCunPCC,default,precuneus posterior cingulate cortex,L,-0.46415035323222087,147.5705918187127,0.05242610406052743,0.05689091989299455,-0.003063094299237859,-0.21283871749790428,143.09299495348105,0.1526031475011103,0.037598606875664964,0.03779126729487469,0.8467007215056434,0.10128277124884874,0.21335357649032535,0.9130691866117864
195,7Networks_LH_Default_pCunPCC_6,7networks_lh_default_pcunpcc,7Networks_LH_Default_pCunPCC,default,precuneus posterior cingulate cortex,L,-0.15732565723134107,157.54424174317353,0.4208697479619954,-0.007004935341347496,0.004952821079314815,-0.5636799660919127,164.78422000447154,0.6755610001803167,-0.025297517694694793,0.14362032697115854,0.7064148234835559,0.5317049546150132,0.7116118192154612,0.8181436986263632
196,7Networks_LH_Default_pCunPCC_7,7networks_lh_default_pcunpcc,7Networks_LH_Default_pCunPCC,default,precuneus posterior cingulate cortex,L,0.025729909170916,153.27353394589213,0.8754407314500707,-0.020305437980238317,0.008088161005629646,-0.6378634294058436,165.0967169191684,0.7537865213884214,-0.030088997314851706,0.5441065293527317,0.4644027703970769,0.9074203015487035,0.7849061484182186,0.6438459467309838
197,7Networks_LH_Default_pCunPCC_8,7networks_lh_default_pcunpcc,7Networks_LH_Default_pCunPCC,default,precuneus posterior cingulate cortex,L,-0.6529064440389938,166.33362744699275,0.0015404605298473422,0.17343691931925898,-0.022000587589549536,1.1521322240883434,134.17341545197826,0.0016478087083534577,0.2062774409030168,2.986015161032826,0.09055260064918415,0.0052584141394788975,0.0048578256726783745,0.21637305628805056
198,7Networks_LH_Default_pCunPCC_9,7networks_lh_default_pcunpcc,7Networks_LH_Default_pCunPCC,default,precuneus posterior cingulate cortex,L,-1.1155006726514054,172.01108390166402,5.779154401947609e-09,0.49979739425137204,-0.02055063892105234,0.5705769266961109,141.9703905954554,7.564092190709104e-09,0.5295500728252858,4.035665411034258,0.05031171874549892,9.370486066015052e-08,1.107773501478043e-07,0.14929098242128436
199,7Networks_LH_Default_pCunPCC_10,7networks_lh_default_pcunpcc,7Networks_LH_Default_pCunPCC,default,precuneus posterior cingulate cortex,L,-0.837888227708872,124.34820856237549,0.00012979939795719234,0.2499308062111698,-0.017366144661745887,0.5869174736458667,98.9625732203846,0.0003118078459774856,0.2605617267051611,1.6900970671126165,0.19992779160858032,0.0006013155782914829,0.0011324860965902278,0.37507114624089033
200,7Networks_LH_Default_pCunPCC_11,7networks_lh_default_pcunpcc,7Networks_LH_Default_pCunPCC,default,precuneus posterior cingulate cortex,L,-0.6512122087833265,166.13664593354076,0.000799543047949583,0.19426340932445285,-0.02106741398954884,1.077264211848549,135.34053663269373,0.0008432912677791175,0.228583793879666,3.1355248250945587,0.08308889236133654,0.0029753487194189403,0.002754347018501578,0.21073942531869713
201,7Networks_RH_Vis_1,7networks_rh_vis,7Networks_RH_Vis,visual,visual,R,-0.8664613391000211,132.27957513212363,0.0002747885675352886,0.22734774847674066,0.019166297801999715,-2.438960642431569,160.29665412889864,0.0006189612583750581,0.23866943929886741,1.7138044727399586,0.1968569680643123,0.0011551297190835281,0.002128851600774821,0.3723877645883241
202,7Networks_RH_Vis_2,7networks_rh_vis,7Networks_RH_Vis,visual,visual,R,-0.11379865770810027,111.41358696198495,0.6543780975867399,-0.01653528419070116,0.05608477708947861,-4.715275364989074,193.39768459342713,0.001954300491738964,0.20049486417428408,14.029868921054927,0.0004908585032462181,0.7502759482445531,0.00554532764530931,0.006367136013536657
203,7Networks_RH_Vis_3,7networks_rh_vis,7Networks_RH_Vis,visual,visual,R,-0.3356841141419029,112.29988083931968,0.11917749367530765,0.030033189220400658,0.024356485819001475,-2.3340125016925173,147.9039184226026,0.06718756442575152,0.07061507876257556,3.0959353369224485,0.08499604115157423,0.19892125782569733,0.10816721364996876,0.21437890379341504
204,7Networks_RH_Vis_4,7networks_rh_vis,7Networks_RH_Vis,visual,visual,R,-0.9873613157229717,139.2484408649242,0.0002993965289094128,0.22473062380682252,0.01306968158122318,-2.0596636139317575,158.35355470102547,0.0011590783630826677,0.21807184371705168,0.591239371877356,0.4457871477236992,0.0012470277442648936,0.0036798711667100077,0.6324605158329982
205,7Networks_RH_Vis_5,7networks_rh_vis,7Networks_RH_Vis,visual,visual,R,-0.6428382471177461,155.82400588369245,0.01738002687213295,0.09377599639126277,0.05672957631932605,-5.297217520674076,238.75066379184136,0.00017485886988147237,0.2785394460516757,13.29262713694401,0.000664986344961363,0.04088358652822984,0.0006785121959503287,0.007714006552199876
206,7Networks_RH_Vis_6,7networks_rh_vis,7Networks_RH_Vis,visual,visual,R,-0.145773571557962,134.52814280716984,0.5777101099476615,-0.014194191051112082,0.03438043347646473,-2.9665169539516905,184.78507456333682,0.11632528931998061,0.04865141860438027,4.170855901249502,0.046757924815543084,0.6830218487402039,0.17429597805700064,0.13965853859379315
207,7Networks_RH_Vis_7,7networks_rh_vis,7Networks_RH_Vis,visual,visual,R,-0.9349131624164922,104.19803789496531,0.0025852471598618184,0.15674040094831576,-0.02300466236481516,0.9525048416112287,70.57008066360449,0.005677247849518009,0.16337734607492982,1.3807850105216208,0.24588632134764377,0.008265508525192011,0.013492496444803227,0.4343853093872487
208,7Networks_RH_Vis_8,7networks_rh_vis,7Networks_RH_Vis,visual,visual,R,-0.20783269893882705,109.68513806186586,0.3393616828278264,-0.001403950213808347,0.010223974864749186,-1.0466589301799845,124.63042976117488,0.4966455472590713,-0.011961598910104287,0.49922295671298805,0.4833299739839728,0.45049767252582806,0.5631395230180811,0.6497372215022216
209,7Networks_RH_Vis_9,7networks_rh_vis,7Networks_RH_Vis,visual,visual,R,0.22251004721780054,130.43635683902684,0.2672580712202051,0.0052755925431199335,-0.04191128171383296,3.661122030480483,69.17091565872451,0.0022379887146678316,0.19587008759874758,12.376937509203259,0.000975940778194676,0.3744912479443615,0.00631085016434283,0.00990627687238441
210,7Networks_RH_Vis_10,7networks_rh_vis,7Networks_RH_Vis,visual,visual,R,-0.7161134956102773,123.42516627710813,0.00301787519597061,0.1517099096982496,-0.010224364046017814,0.1227446660162741,108.47930567698808,0.01035590070916129,0.1417019382372765,0.4403079168789897,0.5102157459276898,0.009384351636785321,0.022177259065845403,0.6666035163275356
211,7Networks_RH_Vis_11,7networks_rh_vis,7Networks_RH_Vis,visual,visual,R,0.36789033528855164,81.30555462858851,0.22962507535410687,0.009713521067229447,0.048980768244195096,-3.6507378179589987,152.9050918682301,0.02277509110662055,0.11242939999525436,6.554895789156198,0.013733491647346843,0.33737794242965863,0.04237660394428578,0.05741750640949156
212,7Networks_RH_Vis_12,7networks_rh_vis,7Networks_RH_Vis,visual,visual,R,-1.0627193547435465,126.13029569283538,0.0003699200748788038,0.21824627368430882,0.013853841106600193,-2.1993580375840973,146.38168512141297,0.0014363998504483364,0.21090150375852112,0.5532256643283232,0.4607050526656927,0.0015130064323871796,0.004376681423513723,0.6438459467309838
213,7Networks_RH_Vis_13,7networks_rh_vis,7Networks_RH_Vis,visual,visual,R,-0.037401027222438765,103.35364497943002,0.8664121027444835,-0.02022540774766135,-0.03641404943396649,2.9501904188637713,50.12399624270411,0.04114747347869905,0.08980572015463317,6.80260089110581,0.01216456294415876,0.9021814097385218,0.07128303251937482,0.055227115766480775
214,7Networks_RH_Vis_14,7networks_rh_vis,7Networks_RH_Vis,visual,visual,R,-0.5828668075378693,126.13117520701634,0.02115841478582899,0.08719303238845111,0.013421697488474965,-1.6840502582067582,145.7508619451709,0.051771503954480186,0.08086631886001827,0.669599476554796,0.4173208165303479,0.0482709563455596,0.08454770789688491,0.5976771315608137
215,7Networks_RH_Vis_15,7networks_rh_vis,7Networks_RH_Vis,visual,visual,R,0.30061265620907407,114.7058161028414,0.20168283607284734,0.013603273303688379,-0.049073540785601,4.326852334553301,42.97066500348734,0.0018472639900406814,0.20240888812004632,12.362550780968602,0.0009818996899940494,0.30020986090843504,0.0052745776822545245,0.00990627687238441
216,7Networks_RH_Vis_16,7networks_rh_vis,7Networks_RH_Vis,visual,visual,R,0.007156048669377579,150.57038759822643,0.9670340864287915,-0.020796628208838097,0.0006939785508245366,-0.04978143602230567,151.58483765432837,0.9973795069654687,-0.04243678993521538,0.0035580354654869938,0.9526878868394039,0.9719743969911238,0.9973795069654687,0.9741448212276786
217,7Networks_RH_Vis_17,7networks_rh_vis,7Networks_RH_Vis,visual,visual,R,-0.45384548656512425,115.63111502782726,0.11592590259696504,0.03091932962612809,0.030990247637419463,-2.9964410010118705,160.93231117727925,0.07650518652027453,0.06546470916795177,2.774334510718387,0.1024390908451549,0.1956518950893016,0.12060192597293276,0.23849921663436063
218,7Networks_RH_Vis_18,7networks_rh_vis,7Networks_RH_Vis,visual,visual,R,-0.793946086068084,157.11638167552306,0.0004583472699760821,0.21163220756916468,0.03582056209109276,-3.732844850716906,209.47847727597429,7.765272325203176e-05,0.30303451308786955,7.294875065242591,0.009585336267906292,0.001841501420965852,0.00032642904033724465,0.04703706390344179
219,7Networks_RH_Vis_19,7networks_rh_vis,7Networks_RH_Vis,visual,visual,R,-0.23532314617238148,161.08849598100136,0.24475652436313425,0.007831542653639056,0.02539786661596108,-2.319091642952163,198.21481232440516,0.08128144499314956,0.06305331691111304,3.8290245455805665,0.05632760786051396,0.3494322706316445,0.12768780632141835,0.1580290580703519
220,7Networks_RH_Vis_20,7networks_rh_vis,7Networks_RH_Vis,visual,visual,R,-0.2998633774502899,125.26459231255123,0.18509383943297977,0.016218048244011518,0.02343259510547077,-2.222391132119683,159.5180968209136,0.12113432717258013,0.0470100580141708,2.550925569988466,0.11693214816374382,0.28268670469522506,0.17893234894572463,0.25896192812848634
221,7Networks_RH_Vis_21,7networks_rh_vis,7Networks_RH_Vis,visual,visual,R,0.3138046523809428,107.40722225597688,0.1848222521145984,0.01626304365343234,-0.060184588920761894,5.251650506958187,19.43006570749033,6.728002303352401e-05,0.3072740423239281,21.164579919951084,3.2012885304730266e-05,0.28268670469522506,0.0002881616080869802,0.0008093490383971079
222,7Networks_RH_Vis_22,7networks_rh_vis,7Networks_RH_Vis,visual,visual,R,0.04700946886142887,144.1082507110944,0.7765361163719712,-0.019103504784703684,-0.004212718390431788,0.39264203716034896,137.95014625319573,0.8943389824328434,-0.03761080192455757,0.14385021718617885,0.7061912028593775,0.8354203716418837,0.9083442908825747,0.8181436986263632
223,7Networks_RH_Vis_23,7networks_rh_vis,7Networks_RH_Vis,visual,visual,R,-0.1795050234599025,131.4524334769435,0.43800233380331255,-0.007988492196559616,-0.014206534965132037,0.9860704343677487,110.68548012474015,0.4861531383251366,-0.01104251319567684,0.8550080673717022,0.3598627917779059,0.5464043737931286,0.5545565949738995,0.5548516755581693
224,7Networks_RH_Vis_24,7networks_rh_vis,7Networks_RH_Vis,visual,visual,R,-0.1359540732121598,157.70651482585714,0.4726934430190215,-0.009811545014003498,0.019490218611943458,-1.7350294661585632,186.19709762679082,0.2309065579277752,0.020486550267143744,2.4847254766044458,0.12166432567686561,0.5815794664786877,0.29282563491399427,0.2655557877754663
225,7Networks_RH_Vis_25,7networks_rh_vis,7Networks_RH_Vis,visual,visual,R,-0.7528431204758141,158.65433846354395,0.0031406746753061578,0.1504103399484038,-0.015813022562446294,0.5445366458147989,135.53903957344573,0.008332491924713895,0.14960527356997788,0.9545585303348972,0.33356390435342953,0.009581922546347028,0.018363841426311207,0.5322899203630106
226,7Networks_RH_Vis_26,7networks_rh_vis,7Networks_RH_Vis,visual,visual,R,-0.012307069152894812,131.04546057221575,0.9576594362047429,-0.02077276224365021,0.010423529722895855,-0.8675057828971235,146.28245932328008,0.7974176696756745,-0.03255844127241425,0.4521253511970294,0.5046197932705283,0.968479306657495,0.8265470822665668,0.6645957765345509
227,7Networks_RH_Vis_27,7networks_rh_vis,7Networks_RH_Vis,visual,visual,R,-0.3725229204759315,135.09308477008798,0.10229752365935174,0.03494652306302093,-0.012595734849148055,0.6608944082044745,116.6807809471658,0.18811770480923246,0.028991819022216148,0.7056401793949871,0.40514794627236383,0.17862721438979112,0.2501818206980525,0.5907374776960189
228,7Networks_RH_Vis_28,7networks_rh_vis,7Networks_RH_Vis,visual,visual,R,-0.8899054358241147,162.32251869842614,0.00046342139092929495,0.21129130894493942,0.02983982915655542,-3.33811484198916,205.9420460253079,0.0003816477455941453,0.2541747876380036,3.759905327882653,0.05851242106167754,0.001845555363876315,0.001364315562990094,0.16197950708537565
229,7Networks_RH_Vis_29,7networks_rh_vis,7Networks_RH_Vis,visual,visual,R,0.3648737772462862,101.90114233042328,0.14430317561671885,0.02395766864255444,-0.038161622921435184,3.4958449265988465,46.11691028517886,0.021162433978471704,0.11519881597962511,5.949784371082554,0.018548975822456387,0.23314463249106887,0.03986616193454835,0.06902651658520656
230,7Networks_RH_Vis_30,7networks_rh_vis,7Networks_RH_Vis,visual,visual,R,-0.5591705812687677,145.12599692953094,0.00748961088099859,0.12182819730460703,-0.03598123535226566,2.392910624447736,92.52903095935696,0.0006283214105412395,0.2381830317938467,8.331199341272956,0.005869778811897905,0.01988469789458105,0.0021447963938776146,0.03372171054803793
231,7Networks_RH_SomMot_1,7networks_rh_sommot,7Networks_RH_SomMot,somatomotor,somatomotor,R,-0.7685094835068658,170.4806560356244,0.0005251226251796015,0.20741307835897138,-0.047696787657219436,3.1447744556745576,100.75802720611111,3.1927028302136944e-06,0.3915391690045682,15.525260954809099,0.0002687782737093667,0.002073092798535122,2.1634135595776374e-05,0.0040675112088017495
232,7Networks_RH_SomMot_2,7networks_rh_sommot,7Networks_RH_SomMot,somatomotor,somatomotor,R,0.060485419104142846,137.3260296754854,0.7666260646915347,-0.018942142398608697,0.007722880338474666,-0.573138459509325,148.61524946957098,0.8160444308587456,-0.0335734926522977,0.3205081040005667,0.5739958272243648,0.8326512760046813,0.8420094809315238,0.7160446460746176
233,7Networks_RH_SomMot_3,7networks_rh_sommot,7Networks_RH_SomMot,somatomotor,somatomotor,R,-0.33305997033101686,165.9696272238588,0.06522980896486473,0.049658064827405535,0.008460295227669501,-1.0271850689246929,178.33679182592965,0.14448017539970925,0.039836080863295154,0.5089846422252751,0.4791064617647829,0.12442997172289323,0.20434267797965108,0.6489647430622011
234,7Networks_RH_SomMot_4,7networks_rh_sommot,7Networks_RH_SomMot,somatomotor,somatomotor,R,-0.1982048053146781,143.07442131076155,0.28405321924181104,0.0035324983808917576,0.020797550919189847,-1.9045403047044598,173.47604780440756,0.13154631498703698,0.043660247187109924,3.014066587771894,0.08909694590565417,0.393171224194458,0.19019753822966493,0.21515964596365422
235,7Networks_RH_SomMot_5,7networks_rh_sommot,7Networks_RH_SomMot,somatomotor,somatomotor,R,0.13578389772935173,119.32323183159924,0.5252545573209815,-0.012197534806200672,0.02320675144039501,-1.7682145087235899,153.2466006053133,0.2125510761513146,0.023932978493216295,2.7767884788226787,0.10229160366617032,0.6342169388928872,0.2757091102077052,0.23849921663436063
236,7Networks_RH_SomMot_6,7networks_rh_sommot,7Networks_RH_SomMot,somatomotor,somatomotor,R,0.05506804411402788,126.81745917079303,0.7869295409974115,-0.01926443635768882,0.03222599445894675,-2.5889143441056532,173.92505615343708,0.050449887181400026,0.08187717613919354,6.287742852786747,0.015670499113924093,0.8446005002667254,0.08268681870164481,0.062407075418609986
237,7Networks_RH_SomMot_7,7networks_rh_sommot,7Networks_RH_SomMot,somatomotor,somatomotor,R,0.16611574682799413,135.7730638367873,0.33743375406383425,-0.0012497432250162532,-0.008054770180824511,0.8269695344865564,123.99869119641758,0.4973985654851333,-0.012026842835011209,0.48884677818364114,0.48788801558446715,0.4492519775512632,0.5631395230180811,0.6533957494848026
238,7Networks_RH_SomMot_8,7networks_rh_sommot,7Networks_RH_SomMot,somatomotor,somatomotor,R,0.1118707518115567,132.9346366696068,0.5325092840857393,-0.012495096688360352,0.013132658820409482,-0.9655985153011484,152.13180992706833,0.4504794306960821,-0.007768980731854835,1.2251047315899022,0.27399412400296186,0.6412711272544447,0.5204011743919117,0.4729784497997897
239,7Networks_RH_SomMot_9,7networks_rh_sommot,7Networks_RH_SomMot,somatomotor,somatomotor,R,-0.19336472347104827,122.25886703536285,0.3250366407963726,-0.0002298234932331944,0.021655376459243147,-1.9700805372047583,153.91445327488196,0.152731084491973,0.03756428691512381,2.8849230914201938,0.09602400403338414,0.43749219482253526,0.21335357649032535,0.22588029964329742
240,7Networks_RH_SomMot_10,7networks_rh_sommot,7Networks_RH_SomMot,somatomotor,somatomotor,R,-0.16161190089351907,137.04691191891212,0.4246778728326962,-0.007228633170258902,0.02276463331743145,-2.029336716717073,170.32399738298852,0.17048217255682846,0.03305068466252936,2.999491829930173,0.08984996844449222,0.5340824217895958,0.23454214042666705,0.2158300829301559
241,7Networks_RH_SomMot_11,7networks_rh_sommot,7Networks_RH_SomMot,somatomotor,somatomotor,R,0.2935392757808257,106.93917519811612,0.11514493651489503,0.03113613032737028,-0.011941040806808939,1.273242218088372,89.48389577773736,0.18277182340350484,0.030182302806556982,0.9527914151994517,0.3340072965141473,0.1950589596185162,0.24477406438109497,0.5322899203630106
242,7Networks_RH_SomMot_12,7networks_rh_sommot,7Networks_RH_SomMot,somatomotor,somatomotor,R,0.45961751225673364,95.45741122847534,0.050301893430826895,0.05826456534625757,-0.05851737958809369,5.260677142326123,9.917362569059236,2.9311953753815655e-05,0.3313382046878598,20.602637357616853,3.921118853967713e-05,0.09759427187006585,0.0001430927634863689,0.0008477085522387342
243,7Networks_RH_SomMot_13,7networks_rh_sommot,7Networks_RH_SomMot,somatomotor,somatomotor,R,0.08574209827904955,106.61329350558813,0.6861154633269584,-0.017329555726783852,0.02397604917650395,-1.881373356994854,141.66121307504082,0.21396926455550602,0.023656730580007168,3.015010298472891,0.08904843193060244,0.772943971092901,0.2767579661202272,0.21515964596365422
244,7Networks_RH_SomMot_14,7networks_rh_sommot,7Networks_RH_SomMot,somatomotor,somatomotor,R,0.22577908363270893,114.18894990769063,0.23999288846961886,0.008408824069564114,0.03032063927241857,-2.2618783985270188,158.5113200651358,0.02568756990415917,0.10787263454640628,6.3515485431399155,0.015182757444830573,0.34699608715034064,0.0470248255503559,0.06154439178529536
245,7Networks_RH_SomMot_15,7networks_rh_sommot,7Networks_RH_SomMot,somatomotor,somatomotor,R,-0.368340426515272,86.73308549577703,0.23846399512123112,0.008596991607797477,-0.0760779593447107,5.873477336327054,-24.476821544894616,0.00019925986134277908,0.2745178602729784,18.594095012086033,8.225514361401024e-05,0.3469956852084581,0.0007538664754135142,0.001529854353885298
246,7Networks_RH_SomMot_16,7networks_rh_sommot,7Networks_RH_SomMot,somatomotor,somatomotor,R,-0.24548405675246965,171.4931369186528,0.11890173719707145,0.030107327644839033,-0.024358212979263327,1.7529860356979832,135.88657459188414,0.016674346583586082,0.12412783406893013,6.152560480739776,0.016760036591479056,0.19892125782569733,0.03305743820501345,0.06540486388506073
247,7Networks_RH_SomMot_17,7networks_rh_sommot,7Networks_RH_SomMot,somatomotor,somatomotor,R,0.077958645285787,95.82430251452774,0.7346807998308877,-0.018368037913686353,-0.014555432991293804,1.2721594489543913,74.5473339438521,0.6035160857204458,-0.02038915166230071,0.9049250378882948,0.3463310735773425,0.805151508082962,0.6570654746213007,0.5440633474190779
248,7Networks_RH_SomMot_18,7networks_rh_sommot,7Networks_RH_SomMot,somatomotor,somatomotor,R,-0.030970953577830862,154.60024723904814,0.8712450327653697,-0.020268967217605516,-0.019617469315823644,1.5785447260253598,125.92365078749368,0.29806622269568,0.0097871623172886,2.4569536596304875,0.12371433535257538,0.9051378601269515,0.365735311091456,0.2670940244640994
249,7Networks_RH_SomMot_19,7networks_rh_sommot,7Networks_RH_SomMot,somatomotor,somatomotor,R,-0.3008442510934983,113.10474515371223,0.12549543203487762,0.02838333084412381,0.01681428173819277,-1.6803723473630825,137.68367346838238,0.13416882996589746,0.04285658686151805,1.7258225667112437,0.19532195906493213,0.20793768665633006,0.1923185733676337,0.3710299975543062
250,7Networks_RH_SomMot_20,7networks_rh_sommot,7Networks_RH_SomMot,somatomotor,somatomotor,R,-0.945999923356879,172.3957522351912,6.990108356109503e-06,0.33260739826117824,-0.004912159657824461,-0.5429816816713222,165.2152123834266,4.264328156056552e-05,0.32058611435234685,0.15070674913590867,0.699613759628094,4.347272868046184e-05,0.0001955560588737045,0.8160433192766514
251,7Networks_RH_SomMot_21,7networks_rh_sommot,7Networks_RH_SomMot,somatomotor,somatomotor,R,0.0067147997064940235,145.1492974275523,0.9724038615502865,-0.02080761626645322,-0.0338369511034521,2.782868159459314,95.68682210399015,0.026449681659273763,0.10676202694323089,7.855220063148478,0.007339382841647819,0.9745504484411259,0.048225523989197945,0.03966761678700131
252,7Networks_RH_SomMot_22,7networks_rh_sommot,7Networks_RH_SomMot,somatomotor,somatomotor,R,-1.1862484952282093,189.74000795925164,5.689055708098699e-07,0.3969394323479276,-0.029070167309482614,1.198813988624365,147.2455636814276,4.2697266873798265e-07,0.44146368317385454,4.826365404113422,0.032993798777777,4.783020910142239e-06,3.4615284215543592e-06,0.11084562814963476
253,7Networks_RH_SomMot_23,7networks_rh_sommot,7Networks_RH_SomMot,somatomotor,somatomotor,R,-0.9356398415845539,174.97149720911673,4.58967048898567e-06,0.34381883828721616,-0.0299818682101001,1.5242231616942608,131.14433878806548,1.2441901813657551e-06,0.4154565371121751,6.882555809640309,0.011699836900911061,2.9767291457135632e-05,9.110682940968594e-06,0.05420128523483287
254,7Networks_RH_SomMot_24,7networks_rh_sommot,7Networks_RH_SomMot,somatomotor,somatomotor,R,-1.3287677470144001,173.20389497844448,1.2042569851369116e-08,0.48455499152258463,-0.008563816579130079,-0.6261492369786366,160.68540402677235,8.558105572979463e-08,0.4783870867500617,0.4324154529908289,0.5140138877533167,1.7636537782327674e-07,8.094541521109742e-07,0.6667494429714451
255,7Networks_RH_SomMot_25,7networks_rh_sommot,7Networks_RH_SomMot,somatomotor,somatomotor,R,-0.9719771817038174,175.44137861563044,2.8715936058367735e-05,0.2936774365274323,-0.028712688558122784,1.3837559505297614,133.46949276405996,2.0531999843980705e-05,0.3413916817738306,4.4774595285944025,0.0396704588686708,0.00015159342988952269,0.00010714399918583035,0.12594677151312267
256,7Networks_RH_SomMot_26,7networks_rh_sommot,7Networks_RH_SomMot,somatomotor,somatomotor,R,-1.2624230197570707,190.27350742106415,6.690775759616097e-09,0.4967916327051858,-0.04675795913823115,2.5738347139824924,121.92324758282172,8.059718248922652e-12,0.64841792353954,21.700890197022062,2.642493093473464e-05,1.0474524809881753e-07,2.2869450531318022e-10,0.0007997945762913018
257,7Networks_RH_SomMot_27,7networks_rh_sommot,7Networks_RH_SomMot,somatomotor,somatomotor,R,-1.257491262259368,158.4483235885327,4.8305528700735245e-06,0.3424648289830815,-0.05606245629901341,3.342154135301954,76.49685423805431,4.2781912584631164e-08,0.4935520399219835,15.319706458981738,0.00029167390904560214,3.088832398610395e-05,4.316219625205011e-07,0.004271611442151721
258,7Networks_RH_SomMot_28,7networks_rh_sommot,7Networks_RH_SomMot,somatomotor,somatomotor,R,-1.374110988532407,169.35413365653582,2.337713776996612e-06,0.36143898498724336,-0.033315744368010915,1.3592799537290583,120.65355248860955,2.368340196542069e-06,0.3992236001431637,4.018862804724648,0.05077363957969684,1.6328031611637875e-05,1.68004132692203e-05,0.14968332707261275
259,7Networks_RH_SomMot_29,7networks_rh_sommot,7Networks_RH_SomMot,somatomotor,somatomotor,R,-1.4106775489864318,187.2563721048835,1.110893403759582e-09,0.5324624225232192,-0.007612066078243551,-0.7861454286671705,176.12913935257922,8.937654712245279e-09,0.5261977731882284,0.36534032331803856,0.548462118020516,2.65445055424658e-08,1.2680297622997987e-07,0.6974840380428972
260,7Networks_RH_SomMot_30,7networks_rh_sommot,7Networks_RH_SomMot,somatomotor,somatomotor,R,-2.153520099086167,178.79587077742733,5.022966772823912e-11,0.588282499985969,-0.027296772130285755,0.08604414026308571,138.89375566725755,1.4949778050488324e-10,0.6018950542625783,2.6412823107909937,0.11080742003725025,2.85053364357757e-09,3.231999635677e-09,0.25293132613886854
261,7Networks_RH_SomMot_31,7networks_rh_sommot,7Networks_RH_SomMot,somatomotor,somatomotor,R,-0.5910826950295356,123.5848952095709,0.006867332540170345,0.12470148539931902,0.013643735143594599,-1.7104832297485593,143.52915409974,0.016819479164122162,0.12380477211226792,0.950875973289408,0.3344888139787925,0.0183839235278296,0.03320018930657157,0.5322899203630106
262,7Networks_RH_SomMot_32,7networks_rh_sommot,7Networks_RH_SomMot,somatomotor,somatomotor,R,-1.9969567683033747,180.69398471818036,6.320650635551859e-12,0.621951226230285,-0.036931814176039184,1.033114696856453,126.70747329309151,2.7452556907799907e-12,0.6641672682661779,7.033866941025093,0.010871307321682198,5.739150777081088e-10,8.902472025815113e-11,0.05141222420878873
263,7Networks_RH_SomMot_33,7networks_rh_sommot,7Networks_RH_SomMot,somatomotor,somatomotor,R,-1.8432944581868533,173.90958206237016,2.5835627274974433e-09,0.5160113962716868,-0.06459304667083053,3.4562434045374726,79.48819145712608,4.693048809854588e-12,0.656416356793913,20.6151308082627,3.903396805542347e-05,5.0997281664514755e-08,1.4204294397826555e-10,0.0008477085522387342
264,7Networks_RH_SomMot_34,7networks_rh_sommot,7Networks_RH_SomMot,somatomotor,somatomotor,R,-1.1970742650484216,156.40661747288033,1.0407091672574365e-05,0.32184122123591774,0.002097703913036625,-1.3691804263906944,159.47301750748983,6.642068831035567e-05,0.3076528680301991,0.016330215831384293,0.8988605894762591,6.216867920195739e-05,0.00028719040469429977,0.9446358972736613
265,7Networks_RH_SomMot_35,7networks_rh_sommot,7Networks_RH_SomMot,somatomotor,somatomotor,R,-1.2505056072776874,130.26243887454262,1.3733002124231118e-05,0.31424732673990596,-0.019279081880659923,0.3312470681424129,102.08049337751547,4.6844700653972125e-05,0.3178639406794501,1.2544909724770112,0.26838746979907435,7.993311492821702e-05,0.00021267494096903345,0.4686458126491529
266,7Networks_RH_SomMot_36,7networks_rh_sommot,7Networks_RH_SomMot,somatomotor,somatomotor,R,-1.5875602116353902,149.46662467860375,3.532621618604769e-08,0.461402788364801,0.017340375333813364,-3.01025166794178,174.8145907062679,1.6875953358336987e-07,0.4630957103016803,1.1513496064929285,0.2887453275112393,4.3929530403897975e-07,1.5323365649369984e-06,0.4891432040675472
267,7Networks_RH_SomMot_37,7networks_rh_sommot,7Networks_RH_SomMot,somatomotor,somatomotor,R,-0.6845571268672181,125.32072414725695,0.0018422517895485156,0.16769172700094392,-0.026173640518884114,1.4628597559750993,87.06039022015553,0.001349790929876818,0.21298700540411608,3.7625634878731202,0.058426699015281955,0.006149869944522251,0.00422624194595914,0.16197950708537565
268,7Networks_RH_SomMot_38,7networks_rh_sommot,7Networks_RH_SomMot,somatomotor,somatomotor,R,-0.6100612893130426,119.29546969656431,0.02528749638946878,0.08122536013243487,-0.0238402726813595,1.3459143805819815,84.44602668370311,0.033875391099721756,0.09730693087029207,1.8551249830259127,0.17968109382042327,0.05498042780044389,0.05984213058083143,0.3562236532509701
269,7Networks_RH_SomMot_39,7networks_rh_sommot,7Networks_RH_SomMot,somatomotor,somatomotor,R,-1.4280199100656663,154.00289012432677,5.8684439204827935e-08,0.45014105589923215,-0.03459834841039719,1.4106023076324261,103.42741276370077,2.9300845067719228e-08,0.5016437256525805,5.960563908617166,0.01844890656170652,6.680208356624932e-07,3.2445326001815927e-07,0.06902651658520656
270,7Networks_RH_SomMot_40,7networks_rh_sommot,7Networks_RH_SomMot,somatomotor,somatomotor,R,-0.2781165928804803,96.52117431468704,0.24322160756173786,0.008016082722525186,-0.0245152837438537,1.733240373730192,60.68500770726571,0.15054510177247554,0.03815451055101604,2.5040300668211404,0.12026218641275817,0.3483363086215426,0.21160799234537805,0.2637634426637305
271,7Networks_RH_DorsAttn_Post_1,7networks_rh_dorsattn_post,7Networks_RH_DorsAttn_Post,dorsal attention,posterior,R,-0.2541898822306463,137.7501456838889,0.2568022963947848,0.0064296872829873175,-0.0184964507475837,1.2633518055359243,110.71224159262727,0.24338306470202176,0.018290670915819263,1.579934607433188,0.21498094733099127,0.3643382580101009,0.3060828569936783,0.3951471663492714
272,7Networks_RH_DorsAttn_Post_2,7networks_rh_dorsattn_post,7Networks_RH_DorsAttn_Post,dorsal attention,posterior,R,-0.2800464279168726,144.9289692980493,0.12897985345308688,0.027511282894809863,-0.0009836333008766546,-0.19934421320945805,143.49110517952053,0.3187479708951313,0.006956380224682701,0.006453182399649299,0.9363145351710739,0.21216251256413568,0.3869293550438225,0.9617348392933655
273,7Networks_RH_DorsAttn_Post_3,7networks_rh_dorsattn_post,7Networks_RH_DorsAttn_Post,dorsal attention,posterior,R,0.4815858825874175,86.4018646180959,0.0817758888960662,0.04222966723098054,-0.013153239967027344,1.5607437303041714,67.17460607151787,0.17233466661634997,0.032605884827173415,0.5224887683959005,0.47336377110978733,0.1473264030111669,0.23563950198344175,0.6473106990477212
274,7Networks_RH_DorsAttn_Post_4,7networks_rh_dorsattn_post,7Networks_RH_DorsAttn_Post,dorsal attention,posterior,R,0.20597965863327383,126.36622870403716,0.37143515812562256,-0.0038096509970375614,-0.013102676752565004,1.2809890463637919,107.21288289681831,0.4681428493206552,-0.009419687299836221,0.7332311367389209,0.3961826304498721,0.4845734534167605,0.5394336385573032,0.5858857140854786
275,7Networks_RH_DorsAttn_Post_5,7networks_rh_dorsattn_post,7Networks_RH_DorsAttn_Post,dorsal attention,posterior,R,-0.5825339222940487,148.68956391359848,0.009651106487514402,0.11340758630083447,-0.027573547609250362,1.6797383670055472,108.38286151491621,0.005689428822470098,0.16330103980986987,3.8623027903482647,0.055307754917831804,0.025037727687608792,0.013492496444803227,0.1580290580703519
276,7Networks_RH_DorsAttn_Post_6,7networks_rh_dorsattn_post,7Networks_RH_DorsAttn_Post,dorsal attention,posterior,R,0.10308211292265868,106.01913441661051,0.6686345979891015,-0.016903880295041418,-0.016157725443573204,1.4287430342922391,82.3999527239639,0.5513260450296598,-0.016469446321302206,1.0205149606955328,0.31756953082538375,0.7608022744036393,0.6139414386276747,0.5130838683086271
277,7Networks_RH_DorsAttn_Post_7,7networks_rh_dorsattn_post,7Networks_RH_DorsAttn_Post,dorsal attention,posterior,R,-0.43501131646454505,89.53650011584628,0.13731877684933178,0.02552381880547394,-0.022042605168234003,1.3734746847832051,57.31486729593318,0.1748871115224906,0.03200046215730523,1.3211560220170602,0.25620027466455286,0.22425440535826124,0.23772080428506204,0.4508330414639806
278,7Networks_RH_DorsAttn_Post_8,7networks_rh_dorsattn_post,7Networks_RH_DorsAttn_Post,dorsal attention,posterior,R,-0.3926905890035006,117.69621602772436,0.10790245892165827,0.033224858926797385,0.01078706513244937,-1.2777155730146843,133.46462676000738,0.22277164360616392,0.021980351417077326,0.4481334181285702,0.506498102821486,0.18485930698276548,0.2857014864327639,0.6645957765345509
279,7Networks_RH_DorsAttn_Post_9,7networks_rh_dorsattn_post,7Networks_RH_DorsAttn_Post,dorsal attention,posterior,R,-0.23873958773091863,135.86912708179628,0.294381479873976,0.002522603444798599,-0.003804417681693942,0.07339394039483249,130.30787201700036,0.5625878628886496,-0.0173444603057078,0.06263896130349376,0.8034633535807254,0.4049975510993488,0.6199390527947741,0.8818602853877464
280,7Networks_RH_DorsAttn_Post_10,7networks_rh_dorsattn_post,7Networks_RH_DorsAttn_Post,dorsal attention,posterior,R,-1.06989676413336,124.31902212355384,0.00015414948646680704,0.24480225849503146,0.03610094250627763,-4.031799345800005,177.09097466782072,9.235109239698916e-05,0.2978742439768576,4.628203753066272,0.03662159662512892,0.0006861163417248078,0.00038115814498393706,0.11791634658020232
281,7Networks_RH_DorsAttn_Post_11,7networks_rh_dorsattn_post,7Networks_RH_DorsAttn_Post,dorsal attention,posterior,R,-0.5744156608346449,135.61243442091524,0.022498843955009236,0.08513679761795656,0.0457964607904206,-4.331787242553182,202.55718676656934,0.0011050395865334459,0.21965884338994657,9.274660566547823,0.0038013852515775054,0.04982670807597167,0.0035330138893393272,0.02465469863165982
282,7Networks_RH_DorsAttn_Post_12,7networks_rh_dorsattn_post,7Networks_RH_DorsAttn_Post,dorsal attention,posterior,R,-1.3178778081608218,135.50971145525259,1.6968136091528117e-05,0.3084036336248762,-0.03087493917274381,1.2152572208942094,90.37707192519471,2.5763860269475654e-05,0.3349993165124443,2.919686415821807,0.09410173181564978,9.629417231942206e-05,0.00012996436180379942,0.22332353699948243
283,7Networks_RH_DorsAttn_Post_13,7networks_rh_dorsattn_post,7Networks_RH_DorsAttn_Post,dorsal attention,posterior,R,-0.8309862466901019,163.5892598321037,0.00011847046423896751,0.2526431778168027,-0.02096164859170299,0.8888126496672673,132.94775720267472,0.00018671389675047038,0.27652273563914376,2.584318999277728,0.11462486363390686,0.0005544906264380541,0.0007183738061416402,0.25635314329947645
284,7Networks_RH_DorsAttn_Post_14,7networks_rh_dorsattn_post,7Networks_RH_DorsAttn_Post,dorsal attention,posterior,R,-1.0378271294647223,149.583149729411,3.686952503636774e-07,0.40745977036860936,0.002965811116443076,-1.2811571644353865,153.91853912997763,2.722302038067493e-06,0.39565212251868564,0.06218402030565339,0.8041633439438921,3.2189931474059526e-06,1.9014232696656026e-05,0.8818602853877464
285,7Networks_RH_DorsAttn_Post_15,7networks_rh_dorsattn_post,7Networks_RH_DorsAttn_Post,dorsal attention,posterior,R,-0.7876976832487208,134.61380747685965,0.0035344171165735128,0.1465551630806633,0.03618901701145698,-3.7568263395316803,187.51450634421406,0.001512472685046922,0.20916674032781646,4.800239394470008,0.033449011137665116,0.010556745861344571,0.004559660076788652,0.11084562814963476
286,7Networks_RH_DorsAttn_Post_16,7networks_rh_dorsattn_post,7Networks_RH_DorsAttn_Post,dorsal attention,posterior,R,-0.5450141789543959,124.30288596911191,0.022431208048609534,0.08523758370252354,-0.01560867315671699,0.7355997360766047,101.48630274660945,0.04578137209141801,0.08566308034589731,1.0223373227558956,0.31714242181239743,0.04982670807597167,0.07669646837455268,0.5130838683086271
287,7Networks_RH_DorsAttn_Post_17,7networks_rh_dorsattn_post,7Networks_RH_DorsAttn_Post,dorsal attention,posterior,R,-1.8427931570272977,193.982038425025,8.079000192201437e-08,0.44293287926649727,-0.07672931760426575,4.452465307819742,81.81998319164143,6.855566425959242e-11,0.6148858923245143,22.431945655285595,2.039919940237561e-05,8.733014493474887e-07,1.7291261985474976e-09,0.000661516894905609
288,7Networks_RH_DorsAttn_Post_18,7networks_rh_dorsattn_post,7Networks_RH_DorsAttn_Post,dorsal attention,posterior,R,-0.8475818405412296,138.95906305252583,0.0002478540644049652,0.2304863145728726,-0.031634743981070024,1.7478913898766302,92.71574938200928,0.00010457983303611034,0.2941490099167341,5.329255635307505,0.025417115778898644,0.001061563634338247,0.00042392182319994724,0.08876438895092295
289,7Networks_RH_DorsAttn_Post_19,7networks_rh_dorsattn_post,7Networks_RH_DorsAttn_Post,dorsal attention,posterior,R,-1.579869982392173,165.74905341314607,2.9683618677010933e-10,0.5571029677136909,-0.04174275248554774,1.8449150168172008,104.72996636711228,1.4133802980779181e-11,0.6399132698547414,12.038714204122307,0.0011266597017624907,1.0366432984125356e-08,3.774556796043381e-10,0.010734196983366718
290,7Networks_RH_DorsAttn_FEF_1,7networks_rh_dorsattn_fef,7Networks_RH_DorsAttn_FEF,dorsal attention,frontal eye fields,R,-1.3077135800565751,159.4820910292751,8.195767471739787e-06,0.3283216199510638,0.028257741956297842,-3.626120608844631,200.78894104479969,1.4378589413067622e-05,0.3513004512687735,2.700300093328824,0.10700360700779384,5.028214097526843e-05,7.960828772600855e-05,0.24659714508395128
291,7Networks_RH_DorsAttn_FEF_2,7networks_rh_dorsattn_fef,7Networks_RH_DorsAttn_FEF,dorsal attention,frontal eye fields,R,-1.1713964757620685,167.91754551162023,3.5668471052405285e-06,0.35045543673204327,-0.0007175730038795486,-1.112523183676748,166.86860534887487,2.4287427955732687e-05,0.33666719086258223,0.0022567968637634936,0.962311435729389,2.416938187730149e-05,0.0001253010487716209,0.9773811897564713
292,7Networks_RH_DorsAttn_FEF_3,7networks_rh_dorsattn_fef,7Networks_RH_DorsAttn_FEF,dorsal attention,frontal eye fields,R,-1.1438928541463103,122.75985904674127,2.4259190047993316e-05,0.2984281075751969,0.03807893365704181,-4.268079761075194,178.42321685343202,8.909126399976925e-06,0.3643799488434357,5.980472807796466,0.018265603017683107,0.0001311151462117734,5.119928336189271e-05,0.06902651658520656
293,7Networks_RH_DorsAttn_PrCv_1,7networks_rh_dorsattn_prcv,7Networks_RH_DorsAttn_PrCv,dorsal attention,precentral ventral,R,0.03176710839265162,134.247962699839,0.8777169834812791,-0.020324702465962963,0.010442013972993325,-0.8249481460367551,149.51198152022113,0.7432199770463173,-0.029470378750880766,0.5735744604825781,0.45262236096870523,0.9077073132129857,0.7756824588023633,0.6381694157757521
294,7Networks_RH_SalVentAttn_TempOccPar_1,7networks_rh_salventattn_tempoccpar,7Networks_RH_SalVentAttn_TempOccPar,salience / ventral attention,temporal occipital parietal,R,0.31987178413435036,116.09329678984625,0.151136521007714,0.022503639332308922,0.005035053928378552,-0.09322932054458022,123.45348210689106,0.34051844646004753,0.0041605809060916155,0.11585463722701611,0.7350913782945977,0.24075782644737598,0.4100673068776169,0.8322480941290458
295,7Networks_RH_SalVentAttn_TempOccPar_2,7networks_rh_salventattn_tempoccpar,7Networks_RH_SalVentAttn_TempOccPar,salience / ventral attention,temporal occipital parietal,R,0.9841269031452469,82.67285466536492,0.0002710830141605427,0.22776139137904006,0.0005960220813087669,0.9352262590401565,83.54411305383094,0.001417267882029279,0.2113516278010915,0.0012422779174083279,0.9720328818228262,0.0011502026955970692,0.004347564989468194,0.978498732477967
296,7Networks_RH_SalVentAttn_TempOccPar_3,7networks_rh_salventattn_tempoccpar,7Networks_RH_SalVentAttn_TempOccPar,salience / ventral attention,temporal occipital parietal,R,-0.5571804600830819,125.18792768358992,0.008582833390054351,0.11730722108058755,0.006783714513713596,-1.113750458995506,135.1042854166127,0.029036937200117723,0.10320769442403899,0.24533554167855165,0.622686726194752,0.02265468813421323,0.052312577336720026,0.7518611002457909
297,7Networks_RH_SalVentAttn_TempOccPar_4,7networks_rh_salventattn_tempoccpar,7Networks_RH_SalVentAttn_TempOccPar,salience / ventral attention,temporal occipital parietal,R,-0.6157381462823834,157.53275095830702,0.020444554387609535,0.08834184705487447,0.04212808160939015,-4.072137481502447,219.11510779248482,0.0030002092069300232,0.18577774546963277,6.744037451550613,0.012517411446975624,0.046877917636236006,0.008156257364947487,0.05524898913659197
298,7Networks_RH_SalVentAttn_TempOccPar_5,7networks_rh_salventattn_tempoccpar,7Networks_RH_SalVentAttn_TempOccPar,salience / ventral attention,temporal occipital parietal,R,0.09620631568586813,113.24215145759142,0.6814864994842516,-0.01721960202918882,-0.0008456181765295612,0.16558507663465427,112.00603629869626,0.9187134847191867,-0.03879874781325965,0.0028877106216905683,0.9573721358546983,0.7696389820046025,0.9289441471325406,0.9763935691421222
299,7Networks_RH_SalVentAttn_TempOccPar_6,7networks_rh_salventattn_tempoccpar,7Networks_RH_SalVentAttn_TempOccPar,salience / ventral attention,temporal occipital parietal,R,-0.8605273796473669,143.8519721638874,0.0001451274010491475,0.24660455567562112,-0.0149641747562025,0.367208650657167,121.9775094691495,0.0004481015758011716,0.24906282617618114,1.157132964168012,0.2875520204970233,0.0006588784007631297,0.001577039654370015,0.4889461322308935
300,7Networks_RH_SalVentAttn_TempOccPar_7,7networks_rh_salventattn_tempoccpar,7Networks_RH_SalVentAttn_TempOccPar,salience / ventral attention,temporal occipital parietal,R,-0.3859006486865746,140.65138868795304,0.09852845060352527,0.036161509033439065,0.03647421798998625,-3.3784286252075777,193.96899114451156,0.013467512286580286,0.1320525535603665,6.303051649236757,0.015551969567350025,0.17271010260231845,0.027792048082306592,0.062407075418609986
301,7Networks_RH_SalVentAttn_PrC_1,7networks_rh_salventattn_prc,7Networks_RH_SalVentAttn_PrC,salience / ventral attention,precentral,R,0.07255508146464829,117.91828694327549,0.77037638821549,-0.019004123557180064,-0.012189434741004937,1.0726375092894465,100.09990805796181,0.7333061127147884,-0.028882266426648817,0.5391592670935605,0.4664289809381179,0.8339992062337801,0.7670990211348248,0.6438459467309838
302,7Networks_RH_SalVentAttn_FrOperIns_1,7networks_rh_salventattn_froperins,7Networks_RH_SalVentAttn_FrOperIns,salience / ventral attention,frontal operculum insula,R,0.09562971371280127,108.99367037333056,0.6612501736086651,-0.016715405610919776,-0.043148277772249014,3.635731064415033,45.92000223937393,0.00752146740701132,0.15330280887342185,10.638480416345663,0.0020656417731706295,0.7561903748572644,0.017159528657201703,0.016226829732152684
303,7Networks_RH_SalVentAttn_FrOperIns_2,7networks_rh_salventattn_froperins,7Networks_RH_SalVentAttn_FrOperIns,salience / ventral attention,frontal operculum insula,R,-0.7539778874561589,159.93832366776093,0.00042214992083585594,0.21417588632438145,0.009438855369764132,-1.5283889733390161,173.73593650179606,0.0016675098022036683,0.20587591748765188,0.49831706034828577,0.48372506799064074,0.001711214857673916,0.004884190001293325,0.6497372215022216
304,7Networks_RH_SalVentAttn_FrOperIns_3,7networks_rh_salventattn_froperins,7Networks_RH_SalVentAttn_FrOperIns,salience / ventral attention,frontal operculum insula,R,-0.3633219932699914,142.04619335418275,0.04115729070001648,0.06494376803637925,-0.002565598154382967,-0.1528274391273463,138.2958307694044,0.12410584531769882,0.04602676617497148,0.048174459039264504,0.8272213192201322,0.08288073606599392,0.18234321609784876,0.8984652605883732
305,7Networks_RH_SalVentAttn_FrOperIns_4,7networks_rh_salventattn_froperins,7Networks_RH_SalVentAttn_FrOperIns,salience / ventral attention,frontal operculum insula,R,-0.4134492647536865,149.72797028434002,0.013833751858049302,0.10140446350146193,0.01577011327464657,-1.7073085376307748,172.78054485916255,0.017213470318335814,0.12294103163065517,2.17866107922398,0.14660495324600537,0.03358568632916783,0.03383080313646952,0.30392077065610246
306,7Networks_RH_SalVentAttn_FrOperIns_5,7networks_rh_salventattn_froperins,7Networks_RH_SalVentAttn_FrOperIns,salience / ventral attention,frontal operculum insula,R,-0.4184814419807301,152.12608946863008,0.07661515102087953,0.04436493277376519,0.05950243382079838,-5.300359867138907,239.10607934877,3.6128062763229215e-05,0.3253627206602816,20.99280833065388,3.4053626762406305e-05,0.1418225411913835,0.00016909423190212438,0.0008137024500069717
307,7Networks_RH_SalVentAttn_FrOperIns_6,7networks_rh_salventattn_froperins,7Networks_RH_SalVentAttn_FrOperIns,salience / ventral attention,frontal operculum insula,R,0.3599599175704926,109.62777307874121,0.08112194592579547,0.04249233422138865,0.00858028443176112,-0.3440096977781115,122.17033655254666,0.18205096122186842,0.03034537750179267,0.39869938325212634,0.5308208597464552,0.1467305316745464,0.24477406438109497,0.6769457031598053
308,7Networks_RH_SalVentAttn_FrOperIns_7,7networks_rh_salventattn_froperins,7Networks_RH_SalVentAttn_FrOperIns,salience / ventral attention,frontal operculum insula,R,-0.35605772443187367,141.50253864440407,0.07187557416770102,0.04646220399870615,-0.03140035909255874,2.2201853929144395,95.6018461730835,0.00924867627014284,0.14582193065676918,6.583457420364434,0.013542056649739592,0.1348409531906457,0.019899995386942412,0.05741750640949156
309,7Networks_RH_SalVentAttn_FrOperIns_8,7networks_rh_salventattn_froperins,7Networks_RH_SalVentAttn_FrOperIns,salience / ventral attention,frontal operculum insula,R,-0.27228464492222404,132.54500705622817,0.34622586245267883,-0.0019437404919524504,0.02539251615341817,-2.3556141628909666,169.66350215354265,0.267765097862246,0.014294165713383267,1.7907222121904258,0.18727655898652854,0.4569376207951052,0.333970753927087,0.364907973304223
310,7Networks_RH_SalVentAttn_PFCl_1,7networks_rh_salventattn_pfcl,7Networks_RH_SalVentAttn_PFCl,salience / ventral attention,lateral prefrontal cortex,R,-0.32243696054115767,147.45092403321271,0.10525663558131497,0.03402543004932845,-0.01668122643465579,1.0461746105718115,123.06649446778574,0.12104794866703425,0.04703898526806116,1.6554839503847787,0.20451571832962018,0.18239126928975952,0.17893234894572463,0.3805333447608507
311,7Networks_RH_SalVentAttn_Med_1,7networks_rh_salventattn_med,7Networks_RH_SalVentAttn_Med,salience / ventral attention,medial,R,-1.2256084700226713,185.5551244844717,5.497089232969148e-09,0.5008202603797829,0.010799240193992532,-2.1116323572123363,201.34133258506097,3.247428448885029e-08,0.4994582215547071,0.8693858007083889,0.35589069551518604,9.243253747288864e-08,3.5103155137947696e-07,0.5525724650286403
312,7Networks_RH_SalVentAttn_Med_2,7networks_rh_salventattn_med,7Networks_RH_SalVentAttn_Med,salience / ventral attention,medial,R,-1.4752863807410859,185.71417219459696,1.0764340651476194e-11,0.6135701380219927,0.007670282041540452,-2.1045948309843787,196.92650438860892,9.634576372150093e-11,0.6092685817447684,0.47156872557431984,0.4956406803538347,7.953630265105649e-10,2.3021566699769172e-09,0.6598852459842843
313,7Networks_RH_SalVentAttn_Med_3,7networks_rh_salventattn_med,7Networks_RH_SalVentAttn_Med,salience / ventral attention,medial,R,-0.9762893826642043,184.95487389467468,1.556088326140805e-05,0.31080068333686994,0.0005276487064759111,-1.0195803318035486,185.7261848512606,9.78011104454115e-05,0.29615901339103323,0.001478784595679637,0.9694878146241791,8.942583545163614e-05,0.000400015352632584,0.978498732477967
314,7Networks_RH_SalVentAttn_Med_4,7networks_rh_salventattn_med,7Networks_RH_SalVentAttn_Med,salience / ventral attention,medial,R,-2.3002050070745006,166.69524728965567,1.7295285635539714e-14,0.7036643609348585,-0.04059266908014797,1.0302213751266516,107.35733925663962,2.9474936626572123e-15,0.748940263861041,9.65627987139243,0.0031983351043564025,7.852059678535029e-12,4.4605404094879144e-13,0.02167230055787771
315,7Networks_RH_SalVentAttn_Med_5,7networks_rh_salventattn_med,7Networks_RH_SalVentAttn_Med,salience / ventral attention,medial,R,-1.2772213683053215,160.44497502500386,2.0515626938863116e-06,0.364798561544751,-0.02186100239849975,0.5163650299079858,128.48880709550627,5.537981330846127e-06,0.377110440801677,1.9487559963166616,0.1692805169286596,1.4553272859756021e-05,3.44416921123855e-05,0.3415704652693843
316,7Networks_RH_SalVentAttn_Med_6,7networks_rh_salventattn_med,7Networks_RH_SalVentAttn_Med,salience / ventral attention,medial,R,-1.353805150696665,182.8268471708278,3.759558272913112e-09,0.5085207087281962,0.008497106291649292,-2.0509504138031174,195.24782177304274,2.7703725419532037e-08,0.5028309306132717,0.45067107683656027,0.5053026648547516,7.111831066260637e-08,3.144372835116886e-07,0.6645957765345509
317,7Networks_RH_SalVentAttn_Med_7,7networks_rh_salventattn_med,7Networks_RH_SalVentAttn_Med,salience / ventral attention,medial,R,-1.2142054945918033,145.34469924436956,9.366435995440392e-08,0.439568433942471,-0.009532404748698778,-0.4321191479609663,131.41033697824284,5.801069577186396e-07,0.43413141131112654,0.5388026628068872,0.466575586948224,9.889213818441716e-07,4.463873878038345e-06,0.6438459467309838
318,7Networks_RH_SalVentAttn_Med_8,7networks_rh_salventattn_med,7Networks_RH_SalVentAttn_Med,salience / ventral attention,medial,R,-1.0379804615460806,118.24518666172077,9.89656068708355e-05,0.25796190673927544,0.02785634771478162,-3.3234550914083862,158.96528308040644,0.0001278979130518274,0.28807730576975976,3.0304720795931765,0.08825777116932791,0.00046802484915999285,0.0005049187176133012,0.21515964596365422
319,7Networks_RH_Limbic_OFC_1,7networks_rh_limbic_ofc,7Networks_RH_Limbic_OFC,limbic,orbital frontal cortex,R,0.5378661764603806,39.8166428646435,0.11118648513287398,0.03225976660718799,0.012576389638514367,-0.49396397400962444,58.20066807579876,0.2432977233390702,0.01830532157573339,0.31769686010222503,0.5756746603903864,0.1897694144749052,0.3060828569936783,0.7160446460746176
320,7Networks_RH_Limbic_OFC_2,7networks_rh_limbic_ofc,7Networks_RH_Limbic_OFC,limbic,orbital frontal cortex,R,-0.1130926632668976,108.51240904476055,0.6369704778946431,-0.016058161459419296,-0.001809675166513064,0.035382173553281326,105.8670461988687,0.8900164240451711,-0.03739690122435246,0.012663805426891626,0.9108796228299076,0.7414989665747896,0.9059808442074163,0.9506651695742024
321,7Networks_RH_Limbic_OFC_3,7networks_rh_limbic_ofc,7Networks_RH_Limbic_OFC,limbic,orbital frontal cortex,R,0.8685678886989087,31.43604728678246,0.0010023981907740704,0.1871250642564517,0.007239204075360217,0.27462723919114307,42.018234548423095,0.0043096102138554275,0.17313233503519343,0.1877164495857015,0.6668060395351085,0.003640710228891424,0.010809740536410851,0.7924867590286369
322,7Networks_RH_Limbic_OFC_4,7networks_rh_limbic_ofc,7Networks_RH_Limbic_OFC,limbic,orbital frontal cortex,R,-0.046378174472701206,108.44731227876403,0.8507237142388808,-0.020072496338235934,0.01760541571656181,-1.490814874515383,134.18271136301016,0.5544307808537647,-0.016712372611686233,1.1586347753987574,0.2872431942758152,0.8912478901596799,0.6139414386276747,0.4889461322308935
323,7Networks_RH_Limbic_OFC_5,7networks_rh_limbic_ofc,7Networks_RH_Limbic_OFC,limbic,orbital frontal cortex,R,0.12453123619368389,39.864548626418156,0.6481002556045288,-0.01636669790850731,0.018652530952638413,-1.4058160552552894,67.13060900952122,0.5339276247606639,-0.015083405693614216,1.0606827241676675,0.3083305371251986,0.7502759482445531,0.5985262756576331,0.503532603794389
324,7Networks_RH_Limbic_OFC_6,7networks_rh_limbic_ofc,7Networks_RH_Limbic_OFC,limbic,orbital frontal cortex,R,-0.22473672378377052,85.99541075031638,0.37398881601496636,-0.0039890563990467864,0.03484229510538599,-3.083373553165412,136.9274866515212,0.07322429641485859,0.06720614216489795,4.663584941479605,0.035943431590189846,0.4851169213451278,0.11623716983337691,0.11739797080536828
325,7Networks_RH_Limbic_TempPole_1,7networks_rh_limbic_temppole,7Networks_RH_Limbic_TempPole,limbic,temporal pole,R,-0.20974905321400783,87.2545491257483,0.4841419334729349,-0.010367662972977865,0.01421944146810579,-1.3763834253475355,108.0403690591299,0.6102233867946043,-0.020869168911485714,0.5062322377843578,0.4802910873764308,0.594055237288412,0.6627785110161492,0.6489647430622011
326,7Networks_RH_Limbic_TempPole_2,7networks_rh_limbic_temppole,7Networks_RH_Limbic_TempPole,limbic,temporal pole,R,-0.42736394194465177,101.40310835131497,0.19085302011070995,0.015281104863778427,0.02820637814572237,-2.7415568258216556,142.6348753250681,0.18227875524881104,0.030293778826341544,1.7431202713445122,0.1931377828604813,0.28786468814040633,0.24477406438109497,0.3699770186441288
327,7Networks_RH_Limbic_TempPole_3,7networks_rh_limbic_temppole,7Networks_RH_Limbic_TempPole,limbic,temporal pole,R,-0.7637028853490336,107.33614725698884,0.0029984109451352096,0.1519206308274743,-0.025741777158984944,1.3482817591136236,69.70710634198124,0.0036721541778442723,0.17874536214190828,2.5678293232546983,0.11575766350323338,0.009384351636785321,0.009526617124235998,0.25761754524739194
328,7Networks_RH_Limbic_TempPole_4,7networks_rh_limbic_temppole,7Networks_RH_Limbic_TempPole,limbic,temporal pole,R,-0.30595313515774225,104.3918547844666,0.253157457323816,0.006845405600225507,0.04283291633145948,-3.820180649866005,167.00453110401892,0.024458758109889716,0.10973159139120348,6.547244932215771,0.013785260349415374,0.360293058385619,0.0449565837323479,0.05741750640949156
329,7Networks_RH_Limbic_TempPole_5,7networks_rh_limbic_temppole,7Networks_RH_Limbic_TempPole,limbic,temporal pole,R,-0.6040796892283671,104.99678438679524,0.01467920772584667,0.09942272280052988,-0.014089052294941437,0.5518569004706109,84.40156588320448,0.03576820434128594,0.09521600667345687,0.7768280876001026,0.382598206097997,0.03489193878290256,0.06282022025391037,0.5713802156858244
330,7Networks_RH_Limbic_TempPole_6,7networks_rh_limbic_temppole,7Networks_RH_Limbic_TempPole,limbic,temporal pole,R,0.08311405348332801,61.77188993287608,0.7898612594350354,-0.01930831035853431,0.022958422188462863,-1.8005101743100744,95.33225379346284,0.5254769511541845,-0.01439450734213965,1.2325155973142485,0.2725661532672723,0.8457476693007218,0.590511227287128,0.4729784497997897
331,7Networks_RH_Limbic_TempPole_7,7networks_rh_limbic_temppole,7Networks_RH_Limbic_TempPole,limbic,temporal pole,R,-0.4111218424345212,86.13609437976834,0.08304449800497957,0.041726311125229065,-0.040160931523342144,2.8838826229043693,27.429295461295734,0.006634491228671966,0.15781173668041915,7.616217144473213,0.00822018907925824,0.14902056163739416,0.01552607741142821,0.04339495165096792
332,7Networks_RH_Cont_Par_1,7networks_rh_cont_par,7Networks_RH_Cont_Par,control,parietal,R,-0.7341169854198217,162.18761650343905,0.0001802620042697536,0.24010926937067223,-0.022732608693483078,1.1309803694633622,128.95734427519204,0.00016062042600527456,0.2811422886824887,3.73988147578937,0.059162620647376776,0.0007869129801775782,0.0006286351155723676,0.16278684711460034
333,7Networks_RH_Cont_Par_2,7networks_rh_cont_par,7Networks_RH_Cont_Par,control,parietal,R,-1.218886612152955,155.4265279377851,3.0924292070956213e-07,0.4116754154592338,-0.04105149752347726,2.1491843592608664,95.41790963638385,1.848975021978758e-08,0.5113122439562037,10.786551246080203,0.0019356003162498189,2.8079257200428242e-06,2.3317629443843225e-07,0.015692188278168175
334,7Networks_RH_Cont_Par_3,7networks_rh_cont_par,7Networks_RH_Cont_Par,control,parietal,R,-1.387989576824741,169.54286335592266,1.1242417684872939e-06,0.38006453861957656,-0.01063245383518277,-0.515649679925767,154.0004616825644,6.647232329782441e-06,0.3722523911440918,0.40265311482956784,0.528799088638446,8.650945133783582e-06,4.0781668617854436e-05,0.6762670034981817
335,7Networks_RH_Cont_Par_4,7networks_rh_cont_par,7Networks_RH_Cont_Par,control,parietal,R,-0.8179647670625003,122.42990418322046,0.00568449684216248,0.13094872049126516,-0.03507395463809459,2.0596785735170307,71.15919097734067,0.003942758707942,0.17625679034314634,3.6401278060868663,0.06252234235405996,0.01612505305956702,0.010000069572098704,0.16975091364191836
336,7Networks_RH_Cont_Par_5,7networks_rh_cont_par,7Networks_RH_Cont_Par,control,parietal,R,-1.1728612585757934,142.59882312785322,2.0300838914816567e-05,0.303415071957543,-0.028480359428770988,1.1638104253893817,100.96655338981451,2.8334456148223177e-05,0.3323025672581702,3.076688791113336,0.08594081417276873,0.00011378494897934224,0.00013982438142710134,0.21437983315624728
337,7Networks_RH_Cont_Par_6,7networks_rh_cont_par,7Networks_RH_Cont_Par,control,parietal,R,-1.0133076588158259,156.5960611559719,2.1821542139565567e-05,0.3013965836209128,-0.006773447574145969,-0.4575800111744863,146.69471151996808,0.00012072302416035429,0.2898241721751169,0.21783348906776176,0.6428520001671294,0.00012081683087027767,0.00048077414884913023,0.7698295485279212
338,7Networks_RH_Cont_Temp_1,7networks_rh_cont_temp,7Networks_RH_Cont_Temp,control,temporal,R,0.26464301749410035,101.67706222328403,0.18795553349284655,0.015748424006645,4.0897616867832665e-05,0.2612875716643197,101.73684590056948,0.4241827106264958,-0.005192899163127818,9.338520045157624e-06,0.9975746830832245,0.2853906762734192,0.49506156972860954,0.9975746830832245
339,7Networks_RH_Cont_Temp_2,7networks_rh_cont_temp,7Networks_RH_Cont_Temp,control,temporal,R,-0.28355591161188,150.03860118410736,0.07889206699788126,0.04340491760773413,0.0037952813059721896,-0.594939845600682,155.5865007974223,0.20377543692112424,0.02568266906009331,0.12690875624051096,0.723253157917247,0.14384336713669915,0.2658449665580184,0.8260533551987513
340,7Networks_RH_Cont_PFCv_1,7networks_rh_cont_pfcv,7Networks_RH_Cont_PFCv,control,ventral prefrontal cortex,R,-0.44697773791890993,120.77362306631568,0.09187087236820676,0.03843271024655692,0.0439216999632535,-4.050534528430048,184.97787107788176,0.008520774121879557,0.1487963035455966,7.223483873977372,0.009920161376522166,0.16229329204344697,0.018598228131410186,0.047407929104642775
341,7Networks_RH_Cont_PFCl_1,7networks_rh_cont_pfcl,7Networks_RH_Cont_PFCl,control,lateral prefrontal cortex,R,0.09201101945393741,96.2717414280865,0.7056781000503374,-0.017772766184496858,0.014623758109446383,-1.1077955199599705,117.64858688956811,0.6227703193828427,-0.02175369774835012,0.8129835835328518,0.3718371269189259,0.7878013876465808,0.6715860451301914,0.5645955037498072
342,7Networks_RH_Cont_PFCl_2,7networks_rh_cont_pfcl,7Networks_RH_Cont_PFCl,control,lateral prefrontal cortex,R,-0.35572813632852984,120.29569719970627,0.1888407950559525,0.015604783532712108,0.009594311579659537,-1.1428936301979853,134.32055417646373,0.36926985294195847,0.0007197080355607621,0.28500178617683963,0.595957509934061,0.28577906985134144,0.44146071183023383,0.7328200695782199
343,7Networks_RH_Cont_PFCl_3,7networks_rh_cont_pfcl,7Networks_RH_Cont_PFCl,control,lateral prefrontal cortex,R,0.20769173526073015,111.84255861285824,0.2803266092600403,0.003908133058502017,-0.007458498073776534,0.8196243654471784,100.93980984577473,0.47441006901930405,-0.00999107695096857,0.3394376488268989,0.5629388592851567,0.38919963487479603,0.5452713198348457,0.707961889516513
344,7Networks_RH_Cont_PFCl_4,7networks_rh_cont_pfcl,7Networks_RH_Cont_PFCl,control,lateral prefrontal cortex,R,-0.3744051299673441,123.69834150889338,0.08553777360638026,0.04076005984009434,-0.014956846943649654,0.8527296898032901,101.83459052829463,0.1342841140033918,0.042821604580970396,1.1033810917960976,0.2988965035980218,0.15289035124919936,0.1923185733676337,0.49889342879963927
345,7Networks_RH_Cont_PFCl_5,7networks_rh_cont_pfcl,7Networks_RH_Cont_PFCl,control,lateral prefrontal cortex,R,0.3032582366619401,115.80180977648332,0.1461327711588801,0.023561076012430293,-0.03522758457067901,3.193506148267944,64.30652205955494,0.010928307156580648,0.1397347349178576,7.482111801791809,0.008762964019658826,0.23526339753947362,0.02318435256582997,0.04520892801051258
346,7Networks_RH_Cont_PFCl_6,7networks_rh_cont_pfcl,7Networks_RH_Cont_PFCl,control,lateral prefrontal cortex,R,-0.4573942644569575,127.88183666742779,0.06622817947664975,0.049157014445635916,0.017012665895784262,-1.853198793078123,152.7507607169221,0.10959276115304933,0.051061917215956765,1.0963554257482784,0.3004223605721007,0.12580583047028865,0.1652993806095827,0.49918966470726694
347,7Networks_RH_Cont_PFCl_7,7networks_rh_cont_pfcl,7Networks_RH_Cont_PFCl,control,lateral prefrontal cortex,R,-0.011546697256663352,81.47480665804011,0.9676925714537179,-0.02079808068229405,0.03653208504022787,-3.0088223771229483,134.8769985191191,0.15054929851884827,0.03815336957175952,3.9419135262081535,0.0529491329505093,0.9719743969911238,0.21160799234537805,0.15508971844858854
348,7Networks_RH_Cont_PFCl_8,7networks_rh_cont_pfcl,7Networks_RH_Cont_PFCl,control,lateral prefrontal cortex,R,-0.14292019158643776,119.74736676069367,0.548957372054212,-0.013143523583921679,-0.03714611656041124,2.904733717173511,65.44759051554483,0.0477134186749061,0.08405338974755971,6.093584918257726,0.017260484558265284,0.6575900973947553,0.07934759003079622,0.06640898296146135
349,7Networks_RH_Cont_PFCl_9,7networks_rh_cont_pfcl,7Networks_RH_Cont_PFCl,control,lateral prefrontal cortex,R,-0.48366588372171937,137.07807091169457,0.0779897147732002,0.043781879286898584,0.018617363411335436,-2.0111278535102013,164.29272377765525,0.12627534576925376,0.04532300163532532,1.0774857599493957,0.30457166767381705,0.14277149397997133,0.1843376430200682,0.49918966470726694
350,7Networks_RH_Cont_PFCl_10,7networks_rh_cont_pfcl,7Networks_RH_Cont_PFCl,control,lateral prefrontal cortex,R,-0.04162499206897685,119.63904081856239,0.8605243867581482,-0.02017009081632204,0.006138833484872,-0.5452857135058471,128.61271870202674,0.9141371098034158,-0.038578027226365386,0.1492397060991381,0.7010063755900751,0.8981105093981593,0.9263800175239972,0.8160433192766514
351,7Networks_RH_Cont_PFCl_11,7networks_rh_cont_pfcl,7Networks_RH_Cont_PFCl,control,lateral prefrontal cortex,R,0.01713756441445513,125.59049647190292,0.9229282974118419,-0.020632211963514724,-0.0013959147650050852,0.1316654204541674,123.54996393672316,0.9885572345927564,-0.042042743252449055,0.013758784345884966,0.9071238619015232,0.9437149707769734,0.9907394801437338,0.9489268048462939
352,7Networks_RH_Cont_PFCl_12,7networks_rh_cont_pfcl,7Networks_RH_Cont_PFCl,control,lateral prefrontal cortex,R,0.2577756742087991,118.62273327068137,0.21620326214284857,0.011509068826622393,-0.04749633085847746,4.15461313115215,49.1931299395618,0.0005672317269405474,0.24149164025999093,15.553779516135515,0.00026575379074029527,0.32077216017272303,0.0019658259849695305,0.0040675112088017495
353,7Networks_RH_Cont_PFCl_13,7networks_rh_cont_pfcl,7Networks_RH_Cont_PFCl,control,lateral prefrontal cortex,R,0.05215610962604478,100.85377725468572,0.8343386303767553,-0.019893798678695118,-0.03443787985819664,2.8776126816084497,50.51287102250299,0.10694984857840323,0.05204714229380236,4.642760437513385,0.03634091920227822,0.8809063678861555,0.1618507708486502,0.11784840941310223
354,7Networks_RH_Cont_PFCl_14,7networks_rh_cont_pfcl,7Networks_RH_Cont_PFCl,control,lateral prefrontal cortex,R,-1.2494582064058366,169.59076647505884,2.2417297897486438e-07,0.4193149037811569,-0.029226245516334348,1.1484097171865795,126.86816882634353,1.7693155479832978e-07,0.46201423088526017,4.809706164476331,0.03328328504575356,2.1654155841401796e-06,1.5750377623223866e-06,0.11084562814963476
355,7Networks_RH_Cont_PFCl_15,7networks_rh_cont_pfcl,7Networks_RH_Cont_PFCl,control,lateral prefrontal cortex,R,-1.1116930080182221,172.7403985942198,4.25362931431274e-07,0.40401122411616996,0.005937880204963497,-1.598866513409349,181.42032522869414,2.891275873274406e-06,0.39410146235657517,0.2149369326577193,0.6450650650067333,3.6436749220716677e-06,1.9888473431311823e-05,0.7698295485279212
356,7Networks_RH_Cont_pCun_1,7networks_rh_cont_pcun,7Networks_RH_Cont_pCun,control,precuneus,R,-0.052186546151962165,121.11662285527862,0.8070038363750562,-0.01955163364565715,-0.0449742572060165,3.637727325317729,55.373758480563865,0.0039300550752103414,0.17636990593917745,12.418030943606581,0.0009591284627052087,0.8580321820006452,0.010000069572098704,0.00990627687238441
357,7Networks_RH_Cont_pCun_2,7networks_rh_cont_pcun,7Networks_RH_Cont_pCun,control,precuneus,R,-0.9789650185015317,147.58230772247794,3.458327599655321e-06,0.3512644794899987,-0.01779529075454593,0.4810499829969883,121.56935143893926,8.525558891068357e-06,0.36556913795470125,2.0822670323637267,0.15565079970507753,2.3789101973386602e-05,4.962312482750044e-05,0.3168854846013686
358,7Networks_RH_Cont_Cing_1,7networks_rh_cont_cing,7Networks_RH_Cont_Cing,control,cingulate,R,-0.8380642062711312,148.99787042385555,0.001105428583792733,0.18402231677710135,0.00517366710672415,-1.2625378320614749,156.5606789291568,0.004921747687751383,0.16844585119923872,0.10087593355686146,0.7521877932779087,0.003951689583007093,0.012078234866157448,0.8452803419509172
359,7Networks_RH_Cont_Cing_2,7networks_rh_cont_cing,7Networks_RH_Cont_Cing,control,cingulate,R,-0.8371219730102133,136.5976964025348,0.0001490315328551437,0.24581170959237564,-0.005093920277876279,-0.4191911774575945,129.15146091653227,0.0007592500057040251,0.2320222472979303,0.13813364019394012,0.7118138793444333,0.0006699041179825271,0.002553329648812055,0.820211932036479
360,7Networks_RH_Cont_PFCmp_1,7networks_rh_cont_pfcmp,7Networks_RH_Cont_PFCmp,control,medial posterior prefrontal cortex,R,-1.4342599747116216,186.01561818728186,4.0650990346937834e-09,0.5069464138797904,-0.033296983386604015,1.297591722438618,137.34246161139524,1.4499892410981522e-09,0.5614833526671963,6.969609312936261,0.011215265822700299,7.382219847003911e-08,2.531904290225235e-08,0.05249206890212305
361,7Networks_RH_Cont_PFCmp_2,7networks_rh_cont_pfcmp,7Networks_RH_Cont_PFCmp,control,medial posterior prefrontal cortex,R,-2.724571927041485,190.07076532956458,5.74276569760053e-12,0.6234414640571071,-0.06779407926783913,2.8375947219376734,90.97014120368308,1.1463499109472311e-13,0.7066197536134706,14.608816366747588,0.0003879521994235287,5.739150777081088e-10,7.434897993857756e-12,0.005180302898184766
362,7Networks_RH_Default_Par_1,7networks_rh_default_par,7Networks_RH_Default_Par,default,parietal,R,0.6859488872217474,95.97780368754508,0.0005978075986834397,0.20337550635446144,0.021380592459578462,-1.0682222675223567,127.23171376063966,0.0006674406693607045,0.23622252502684538,3.0642882880643407,0.08655573860088579,0.002319697861557963,0.0022613288349982077,0.21473390887870025
363,7Networks_RH_Default_Par_2,7networks_rh_default_par,7Networks_RH_Default_Par,default,parietal,R,-0.31676477068946296,140.84050495431723,0.10671430433116427,0.03358175716028422,-0.013374597001360608,0.7805543195308262,121.28966917955074,0.16181047523802586,0.035196367559429786,1.0803285731449288,0.3039417335502575,0.18351626578162342,0.22396937731116995,0.49918966470726694
364,7Networks_RH_Default_Par_3,7networks_rh_default_par,7Networks_RH_Default_Par,default,parietal,R,0.17313306388312988,129.02465594003178,0.39801146866683,-0.0055974874582622736,0.014148504027506004,-0.9876812444552918,149.7067803189743,0.4099369994677312,-0.0037327611447923736,1.0891739978124046,0.3019926641675958,0.5104440869342961,0.48340622794376614,0.49918966470726694
365,7Networks_RH_Default_Par_4,7networks_rh_default_par,7Networks_RH_Default_Par,default,parietal,R,0.4457164382299226,90.18879086340264,0.05412377368647731,0.05583343096699456,0.028256738283230595,-1.8726082441804088,131.49417372090275,0.026853786548213004,0.10618550427997975,3.704028107170423,0.06034675023063002,0.10411946293924025,0.04876647637155482,0.16504472653437366
366,7Networks_RH_Default_Par_5,7networks_rh_default_par,7Networks_RH_Default_Par,default,parietal,R,-0.29329054339441063,148.18253849199618,0.1851600927532819,0.016207082997956035,-0.0013036355094120794,-0.18633374080648668,146.2768987368629,0.4179250840686263,-0.00455738655552107,0.007827176519590672,0.9298779739601665,0.28268670469522506,0.4902790391916184,0.9572893428070648
367,7Networks_RH_Default_Temp_1,7networks_rh_default_temp,7Networks_RH_Default_Temp,default,temporal,R,-0.10774146043500687,119.0640196289069,0.6731834316070016,-0.017017399166939784,-0.026868521634364567,2.096686958035085,79.78791628681932,0.25957969954994903,0.015595541278854874,2.590221506546016,0.1142224433185128,0.7621578003730143,0.32555023092728413,0.25635314329947645
368,7Networks_RH_Default_Temp_2,7networks_rh_default_temp,7Networks_RH_Default_Temp,default,temporal,R,-0.5239517209786724,148.11090755847385,0.0471968297454056,0.06038295929840942,-0.0002276453349620844,-0.5052745547187323,147.77813816300795,0.14251799585802916,0.04039461220738627,0.00017166162842151086,0.9896018977640146,0.09275913724854608,0.20240164274110184,0.9917864494147078
369,7Networks_RH_Default_Temp_3,7networks_rh_default_temp,7Networks_RH_Default_Temp,default,temporal,R,-1.1546320024110004,141.54425294468115,8.770288318634499e-05,0.2615161367223018,-0.07341393242084479,4.868615615841468,34.22859055921375,2.3005069580604278e-08,0.5067473388036599,24.86423556510661,8.807787573852814e-06,0.0004235862656021343,2.6780260486139336e-07,0.00039987355585291776
370,7Networks_RH_Default_Temp_4,7networks_rh_default_temp,7Networks_RH_Default_Temp,default,temporal,R,-0.19600021110285493,144.49020828698184,0.3257100481277906,-0.0002865179645208382,0.003745035326852067,-0.5032617126856849,149.96465889199993,0.5961261692348403,-0.019854331961658644,0.07903016889090628,0.7798499630653841,0.43749219482253526,0.6505800020014844,0.8656525262388371
371,7Networks_RH_Default_Temp_5,7networks_rh_default_temp,7Networks_RH_Default_Temp,default,temporal,R,0.20318526820498573,138.84951752274932,0.2866931090821019,0.0032700747185271384,0.004079312455120693,-0.13150200734590456,144.81261068181024,0.5418008109503727,-0.015715897286561642,0.10277405455715588,0.7499467776624054,0.3956190623807728,0.605856079240072,0.8448531936941241
372,7Networks_RH_Default_Temp_6,7networks_rh_default_temp,7Networks_RH_Default_Temp,default,temporal,R,0.1865198426891439,115.0180066145424,0.35700406109731353,-0.0027632173815297367,0.024838253516747788,-1.8513351856817275,151.3262868108374,0.11488021152835487,0.04915734230391988,3.6210297200382526,0.06318921675216785,0.46843885473462527,0.1727007153439507,0.16975091364191836
373,7Networks_RH_Default_Temp_7,7networks_rh_default_temp,7Networks_RH_Default_Temp,default,temporal,R,0.5904719643673422,110.62026450141659,0.003888377917619559,0.1434326405750177,-0.005325879047850535,1.0274338220454649,102.83495428906318,0.014919422158787167,0.1282628759613097,0.16471527782994672,0.6866936962600153,0.01153806257908026,0.030374070224616027,0.8055786514264779
374,7Networks_RH_Default_Temp_8,7networks_rh_default_temp,7Networks_RH_Default_Temp,default,temporal,R,0.2290021151850925,124.14967390365794,0.3096668954161239,0.0011068183891427275,0.02223652441975668,-1.5953939951025387,156.6547757088185,0.1967062547831354,0.027145411865689084,2.2847269284828364,0.13734821839125236,0.42092446263149774,0.2588540280334593,0.290028330928505
375,7Networks_RH_Default_PFCv_1,7networks_rh_default_pfcv,7Networks_RH_Default_PFCv,default,ventral prefrontal cortex,R,-1.400485486625683,140.2762260033049,1.5466055625975756e-06,0.3720123550486589,-0.052807413236562295,2.9320998349159137,63.08294206561333,5.965215880446457e-08,0.48633726609664607,11.683266213616117,0.0013117098565947273,1.1150499840409765e-05,5.88740871678846e-07,0.011676789703804043
376,7Networks_RH_Default_PFCv_2,7networks_rh_default_pfcv,7Networks_RH_Default_PFCv,default,ventral prefrontal cortex,R,-0.052954183896757545,128.4044625171112,0.7756180702879298,-0.01908888295956368,-0.009213811247341094,0.7029931522633746,114.9358166552478,0.7302311957017367,-0.028698308194129885,0.5516154662790367,0.46135450937964473,0.8354203716418837,0.7656465654701812,0.6438459467309838
377,7Networks_RH_Default_PFCv_3,7networks_rh_default_pfcv,7Networks_RH_Default_PFCv,default,ventral prefrontal cortex,R,-0.4275507538580845,122.1535476671059,0.028039527792952653,0.07776791152233475,-0.034535574008163025,2.4059211366980477,71.66983322306058,0.0017002763862324734,0.20521806172384838,8.6972146887755,0.004952932341252642,0.05948572718691825,0.004916722798404732,0.029828608827932167
378,7Networks_RH_Default_PFCv_4,7networks_rh_default_pfcv,7Networks_RH_Default_PFCv,default,ventral prefrontal cortex,R,-1.3994593624770393,169.55941911524542,5.885646129184963e-08,0.45007546222245487,-0.005354229721064932,-0.9601714732230828,161.73266620700707,4.5499664382064685e-07,0.43995073666794493,0.13224271785474848,0.7177486660558253,6.680208356624932e-07,3.578676594289233e-06,0.8249566946565688
379,7Networks_RH_Default_PFCdPFCm_1,7networks_rh_default_pfcdpfcm,7Networks_RH_Default_PFCdPFCm,default,dorsal prefrontal cortex medial prefrontal cortex,R,0.1990674174124205,114.42043599729557,0.37593156988685617,-0.0041244188609519394,0.04488231039609551,-3.4833026761175,180.02889355731438,0.004888737513171587,0.1686839457518341,10.977915690459602,0.0017801783636327234,0.48624767159154614,0.01206242842923859,0.014966684760912157
380,7Networks_RH_Default_PFCdPFCm_2,7networks_rh_default_pfcdpfcm,7Networks_RH_Default_PFCdPFCm,default,dorsal prefrontal cortex medial prefrontal cortex,R,0.029163793708239405,70.79173454585697,0.922375938913643,-0.020629309951383012,0.013626251998953724,-1.088802336043715,90.7104367714278,0.7902680963478725,-0.03216279045691239,0.46364365254793377,0.4992671278654969,0.9437149707769734,0.8210107911714739,0.6608375395071008
381,7Networks_RH_Default_PFCdPFCm_3,7networks_rh_default_pfcdpfcm,7Networks_RH_Default_PFCdPFCm,default,dorsal prefrontal cortex medial prefrontal cortex,R,-0.6931118988734024,154.52953681851318,0.012126307300650185,0.10580162304695817,0.006353532554938826,-1.2143876099965265,163.81705939273309,0.041786426479625265,0.08920870680003512,0.12552965119590906,0.7246975422694774,0.030275587520282435,0.07168265184184695,0.8260533551987513
382,7Networks_RH_Default_PFCdPFCm_4,7networks_rh_default_pfcdpfcm,7Networks_RH_Default_PFCdPFCm,default,dorsal prefrontal cortex medial prefrontal cortex,R,-1.6337001295495597,182.14901425541765,1.8281847374238918e-07,0.42410875438715057,-0.05257650651028938,2.679940444813967,105.29326717840239,1.390314443702847e-08,0.5172051747491784,10.255749945239783,0.002446279856986564,1.8444352684232155e-06,1.8387492953364135e-07,0.01820673860773607
383,7Networks_RH_Default_PFCdPFCm_5,7networks_rh_default_pfcdpfcm,7Networks_RH_Default_PFCdPFCm,default,dorsal prefrontal cortex medial prefrontal cortex,R,0.5724775455191514,70.6248709058165,0.03418968507047032,0.07113585070708539,-0.057008928647727025,5.2497762866917235,-12.71014110042789,0.00031873108959966893,0.2598704018733219,13.240097516582226,0.0006796481543788437,0.07023582362892998,0.0011484437672876961,0.007714006552199876
384,7Networks_RH_Default_PFCdPFCm_6,7networks_rh_default_pfcdpfcm,7Networks_RH_Default_PFCdPFCm,default,dorsal prefrontal cortex medial prefrontal cortex,R,-0.44125350048796297,120.02608232505608,0.02682296840390866,0.07925231806118493,0.003112882668826575,-0.6966500240446027,124.57645927010691,0.08600025369621693,0.060800646030234384,0.05698374499294123,0.8123661884939724,0.05744163988384213,0.13235293280705926,0.8865727153275563
385,7Networks_RH_Default_PFCdPFCm_7,7networks_rh_default_pfcdpfcm,7Networks_RH_Default_PFCdPFCm,default,dorsal prefrontal cortex medial prefrontal cortex,R,-1.7339785020050038,170.79376680904738,1.2810839481273286e-08,0.48325082785387563,-0.029999265563155648,0.7273118674684927,126.9411771325749,2.300343147201933e-08,0.5067488334399219,3.2866732906000102,0.07623365997104507,1.8175378514056474e-07,2.6780260486139336e-07,0.19664819106167308
386,7Networks_RH_Default_PFCdPFCm_8,7networks_rh_default_pfcdpfcm,7Networks_RH_Default_PFCdPFCm,default,dorsal prefrontal cortex medial prefrontal cortex,R,-0.03202236143839121,107.28847776559854,0.8832930577651804,-0.020370348431123064,-0.003889927692103154,0.2871268372767073,101.60222512738494,0.9551300379209492,-0.04051852823746582,0.07054741990742416,0.7917030104774103,0.9093311751142673,0.9593562770267942,0.8745332524494994
387,7Networks_RH_Default_PFCdPFCm_9,7networks_rh_default_pfcdpfcm,7Networks_RH_Default_PFCdPFCm,default,dorsal prefrontal cortex medial prefrontal cortex,R,-1.9898083577035108,181.98707729901673,3.22678760423306e-07,0.41065840168764545,-0.08130708684176971,4.681033279812206,63.1332903769619,1.3495819743677222e-09,0.5628203952331194,17.706579196615056,0.0001150659800956944,2.872473671219234e-06,2.4508408654517834e-08,0.001865712677265902
388,7Networks_RH_Default_PFCdPFCm_10,7networks_rh_default_pfcdpfcm,7Networks_RH_Default_PFCdPFCm,default,dorsal prefrontal cortex medial prefrontal cortex,R,-0.49503333046819464,135.73801870747823,0.03368721332840247,0.07163066494080539,0.010912000818337111,-1.3903086654365255,151.6890590230639,0.08314543766130215,0.062148883659714604,0.5147145495029509,0.4766558127741094,0.06983559292737317,0.12927407088435336,0.6489647430622011
389,7Networks_RH_Default_PFCdPFCm_11,7networks_rh_default_pfcdpfcm,7Networks_RH_Default_PFCdPFCm,default,dorsal prefrontal cortex medial prefrontal cortex,R,-0.6696788594193155,134.1640273608538,0.0027495595010805095,0.15473923549348878,0.011725240563562292,-1.6316764662639893,151.3038524078816,0.008459129410130526,0.14905926437350958,0.6796032880500524,0.41388756389868087,0.00872937072371015,0.018552873199030238,0.5965870406047683
390,7Networks_RH_Default_PFCdPFCm_12,7networks_rh_default_pfcdpfcm,7Networks_RH_Default_PFCdPFCm,default,dorsal prefrontal cortex medial prefrontal cortex,R,-1.485225317920361,172.99246985353204,2.765825690581913e-10,0.5583861561164847,-0.009182076064962977,-0.7318816954610057,159.57021412506106,2.1522505068348644e-09,0.5540510450217488,0.5333875542830434,0.4688110780218112,1.0366432984125356e-08,3.36938527621734e-08,0.6449703921875827
391,7Networks_RH_Default_PFCdPFCm_13,7networks_rh_default_pfcdpfcm,7Networks_RH_Default_PFCdPFCm,default,dorsal prefrontal cortex medial prefrontal cortex,R,-0.7903967504283755,129.84981033153798,0.005375921424089279,0.13278923362964257,0.0160373620800931,-2.106182457128126,153.293046210455,0.014706333430243251,0.12879634999567136,0.7800073330390005,0.38163414504911464,0.015447267889471726,0.03021120080240016,0.5713802156858244
392,7Networks_RH_Default_pCunPCC_1,7networks_rh_default_pcunpcc,7Networks_RH_Default_pCunPCC,default,precuneus posterior cingulate cortex,R,-0.36768608133450176,161.1573431594144,0.11799243427714898,0.030353111709660374,0.05959530980118072,-5.257184518242265,248.2730981052,4.804364121002626e-05,0.31712997696592504,21.157993568292607,3.208872839459899e-05,0.19840209319194682,0.00021595854563714772,0.0008093490383971079
393,7Networks_RH_Default_pCunPCC_2,7networks_rh_default_pcunpcc,7Networks_RH_Default_pCunPCC,default,precuneus posterior cingulate cortex,R,-0.3789984832663682,99.42074768979978,0.1355008367601919,0.025945722776383517,-0.008651439454787836,0.3308090474321581,86.77417060200531,0.29102788214617237,0.010793575132811761,0.2647610563294852,0.6092792446764422,0.22208440393186688,0.35808719222477414,0.7393339316486203
394,7Networks_RH_Default_pCunPCC_3,7networks_rh_default_pcunpcc,7Networks_RH_Default_pCunPCC,default,precuneus posterior cingulate cortex,R,0.09260972307570103,124.70460395209658,0.6544257169710199,-0.016536548154683972,-0.0253157009276459,2.1696369342422557,87.69839648960996,0.1616554020650806,0.03523573166940952,3.5758307113266237,0.06479892718600691,0.7502759482445531,0.22396937731116995,0.1728595802032062
395,7Networks_RH_Default_pCunPCC_4,7networks_rh_default_pcunpcc,7Networks_RH_Default_pCunPCC,default,precuneus posterior cingulate cortex,R,-0.3278941575439802,152.04493966354988,0.15822658556219305,0.021069480335909385,0.04797118833912864,-4.263691306401656,222.16868432989375,0.0016973882250333457,0.20527555743370085,12.125732678036222,0.0010856816120029867,0.24856356347832403,0.004916722798404732,0.010715205474986
396,7Networks_RH_Default_pCunPCC_5,7networks_rh_default_pcunpcc,7Networks_RH_Default_pCunPCC,default,precuneus posterior cingulate cortex,R,-0.6136929364061112,159.72556415142807,0.009504008977945736,0.11391850602567932,0.01613610784371279,-1.9375802413437029,183.31314547924225,0.020517798741029384,0.11636278266475752,1.1327753928581437,0.2926217362933537,0.024797816528663013,0.03913899423708967,0.4920380306562318
397,7Networks_RH_Default_pCunPCC_6,7networks_rh_default_pcunpcc,7Networks_RH_Default_pCunPCC,default,precuneus posterior cingulate cortex,R,-0.08692477739340854,156.8866295236131,0.667797148838209,-0.016882767660681974,-0.01966649073834155,1.5266128658437657,128.13837410685827,0.3131074632012583,0.007710564543276233,2.1896528408031,0.14561282013810453,0.7608022744036393,0.3821257749821808,0.3034189850124219
398,7Networks_RH_Default_pCunPCC_7,7networks_rh_default_pcunpcc,7Networks_RH_Default_pCunPCC,default,precuneus posterior cingulate cortex,R,-0.7640095515172334,171.99831621415777,3.7920356689923335e-05,0.28578416315330235,-0.022830659285480906,1.1091323662335801,138.62471473108712,2.7471148471528656e-05,0.3331811413419288,4.411803555814953,0.041083557513849664,0.00019788324065776085,0.00013705386160520888,0.12952732716172047
399,7Networks_RH_Default_pCunPCC_8,7networks_rh_default_pcunpcc,7Networks_RH_Default_pCunPCC,default,precuneus posterior cingulate cortex,R,0.013829788469390092,145.45309137496594,0.9437581650765162,-0.02072638513576197,0.007229568066174405,-0.5793202744635053,156.02119282653706,0.857646540679895,-0.03576272866870833,0.30317584365186534,0.584506060437259,0.9591888949173221,0.8809310621463174,0.723067442611759
400,7Networks_RH_Default_pCunPCC_9,7networks_rh_default_pcunpcc,7Networks_RH_Default_pCunPCC,default,precuneus posterior cingulate cortex,R,-0.6443065227672278,155.18797457501927,0.0015164733945038974,0.1739396299002408,0.002334637408275414,-0.8358518976732201,158.60072133353216,0.006796155565110575,0.15694849565727353,0.032592386750707754,0.8575098740726876,0.005215749402308859,0.015822844238770263,0.9216347621757318
401,HIP-head-m1-rh,HIP-head-m1,"Hippocampus head, medial division",subcortex,Hippocampus head,R,0.4332762511926511,59.261838387711315,0.14283477469631198,0.02427996648880737,0.01687286219965642,-0.9510580802608164,83.92639896341862,0.2383674958080028,0.019160164372837074,0.7494488981379617,0.3910484467915404,0.23159638468616298,0.3014452453950787,0.5801829896841808
402,HIP-head-m2-rh,HIP-head-m2,"Hippocampus head, medial division",subcortex,Hippocampus head,R,-0.5908663065658457,97.85577864155833,0.03733601131089315,0.06819517681852161,0.03710163310107874,-3.634870568976032,152.0905294651542,0.014777987877630685,0.12861613969808094,4.328276263016835,0.04296090187747244,0.07567209435332807,0.03022165088488437,0.13183283690151645
403,THA-VAip-rh,THA-VAip,"Thalamus, inferior ventro-anterior part, posterior division",subcortex,Thalamus,R,0.10793987048364895,71.20070603363754,0.6724148747025738,-0.016998356496969125,0.004285374055696595,-0.24365373338880358,77.46501772750298,0.8871549099114503,-0.03725475206529638,0.06261505638443489,0.8035000672020367,0.7621578003730143,0.905097368763592,0.8818602853877464
404,THA-VAia-rh,THA-VAia,"Thalamus, inferior ventro-anterior part, anterior division",subcortex,Thalamus,R,0.15916610115586716,64.88791903732812,0.5745439396408097,-0.01408344741693357,0.05174377660534898,-4.0861531307704535,140.52639088619424,0.01526189284229284,0.1274205866583995,8.78404066353667,0.004758514105831885,0.6810520851094716,0.030658846683190043,0.029194127081725352
405,HIP-head-l-rh,HIP-head-l,"Hippocampus head, lateral division",subcortex,Hippocampus head,R,0.6411379183342307,44.15883754845215,0.03254105161315638,0.07278779653494571,0.056154450501409915,-3.9660551454833572,126.24478299141325,0.0011882881715062639,0.21724327372401586,9.858260392170212,0.0029208412292385123,0.06776897904758256,0.0037464085407211373,0.020489753296444396
406,HIP-body-rh,HIP-body,Hippocampus body,subcortex,Hippocampus body,R,0.5009244285891596,78.40395168327507,0.04903458647984534,0.05911260407567365,0.0457938210315018,-3.256230574053796,145.34484525897096,0.0025173640855459304,0.19183473425699904,8.882870643848625,0.0045469956494259235,0.0959556131976284,0.007011553956060444,0.02867133367832457
407,HIP-tail-rh,HIP-tail,Hippocampus tail,subcortex,Hippocampus tail,R,0.6381677548008098,85.24190205545193,0.013972592772278806,0.10107091401961166,0.0030233014251743046,0.39012092624994654,89.66133014402723,0.049562509677434814,0.08257022671183645,0.032042542514829894,0.858703754185759,0.03374232509901371,0.08182319779474692,0.9216347621757318
408,THA-VPm-rh,THA-VPm,"Thalamus, medial ventro-posterior part",subcortex,Thalamus,R,0.6713119150862168,49.580174180420485,0.004190951055484642,0.14097666629289862,-0.006386202557597032,1.1952680372596047,40.244894963014914,0.015836518572745713,0.12604716163595153,0.18002872457639327,0.6732844594815683,0.012355141423311867,0.031673037145491426,0.7960186057412292
409,THA-VPl-rh,THA-VPl,"Thalamus, lateral ventro-posterior part",subcortex,Thalamus,R,0.04573241777654913,41.87075678733258,0.8469200984478619,-0.020032753797561753,-0.009544251754441083,0.8287907522408262,27.91907670118726,0.8195914129398735,-0.03376426552929912,0.36241502526119673,0.5500613382910581,0.8912478901596799,0.8437517040242688,0.6975638200674312
410,THA-VAs-rh,THA-VAs,"Thalamus, superior ventro-anterior part",subcortex,Thalamus,R,0.4121904025612442,83.94705927665754,0.12162054874856427,0.029384299196458463,0.04279668418677346,-3.099064445079782,146.50677185379166,0.01330884972118239,0.1324901502663962,6.704927561199206,0.012759113415615074,0.20225541806537795,0.027590035495053903,0.05524898913659197
411,THA-DAm-rh,THA-DAm,"Thalamus, medial dorso-anterior part",subcortex,Thalamus,R,-0.5301718170758623,120.88166458979373,0.036331967121757854,0.06910548136533223,0.0406661803490954,-3.866629432872519,180.32703057063713,0.004674556751922967,0.17026723393217413,6.852202446120451,0.011873995354097722,0.07396732319855635,0.011596987788923645,0.054452463543034
412,THA-DAl-rh,THA-DAl,"Thalamus, lateral dorso-anterior part",subcortex,Thalamus,R,0.1863699502487295,45.641077138686015,0.42161626357137605,-0.007049021541968736,-0.017004210298787452,1.58148073923781,20.784513385971707,0.3958778211361651,-0.0022433089541675777,1.2301578889612803,0.2730194132359627,0.5317049546150132,0.47015489383855913,0.4729784497997897
413,PUT-VA-rh,PUT-VA,"Putamen, ventro-anterior part",subcortex,Putamen,R,0.7349278416543505,5.420144503753228,0.00651093371610703,0.12646478347020318,-0.011464315853341484,1.6755178752012543,-11.338263730597916,0.020676567237421305,0.11607289080463012,0.4356878041656998,0.5124330995557487,0.01791493277037934,0.039276826467737544,0.6666035163275356
414,PUT-DA-rh,PUT-DA,"Putamen, dorso-anterior part",subcortex,Putamen,R,0.36362428801411567,11.268783075995806,0.24180458976975908,0.008187681768752508,-0.054030550497480054,4.796561931665121,-67.71246918072406,0.012926922754589924,0.13356434909477743,7.945789944540852,0.007032259710081885,0.3482720199973643,0.026921206103595528,0.03846561335394187
415,PUT-VP-rh,PUT-VP,"Putamen, ventro-posterior part",subcortex,Putamen,R,-0.005995320240507307,36.31401994175502,0.9807296361466381,-0.02082079561034722,0.03862764216987795,-3.1752010285613665,92.77947369358583,0.05795719159787288,0.07644132589703168,6.054992133432865,0.017596605144879884,0.9807296361466381,0.09397344637655103,0.0671332666871888
416,PUT-DP-rh,PUT-DP,"Putamen, dorso-posterior part",subcortex,Putamen,R,0.1171858070603656,14.274359172934306,0.7142855915917732,-0.01795700490071228,-0.032445582702163744,2.779184317279538,-33.15422943889887,0.29104443597123714,0.010791180874503814,2.394966250331533,0.1284341785463868,0.7928744708622617,0.35808719222477414,0.2742681834367212
417,CAU-VA-rh,CAU-VA,"Caudate, ventro-anterior part",subcortex,Caudate,R,1.4991246945942178,17.25003865833613,1.3542841406526054e-06,0.37537644316430674,-0.011926027527959612,2.4775958721250886,-0.18329451953584908,7.842726035398406e-06,0.36781891053589644,0.42617460058604617,0.5170526628292997,1.024741666427138e-05,4.684996868514311e-05,0.6677542561162062
418,CAU-DA-rh,CAU-DA,"Caudate, dorso-anterior part",subcortex,Caudate,R,1.6120607771865347,-11.107043221098927,2.1011096801180077e-07,0.4208418791165899,0.03391210077206358,-1.170258238696496,38.4652850445279,2.5919278653177176e-07,0.45320207655795686,3.840701126675474,0.05596743515962516,2.073703901681686e-06,2.179139353433785e-06,0.1580290580703519
419,CAU-body-rh,CAU-body,Caudate body,subcortex,Caudate body,R,0.46961362610433244,40.73724683926912,0.07225847821374767,0.046287507818443485,0.009943881197178664,-0.34623231433304635,55.27310075920699,0.1712091420419272,0.032875583890845106,0.33434381574742844,0.5658728543852394,0.135001436662722,0.23483066612397263,0.7096858450024826
420,CAU-tail-rh,CAU-tail,Caudate tail,subcortex,Caudate tail,R,0.04156831016812701,32.626688949339126,0.8805947556036776,-0.02034853380428414,0.03409126575464827,-2.7554503004517725,82.46091857548942,0.17283690343719407,0.03248608221083871,3.621214560428219,0.06318272500483801,0.9086136796456128,0.23563950198344175,0.16975091364191836
421,lAMY-rh,lAMY,"Amygdala, lateral nucleus",subcortex,Amygdala,R,0.8718700345251663,9.211832760581505,0.0025452106472817447,0.15724682098667497,-0.015456999307033821,2.140039865392124,-13.383035330902096,0.007774191189787035,0.15211125654304725,0.7092695295268581,0.4039515945113963,0.008195217261460368,0.017559615921210515,0.5907374776960189
422,mAMY-rh,mAMY,"Amygdala, medial nucleus",subcortex,Amygdala,R,0.364745219780922,49.481510326602276,0.21967479498475567,0.011032436521199562,0.026397290635475287,-1.8010210415465666,88.06877348379747,0.19200750257405258,0.028145781420487515,1.845230220193383,0.18082387007880094,0.3238063536463606,0.25414404130792967,0.3569305957207636
423,THA-DP-rh,THA-DP,"Thalamus, dorso-posterior part",subcortex,Thalamus,R,0.12793942412886383,109.85144018508693,0.5836630983127227,-0.014399198936047242,-0.014643479516640814,1.3293640068078663,88.44576619192831,0.5544405062496622,-0.01671313151518583,0.8907570283535998,0.3500988203533131,0.686604244525136,0.6139414386276747,0.5480857394496694
424,NAc-shell-rh,NAc-shell,"Nucleus Accumbens, shell",subcortex,Nucleus Accumbens,R,0.8023237661961689,15.920063278170453,0.0023787017694316508,0.15943996458330711,-0.011493585431892446,1.7453152229264002,-0.8811308975731578,0.008239104861656977,0.15001303440210545,0.46764754400748015,0.49742932349552504,0.007769284915985392,0.018336047094079745,0.6603301545817789
425,NAc-core-rh,NAc-core,"Nucleus Accumbens, core",subcortex,Nucleus Accumbens,R,0.8221995221192145,13.979907206973728,0.006373033036257957,0.12717264195175915,0.04536684966340896,-2.8999246057139954,80.29665882928909,0.0014061939959395583,0.2116148323640561,6.141173764017248,0.016855438490202875,0.017642420722323856,0.0043429392799765945,0.06540486388506073
426,pGP-rh,pGP,"Pallidum, posterior part",subcortex,Pallidum,R,-0.31784140739799266,11.110981824348283,0.3124551975218673,0.0008580987441548782,0.019189965573620106,-1.89228253354633,39.16265810402173,0.39662846770962146,-0.0023241041843737875,0.8476084333084386,0.3619313410194567,0.4221864871277612,0.47015489383855913,0.5548516755581693
427,aGP-rh,aGP,"Pallidum, anterior part",subcortex,Pallidum,R,0.15456881551292675,11.324686601980908,0.5369699368238363,-0.012674498232923881,-0.013974046929538683,1.3010697876062431,-9.102418349330211,0.5841783121197461,-0.018976070127236344,0.703157454041858,0.40596936793206584,0.6449321463439727,0.640620661116823,0.5907374776960189
428,HIP-head-m1-lh,HIP-head-m1,"Hippocampus head, medial division",subcortex,Hippocampus head,L,-0.015605381692112896,66.9856360626334,0.9605281893345092,-0.02078069835387608,0.05153271622189778,-4.243608160051519,142.31558221199685,0.0423219700360096,0.08871501035919416,6.767453736178642,0.012375035829862538,0.9690662176841492,0.07196319998632343,0.05524898913659197
429,HIP-head-m2-lh,HIP-head-m2,"Hippocampus head, medial division",subcortex,Hippocampus head,L,-0.2257064013966601,78.15813378829189,0.45489359310973054,-0.00890304110056972,0.018200248744270148,-1.7189461896170024,104.76305311579841,0.5044706174207554,-0.012635014612543793,0.8231004004505094,0.3689034951102741,0.5627294040104024,0.5683118121811984,0.5620207610069277
430,THA-VAip-lh,THA-VAip,"Thalamus, inferior ventro-anterior part, posterior division",subcortex,Thalamus,L,0.21126810940717866,75.51555752222461,0.3887822381691951,-0.004996021035396092,0.0006350100400781267,0.1591686974108404,76.44380807120368,0.6919870910668442,-0.02634620629389306,0.0014978511896068683,0.9692918410094878,0.5000202156623642,0.7272271744082113,0.978498732477967
431,THA-VAia-lh,THA-VAia,"Thalamus, inferior ventro-anterior part, anterior division",subcortex,Thalamus,L,-0.020492866519262964,89.59237789345677,0.9317843110472699,-0.02067587985090813,0.015401305421143721,-1.2840932913555179,112.10583328767568,0.6271971492825779,-0.022061711242577386,0.9349159585293126,0.3385380711541299,0.9506293870010349,0.6747571226878918,0.5336676538332464
432,HIP-head-l-lh,HIP-head-l,"Hippocampus head, lateral division",subcortex,Hippocampus head,L,0.6890501745909832,25.33785618578851,0.034082017017094804,0.07124125742603815,-0.01968282393852258,2.3039278755779753,-3.4342749196604245,0.07059650441318834,0.06865567404564721,0.866743159538141,0.356616150337867,0.07023582362892998,0.11245899299504387,0.5525724650286403
433,HIP-body-lh,HIP-body,Hippocampus body,subcortex,Hippocampus body,L,0.6900460420400538,71.05028262723769,0.010424870211609089,0.11084057747526421,0.0030026016106726866,0.44369753020215086,75.43945195931757,0.03838619252356446,0.09249223163240405,0.029517287723610407,0.8643277017605189,0.026891426568582535,0.06677138469616194,0.924279448497405
434,HIP-tail-lh,HIP-tail,Hippocampus tail,subcortex,Hippocampus tail,L,0.5578417957552335,99.85333918414156,0.021516657202368932,0.08663101382604721,0.011676392826507051,-0.40014809748288727,116.92175915742817,0.055757043531385005,0.07796103456754744,0.5486535601965593,0.4625530263181177,0.04884281184937748,0.09073009950985231,0.6438459467309838
435,THA-VPm-lh,THA-VPm,"Thalamus, medial ventro-posterior part",subcortex,Thalamus,L,0.3048246093924336,55.61170490918072,0.3281260707352147,-0.0004886796447405306,-0.03598116615850214,3.256900138105132,3.014840085673818,0.13360970401144642,0.04302665974898956,3.182648359202138,0.0808807164498549,0.43943727467193944,0.1923185733676337,0.2062912655518771
436,THA-VPl-lh,THA-VPl,"Thalamus, lateral ventro-posterior part",subcortex,Thalamus,L,-0.47692494701510535,65.13252053503099,0.026761023993799843,0.07932969773844845,-0.005004511122208677,-0.06632972750600552,57.81698234921956,0.08290958123674465,0.06226224521107959,0.12636798813959546,0.7238184622897008,0.05744163988384213,0.12927407088435336,0.8260533551987513
437,THA-VAs-lh,THA-VAs,"Thalamus, superior ventro-anterior part",subcortex,Thalamus,L,0.19024172853070054,114.6826613919595,0.48994404049100604,-0.010641433563924219,0.022626071726818422,-1.6661147986980325,147.75719907814843,0.3684616593172693,0.0008128716800083202,1.5502539375514137,0.21927022838639204,0.599554162757188,0.44146071183023383,0.40140598261057253
438,THA-DAm-lh,THA-DAm,"Thalamus, medial dorso-anterior part",subcortex,Thalamus,L,0.01220637145739989,98.13592748263514,0.9578132349982715,-0.02077320188090903,0.01943573725324943,-1.5823990972774755,126.54687004495058,0.44913025061020206,-0.007640359835592303,1.6255966347736055,0.20858009835982774,0.968479306657495,0.5201661575944687,0.3865116924708645
439,THA-DAl-lh,THA-DAl,"Thalamus, lateral dorso-anterior part",subcortex,Thalamus,L,0.13593815579007373,32.87525687806608,0.5837648422614592,-0.014402666650360718,-0.01362279136335948,1.2536203576224814,12.961613370762773,0.6151989063831311,-0.021221996315991642,0.6794743697931527,0.4139315369834846,0.686604244525136,0.6650007226141466,0.5965870406047683
440,PUT-VA-lh,PUT-VA,"Putamen, ventro-anterior part",subcortex,Putamen,L,0.46030266253368,26.688954943787273,0.12622031891743232,0.028199777358445477,-0.023480177332836222,2.3867343020407707,-7.634104730456855,0.1560235370592472,0.036690403536252414,1.4230727670842642,0.23888583154998086,0.20837827195823372,0.2172843123463136,0.4253104608772208
441,PUT-DA-lh,PUT-DA,"Putamen, dorso-anterior part",subcortex,Putamen,L,-0.29263552320651326,55.201692235754074,0.2649966591554237,0.005520512123996513,-0.023144285149788456,1.6062378351294546,21.36963598450129,0.2224190402567588,0.022046274200003713,1.811118725479022,0.1848303656124819,0.3736288299893241,0.2857014864327639,0.3626780957303528
442,PUT-VP-lh,PUT-VP,"Putamen, ventro-posterior part",subcortex,Putamen,L,-0.2469215230208036,58.28242411493456,0.40410117100104104,-0.005983624847368807,0.009357980585295456,-1.014697235523402,71.96181509680451,0.6337177696978584,-0.022511638012536528,0.2241216603949094,0.6381087887890942,0.5167941736182328,0.6801604431272523,0.766405793942457
443,PUT-DP-lh,PUT-DP,"Putamen, dorso-posterior part",subcortex,Putamen,L,-0.2710867281863071,44.427039791235295,0.3122805166278714,0.0008735972373469236,0.027425787306916406,-2.5212360203958153,84.51774783848579,0.18177940009543098,0.030406970898678498,2.462058712466032,0.12333455658641608,0.4221864871277612,0.24477406438109497,0.2670940244640994
444,CAU-VA-lh,CAU-VA,"Caudate, ventro-anterior part",subcortex,Caudate,L,0.3431059403384016,77.94691912999531,0.17275855311388882,0.01834043957421605,0.0020499890260638337,0.17491454789400684,80.94357007839855,0.39571943025153555,-0.0022262419413840995,0.014992153032708752,0.9030706854689348,0.2686040517592655,0.47015489383855913,0.946868570907382
445,CAU-DA-lh,CAU-DA,"Caudate, dorso-anterior part",subcortex,Caudate,L,1.2736247019942217,15.894740280434561,1.1145558886308946e-05,0.319971026458978,-0.00299209896714743,1.5191115242248383,11.520923594772583,7.04100379464016e-05,0.3059323205050227,0.029117900605654418,0.8652395718312711,6.571537317382157e-05,0.00029874913296884417,0.924279448497405
446,CAU-body-lh,CAU-body,Caudate body,subcortex,Caudate body,L,0.7045810433264723,49.762350274477114,0.00553461674163933,0.13183010127582817,0.0025650348357268565,0.4941327066748027,53.51188940636569,0.021950611732920303,0.11382094159985967,0.0245316042481374,0.8762107288392376,0.01580324528744815,0.04101060792899513,0.9316151543161917
447,CAU-tail-lh,CAU-tail,Caudate tail,subcortex,Caudate tail,L,-0.16012588218418788,44.01790875711576,0.5617100653607381,-0.01362215596977201,0.05593399148515699,-4.74923138141042,125.78158968463883,0.005278858119341183,0.16596355176630773,11.335416383285605,0.001523977806875384,0.6693343036057089,0.012747880777557962,0.013305498544642774
448,lAMY-lh,lAMY,"Amygdala, lateral nucleus",subcortex,Amygdala,L,1.0453533153426822,11.589043674874105,0.0007553088986080298,0.19605298470708865,-0.018963336744965698,2.6012006745123704,-16.13134912684538,0.0022779555814462726,0.19526416829639226,0.9529495441587719,0.3339675871798462,0.002857585333067046,0.006383900209732146,0.5322899203630106
449,mAMY-lh,mAMY,"Amygdala, medial nucleus",subcortex,Amygdala,L,0.3857843454960801,55.8671702097599,0.19362488858068194,0.014841523036688509,-0.0042459327798200636,0.7341419890658041,49.66051333026523,0.42357329788491116,-0.0051314042787820036,0.04619385379717641,0.8307536879790804,0.29107847488619076,0.49506156972860954,0.9001483874522733
450,THA-DP-lh,THA-DP,"Thalamus, dorso-posterior part",subcortex,Thalamus,L,0.013628489264395416,112.3633771620471,0.9443996388282885,-0.020728814658930395,-0.02037680725812538,1.6854440661976682,82.5767890295489,0.2898227255105485,0.010968233899837587,2.538331106209164,0.11781604186488594,0.9591888949173221,0.35808719222477414,0.2596528301294088
451,NAc-shell-lh,NAc-shell,"Nucleus Accumbens, shell",subcortex,Nucleus Accumbens,L,0.6144491249306104,21.146568341403224,0.03483081425859827,0.07051504197300418,-0.010777496134993111,1.4986890203457555,5.392145462194669,0.09417745599545117,0.057163492678931505,0.3202698865188929,0.5741377082277328,0.07123058411443069,0.14347840611387527,0.7160446460746176
452,NAc-core-lh,NAc-core,"Nucleus Accumbens, core",subcortex,Nucleus Accumbens,L,0.7781203030060427,19.22220616804011,0.014174327176083292,0.10059208136195275,0.0034136936577269933,0.4980437355845049,24.212305240242713,0.0503043916022711,0.08199000568269366,0.027353037405160343,0.8693483051918146,0.03404838379863394,0.08268681870164481,0.926488569382826
453,pGP-lh,pGP,"Pallidum, posterior part",subcortex,Pallidum,L,-0.32487248843106764,28.893530096879516,0.2699935170645916,0.004982683502156027,-0.008446834860771142,0.36814825407946544,16.54604170805524,0.499381369289395,-0.012198188040568603,0.18525655963956036,0.6688615516002432,0.3771601746071526,0.5639779643218541,0.7928541629934998
454,aGP-lh,aGP,"Pallidum, anterior part",subcortex,Pallidum,L,-0.47199915840326645,40.94979336686306,0.04569053848148395,0.06146236979558839,-0.002339158076134251,-0.28008288520834207,37.53043834681535,0.1371686225011233,0.04195554979239169,0.022668144520302785,0.880967573858964,0.0905829889545577,0.19583193275317604,0.9327752309285842
